facility_id,in_degree,out_degree,betweenness_centrality,weighted_betweenness_centrality,clustering_coefficient,weak_component_size,outgoing_legs,outgoing_breaches,outgoing_excess_min,source_dwell_min,incoming_legs,incoming_breaches,incoming_excess_min,throughput_legs,attributed_breaches,attributed_excess_min,facility_name,structural_percentile,weighted_structural_percentile,throughput_percentile,excess_time_percentile,low_redundancy_percentile,sla_breach_contribution_pct,excess_time_contribution_pct,observed_impact_index,bottleneck_score
IND000000ACB,41,48,0.22015170371191076,0.19611390811831342,0.02664778578784758,1263,777.0,757.0,304064.0,129786.0,694.0,668.0,205734.0,1471.0,712.5,254899.0,Gurgaon_Bilaspur_HB (Haryana),1.0,1.0,1.0,1.0,0.42327044025157234,3.9598732840549102,12.137874220844465,1.0,94.23270440251572
IND562132AAA,36,35,0.12500412693244115,0.08606873768493405,0.05156313438895656,1263,574.0,557.0,117588.0,101761.0,512.0,490.0,140768.0,1086.0,523.5,129178.0,Bangalore_Nelmngla_H (Karnataka),0.9993710691823899,0.9981132075471698,0.9993710691823899,0.9993710691823899,0.4050314465408805,2.9094647918635026,6.151245458398213,0.6207589796660432,75.05052759965436
IND421302AAG,27,27,0.05608085414730227,0.05672975256525895,0.05634301913536499,1263,554.0,554.0,131594.0,96699.0,414.0,414.0,90652.0,968.0,484.0,111123.0,Bhiwandi_Mankoli_HB (Maharashtra),0.9974842767295597,0.9968553459119497,0.9987421383647799,0.9987421383647799,0.39937106918238996,2.689934974712388,5.291495835773775,0.5576236931270266,71.78684503370982
IND411033AAA,22,19,0.04239284158161339,0.057659475645693875,0.055762081784386616,1263,319.0,313.0,64505.0,44504.0,263.0,257.0,57317.0,582.0,285.0,60911.0,Pune_Tathawde_H (Maharashtra),0.9949685534591195,0.9974842767295597,0.9968553459119497,0.9968553459119497,0.4,1.583949313621964,2.900482374061323,0.31948065704455486,59.82623411008938
IND501359AAE,30,27,0.09040308522265374,0.10599952760873323,0.03670886075949367,1263,251.0,251.0,45947.0,43705.0,307.0,304.0,77001.0,558.0,277.5,61474.0,Hyderabad_Shamshbd_H (Telangana),0.9981132075471698,0.9993710691823899,0.9962264150943396,0.9974842767295597,0.41446540880503147,1.542266436947702,2.927291514883121,0.31532185813121855,59.81955202605778
IND160002AAC,30,28,0.05142723664586876,0.04984480837242186,0.023518631643249847,1263,296.0,280.0,34127.0,59519.0,322.0,316.0,50767.0,618.0,298.0,42447.0,Chandigarh_Mehmdpur_H (Punjab),0.9968553459119497,0.9955974842767296,0.9981132075471698,0.9955974842767296,0.42641509433962266,1.6561996331906852,2.0212568391880117,0.2923851972191531,58.76391394900797
IND712311AAA,21,21,0.09101796287326265,0.09280586145620157,0.030035335689045935,1263,212.0,212.0,51818.0,31496.0,162.0,162.0,94187.0,374.0,187.0,73002.5,Kolkata_Dankuni_HB (West Bengal),0.9987421383647799,0.9987421383647799,0.9937106918238994,0.9981132075471698,0.42138364779874216,1.0392930584116045,3.476259862954339,0.27442694502390796,57.80939756566082
IND131028AAB,19,18,0.0442945191573598,0.047860527271084426,0.031914893617021274,1263,200.0,199.0,22926.0,34560.0,262.0,259.0,42223.0,462.0,229.0,32574.5,Sonipat_Kundli_H (Haryana),0.9962264150943396,0.9949685534591195,0.9955974842767296,0.9943396226415094,0.41949685534591197,1.272717167787473,1.5511445074594172,0.2245986311881493,55.25194413802382
IND110037AAM,19,22,0.03164404789201805,0.037716598529246255,0.040740740740740744,1263,185.0,179.0,31192.0,30895.0,133.0,133.0,64412.0,318.0,156.0,47802.0,Delhi_Airport_H (Delhi),0.9924528301886792,0.9924528301886792,0.9918238993710692,0.9962264150943396,0.4119496855345912,0.867003834824654,2.2762531963829087,0.20324023488353798,53.97018784480583
IND600056AAB,18,18,0.04092066528535442,0.03795616272452456,0.03970826580226904,1263,222.0,222.0,18599.0,42756.0,186.0,186.0,29951.0,408.0,204.0,24275.0,MAA_Poonamallee_HB (Tamil Nadu),0.9943396226415094,0.9930817610062893,0.9943396226415094,0.9911949685534591,0.4125786163522013,1.1337742455399322,1.155935867582844,0.19077479397928715,53.425532151794556
IND382430AAB,16,12,0.031006589007696535,0.03806752341744963,0.032171581769437,1263,203.0,195.0,22093.0,35782.0,170.0,170.0,25919.0,373.0,182.5,24006.0,Ahmedabad_East_H_1 (Gujarat),0.9918238993710692,0.9937106918238994,0.9930817610062893,0.9905660377358491,0.4188679245283019,1.0142833324070473,1.1431265267639035,0.17515941470591415,52.657341804478094
IND560099AAB,11,15,0.00295622537788848,0.004766316917472612,0.17034700315457413,1263,343.0,301.0,17212.0,35740.0,264.0,243.0,14529.0,607.0,272.0,15870.5,Bengaluru_Bomsndra_HB (Karnataka),0.9157232704402516,0.9408805031446541,0.9974842767295597,0.9886792452830189,0.29056603773584905,1.5116989940532428,0.7557272991338219,0.22200815073435,52.112986153069706
IND842001AAA,11,15,0.024851862537311777,0.02485206068801093,0.034161490683229816,1263,122.0,122.0,9993.0,9719.0,107.0,107.0,52268.0,229.0,114.5,31130.5,Muzaffrpur_Bbganj_I (Bihar),0.9905660377358491,0.9867924528301887,0.990251572327044,0.9937106918238994,0.4157232704402516,0.6363585838937365,1.4823835849964049,0.14141525955619297,50.80818436145744
IND209304AAA,15,13,0.03281562754560291,0.03270318768992745,0.024193548387096774,1263,138.0,110.0,16799.0,20694.0,111.0,111.0,37002.0,249.0,110.5,26900.5,Kanpur_Central_H_6 (Uttar Pradesh),0.9930817610062893,0.9911949685534591,0.9911949685534591,0.9924528301886792,0.4257861635220126,0.61412771633413,1.2809578910777466,0.13031083794248607,50.44950416127525
IND751002AAB,12,6,0.018287721906984026,0.05114309175328494,0.09,1263,65.0,65.0,27934.0,8013.0,73.0,73.0,46762.0,138.0,69.0,37348.0,Bhubaneshwar_Hub (Orissa),0.9886792452830189,0.9962264150943396,0.9836477987421384,0.9949685534591195,0.38113207547169814,0.38348246540321235,1.7784507840364185,0.12168144204071747,49.442562668073606
IND400072AAB,11,9,0.005097403746848212,0.005917176178164427,0.11956521739130435,1263,189.0,189.0,8910.0,14660.0,161.0,161.0,6818.0,350.0,175.0,7864.0,Mumbai Hub (Maharashtra),0.9566037735849057,0.9522012578616352,0.9924528301886792,0.980503144654088,0.36477987421383645,0.972600455732785,0.3744708408927491,0.13823273518104143,49.31729713641056
IND781018AAB,15,14,0.043946467611556815,0.04372710368671265,0.011278195488721804,1263,72.0,65.0,38191.0,14137.0,70.0,61.0,20176.0,142.0,63.0,29183.5,Guwahati_Hub (Assam),0.9955974842767296,0.9943396226415094,0.9842767295597484,0.9930817610062893,0.4289308176100629,0.3501361640638026,1.389670623752994,0.10145574893337528,49.00360505673166
IND560300AAA,4,12,0.005666515543733445,0.00566552479023767,0.2606837606837607,1263,227.0,188.0,11004.0,16754.0,187.0,180.0,9813.0,414.0,184.0,10408.5,Bengaluru_KGAirprt_HB (Karnataka),0.9584905660377359,0.949685534591195,0.9949685534591195,0.9855345911949686,0.269811320754717,1.0226199077418996,0.4956357766317624,0.1495397172447319,48.97384120814854
IND462022AAA,13,9,0.026319885359352414,0.029271217580564113,0.05506607929515418,1263,74.0,74.0,17798.0,7684.0,89.0,89.0,30784.0,163.0,81.5,24291.0,Bhopal_Trnsport_H (Madhya Pradesh),0.9911949685534591,0.989937106918239,0.9874213836477987,0.9918238993710692,0.4037735849056604,0.45295392652698274,1.1566977614605505,0.10484126667851862,48.858415535183795
IND211002AAB,4,4,0.008102580239144116,0.00813408620030975,0.0,1263,37.0,37.0,4441.0,3472.0,32.0,31.0,14735.0,69.0,34.0,9588.0,Allahabad_Central_H_1 (Uttar Pradesh),0.9748427672955975,0.9672955974842767,0.9572327044025157,0.9842767295597484,0.7150943396226415,0.18896237425665535,0.4565649062156255,0.04266709834779417,47.93838636393058
IND585104AAA,5,5,0.006491416904315405,0.006491416904315405,0.0,1263,42.0,42.0,1793.0,3273.0,41.0,41.0,6520.0,83.0,41.5,4156.5,Gulbarga_Nehrugnj_I (Karnataka),0.9654088050314465,0.959748427672956,0.9710691823899371,0.9628930817610063,0.7150943396226415,0.2306452509309176,0.19792574391794404,0.03727603633582287,47.65939930106787
IND000000ACA,12,9,0.007493266839242716,0.013106083543505176,0.08048780487804878,1263,106.0,103.0,6611.0,11998.0,105.0,96.0,9735.0,211.0,99.5,8173.0,Ludhiana_MilrGanj_HB (Punjab),0.9716981132075472,0.9792452830188679,0.9893081761006289,0.9823899371069182,0.38742138364779877,0.552992830545212,0.3891849164059561,0.08585640146565102,47.37458107957186
IND302014AAA,10,7,0.03693260336384542,0.037031195260869364,0.06390977443609022,1263,61.0,61.0,9652.0,10793.0,69.0,69.0,20047.0,130.0,65.0,14849.5,Jaipur_Hub (Rajasthan),0.9937106918238994,0.9918238993710692,0.9823899371069182,0.9880503144654088,0.3949685534591195,0.36125159784360583,0.7071089460626753,0.07474223880762404,47.24654590264535
IND121004AAB,8,6,0.004127409803159763,0.004055748510303044,0.029411764705882353,1263,117.0,117.0,3852.0,4841.0,112.0,111.0,6227.0,229.0,114.0,5039.5,FBD_Balabhgarh_DPC (Haryana),0.9471698113207547,0.9327044025157233,0.990251572327044,0.9691823899371069,0.4226415094339623,0.6335797254487856,0.239972762293872,0.08988528789834405,47.10904426913104
IND273014AAB,5,5,0.006132962289544143,0.006132764138844988,0.0,1263,31.0,31.0,3617.0,2152.0,35.0,34.0,6781.0,66.0,32.5,5199.0,Gorakhpur_Matriprm_IP (Uttar Pradesh),0.9616352201257862,0.9566037735849057,0.9540880503144654,0.969811320754717,0.7150943396226415,0.18062579892180292,0.24756789188725875,0.03300517446091307,47.1030889117249
IND395023AAA,7,8,0.01229410987866341,0.020393669957025077,0.175,1263,71.0,71.0,29595.0,15771.0,62.0,62.0,13199.0,133.0,66.5,21397.0,Surat_HUB (Gujarat),0.9842767295597484,0.9855345911949686,0.9830188679245283,0.989937106918239,0.28962264150943395,0.36958817317845827,1.0188902063303857,0.08863819264362224,46.692915921489295
IND683511AAA,11,7,0.019686271961041987,0.01770080195550962,0.026490066225165563,1263,63.0,53.0,6039.0,21125.0,65.0,64.0,7642.0,128.0,58.5,6840.5,Aluva_Peedika_H (Kerala),0.989937106918239,0.9836477987421384,0.9817610062893082,0.9786163522012579,0.4238993710691824,0.32512643805924524,0.3257334419032109,0.05447069128102545,46.37447796027769
IND506002AAA,3,3,0.006897229536184696,0.006897229536184696,0.0,1263,25.0,17.0,397.0,3042.0,28.0,28.0,2945.0,53.0,22.5,1671.0,Warangal_HunterRd_I (Telangana),0.9679245283018868,0.9622641509433962,0.9389937106918239,0.9091194968553459,0.7150943396226415,0.12504863002278663,0.07957029185297353,0.01906724252598707,46.33072061686539
IND530012AAA,9,10,0.017388767444526956,0.03171520830394098,0.024242424242424242,1263,52.0,52.0,8552.0,3525.0,51.0,51.0,7293.0,103.0,51.5,7922.5,Visakhapatnam_Gajuwaka_IP (Andhra Pradesh),0.9880503144654088,0.9905660377358491,0.9779874213836478,0.9811320754716981,0.42515723270440253,0.28622241982993385,0.37725651538311356,0.05168081984725563,46.23183973450114
IND691001AAB,2,4,0.006108986054946397,0.006108986054946397,0.0,1263,26.0,23.0,736.0,4159.0,26.0,26.0,1870.0,52.0,24.5,1303.0,Kollam_Central_H_1 (Kerala),0.960377358490566,0.9553459119496855,0.9355345911949685,0.879245283018868,0.7150943396226415,0.13616406380258989,0.062046732665723824,0.01974889675945264,46.130526598978925
IND742102AAB,5,4,0.005284018644131351,0.006408193610670336,0.0,1263,21.0,21.0,2379.0,1809.0,24.0,24.0,2483.0,45.0,22.5,2431.0,Berhampore_Central_I_2 (West Bengal),0.9578616352201258,0.9584905660377359,0.9257861635220126,0.9352201257861635,0.7150943396226415,0.12504863002278663,0.1157602510440327,0.020558029072815422,46.018467491376626
IND422011AAD,2,3,0.004862618157261907,0.004862618157261907,0.0,1263,24.0,24.0,2961.0,4019.0,26.0,26.0,2346.0,50.0,25.0,2653.5,Nashik_TgrniaRD_I (Maharashtra),0.9515723270440252,0.9421383647798742,0.9327044025157233,0.939622641509434,0.7150943396226415,0.1389429222475407,0.12635533778088884,0.022748862414924163,45.973921108167595
IND605010AAB,2,3,0.007286397509324972,0.007286397509324972,0.0,1263,18.0,16.0,611.0,1032.0,23.0,23.0,2285.0,41.0,19.5,1448.0,Pondicherry_Vasanthm_I (Pondicherry),0.970440251572327,0.9641509433962264,0.9154088050314465,0.8924528301886793,0.7150943396226415,0.10837547935308176,0.06895139593243906,0.016524551210272964,45.906416239758926
IND854326AAB,6,8,0.018653312366347354,0.018652123462152424,0.09444444444444444,1263,51.0,51.0,16774.0,7106.0,41.0,41.0,7960.0,92.0,46.0,12367.0,Purnia_Central_H_2 (Bihar),0.9893081761006289,0.9842767295597484,0.9729559748427673,0.9874213836477987,0.37924528301886795,0.2556549769354749,0.5888963490997747,0.05653932968152573,45.89614887401339
IND521225AAB,7,7,0.011313612318949708,0.011313612318949708,0.06818181818181818,1263,51.0,51.0,5007.0,9626.0,46.0,46.0,16871.0,97.0,48.5,10939.0,Vijayawada_Rynapadu_H (Andhra Pradesh),0.9823899371069182,0.9761006289308176,0.9761006289308176,0.9861635220125786,0.3940251572327044,0.269549269160229,0.5208973205144688,0.055492606187397375,45.85324666157113
IND605601AAA,3,3,0.004865788568448385,0.004865788568448385,0.0,1263,24.0,24.0,1234.0,909.0,23.0,23.0,1647.0,47.0,23.5,1440.5,Villupuram_Thirumtr_IP (Tamil Nadu),0.9528301886792453,0.9433962264150944,0.9286163522012578,0.8911949685534591,0.7150943396226415,0.13060634691268827,0.06859425817726414,0.019316857044788912,45.77244662582435
IND580028AAA,8,7,0.013595912071816164,0.014384551854452764,0.05825242718446602,1263,58.0,58.0,8902.0,23501.0,48.0,48.0,4336.0,106.0,53.0,6619.0,Hubli_Adargchi_IP (Karnataka),0.9855345911949686,0.9811320754716981,0.9786163522012579,0.9773584905660377,0.3968553459119497,0.2945589951647863,0.3151859735337114,0.050176556342267795,45.75096618189326
IND785682AAA,2,2,0.008060374140224117,0.008060374140224117,0.0,1263,11.0,11.0,846.0,505.0,21.0,21.0,2028.0,32.0,16.0,1437.0,Sivasagar_Babupaty_D (Assam),0.9742138364779874,0.9666666666666667,0.8924528301886793,0.8905660377358491,0.7150943396226415,0.08892347023842606,0.06842759389151584,0.014046833685691679,45.519951747177664
IND403726AAA,4,6,0.007234241886370521,0.01614967828252485,0.056818181818181816,1263,42.0,42.0,7857.0,6228.0,43.0,43.0,12112.0,85.0,42.5,9984.5,Goa_Hub (Goa),0.9691823899371069,0.9823899371069182,0.9716981132075472,0.9849056603773585,0.3987421383647799,0.2362029678208192,0.4754455888725399,0.04940976966246624,45.39501678501011
IND518002AAA,9,7,0.010114007986265779,0.015878211824682603,0.1,1263,58.0,58.0,5256.0,8539.0,49.0,48.0,5778.0,107.0,53.0,5517.0,Kurnool_AbbasNgr_I (Andhra Pradesh),0.980503144654088,0.9817610062893082,0.9792452830188679,0.9716981132075472,0.3745283018867924,0.2945589951647863,0.2627105327066756,0.04801491584936668,45.35986528932368
IND834002AAB,5,5,0.004660806388046395,0.005825234253756541,0.13953488372093023,1263,52.0,52.0,15274.0,9778.0,42.0,42.0,17811.0,94.0,47.0,16542.5,Ranchi_Hub (Jharkhand),0.950314465408805,0.9509433962264151,0.9751572327044025,0.9893081761006289,0.36163522012578614,0.26121269382537654,0.7877268419974953,0.06543158304944036,45.27944078769215
IND713205AAB,6,10,0.014115066903602064,0.014115066903602064,0.029661016949152543,1263,35.0,35.0,7111.0,4746.0,43.0,43.0,4708.0,78.0,39.0,5909.5,Durgapur_Central_I_1 (West Bengal),0.9867924528301887,0.979874213836478,0.9666666666666667,0.9742138364779874,0.4220125786163522,0.2167509587061635,0.2814007418941634,0.03896026723484493,45.26876807872337
IND000000AFT,5,8,0.004065656045260791,0.004065656045260791,0.0684931506849315,1263,50.0,50.0,1394.0,2882.0,103.0,103.0,4178.0,153.0,76.5,2786.0,Mumbai_Sanpada_I (Maharashtra),0.9459119496855346,0.9358490566037736,0.9867924528301887,0.9415094339622642,0.39308176100628933,0.4251653420774746,0.13266477145564587,0.0591491201571892,45.237330221695935
IND416012AAA,5,5,0.010942410009199478,0.010915329413648305,0.07777777777777778,1263,38.0,38.0,7444.0,4446.0,41.0,41.0,9096.0,79.0,39.5,8270.0,Kolhapur_Shivaji_I (Maharashtra),0.9811320754716981,0.9754716981132076,0.9682389937106918,0.9830188679245283,0.38805031446540883,0.21952981715111433,0.3938038980395518,0.04394140974860149,45.07285665095209
IND244221AAA,1,1,0.006770413088725544,0.006770413088725543,0.0,1263,15.0,15.0,1773.0,718.0,14.0,4.0,250.0,29.0,9.5,1011.5,Amroha_SamitiRd_D (Uttar Pradesh),0.9666666666666667,0.9610062893081761,0.8723270440251573,0.8427672955974843,0.7150943396226415,0.05279831045406547,0.048165978581258366,0.008650785866820453,44.77845124302656
IND244235AAA,1,1,0.006857995697752021,0.006857995697752021,0.0,1263,14.0,3.0,161.0,1330.0,15.0,15.0,1744.0,29.0,9.0,952.5,Gajraula_JawaharN_D (Uttar Pradesh),0.9672955974842767,0.9616352201257862,0.8723270440251573,0.8320754716981132,0.7150943396226415,0.05001945200911465,0.04535649490721561,0.008184176560334216,44.77084404814249
IND313001AAB,4,5,0.008832065433059666,0.018804897651200872,0.07142857142857142,1263,36.0,36.0,5865.0,8225.0,38.0,38.0,6057.0,74.0,37.0,5961.0,Udaipur_Mangri_I (Rajasthan),0.9767295597484277,0.9849056603773585,0.9628930817610063,0.9754716981132076,0.3918238993710692,0.20563552492636025,0.28385308781303126,0.03765777886707518,44.74452416347955
IND421302AAR,5,4,0.0016458397071808229,0.0016458397071808229,0.0,1263,36.0,36.0,1114.0,2093.0,38.0,38.0,1208.0,74.0,37.0,1161.0,Mumbai_East_I_21 (Maharashtra),0.8723270440251573,0.8610062893081761,0.9628930817610063,0.8616352201257862,0.7150943396226415,0.20563552492636025,0.05528492450107855,0.028242284887106645,44.70142242045597
IND533106AAA,8,8,0.006279477819806244,0.025468705663781066,0.08771929824561403,1263,38.0,38.0,6459.0,3412.0,39.0,39.0,6512.0,77.0,38.5,6485.5,Rajamundry_AtoNgrRd_I (Andhra Pradesh),0.9622641509433962,0.9880503144654088,0.9650943396226415,0.9767295597484277,0.3817610062893082,0.2139721002612127,0.30882892149159774,0.03973924931945869,44.595453032010674
IND305001AAC,4,4,0.010097363327536765,0.010097363327536765,0.09259259259259259,1263,31.0,31.0,3159.0,3404.0,47.0,47.0,6622.0,78.0,39.0,4890.5,Ajmer_FoySGRRD_I (Rajasthan),0.979874213836478,0.9735849056603774,0.9666666666666667,0.9679245283018868,0.38018867924528305,0.2167509587061635,0.23287762555773012,0.03696143632534744,44.58392087287115
IND573201AAB,4,5,0.01403739182953332,0.0127410899556618,0.058823529411764705,1263,33.0,33.0,4565.0,1767.0,37.0,37.0,2128.0,70.0,35.0,3346.5,Hassan_Pandrnga_I (Karnataka),0.9861635220125786,0.9779874213836478,0.9594339622641509,0.9547169811320755,0.39622641509433965,0.194520091146557,0.15935486635905202,0.031125768217931244,44.48238903982738
IND263153AAB,6,5,0.007284812303731733,0.007284812303731733,0.018867924528301886,1263,39.0,39.0,3991.0,4148.0,32.0,30.0,3231.0,71.0,34.5,3611.0,Rudrapur_UdhamNgr_H (Uttarakhand),0.969811320754717,0.9635220125786164,0.9613207547169811,0.9566037735849057,0.4276729559748428,0.19174123270160617,0.17194992452488775,0.03129372397446997,44.44361701633356
IND585401AAA,1,1,0.0040264222068281145,0.0040264222068281145,0.0,1263,15.0,15.0,968.0,200.0,15.0,15.0,461.0,30.0,15.0,714.5,Bidar (Karnataka),0.9408805031446541,0.9289308176100629,0.8845911949685534,0.779874213836478,0.7150943396226415,0.08336575334852443,0.03402332347633129,0.011927851299616918,44.418719609006004
IND502286AAB,1,1,0.004021270288650087,0.004021270288650087,0.0,1263,15.0,15.0,847.0,212.0,15.0,15.0,968.0,30.0,15.0,907.5,Narayankhed_Datatrya_D (Telangana),0.939622641509434,0.9276729559748428,0.8845911949685534,0.8254716981132075,0.7150943396226415,0.08336575334852443,0.04321366837616605,0.012306432620061487,44.40620213414773
IND515004AAA,4,4,0.009695117408252263,0.009695117408252263,0.15384615384615385,1263,41.0,41.0,4422.0,4393.0,41.0,41.0,3872.0,82.0,41.0,4147.0,Anantapur_KamaStrt_I (Andhra Pradesh),0.9792452830188679,0.9723270440251572,0.970440251572327,0.9622641509433962,0.3591194968553459,0.22786639248596677,0.1974733694280558,0.03690652431100505,44.4050746432232
IND244901AAB,9,6,0.012912292159731657,0.012912292159731657,0.03333333333333333,1263,45.0,23.0,1433.0,9314.0,43.0,26.0,2901.0,88.0,24.5,2167.0,Rampur_RoshnBgh_I (Uttar Pradesh),0.9849056603773585,0.9786163522012579,0.9723270440251572,0.9257861635220126,0.41729559748427675,0.13616406380258989,0.10318900206187531,0.02144368567584698,44.38979434668543
IND575004AAB,6,7,0.014918338228221752,0.01436552938733389,0.038461538461538464,1263,25.0,25.0,1981.0,4990.0,31.0,31.0,8052.0,56.0,28.0,5016.5,Mangalore_Kuntikna_H (Karnataka),0.9874213836477987,0.980503144654088,0.9433962264150944,0.9685534591194969,0.41352201257861637,0.1556160729172456,0.2388775398446689,0.02948929479670758,44.37698046310582
IND431136AAC,5,5,0.005676224927992036,0.005676224927992036,0.047619047619047616,1263,45.0,45.0,5389.0,12465.0,35.0,35.0,3635.0,80.0,40.0,4512.0,Aurangabad_Central_H_1 (Maharashtra),0.9591194968553459,0.950314465408805,0.9691823899371069,0.9641509433962264,0.40817610062893084,0.22230867559606513,0.21485407351323552,0.03692073977976691,44.3554709512525
IND502220AAC,1,1,0.004016118370472058,0.004016118370472058,0.0,1263,15.0,12.0,631.0,1208.0,15.0,15.0,847.0,30.0,13.5,739.0,Zahirabad_Mohim_D (Telangana),0.9383647798742139,0.9264150943396227,0.8845911949685534,0.7836477987421384,0.7150943396226415,0.07502917801367198,0.03518997347656938,0.010923277971192306,44.30559786082377
IND532001AAB,5,4,0.007287586413519902,0.007287586413519902,0.05714285714285714,1263,43.0,43.0,2519.0,7066.0,35.0,35.0,1787.0,78.0,39.0,2153.0,Srikakulam_Kuslpram_I (Andhra Pradesh),0.9710691823899371,0.9647798742138365,0.9666666666666667,0.9245283018867925,0.39811320754716983,0.2167509587061635,0.10252234491888211,0.03159166241489664,44.27455167420395
IND306401AAB,3,4,0.011079001891150268,0.016326032404772737,0.15789473684210525,1263,44.0,44.0,7182.0,2358.0,25.0,25.0,3802.0,69.0,34.5,5492.0,Pali_Nayagaon_I (Rajasthan),0.9817610062893082,0.9830188679245283,0.9572327044025157,0.9710691823899371,0.3581761006289308,0.19174123270160617,0.2615200735227592,0.034983420677870136,44.24602637980546
IND742101AAC,6,6,0.009620876946302183,0.008496701979763266,0.03076923076923077,1263,26.0,26.0,3335.0,2839.0,34.0,34.0,4444.0,60.0,30.0,3889.5,Baharampur_Chuanpur_I (West Bengal),0.9786163522012579,0.9679245283018868,0.9490566037735849,0.959748427672956,0.42012578616352203,0.16673150669704886,0.18521163983371666,0.028682124044590626,44.22970368650626
IND585330AAE,1,1,0.004031574125006143,0.004031574125006143,0.0,1263,15.0,15.0,461.0,545.0,14.0,14.0,494.0,29.0,14.5,477.5,Humnabad_EBroad_D (Karnataka),0.9415094339622642,0.930188679245283,0.8723270440251573,0.6569182389937107,0.7150943396226415,0.08058689490357361,0.022737770412803626,0.011112084091373514,44.215981563059245
IND786001AAB,6,5,0.012087192648450542,0.012087192648450542,0.045454545454545456,1263,29.0,29.0,1589.0,2129.0,31.0,31.0,3980.0,60.0,30.0,2784.5,Dibrugarh_Bokule_H (Assam),0.9836477987421384,0.9773584905660377,0.9490566037735849,0.9408805031446541,0.41037735849056606,0.16673150669704886,0.1325933439046109,0.026514598867952037,44.19365447169949
IND826004AAA,7,5,0.008982411175206257,0.01057133979991535,0.046153846153846156,1263,15.0,15.0,2340.0,1026.0,43.0,43.0,7185.0,58.0,29.0,4762.5,Dhanbad_Kalynpur_I (Jharkhand),0.9779874213836478,0.9748427672955975,0.9459119496855346,0.9647798742138365,0.40943396226415096,0.16117378980714722,0.22678247453607805,0.02969281262623249,44.18589849294685
IND174001AAA,2,1,0.002437253599605601,0.002437253599605601,0.0,1263,10.0,10.0,476.0,391.0,24.0,24.0,12794.0,34.0,17.0,6635.0,BilaspurHP_Indsarea_D (Himachal Pradesh),0.8974842767295598,0.8871069182389937,0.8965408805031446,0.9779874213836478,0.7150943396226415,0.09448118712832768,0.31594786741141795,0.02494478342746418,44.17962910848013
IND384205AAA,5,5,0.008501061295144675,0.008501061295144675,0.045454545454545456,1263,33.0,31.0,839.0,865.0,37.0,34.0,2266.0,70.0,32.5,1552.5,Mehsana_Panchot_IP (Gujarat),0.9754716981132076,0.9685534591194969,0.9594339622641509,0.9,0.41037735849056606,0.18062579892180292,0.0739275153212097,0.02585234137800572,44.105510150661296
IND821115AAB,4,5,0.006483490876349208,0.006483490876349208,0.07352941176470588,1263,23.0,23.0,7590.0,1040.0,30.0,30.0,14550.0,53.0,26.5,11070.0,Sasaram_Central_I_2 (Bihar),0.9647798742138365,0.9591194968553459,0.9389937106918239,0.9867924528301887,0.389937106918239,0.14727949758239314,0.5271353266381908,0.04031097421937261,44.06271852228938
IND431514AAA,1,1,0.003229063793428689,0.003229063793428689,0.0,1263,15.0,15.0,352.0,396.0,15.0,15.0,445.0,30.0,15.0,398.5,Gangakher_Busstand_D (Maharashtra),0.9188679245283019,0.9081761006289308,0.8845911949685534,0.6069182389937107,0.7150943396226415,0.08336575334852443,0.018975919391627738,0.011307997945935656,43.84999109226534
IND431708AAA,1,1,0.003234215711606717,0.003234215711606717,0.0,1263,15.0,15.0,445.0,163.0,14.0,14.0,492.0,29.0,14.5,468.5,Loha_SivjiCWK_D (Maharashtra),0.919496855345912,0.9088050314465409,0.8723270440251573,0.6534591194968553,0.7150943396226415,0.08058689490357361,0.022309205106593715,0.011094430040161073,43.67107370326592
IND474003AAA,8,6,0.007608788696850039,0.007216252161824128,0.08426966292134831,1263,24.0,24.0,3404.0,1981.0,29.0,28.0,7569.0,53.0,26.0,5486.5,Gwalior_HrihrNgr_I (Madhya Pradesh),0.9729559748427673,0.9628930817610063,0.9389937106918239,0.970440251572327,0.3836477987421384,0.14450063913744235,0.2612581725022976,0.029007719810316343,43.595040078566136
IND444005AAB,3,3,0.004458787032384165,0.004458787032384165,0.03571428571428571,1263,20.0,20.0,8115.0,2164.0,32.0,32.0,8531.0,52.0,26.0,8323.0,Akola_Gaurkshn_I (Maharashtra),0.9490566037735849,0.939622641509434,0.9355345911949685,0.9836477987421384,0.41509433962264153,0.14450063913744235,0.39632767150945464,0.034571688284103994,43.54462215005425
IND125001AAA,5,7,0.007210481508374732,0.00950231677797452,0.0625,1263,30.0,30.0,4970.0,2599.0,22.0,22.0,3075.0,52.0,26.0,4022.5,Hisar_ModelTwn_P (Haryana),0.9685534591194969,0.9716981132075472,0.9355345911949685,0.960377358490566,0.3955974842767296,0.14450063913744235,0.19154488269215203,0.026135994146425937,43.54107643688105
IND842003AAB,5,8,0.011724973170395335,0.011724973170395335,0.025974025974025976,1263,25.0,25.0,2183.0,2218.0,16.0,16.0,3682.0,41.0,20.5,2932.5,Jabalpur_Adhartal_IP (Madhya Pradesh),0.9830188679245283,0.9767295597484277,0.9154088050314465,0.9477987421383648,0.42452830188679247,0.11393319624298338,0.1396408622733961,0.02013824326566773,43.495905873975204
IND411014AAA,3,3,0.00162642093866364,0.00162642093866364,0.0,1263,15.0,15.0,1858.0,1056.0,34.0,34.0,2039.0,49.0,24.5,1948.5,PNQ Vadgaon Sheri DPC (Maharashtra),0.8569182389937107,0.8430817610062893,0.9317610062893081,0.9188679245283019,0.7150943396226415,0.13616406380258989,0.0927843887944458,0.02101508454363383,43.462703912716286
IND523002AAA,3,5,0.006417289671336303,0.010396174581862396,0.07142857142857142,1263,31.0,31.0,3050.0,6190.0,25.0,17.0,3256.0,56.0,24.0,3153.0,Ongole_SubhVRTL_I (Andhra Pradesh),0.9641509433962264,0.9742138364779874,0.9433962264150944,0.9525157232704402,0.3918238993710692,0.1333852053576391,0.15014071227553893,0.023026907871249728,43.42493029922287
IND788026AAC,4,4,0.004873714596414582,0.004873714596414582,0.09259259259259259,1263,34.0,34.0,7165.0,9885.0,23.0,23.0,6523.0,57.0,28.5,6844.0,Silchar_Sirikona_H (Assam),0.9547169811320755,0.9452830188679245,0.9446540880503145,0.9792452830188679,0.38018867924528305,0.1583949313621964,0.3259001061889592,0.03342492516643847,43.416529277189845
IND110044AAB,2,6,0.002619155941429824,0.0028830926727041865,0.26785714285714285,1263,130.0,130.0,5490.0,11125.0,39.0,38.0,1935.0,169.0,84.0,3712.5,Del_Okhla_PC (Delhi),0.9012578616352201,0.9037735849056604,0.9880503144654088,0.9584905660377359,0.2691823899371069,0.46684821875173677,0.17678318881158842,0.06622966454618455,43.380665617246336
IND431515AAA,1,1,0.003223911875250661,0.003223911875250661,0.0,1263,13.0,13.0,378.0,380.0,15.0,15.0,352.0,28.0,14.0,365.0,Parli_JirgeNgr_D (Maharashtra),0.9182389937106918,0.9069182389937107,0.8559748427672956,0.579874213836478,0.7150943396226415,0.0778080364586228,0.017380704085179735,0.010540531258235546,43.36035989624511
IND500039AAC,5,4,0.004864599664253456,0.004864599664253456,0.014705882352941176,1263,24.0,24.0,1977.0,1768.0,32.0,32.0,1658.0,56.0,28.0,1817.5,Hyderabad_Uppal_I (Telangana),0.9522012578616352,0.9427672955974843,0.9433962264150944,0.9147798742138364,0.42830188679245285,0.1556160729172456,0.08654638267072375,0.023214260371307714,43.3053671066157
IND686028AAB,3,2,0.0024737133282501074,0.0024737133282501074,0.0,1263,11.0,9.0,211.0,1569.0,18.0,18.0,2621.0,29.0,13.5,1416.0,Kottayam_Central_H_1 (Kerala),0.9006289308176101,0.889937106918239,0.8723270440251573,0.8886792452830189,0.7150943396226415,0.07502917801367198,0.06742760817702605,0.012251254934617034,43.25721683478116
IND507002AAA,4,6,0.004872921993617963,0.004872921993617963,0.11627906976744186,1263,32.0,32.0,1371.0,2583.0,36.0,36.0,4587.0,68.0,34.0,2979.0,Khammam_NSTRoad_I (Telangana),0.9540880503144654,0.9446540880503145,0.9556603773584905,0.949685534591195,0.36666666666666664,0.18896237425665535,0.14185511635548065,0.029703140074124987,43.2445909659704
IND413002AAA,5,4,0.0033114017919332935,0.009982832223425218,0.21212121212121213,1263,38.0,38.0,7398.0,2879.0,39.0,39.0,8619.0,77.0,38.5,8008.5,Solapur_Central_I_2 (Maharashtra),0.9289308176100629,0.9729559748427673,0.9650943396226415,0.9817610062893082,0.27861635220125786,0.2139721002612127,0.3813516949757861,0.042726707096852876,43.06243598377346
IND505001AAB,8,7,0.008506411364021858,0.008506213213322702,0.075,1263,15.0,13.0,817.0,885.0,30.0,30.0,2523.0,45.0,21.5,1670.0,Karimnagar_KamnHbRD_I (Telangana),0.9761006289308176,0.9691823899371069,0.9257861635220126,0.9081761006289308,0.3886792452830189,0.11949091313288501,0.07952267348561687,0.018363526578776334,43.025094567932534
IND390022AAA,5,4,0.00456952653859358,0.005501852312735701,0.15151515151515152,1263,36.0,36.0,2177.0,2303.0,24.0,24.0,5912.0,60.0,30.0,4044.5,Vadodara_Karelibaug_DPC (Gujarat),0.949685534591195,0.9490566037735849,0.9490566037735849,0.9610062893081761,0.35974842767295595,0.16673150669704886,0.19259248677399846,0.028986166037693776,43.018490691821796
IND151001AAA,5,4,0.004664863759505289,0.004861825554465286,0.08571428571428572,1263,35.0,21.0,1888.0,2671.0,32.0,26.0,2604.0,67.0,23.5,2246.0,Bhatinda_DPC (Punjab),0.9509433962264151,0.9415094339622642,0.9547169811320755,0.929559748427673,0.3827044025157233,0.13060634691268827,0.10695085308305119,0.02089689462830238,42.87188875657235
IND201007AAA,7,4,0.0038000699453096553,0.0036566730022050214,0.049019607843137254,1263,16.0,16.0,680.0,823.0,46.0,44.0,2209.0,62.0,30.0,1444.5,GZB_Mohan_Nagar_DPC (Uttar Pradesh),0.9377358490566038,0.9232704402515723,0.9518867924528301,0.8918238993710692,0.4069182389937107,0.16673150669704886,0.06878473164669076,0.02388610679854415,42.84053175502155
IND431517AAB,1,1,0.0032187599570726324,0.003218759957072633,0.0,1263,12.0,12.0,4912.0,477.0,13.0,13.0,378.0,25.0,12.5,2645.0,Ambajogai_BnsllNgr_D (Maharashtra),0.9176100628930818,0.9062893081761006,0.810377358490566,0.9383647798742139,0.7150943396226415,0.06947146112377035,0.12595058165835726,0.013960259319773231,42.8316607647308
IND723101AAA,1,1,0.002824043764356018,0.002824043764356018,0.0,1263,13.0,13.0,516.0,297.0,14.0,14.0,443.0,27.0,13.5,479.5,Purulia_GariDPP_D (West Bengal),0.9066037735849056,0.8959119496855346,0.8393081761006289,0.6591194968553459,0.7150943396226415,0.07502917801367198,0.02283300714751694,0.010414252827900256,42.81945477975979
IND144001AAB,5,5,0.003651124782628683,0.003651124782628683,0.2073170731707317,1263,43.0,41.0,2299.0,1295.0,57.0,57.0,3323.0,100.0,49.0,2811.0,Jalandhar_DPC (Punjab),0.9358490566037736,0.9220125786163522,0.9773584905660377,0.9421383647798742,0.2792452830188679,0.27232812760517977,0.13385523063956228,0.03989991357429978,42.70568750261437
IND712310AAE,4,3,0.0032924720171582655,0.0032924720171582655,0.047619047619047616,1263,34.0,33.0,1833.0,1914.0,26.0,26.0,2275.0,60.0,29.5,2054.0,Kolkata_North_I_4 (West Bengal),0.9276729559748428,0.9150943396226415,0.9490566037735849,0.9226415094339623,0.40817610062893084,0.16395264825209804,0.09780812655057308,0.024730801184893115,42.6201878579868
IND723202AAA,1,1,0.00281889184617799,0.00281889184617799,0.0,1263,13.0,13.0,2320.0,601.0,13.0,13.0,516.0,26.0,13.0,1418.0,Jhalda_GMukrDPP_D (West Bengal),0.9040880503144654,0.8927672955974842,0.8254716981132075,0.889308176100629,0.7150943396226415,0.07225031956872117,0.06752284491173935,0.011904300864126232,42.617227621822664
IND431603AAA,4,4,0.004877677610397681,0.004877677610397681,0.07407407407407407,1263,20.0,20.0,1447.0,1259.0,19.0,19.0,8271.0,39.0,19.5,4859.0,Nanded_Aswningr_I (Maharashtra),0.9553459119496855,0.9459119496855346,0.9081761006289308,0.9660377358490566,0.38930817610062896,0.10837547935308176,0.23137764698599544,0.02321543661978811,42.46580327753028
IND332001AAB,3,6,0.006513609782620757,0.006513609782620757,0.041666666666666664,1263,25.0,22.0,1664.0,1439.0,12.0,12.0,920.0,37.0,17.0,1292.0,Sikar_FatehpRd_I (Rajasthan),0.9660377358490566,0.960377358490566,0.9022012578616352,0.8779874213836478,0.41132075471698115,0.09448118712832768,0.0615229306248006,0.014464161691011706,42.46377412228644
IND600044AAD,5,5,0.0032488788633441815,0.0032488788633441815,0.15853658536585366,1263,39.0,39.0,1473.0,2003.0,35.0,33.0,1467.0,74.0,36.0,1470.0,Chennai_Chrompet_DPC (Tamil Nadu),0.9238993710691824,0.9119496855345912,0.9628930817610063,0.8949685534591195,0.3572327044025157,0.2000778080364586,0.06999900001428551,0.028146652926102207,42.401043338129014
IND503185AAA,1,1,0.0016351395694264568,0.0016351395694264568,0.0,1263,14.0,14.0,233.0,279.0,15.0,15.0,787.0,29.0,14.5,510.0,Bodhan_SuryaDPP_D (Telangana),0.8669811320754717,0.8540880503144654,0.8723270440251573,0.6823899371069182,0.7150943396226415,0.08058689490357361,0.024285367351894974,0.011175834831862885,42.34023828247365
IND342005AAD,2,4,0.005277545721292323,0.005277545721292323,0.1,1263,15.0,15.0,1410.0,1964.0,25.0,25.0,5866.0,40.0,20.0,3638.0,Jodhpur_Basni_I (Rajasthan),0.9572327044025157,0.9477987421383648,0.9119496855345912,0.9572327044025157,0.3745283018867924,0.11115433779803256,0.17323562044351748,0.021171247531616064,42.31956866588897
IND424006AAA,5,9,0.0032894997566709416,0.0032893016059717868,0.07303370786516854,1263,24.0,24.0,2622.0,838.0,19.0,19.0,10282.0,43.0,21.5,6452.0,Dhule_MIDCAvdn_I (Maharashtra),0.9270440251572327,0.9144654088050315,0.9226415094339623,0.9761006289308176,0.3905660377358491,0.11949091313288501,0.3072337061851497,0.02774371245631999,42.182783107092725
IND249407AAA,4,3,0.0020298557621430714,0.0020298557621430714,0.05555555555555555,1263,37.0,37.0,5908.0,1642.0,34.0,34.0,5195.0,71.0,35.5,5551.5,Haridwar (Uttarakhand),0.8817610062893082,0.8704402515723271,0.9613207547169811,0.9723270440251572,0.4018867924528302,0.19729894959150782,0.2643533663804803,0.03580188795796174,42.159591253244
IND503187AAA,1,1,0.0016299876512484287,0.0016299876512484287,0.0,1263,15.0,15.0,252.0,241.0,14.0,14.0,233.0,29.0,14.5,242.5,Banswada_Menagrdn_D (Telangana),0.860062893081761,0.8474842767295597,0.8723270440251573,0.43522012578616354,0.7150943396226415,0.08058689490357361,0.011547454083989276,0.010651117198604221,42.144191080056
IND122001AAA,2,4,0.0021078578773727364,0.005862486585197667,0.07142857142857142,1263,18.0,17.0,428.0,690.0,41.0,40.0,1607.0,59.0,28.5,1017.5,GGN_DPC (Haryana),0.889937106918239,0.9515723270440252,0.9471698113207547,0.8440251572327044,0.3918238993710692,0.1583949313621964,0.0484516887853983,0.021995888567628748,42.09036046611729
IND695012AAA,5,2,0.004092208238947551,0.004092208238947551,0.0,1263,14.0,14.0,571.0,2072.0,8.0,8.0,485.0,22.0,11.0,528.0,Trivandrum_Mnanthla_H (Kerala),0.9465408805031447,0.9364779874213837,0.7286163522012579,0.690251572327044,0.7150943396226415,0.06113488578891791,0.025142497964314794,0.008755002583410573,42.08083189017682
IND532127AAA,1,1,0.0016351395694264568,0.0016351395694264568,0.0,1263,14.0,14.0,422.0,185.0,14.0,14.0,473.0,28.0,14.0,447.5,Rajam_SamathBv_D (Andhra Pradesh),0.8669811320754717,0.8540880503144654,0.8559748427672956,0.6396226415094339,0.7150943396226415,0.0778080364586228,0.021309219392103923,0.010702360061016256,42.07128152506339
IND503122AAA,1,1,0.0016248357330704006,0.0016248357330704006,0.0,1263,14.0,14.0,378.0,211.0,15.0,15.0,252.0,29.0,14.5,315.0,Yellareddy_JKRoad_D (Telangana),0.8515723270440252,0.8380503144654088,0.8723270440251573,0.5305031446540881,0.7150943396226415,0.08058689490357361,0.014999785717346895,0.010793330388926664,41.929603626364575
IND285001AAD,1,1,0.0016248357330704006,0.0016248357330704006,0.0,1263,14.0,13.0,247.0,497.0,15.0,15.0,721.0,29.0,14.0,484.0,Orai_Ajnari_D (Uttar Pradesh),0.8515723270440252,0.8380503144654088,0.8723270440251573,0.6635220125786163,0.7150943396226415,0.0778080364586228,0.023047289800621897,0.010773957046488933,41.928634959242686
IND721306AAA,3,3,0.004059315222887832,0.004059315222887832,0.03333333333333333,1263,16.0,16.0,793.0,568.0,19.0,19.0,1644.0,35.0,17.5,1218.5,Kharagpur_DC (West Bengal),0.9446540880503145,0.9345911949685535,0.8984276729559748,0.8679245283018868,0.41729559748427675,0.0972600455732785,0.05802298062408632,0.014670864132425894,41.89863754624394
IND785001AAA,5,3,0.00888983296688664,0.00888983296688664,0.057692307692307696,1263,14.0,14.0,899.0,1259.0,14.0,14.0,3517.0,28.0,14.0,2208.0,Jorhat_RicMilRd_D (Assam),0.9773584905660377,0.969811320754717,0.8559748427672956,0.9264150943396227,0.39748427672955977,0.0778080364586228,0.10514135512349823,0.014155688634294299,41.88074040655748
IND610001AAA,2,2,0.003639235740679388,0.003639235740679388,0.08333333333333333,1263,22.0,22.0,1555.0,394.0,22.0,22.0,948.0,44.0,22.0,1251.5,Thiruvarur_Bypasrd_D (Tamil Nadu),0.9339622641509434,0.9207547169811321,0.9235849056603773,0.8716981132075472,0.3855345911949686,0.12226977157783582,0.059594386746856,0.01789349039038028,41.820775148449826
IND632006AAA,3,5,0.0032954442776455895,0.0039015872663605107,0.2037037037037037,1263,40.0,39.0,2540.0,8736.0,30.0,30.0,2226.0,70.0,34.5,2383.0,Vellore_GndhiNgr_IP (Tamil Nadu),0.9283018867924528,0.9257861635220126,0.9594339622641509,0.9320754716981132,0.279874213836478,0.19174123270160617,0.11347456941091318,0.028884926764594688,41.8168878476637
IND202001AAB,4,4,0.0032397243010432023,0.00607094112070865,0.11538461538461539,1263,14.0,14.0,1857.0,1135.0,28.0,26.0,3864.0,42.0,20.0,2860.5,Aligarh_KhirByps_I (Uttar Pradesh),0.920125786163522,0.9547169811320755,0.9198113207547169,0.9433962264150944,0.3672955974842767,0.11115433779803256,0.1362123398237168,0.019646133662985746,41.801489073086394
IND110085AAB,4,5,0.002444387024775178,0.0024443870247751786,0.030303030303030304,1263,18.0,15.0,1293.0,1118.0,36.0,36.0,1846.0,54.0,25.5,1569.5,Delhi_Rohini_DPC (Delhi),0.9,0.889308176100629,0.9418238993710691,0.9009433962264151,0.4207547169811321,0.14172178069249153,0.07473702756627286,0.020973407217430393,41.776657782255164
IND723130AAA,3,2,0.004057333715896283,0.004057333715896283,0.05,1263,18.0,16.0,1130.0,664.0,17.0,12.0,2651.0,35.0,14.0,1890.5,Hura_Central_D_1 (West Bengal),0.9440251572327044,0.9339622641509434,0.8984276729559748,0.9182389937106918,0.4059748427672956,0.0778080364586228,0.0900225234877597,0.013532892938744297,41.71280816894979
IND583101AAA,3,2,0.004061296729879382,0.004061296729879382,0.1111111111111111,1263,21.0,21.0,1364.0,856.0,18.0,18.0,2325.0,39.0,19.5,1844.5,Bellary_Dc (Karnataka),0.9452830188679245,0.9352201257861635,0.9081761006289308,0.9169811320754717,0.36886792452830186,0.10837547935308176,0.08783207858935349,0.017302310244243283,41.707882807809646
IND485001AAC,2,5,0.0028642683562844686,0.002935404457281087,0.11904761904761904,1263,19.0,19.0,5026.0,6285.0,27.0,27.0,6166.0,46.0,23.0,5596.0,Satna_Central_I_2 (Madhya Pradesh),0.9138364779874214,0.9050314465408805,0.9276729559748428,0.9729559748427673,0.36572327044025155,0.12782748846773745,0.2664723837278515,0.027117247608839636,41.686051059687266
IND388320AAA,4,3,0.003264730919276576,0.0033499357199131942,0.1,1263,13.0,13.0,363.0,438.0,38.0,30.0,859.0,51.0,21.5,611.0,Anand_Vaghasi_IP (Gujarat),0.9264150943396227,0.9157232704402516,0.9336477987421383,0.7383647798742138,0.3745283018867924,0.11949091313288501,0.02909482245491731,0.016286233219445778,41.61777078046914
IND756100AAC,3,4,0.004889962953745286,0.02692035768579006,0.15789473684210525,1263,13.0,12.0,2700.0,1024.0,16.0,16.0,1916.0,29.0,14.0,2308.0,Bhadrak_Central_I_2 (Orissa),0.9559748427672956,0.9893081761006289,0.8723270440251573,0.930188679245283,0.3581761006289308,0.0778080364586228,0.10990319185916392,0.014351844758876978,41.616963307126234
IND136118AAA,1,1,0.0012305158417520961,0.0012305158417520961,0.0,1263,15.0,15.0,168.0,446.0,15.0,15.0,1634.0,30.0,15.0,901.0,Kurukshetra_DC (Haryana),0.8257861635220126,0.810377358490566,0.8845911949685534,0.8245283018867925,0.7150943396226415,0.08336575334852443,0.04290414898834779,0.012293682471963613,41.52506148208875
IND570020AAA,3,3,0.002887848289483905,0.002887848289483905,0.03333333333333333,1263,17.0,17.0,836.0,839.0,23.0,23.0,2498.0,40.0,20.0,1667.0,Mysore_Yadvgiri_IP (Karnataka),0.9150943396226415,0.9044025157232705,0.9119496855345912,0.9075471698113208,0.41729559748427675,0.11115433779803256,0.07937981838354691,0.017305010316091482,41.48789202523853
IND502110AAA,1,1,0.0016196838148923726,0.0016196838148923726,0.0,1263,14.0,13.0,203.0,264.0,14.0,14.0,378.0,28.0,13.5,290.5,Medak_Dwaraka_D (Telangana),0.8449685534591195,0.8308176100628931,0.8559748427672956,0.49842767295597484,0.7150943396226415,0.07502917801367198,0.013833135717108803,0.010043517752438995,41.47544632787352
IND401104AAA,4,4,0.0012247694714766033,0.0012273454305656174,0.2,1263,59.0,59.0,2596.0,4542.0,119.0,119.0,6936.0,178.0,89.0,4766.0,Mumbai_MiraRd_IP (Maharashtra),0.8088050314465409,0.8056603773584906,0.9886792452830189,0.9654088050314465,0.2839622641509434,0.4946368032012449,0.22694913882182635,0.07180494124848762,41.44873762846211
IND783301AAA,2,1,0.003641613549069247,0.003641613549069247,0.0,1263,11.0,11.0,389.0,517.0,10.0,10.0,804.0,21.0,10.5,596.5,Dhubri_Tetultol_D (Assam),0.9345911949685535,0.9213836477987422,0.6993710691823899,0.7276729559748427,0.7150943396226415,0.058356027343967096,0.028404356128245788,0.008538492335767253,41.30113845326635
IND783348AAA,1,1,0.0036364616308912187,0.0036364616308912187,0.0,1263,10.0,10.0,814.0,235.0,11.0,11.0,389.0,21.0,10.5,601.5,Bilasipara_Wardno5_D (Assam),0.9333333333333333,0.919496855345912,0.6993710691823899,0.730188679245283,0.7150943396226415,0.058356027343967096,0.028642447965029072,0.008548300141996385,41.2638929945212
IND848114AAA,1,1,0.0012273454305656174,0.0012273454305656174,0.0,1263,15.0,15.0,256.0,449.0,14.0,14.0,936.0,29.0,14.5,596.0,DalsinghSarai_Wardno13_D (Bihar),0.8216981132075472,0.8056603773584906,0.8723270440251573,0.7270440251572327,0.7150943396226415,0.08058689490357361,0.02838054694456746,0.011344529099003988,41.185150983252086
IND209111AAA,1,1,0.0016299876512484287,0.0016299876512484287,0.0,1263,15.0,15.0,721.0,407.0,10.0,4.0,64.0,25.0,9.5,392.5,Pukhrayan_Arulimod_D (Uttar Pradesh),0.860062893081761,0.8474842767295597,0.810377358490566,0.6018867924528302,0.7150943396226415,0.05279831045406547,0.0186902091874878,0.007436579455653677,41.054218909889606
IND305601AAC,1,1,0.002823251161559399,0.002823251161559399,0.0,1263,13.0,13.0,470.0,248.0,9.0,9.0,280.0,22.0,11.0,375.0,Nasirabad_Central_DPP_2 (Rajasthan),0.9056603773584906,0.8949685534591195,0.7286163522012579,0.5889937106918239,0.7150943396226415,0.06113488578891791,0.017856887758746304,0.008454883712799077,41.037524059853794
IND607106AAA,1,1,0.0016351395694264568,0.0016351395694264568,0.0,1263,12.0,12.0,198.0,185.0,12.0,12.0,302.0,24.0,12.0,250.0,Panruti_GandhiRd_D (Tamil Nadu),0.8669811320754717,0.8540880503144654,0.7855345911949686,0.44339622641509435,0.7150943396226415,0.06669260267881955,0.011904591839164202,0.008911442943035641,40.92513189557946
IND851127AAA,1,2,0.0012170415942095608,0.001217041594209561,0.0,1263,17.0,17.0,3945.0,1153.0,14.0,13.0,356.0,31.0,15.0,2150.5,Manjhaul_Purbari_D (Bihar),0.7937106918238994,0.770125786163522,0.890251572327044,0.9238993710691824,0.7150943396226415,0.08336575334852443,0.10240329900049047,0.014744653248624173,40.848867882556995
IND607001AAA,1,1,0.0028561441776191166,0.0028561441776191166,0.0,1263,10.0,10.0,298.0,139.0,11.0,11.0,245.0,21.0,10.5,271.5,Cuddalore_KtsiGrsm_D (Tamil Nadu),0.9132075471698113,0.9025157232704403,0.6993710691823899,0.4707547169811321,0.7150943396226415,0.058356027343967096,0.012928386737332324,0.00790098493087355,40.759829120757516
IND465683AAA,1,1,0.0016299876512484287,0.0016299876512484287,0.0,1263,13.0,12.0,646.0,127.0,11.0,11.0,231.0,24.0,11.5,438.5,Pachore_Shop3DPP_D (Madhya Pradesh),0.860062893081761,0.8474842767295597,0.7855345911949686,0.6317610062893082,0.7150943396226415,0.06391374423386872,0.020880654085894013,0.008930320044891533,40.756264429917536
IND607801AAA,1,1,0.0016299876512484287,0.0016299876512484287,0.0,1263,12.0,11.0,348.0,260.0,12.0,12.0,198.0,24.0,11.5,273.0,Neyveli_NJVNgr_D (Tamil Nadu),0.860062893081761,0.8474842767295597,0.7855345911949686,0.47358490566037736,0.7150943396226415,0.06391374423386872,0.01299981428836731,0.008605681658707202,40.74003251060832
IND515134AAA,3,2,0.002437253599605601,0.002437253599605601,0.05555555555555555,1263,18.0,18.0,648.0,620.0,21.0,21.0,953.0,39.0,19.5,800.5,Puttaprthi_Gokulam_D (Andhra Pradesh),0.8974842767295598,0.8871069182389937,0.9081761006289308,0.8044025157232705,0.4018867924528302,0.10837547935308176,0.03811850306900377,0.015254440303600125,40.7375647824756
IND848210AAA,1,1,0.001222193512387589,0.0012221935123875893,0.0,1263,14.0,13.0,356.0,338.0,15.0,15.0,256.0,29.0,14.0,306.0,Rusera_Wardno4_D (Bihar),0.8062893081761007,0.7852201257861635,0.8723270440251573,0.5207547169811321,0.7150943396226415,0.0778080364586228,0.014571220411136983,0.010424799144731767,40.70362989434351
IND577002AAA,4,3,0.003242934342369534,0.003242934342369534,0.175,1263,24.0,24.0,1410.0,1379.0,23.0,23.0,972.0,47.0,23.5,1191.0,Davangere_Central_I_1 (Karnataka),0.9213836477987422,0.910062893081761,0.9286163522012578,0.8647798742138365,0.28962264150943395,0.13060634691268827,0.05671347552177826,0.018827447513955133,40.68822772160971
IND786181AAC,3,3,0.0020298557621430714,0.0020298557621430714,0.038461538461538464,1263,22.0,22.0,2658.0,630.0,15.0,15.0,3228.0,37.0,18.5,2943.0,Margherita_CivilHPL_D (Assam),0.8817610062893082,0.8704402515723271,0.9022012578616352,0.9484276729559749,0.41352201257861637,0.10281776246318013,0.14014085513064098,0.018755330886819084,40.53682314811454
IND515401AAB,1,1,0.0012269491291673075,0.0012269491291673075,0.0,1263,14.0,14.0,524.0,214.0,13.0,13.0,493.0,27.0,13.5,508.5,Gooty_StatonRd_D (Andhra Pradesh),0.8163522012578617,0.7990566037735849,0.8393081761006289,0.6817610062893081,0.7150943396226415,0.07502917801367198,0.024213939800859986,0.010471138104029233,40.49997199954108
IND503111AAC,3,3,0.004056144811701354,0.004056144811701354,0.3076923076923077,1263,29.0,29.0,2762.0,1645.0,9.0,8.0,457.0,38.0,18.5,1609.5,Kamareddy_Devenply_I (Telangana),0.9433962264150944,0.9333333333333333,0.9047169811320754,0.9050314465408805,0.26037735849056604,0.10281776246318013,0.07664176226053913,0.016139588965509075,40.465784479722
IND400072AAD,3,1,0.0005775662267158432,0.0006007929198377384,0.0,1263,63.0,63.0,3754.0,6801.0,56.0,56.0,1989.0,119.0,59.5,2871.5,Mumbai_Chndivli_PC (Maharashtra),0.6591194968553459,0.6342767295597485,0.980503144654088,0.9440251572327044,0.7150943396226415,0.3306841549491469,0.13673614186464003,0.04738700908230387,40.457400768580605
IND506143AAA,1,1,0.003614665053984177,0.003614665053984177,0.0,1263,9.0,9.0,116.0,320.0,10.0,10.0,225.0,19.0,9.5,170.5,Ghanpur_Palakrty_D (Telangana),0.9314465408805032,0.9176100628930818,0.6509433962264151,0.3320754716981132,0.7150943396226415,0.05279831045406547,0.008118931634309986,0.007001112859080132,40.412948724715015
IND205001AAB,3,4,0.0037033044667394805,0.0036642027287729084,0.11904761904761904,1263,13.0,13.0,1657.0,2049.0,15.0,13.0,1666.0,28.0,13.0,1661.5,Mainpuri_Agraroad_I (Uttar Pradesh),0.9371069182389937,0.9238993710691824,0.8559748427672956,0.9062893081761006,0.36572327044025155,0.07225031956872117,0.0791179173630853,0.012381941027485053,40.411549881562934
IND591123AAC,1,1,0.0012269491291673075,0.0012269491291673075,0.0,1263,13.0,13.0,478.0,333.0,13.0,13.0,2478.0,26.0,13.0,1478.0,Ramdurg_GndhiNGR_D (Karnataka),0.8163522012578617,0.7990566037735849,0.8254716981132075,0.8955974842767296,0.7150943396226415,0.07225031956872117,0.07037994695313876,0.01202199453887584,40.3699676514721
IND301001AAB,4,3,0.003246897356352632,0.003246897356352632,0.18421052631578946,1263,12.0,12.0,994.0,1055.0,26.0,26.0,4798.0,38.0,19.0,2896.0,Alwar_Central_I_1 (Rajasthan),0.9229559748427673,0.9110062893081761,0.9047169811320754,0.9459119496855346,0.28867924528301886,0.10559662090813093,0.1379027918648781,0.01901401470124768,40.36265042059697
IND611001AAA,1,1,0.0028355365049070043,0.0028355365049070043,0.0,1263,10.0,10.0,251.0,215.0,10.0,10.0,349.0,20.0,10.0,300.0,Nagapttinm_Sttyapar_D (Tamil Nadu),0.909433962264151,0.8987421383647799,0.6729559748427673,0.5138364779874214,0.7150943396226415,0.05557716889901628,0.014285510206997042,0.0076060122333971554,40.25451444814785
IND312001AAA,2,2,0.002437253599605601,0.002437253599605601,0.08333333333333333,1263,17.0,15.0,425.0,540.0,16.0,16.0,1184.0,33.0,15.5,804.5,Chittaurgarh_DC (Rajasthan),0.8974842767295598,0.8871069182389937,0.8949685534591195,0.8066037735849056,0.3855345911949686,0.08614461179347524,0.038308976538430406,0.012455269004723784,40.235970997406
IND335513AAA,3,3,0.004870544185228104,0.004870544185228104,0.03333333333333333,1263,11.0,11.0,342.0,585.0,13.0,13.0,1416.0,24.0,12.0,879.0,Hanumangarh_DC (Rajasthan),0.9534591194968554,0.9440251572327044,0.7855345911949686,0.8207547169811321,0.41729559748427675,0.06669260267881955,0.041856544906501335,0.010145264966660685,40.205376455880206
IND246761AAA,1,2,0.002027477953753212,0.002027477953753212,0.0,1263,11.0,1.0,27.0,463.0,11.0,11.0,531.0,22.0,6.0,279.0,Dhampur_NaginaRD_D (Uttar Pradesh),0.879245283018868,0.8672955974842768,0.7286163522012579,0.479874213836478,0.7150943396226415,0.03334630133940977,0.01328552449250725,0.0047578019033751445,40.17971399453983
IND742303AAB,2,1,0.0012269491291673075,0.0012301195403537862,0.0,1263,12.0,12.0,947.0,453.0,13.0,13.0,505.0,25.0,12.5,726.0,Domkal_Central_D_2 (West Bengal),0.8163522012578617,0.8081761006289309,0.810377358490566,0.7823899371069183,0.7150943396226415,0.06947146112377035,0.034570934700932844,0.010196023289031644,40.14344896319373
IND600116AAB,4,3,0.00284702924545799,0.00284702924545799,0.05263157894736842,1263,11.0,11.0,475.0,570.0,17.0,17.0,1151.0,28.0,14.0,813.0,Chennai_Porur_DPC (Tamil Nadu),0.9113207547169812,0.9006289308176101,0.8559748427672956,0.8119496855345912,0.40440251572327046,0.0778080364586228,0.03871373266096199,0.011419310696365943,40.13071396249126
IND506167AAB,1,1,0.0036095131358061484,0.0036095131358061484,0.0,1263,9.0,9.0,1148.0,555.0,9.0,9.0,116.0,18.0,9.0,632.0,Jangaon_Hanmkond_D (Telangana),0.9308176100628931,0.9169811320754717,0.6305031446540881,0.7471698113207547,0.7150943396226415,0.05001945200911465,0.030094808169407104,0.007555496181046734,40.11834084678819
IND606003AAA,1,1,0.0016248357330704006,0.0016248357330704006,0.0,1263,11.0,11.0,99.0,163.0,12.0,11.0,348.0,23.0,11.0,223.5,Virudhchlm_SelamRd_D (Tamil Nadu),0.8515723270440252,0.8380503144654088,0.7566037735849057,0.4088050314465409,0.7150943396226415,0.06113488578891791,0.010642705104212797,0.008157707184056319,40.06197340951728
IND245304AAA,2,2,0.0008136067707301299,0.0008136067707301299,0.0,1263,27.0,27.0,915.0,854.0,26.0,26.0,882.0,53.0,26.5,898.5,Pilkhuwa_HapurRD_D (Uttar Pradesh),0.7194968553459119,0.6952830188679245,0.9389937106918239,0.8232704402515724,0.7150943396226415,0.14727949758239314,0.04278510306995614,0.020358954007445532,39.99907977584398
IND700053AAA,2,3,0.0020350076803210995,0.0020350076803210995,0.05555555555555555,1263,11.0,11.0,1229.0,1669.0,19.0,19.0,1841.0,30.0,15.0,1535.0,CCU_New Alipore_DPC (West Bengal),0.8855345911949686,0.8742138364779874,0.8845911949685534,0.8974842767295598,0.4018867924528302,0.08336575334852443,0.0730941938924682,0.01353731230181779,39.989758696851894
IND506132AAA,1,1,0.0012269491291673075,0.0012269491291673075,0.0,1263,12.0,12.0,377.0,121.0,13.0,5.0,130.0,25.0,8.5,253.5,Khanpur_Nrsampt_D (Telangana),0.8163522012578617,0.7990566037735849,0.810377358490566,0.4477987421383648,0.7150943396226415,0.04724059356416384,0.012071256124912501,0.0064621680565188425,39.865561233014624
IND577535AAC,1,1,0.002420608940876587,0.002420608940876587,0.0,1263,10.0,10.0,222.0,145.0,10.0,10.0,447.0,20.0,10.0,334.5,Molakalmuru_KnsgraRD_D (Karnataka),0.8930817610062893,0.8823899371069183,0.6729559748427673,0.5534591194968553,0.7150943396226415,0.05557716889901628,0.015928343880801703,0.00767368609637818,39.84909310985036
IND577522AAA,1,1,0.0024154570226985594,0.002415457022698559,0.0,1263,10.0,10.0,697.0,238.0,10.0,10.0,222.0,20.0,10.0,459.5,Challakere_Shivangr_D (Karnataka),0.8918238993710692,0.8811320754716981,0.6729559748427673,0.6471698113207547,0.7150943396226415,0.05557716889901628,0.021880639800383805,0.007918881252106528,39.82990632675627
IND691551AAA,1,1,0.0012245713207774483,0.0012245713207774483,0.0,1263,14.0,14.0,1373.0,8545.0,11.0,11.0,252.0,25.0,12.5,812.5,Adoor_Town_D (Kerala),0.8081761006289309,0.7867924528301887,0.810377358490566,0.8113207547169812,0.7150943396226415,0.06947146112377035,0.03868992347728366,0.01036569833679566,39.815454728160546
IND606201AAC,1,1,0.0016145318967143445,0.0016145318967143445,0.0,1263,12.0,12.0,1015.0,83.0,11.0,11.0,371.0,23.0,11.5,693.0,Chinnasalem_VkotRoad_D (Tamil Nadu),0.8393081761006289,0.8232704402515724,0.7566037735849057,0.7735849056603774,0.7150943396226415,0.06391374423386872,0.03299952857816317,0.009429537381954449,39.793803913122886
IND583201AAA,2,3,0.0020346113789227894,0.0020346113789227894,0.16666666666666666,1263,19.0,19.0,785.0,683.0,21.0,21.0,1267.0,40.0,20.0,1026.0,Hospet (Karnataka),0.8849056603773585,0.8735849056603774,0.9119496855345912,0.8484276729559749,0.3238993710691824,0.11115433779803256,0.04885644490792989,0.01604764955751652,39.730055433850666
IND400011AAA,2,2,0.0008128141679335102,0.0008128141679335102,0.0,1263,45.0,45.0,1491.0,1956.0,13.0,13.0,501.0,58.0,29.0,996.0,LowerParel_CP (Maharashtra),0.6981132075471698,0.6726415094339623,0.9459119496855346,0.8421383647798742,0.7150943396226415,0.16117378980714722,0.047427893887230184,0.02230459219382593,39.6529654587479
IND396191AAC,3,4,0.00162642093866364,0.00162642093866364,0.1111111111111111,1263,21.0,20.0,1944.0,1205.0,21.0,21.0,1251.0,42.0,20.5,1597.5,Vapi_IndEstat_I (Gujarat),0.8569182389937107,0.8430817610062893,0.9198113207547169,0.9044025157232705,0.36886792452830186,0.11393319624298338,0.07607034185225925,0.01751955900248898,39.64641820169677
IND731237AAB,2,1,0.0016351395694264568,0.0016351395694264568,0.0,1263,9.0,9.0,426.0,213.0,12.0,12.0,713.0,21.0,10.5,569.5,Morgram_Kntgorya_D (West Bengal),0.8669811320754717,0.8540880503144654,0.6993710691823899,0.7169811320754716,0.7150943396226415,0.058356027343967096,0.027118660209616053,0.008485530182129929,39.611383427345494
IND465669AAB,1,1,0.0016351395694264568,0.0016351395694264568,0.0,1263,11.0,11.0,231.0,267.0,10.0,10.0,772.0,21.0,10.5,501.5,Narsinghgarh_Central_D_1 (Madhya Pradesh),0.8669811320754717,0.8540880503144654,0.6993710691823899,0.6783018867924528,0.7150943396226415,0.058356027343967096,0.02388061122936339,0.008352144017413708,39.60471411910968
IND110043AAA,2,2,0.0008136067707301297,0.0008136067707301299,0.0,1263,27.0,26.0,1181.0,1099.0,18.0,18.0,856.0,45.0,22.0,1018.5,Delhi_Nangli_IP (Delhi),0.7160377358490566,0.6952830188679245,0.9257861635220126,0.8465408805031447,0.7150943396226415,0.12226977157783582,0.04849930715275496,0.017436446620102644,39.60295440647683
IND246763AAA,1,1,0.00203262987193124,0.00203262987193124,0.0,1263,11.0,11.0,531.0,150.0,9.0,9.0,214.0,20.0,10.0,372.5,Najibabad_KotdwrRD_D (Uttar Pradesh),0.8833333333333333,0.8720125786163522,0.6729559748427673,0.5861635220125786,0.7150943396226415,0.05557716889901628,0.01773784184035466,0.007748225423719597,39.60282007621742
IND136128AAA,1,1,0.0008211364972980171,0.0008211364972980171,0.0,1263,15.0,15.0,333.0,239.0,15.0,15.0,168.0,30.0,15.0,250.5,Pehowa_WdN14DPP_D (Haryana),0.7525157232704403,0.7317610062893082,0.8845911949685534,0.44433962264150945,0.7150943396226415,0.08336575334852443,0.011928401022842532,0.011017686881553294,39.57604157678206
IND175018AAA,1,1,0.002432101681427573,0.002432101681427573,0.0,1263,9.0,9.0,307.0,205.0,10.0,10.0,476.0,19.0,9.5,391.5,SundarNgr_Bhogpur_D (Himachal Pradesh),0.8955974842767296,0.8849056603773585,0.6509433962264151,0.60062893081761,0.7150943396226415,0.05279831045406547,0.01864259082013114,0.00743461789440785,39.56984410226756
IND175001AAA,1,1,0.0024269497632495446,0.0024269497632495446,0.0,1263,10.0,10.0,776.0,444.0,9.0,9.0,307.0,19.0,9.5,541.5,Mandi_PlaceCol_D (Himachal Pradesh),0.8943396226415095,0.8836477987421384,0.6509433962264151,0.6990566037735849,0.7150943396226415,0.05279831045406547,0.025785345923629664,0.007728852081281866,39.55310927073076
IND389001AAA,1,1,0.0008203438945013974,0.0008203438945013974,0.0,1263,15.0,15.0,571.0,379.0,15.0,15.0,1003.0,30.0,15.0,787.0,Godhra_DC (Gujarat),0.7490566037735849,0.7279874213836478,0.8845911949685534,0.8012578616352202,0.7150943396226415,0.08336575334852443,0.03747565510968891,0.01207006448993936,39.539037815691934
IND000000AAS,1,1,0.003246897356352632,0.003246897356352632,0.0,1263,9.0,9.0,288.0,285.0,8.0,8.0,541.0,17.0,8.5,414.5,Bongaigaon_Chpaguri_D (Assam),0.9229559748427673,0.9110062893081761,0.6056603773584905,0.6150943396226415,0.7150943396226415,0.04724059356416384,0.01973781326933425,0.006777979417096953,39.52915054318189
IND783370AAC,1,1,0.003241745438174604,0.003241745438174604,0.0,1263,8.0,8.0,698.0,211.0,9.0,9.0,288.0,17.0,8.5,493.0,Kokrajhar_PigonDPP_D (Assam),0.9207547169811321,0.909433962264151,0.6056603773584905,0.6723270440251572,0.7150943396226415,0.04724059356416384,0.023475855106831808,0.006931961974894356,39.48810753270698
IND516390AAA,1,1,0.00281889184617799,0.00281889184617799,0.0,1263,9.0,9.0,743.0,210.0,9.0,9.0,457.0,18.0,9.0,600.0,Pulivendula_RTCStand_D (Andhra Pradesh),0.9040880503144654,0.8927672955974842,0.6305031446540881,0.7292452830188679,0.7150943396226415,0.05001945200911465,0.028571020413994085,0.007492726221180277,39.472120587788574
IND606105AAA,1,1,0.0016196838148923726,0.0016196838148923726,0.0,1263,11.0,11.0,371.0,132.0,11.0,11.0,99.0,22.0,11.0,235.0,Pennadam_EastmnRD_D (Tamil Nadu),0.8449685534591195,0.8308176100628931,0.7286163522012579,0.42735849056603775,0.7150943396226415,0.06113488578891791,0.01119031632881435,0.008180265138383328,39.47190633868017
IND209101AAA,1,1,0.0016351395694264568,0.0016351395694264568,0.0,1263,10.0,4.0,64.0,72.0,11.0,9.0,618.0,21.0,6.5,341.0,Akbarpur_NehruNGR_D (Uttar Pradesh),0.8669811320754717,0.8540880503144654,0.6993710691823899,0.559433962264151,0.7150943396226415,0.03612515978436059,0.01623786326861997,0.005230295893598862,39.44862171291894
IND741156AAA,1,2,0.0012114933746332232,0.0012114933746332232,0.0,1263,14.0,14.0,904.0,850.0,13.0,13.0,363.0,27.0,13.5,633.5,Plassey_BtaiRoad_D (West Bengal),0.7776729559748428,0.7503144654088051,0.8393081761006289,0.7487421383647799,0.7150943396226415,0.07502917801367198,0.030166235720442088,0.01071633325975758,39.44462169443442
IND508001AAA,2,1,0.0028153251335932016,0.0028153251335932016,0.16666666666666666,1263,14.0,14.0,975.0,1274.0,15.0,15.0,612.0,29.0,14.5,793.5,Nalgonda_HydRoad_DC (Telangana),0.9031446540880503,0.8915094339622641,0.8723270440251573,0.8031446540880504,0.3238993710691824,0.08058689490357361,0.03778517449750718,0.011731937445054777,39.37276039426531
IND125005AAA,4,5,0.0057512790659082925,0.0033877825034517852,0.08571428571428572,1263,14.0,14.0,1519.0,1181.0,9.0,9.0,877.0,23.0,11.5,1198.0,Hisar_IndstlAr_I (Haryana),0.959748427672956,0.9163522012578617,0.7566037735849057,0.8660377358490566,0.3827044025157233,0.06391374423386872,0.05704680409327486,0.010420125811096971,39.25685534715863
IND608001AAA,1,1,0.0028509922594410885,0.0028509922594410885,0.0,1263,7.0,7.0,170.0,62.0,10.0,10.0,298.0,17.0,8.5,234.0,Chidambaram_ARBNorth_DC (Tamil Nadu),0.9119496855345912,0.9012578616352201,0.6056603773584905,0.4261006289308176,0.7150943396226415,0.04724059356416384,0.011142697961457693,0.00642391761222522,39.24886883658611
IND846004AAA,1,1,0.0008183623875098481,0.0008183623875098481,0.0,1263,15.0,15.0,319.0,987.0,15.0,15.0,1096.0,30.0,15.0,707.5,Darbhanga (Bihar),0.7367924528301887,0.7147798742138365,0.8845911949685534,0.7786163522012579,0.7150943396226415,0.08336575334852443,0.033689994904834694,0.011914120370896132,39.21520287389072
IND609602AAA,1,1,0.0028406884230850324,0.0028406884230850324,0.0,1263,10.0,10.0,349.0,115.0,7.0,7.0,194.0,17.0,8.5,271.5,Karaikal_Thalthru_DC (Pondicherry),0.910062893081761,0.89937106918239,0.6056603773584905,0.4707547169811321,0.7150943396226415,0.04724059356416384,0.012928386737332324,0.006497476158943724,39.20537695260127
IND201301AAF,8,2,0.0008266847168743551,0.0008266847168743551,0.06818181818181818,1263,25.0,25.0,879.0,1437.0,68.0,67.0,4140.0,93.0,46.0,2509.5,Noida_Sec 02_DPC (Uttar Pradesh),0.759748427672956,0.7396226415094339,0.9738993710691823,0.9364779874213837,0.3940251572327044,0.2556549769354749,0.11949829288153026,0.03720323970078827,39.20135695359288
IND516269AAA,1,1,0.002824043764356018,0.002824043764356018,0.0,1263,9.0,9.0,457.0,105.0,8.0,8.0,362.0,17.0,8.5,409.5,Rayachoti_Madnpali_D (Andhra Pradesh),0.9066037735849056,0.8959119496855346,0.6056603773584905,0.6125786163522012,0.7150943396226415,0.04724059356416384,0.019499721432550965,0.00676817161086782,39.1324337377761
IND742226AAA,1,2,0.0016200801162906825,0.0016200801162906825,0.0,1263,11.0,11.0,369.0,526.0,10.0,10.0,359.0,21.0,10.5,364.0,Sagardighi_UtBzrDPP_D (West Bengal),0.8474842767295597,0.8336477987421383,0.6993710691823899,0.5789308176100629,0.7150943396226415,0.058356027343967096,0.01733308571782308,0.008082429346112526,39.09437303963267
IND500010AAA,3,2,0.0020294594607447613,0.0020294594607447613,0.125,1263,7.0,7.0,568.0,1696.0,21.0,21.0,1345.0,28.0,14.0,956.5,Hyderabad_Alwal_I (Telangana),0.880188679245283,0.8688679245283019,0.8559748427672956,0.8327044025157233,0.3632075471698113,0.0778080364586228,0.04554696837664224,0.011700794735142087,38.94824728392692
IND591304AAA,1,2,0.00203302617332955,0.00203302617332955,0.0,1263,10.0,10.0,346.0,182.0,8.0,8.0,221.0,18.0,9.0,283.5,Athani_VikrmMah_D (Karnataka),0.8842767295597485,0.8729559748427673,0.6305031446540881,0.4861635220125786,0.7150943396226415,0.05001945200911465,0.013499807145612205,0.006871892086876102,38.94579586220544
IND248001AAA,2,1,0.0012128804295273078,0.0008092474553487215,0.0,1263,11.0,11.0,2531.0,6929.0,17.0,12.0,510.0,28.0,11.5,1520.5,Dehradun (Uttarakhand),0.7817610062893082,0.6597484276729559,0.8559748427672956,0.8962264150943396,0.7150943396226415,0.06391374423386872,0.07240372756579667,0.011052729312876108,38.86710187444884
IND416510AAA,2,2,0.001222589813785899,0.001222589813785899,0.0,1263,14.0,14.0,817.0,322.0,8.0,8.0,5138.0,22.0,11.0,2977.5,Sawantwadi_LaxmiNgr_D (Maharashtra),0.8075471698113208,0.7861635220125787,0.7286163522012579,0.9490566037735849,0.7150943396226415,0.06113488578891791,0.14178368880444564,0.013559846855063267,38.733023789294045
IND263645AAA,2,1,0.0012217972109892794,0.0012217972109892794,0.0,1263,11.0,11.0,637.0,266.0,12.0,5.0,276.0,23.0,8.0,456.5,Ranikhet_Subhash_D (Uttarakhand),0.8012578616352202,0.779874213836478,0.7566037735849057,0.6437106918238994,0.7150943396226415,0.04446173511921303,0.021737784698313833,0.006509487796439223,38.643084452715044
IND509001AAA,1,1,0.0008183623875098481,0.0008183623875098481,0.0,1263,14.0,14.0,264.0,397.0,13.0,13.0,504.0,27.0,13.5,384.0,Mahabubnagar_DC (Telangana),0.7367924528301887,0.7147798742138365,0.8393081761006289,0.5987421383647799,0.7150943396226415,0.07502917801367198,0.018285453064956214,0.010226923728923799,38.45159775877323
IND400102AAC,1,2,0.00040977564585238885,0.00040977564585238885,0.0,1263,25.0,25.0,2232.0,1944.0,39.0,39.0,3066.0,64.0,32.0,2649.0,Mumbai_Jogshwri_I (Maharashtra),0.6283018867924528,0.60062893081761,0.9528301886792453,0.9389937106918239,0.7150943396226415,0.17784694047685212,0.1261410551277839,0.02765231609107233,38.2568296410316
IND515201AAA,1,2,0.0008183623875098481,0.0008183623875098481,0.0,1263,14.0,14.0,618.0,303.0,12.0,12.0,498.0,26.0,13.0,558.0,Hindupur_Parigi_D (Andhra Pradesh),0.7367924528301887,0.7147798742138365,0.8254716981132075,0.7094339622641509,0.7150943396226415,0.07225031956872117,0.0265710489850145,0.010217358192715202,38.243572312151485
IND678683AAA,1,1,0.000409379344454079,0.0023948493499864466,0.0,1263,13.0,7.0,131.0,409.0,14.0,14.0,1082.0,27.0,10.5,606.5,Vadakkencherry_Robinson_D (Kerala),0.6116352201257862,0.879874213836478,0.8393081761006289,0.7355345911949686,0.7150943396226415,0.058356027343967096,0.028880539801812356,0.00855810794822552,38.1417418753987
IND246701AAA,1,1,0.002037781790109268,0.002037781790109268,0.0,1263,9.0,9.0,214.0,173.0,7.0,7.0,116.0,16.0,8.0,165.0,Bijnor_NaginaRd_D (Uttar Pradesh),0.8861635220125786,0.8748427672955975,0.5745283018867925,0.31855345911949684,0.7150943396226415,0.04446173511921303,0.007857030613848374,0.005937692693280717,38.106633062336996
IND110064AAA,2,3,0.0008195512917047777,0.0008195512917047777,0.1111111111111111,1263,29.0,29.0,7862.0,1018.0,39.0,35.0,1879.0,68.0,32.0,4870.5,Delhi_Mayapuri_PC (Delhi),0.7477987421383647,0.7264150943396226,0.9556603773584905,0.9666666666666667,0.36886792452830186,0.17784694047685212,0.23192525821059698,0.03200992439867652,38.105213201065894
IND502313AAA,1,1,0.0016145318967143445,0.0016145318967143445,0.0,1263,5.0,5.0,232.0,421.0,14.0,13.0,203.0,19.0,9.0,217.5,Narsapur_Xroad_D (Telangana),0.8393081761006289,0.8232704402515724,0.6509433962264151,0.3987421383647799,0.7150943396226415,0.05001945200911465,0.010356994900072856,0.0067424290446515345,38.07454283588038
IND246725AAB,1,1,0.0020429337082872963,0.0020429337082872963,0.0,1263,7.0,7.0,116.0,97.0,9.0,3.0,198.0,16.0,5.0,157.0,Chandpur_NorprRD_D (Uttar Pradesh),0.8877358490566037,0.8767295597484277,0.5745283018867925,0.3059748427672956,0.7150943396226415,0.02778858444950814,0.007476083674995119,0.003816737045419365,38.04303811013261
IND263002AAA,1,1,0.0012265528277689976,0.0012265528277689976,0.0,1263,11.0,4.0,223.0,302.0,10.0,10.0,654.0,21.0,7.0,438.5,Nainital_Sookhtal_D (Uttarakhand),0.8110062893081761,0.7924528301886793,0.6993710691823899,0.6317610062893082,0.7150943396226415,0.0389040182293114,0.020880654085894013,0.005772425308049428,38.019753340874175
IND151302AAA,1,1,0.0008183623875098481,0.0008183623875098481,0.0,1263,13.0,1.0,9.0,184.0,14.0,1.0,19.0,27.0,1.0,14.0,TalwandiSabo_Wardno3_D (Punjab),0.7367924528301887,0.7147798742138365,0.8393081761006289,0.028930817610062894,0.7150943396226415,0.005557716889901629,0.0006666571429931954,0.0007292162434064872,37.97671238449737
IND509203AAA,1,1,0.00081321046933182,0.00081321046933182,0.0,1263,14.0,14.0,186.0,240.0,14.0,14.0,264.0,28.0,14.0,225.0,Bijnapally_nagar_D (Telangana),0.7081761006289308,0.6827044025157233,0.8559748427672956,0.4110062893081761,0.7150943396226415,0.0778080364586228,0.010714132655247783,0.010265912683819798,37.95354720651803
IND731224AAA,1,1,0.0016299876512484287,0.0016299876512484287,0.0,1263,8.0,8.0,291.0,149.0,9.0,9.0,426.0,17.0,8.5,358.5,Rampurhat_SrifoDPP_D (West Bengal),0.860062893081761,0.8474842767295597,0.6056603773584905,0.5735849056603773,0.7150943396226415,0.04724059356416384,0.017071184697361467,0.006668131987330654,37.94504181949232
IND535591AAA,1,1,0.0016299876512484287,0.0016299876512484287,0.0,1263,3.0,3.0,60.0,42.0,14.0,14.0,422.0,17.0,8.5,241.0,Salur_ward9_D (Andhra Pradesh),0.860062893081761,0.8474842767295597,0.6056603773584905,0.43333333333333335,0.7150943396226415,0.04724059356416384,0.01147602653295429,0.006437648540946007,37.93351764717309
IND285205AAB,1,1,0.0016196838148923726,0.0016196838148923726,0.0,1263,4.0,4.0,448.0,210.0,14.0,13.0,247.0,18.0,8.5,347.5,Konch_Central_D_2 (Uttar Pradesh),0.8449685534591195,0.8308176100628931,0.6305031446540881,0.5666666666666667,0.7150943396226415,0.04724059356416384,0.01654738265643824,0.006646554813626559,37.92352270923479
IND741165AAB,1,1,0.0012217972109892794,0.0012249676221757582,0.0,1263,9.0,5.0,203.0,206.0,12.0,12.0,947.0,21.0,8.5,575.0,Nazirpur_Central_D_1 (West Bengal),0.8012578616352202,0.7874213836477988,0.6993710691823899,0.7194968553459119,0.7150943396226415,0.04724059356416384,0.027380561230077666,0.007092809997052151,37.88923169482117
IND847103AAA,1,1,0.0008132104693318199,0.00081321046933182,0.0,1263,13.0,13.0,471.0,605.0,15.0,15.0,319.0,28.0,14.0,395.0,Benipur_Javahar_D (Bihar),0.699685534591195,0.6827044025157233,0.8559748427672956,0.6044025157232704,0.7150943396226415,0.0778080364586228,0.01880925510587944,0.010599378095610349,37.84286198654153
IND415605AAA,1,1,0.0012166452928112513,0.0012166452928112513,0.0,1263,11.0,11.0,349.0,238.0,11.0,2.0,203.0,22.0,6.5,276.0,Chiplun_LxmiNiws_D (Maharashtra),0.789622641509434,0.7647798742138365,0.7286163522012579,0.47735849056603774,0.7150943396226415,0.03612515978436059,0.013142669390437279,0.005102794412620121,37.827466764656165
IND673592AAA,2,3,0.0012162489914129414,0.0012162489914129414,0.1111111111111111,1263,24.0,24.0,3323.0,1235.0,18.0,18.0,1007.0,42.0,21.0,2165.0,SultnBthry_Kollgpra_D (Kerala),0.7836477987421384,0.759119496855346,0.9198113207547169,0.9251572327044025,0.36886792452830186,0.11671205468793419,0.103093765327162,0.018983622202478134,37.780942116413215
IND563131AAB,3,3,0.0018914144736668292,0.0012158526900146315,0.19230769230769232,1263,17.0,17.0,567.0,1148.0,19.0,19.0,408.0,36.0,18.0,487.5,Bangarapet_KolarRd_D (Karnataka),0.8742138364779874,0.7578616352201258,0.900314465408805,0.6685534591194968,0.2880503144654088,0.1000389040182293,0.023213954086370194,0.013587840054708976,37.75643602789268
IND206122AAA,1,1,0.000409379344454079,0.00892153707875143,0.0,1263,11.0,8.0,242.0,218.0,12.0,11.0,386.0,23.0,9.5,314.0,Auraiya_AryaNagr_D (Uttar Pradesh),0.6116352201257862,0.9710691823899371,0.7566037735849057,0.5289308176100629,0.7150943396226415,0.05279831045406547,0.014952167349990239,0.007282596897856274,37.74934997067898
IND609110AAA,1,1,0.0028458403412630604,0.0028458403412630604,0.0,1263,7.0,7.0,194.0,61.0,7.0,7.0,170.0,14.0,7.0,182.0,Sirkazhi_Pngktgudi_D (Tamil Nadu),0.9106918238993711,0.9,0.5078616352201258,0.3462264150943396,0.7150943396226415,0.0389040182293114,0.00866654285891154,0.00526928484849486,37.69270952544362
IND122001AAJ,1,1,0.0012217972109892794,0.0012217972109892794,0.0,1263,9.0,0.0,0.0,106.0,12.0,12.0,377.0,21.0,6.0,188.5,Mahbubabad_Yellanda_D (Telangana),0.8012578616352202,0.779874213836478,0.6993710691823899,0.3584905660377358,0.7150943396226415,0.03334630133940977,0.008976062246729808,0.004580280610627822,37.68813352738674
IND600016AAC,2,2,0.0012174378956078709,0.0012174378956078709,0.0,1263,7.0,6.0,214.0,782.0,14.0,14.0,842.0,21.0,10.0,528.0,Chennai_Perungudi_DPC (Tamil Nadu),0.7946540880503145,0.7716981132075472,0.6993710691823899,0.690251572327044,0.7150943396226415,0.05557716889901628,0.025142497964314794,0.008053248197445661,37.68096429666474
IND577598AAB,1,1,0.0012114933746332232,0.0012114933746332232,0.0,1263,11.0,11.0,651.0,185.0,11.0,11.0,233.0,22.0,11.0,442.0,Madikeri_MuthpTmp_D (Karnataka),0.7776729559748428,0.7503144654088051,0.7286163522012579,0.6358490566037736,0.7150943396226415,0.06113488578891791,0.02104731837164231,0.00858630831626947,37.677743088769446
IND263401AAA,2,2,0.0010125500726816765,0.001217041594209561,0.0,1263,10.0,10.0,411.0,5425.0,12.0,12.0,328.0,22.0,11.0,369.5,Kashipur_BajprDPP_D (Uttarakhand),0.7628930817610063,0.770125786163522,0.7286163522012579,0.5839622641509434,0.7150943396226415,0.06113488578891791,0.01759498673828469,0.00844409512594703,37.64704752359295
IND212601AAA,1,1,0.0008183623875098481,0.0008183623875098481,0.0,1263,12.0,12.0,956.0,351.0,12.0,11.0,974.0,24.0,11.5,965.0,Fatehpur_Kotwali_D (Uttar Pradesh),0.7367924528301887,0.7147798742138365,0.7855345911949686,0.8358490566037736,0.7150943396226415,0.06391374423386872,0.04595172449917382,0.009963082040819332,37.63180190078311
IND571104AAA,1,1,0.0012166452928112513,0.0012166452928112513,0.0,1263,11.0,11.0,233.0,198.0,10.0,10.0,734.0,21.0,10.5,483.5,Koppa_BMRd_D (Karnataka),0.789622641509434,0.7647798742138365,0.6993710691823899,0.6628930817610063,0.7150943396226415,0.058356027343967096,0.023023480616943568,0.008316835914988826,37.54948959449158
IND581402AAA,1,2,0.0016339506652315273,0.0016339506652315273,0.16666666666666666,1263,10.0,10.0,495.0,259.0,15.0,15.0,547.0,25.0,12.5,521.0,Sirsi_Vidygiri_D (Karnataka),0.8635220125786164,0.8509433962264151,0.810377358490566,0.6861635220125786,0.3238993710691824,0.06947146112377035,0.024809169392818197,0.009793903233637154,37.34661340067557
IND415124AAA,1,1,0.0012217972109892794,0.0012217972109892794,0.0,1263,11.0,2.0,203.0,159.0,9.0,9.0,173.0,20.0,5.5,188.0,Karad_Mundhe_D (Maharashtra),0.8012578616352202,0.779874213836478,0.6729559748427673,0.35691823899371067,0.7150943396226415,0.030567442894458955,0.008952253063051481,0.004228422637022452,37.27431421361213
IND508377AAB,1,1,0.0012114933746332232,0.0012114933746332232,0.0,1263,10.0,10.0,1314.0,1019.0,11.0,11.0,305.0,21.0,10.5,809.5,Haliya_PeroorRD_D (Telangana),0.7776729559748428,0.7503144654088051,0.6993710691823899,0.809748427672956,0.7150943396226415,0.058356027343967096,0.03854706837521369,0.008956304881128356,37.25756367172937
IND206001AAA,1,1,0.00040422742627605076,0.0089163851605734,0.0,1263,13.0,13.0,2926.0,450.0,11.0,8.0,242.0,24.0,10.5,1584.0,Etawah_MhraChng_D (Uttar Pradesh),0.5389937106918239,0.970440251572327,0.7855345911949686,0.9031446540880503,0.7150943396226415,0.058356027343967096,0.07542749389294438,0.010475534066021195,37.24704714355263
IND535558AAA,1,1,0.0016248357330704006,0.0016248357330704006,0.0,1263,13.0,13.0,202.0,305.0,3.0,3.0,60.0,16.0,8.0,131.0,Bobbili_ColegRd_D (Andhra Pradesh),0.8515723270440252,0.8380503144654088,0.5745283018867925,0.2622641509433962,0.7150943396226415,0.04446173511921303,0.006238006123722042,0.005870999610922607,37.216505955388904
IND147001AAB,2,2,0.00040601078256844526,0.0016359321722230766,0.0,1263,13.0,12.0,1073.0,670.0,12.0,12.0,543.0,25.0,12.0,808.0,Patiala (Punjab),0.5880503144654088,0.8588050314465409,0.810377358490566,0.8075471698113208,0.7150943396226415,0.06669260267881955,0.0384756408241787,0.010005994118206985,37.215708510941795
IND560043AAC,4,3,0.0008140030721284397,0.0008140030721284397,0.42105263157894735,1263,56.0,53.0,1574.0,2063.0,89.0,74.0,2100.0,145.0,63.5,1837.0,HBR Layout PC (Karnataka),0.7229559748427673,0.699685534591195,0.9852201257861635,0.9163522012578617,0.21761006289308177,0.3529150225087534,0.08747494083417856,0.04816479151735572,37.203837060144515
IND382715AAA,1,1,0.004402908535222475,0.004402908535222476,0.5,1263,12.0,12.0,740.0,177.0,12.0,12.0,247.0,24.0,12.0,493.5,Kadi_KaranNGR_D (Gujarat),0.9484276729559749,0.9383647798742139,0.7855345911949686,0.6735849056603773,0.13364779874213836,0.06669260267881955,0.023499664290510137,0.009389083106394462,37.1990139037474
IND173212AAA,2,3,0.0010200797992495638,0.0008183623875098481,0.0,1263,8.0,8.0,588.0,352.0,14.0,14.0,1454.0,22.0,11.0,1021.0,Solan_MohanPrk_D (Himachal Pradesh),0.7654088050314466,0.7147798742138365,0.7286163522012579,0.8471698113207548,0.7150943396226415,0.06113488578891791,0.048618353071146606,0.009722052277603175,37.19522211073551
IND689645AAA,1,1,0.000821532798696327,0.000821532798696327,0.0,1263,11.0,11.0,252.0,212.0,11.0,11.0,369.0,22.0,11.0,310.5,Pthnmthitt_Klskhrpt_D (Kerala),0.7547169811320755,0.7339622641509433,0.7286163522012579,0.5248427672955975,0.7150943396226415,0.06113488578891791,0.01478550306424194,0.00832836301244325,37.15698418835801
IND561203AAB,1,1,0.0012328936501419553,0.0012328936501419553,0.0,1263,9.0,9.0,132.0,195.0,8.0,8.0,339.0,17.0,8.5,235.5,Doddablpur_ChikaDPP_D (Karnataka),0.8292452830188679,0.8141509433962264,0.6056603773584905,0.4286163522012579,0.7150943396226415,0.04724059356416384,0.011214125512492679,0.00642685995409396,37.137380733553755
IND522647AAA,1,1,0.0012166452928112513,0.0012166452928112513,0.0,1263,13.0,13.0,379.0,482.0,7.0,7.0,270.0,20.0,10.0,324.5,Vinukonda_Kothapet_D (Andhra Pradesh),0.789622641509434,0.7647798742138365,0.6729559748427673,0.5415094339622641,0.7150943396226415,0.05557716889901628,0.015452160207235135,0.007654070483919912,37.120124907843795
IND68004AAA,2,2,0.0008183623875098481,0.0024067383919357424,0.2,1263,20.0,20.0,1494.0,846.0,19.0,18.0,917.0,39.0,19.0,1205.5,Thrissur_Poothole_D (Kerala),0.7367924528301887,0.8805031446540881,0.9081761006289308,0.8666666666666667,0.2839622641509434,0.10559662090813093,0.05740394184844978,0.015697995415177513,37.104082160695974
IND305404AAA,1,1,0.002828403079737427,0.002828403079737427,0.0,1263,9.0,9.0,280.0,191.0,4.0,4.0,248.0,13.0,6.5,264.0,Kekri_LxmntDPP_D (Rajasthan),0.9075471698113208,0.8968553459119497,0.47232704402515724,0.4591194968553459,0.7150943396226415,0.03612515978436059,0.012571248982157397,0.0050792556776702,37.07157284677659
IND816109AAA,2,1,0.001211889676031533,0.001211889676031533,0.0,1263,8.0,8.0,2220.0,466.0,12.0,12.0,1208.0,20.0,10.0,1714.0,Sahebganj_BaraLoha_D (Jharkhand),0.7811320754716982,0.7556603773584906,0.6729559748427673,0.9106918238993711,0.7150943396226415,0.05557716889901628,0.08161788164930978,0.010379659834996221,37.03785091627812
IND000000AET,1,1,0.0032520492745306603,0.0032520492745306603,0.0,1263,8.0,8.0,541.0,288.0,4.0,4.0,170.0,12.0,6.0,355.5,Barpeta_ShivBari_D (Assam),0.9245283018867925,0.9125786163522013,0.4380503144654088,0.5716981132075472,0.7150943396226415,0.03334630133940977,0.016928329595291496,0.004907861338680894,36.960801871965494
IND175015AAA,1,1,0.0008100400581453412,0.0008100400581453412,0.0,1263,13.0,13.0,10899.0,673.0,11.0,11.0,1016.0,24.0,12.0,5957.5,JognderNgr_Dhelu_D (Himachal Pradesh),0.6918238993710691,0.6625786163522013,0.7855345911949686,0.9748427672955975,0.7150943396226415,0.06669260267881955,0.28368642352728296,0.02010705375359198,36.94245960591859
IND000000ABD,1,1,0.0004042274262760509,0.0023896974318084185,0.0,1263,12.0,12.0,3364.0,891.0,13.0,7.0,131.0,25.0,9.5,1747.5,Pallakad_ChndrNgr_D (Kerala),0.5550314465408805,0.879245283018868,0.810377358490566,0.9125786163522013,0.7150943396226415,0.05279831045406547,0.08321309695575778,0.010094494943748962,36.92925304907424
IND847404AAB,1,1,0.0008080585511537916,0.0008080585511537919,0.0,1263,13.0,13.0,7739.0,694.0,13.0,13.0,471.0,26.0,13.0,4105.0,Jhanjharpur_Nagar_D (Bihar),0.6691823899371069,0.6474842767295598,0.8254716981132075,0.9616352201257862,0.7150943396226415,0.07225031956872117,0.1954733979990762,0.017175015931662783,36.90434828085987
IND509301AAA,1,1,0.0008080585511537919,0.0008080585511537919,0.0,1263,13.0,13.0,559.0,1774.0,14.0,14.0,186.0,27.0,13.5,372.5,Jadcherla_Badeplly_D (Telangana),0.6761006289308176,0.6474842767295598,0.8393081761006289,0.5861635220125786,0.7150943396226415,0.07502917801367198,0.01773784184035466,0.010204365774596791,36.867136527723545
IND535501AAB,1,2,0.0016196838148923726,0.0016196838148923726,0.16666666666666666,1263,12.0,12.0,338.0,333.0,13.0,13.0,202.0,25.0,12.5,270.0,Parvathipuram_Central_D_2 (Andhra Pradesh),0.8449685534591195,0.8308176100628931,0.810377358490566,0.469811320754717,0.3238993710691824,0.06947146112377035,0.012856959186297338,0.009301551360934633,36.84243605861276
IND573142AAA,2,1,0.0020171741173971563,0.002017174117397156,0.16666666666666666,1263,11.0,11.0,508.0,400.0,12.0,12.0,723.0,23.0,11.5,615.5,Ramanathapura_Central_D_2 (Karnataka),0.8761006289308176,0.8641509433962264,0.7566037735849057,0.7415094339622641,0.3238993710691824,0.06391374423386872,0.029309105108022267,0.009277516385402874,36.83494500166009
IND521201AAA,1,1,0.0012269491291673075,0.0012269491291673075,0.0,1263,2.0,2.0,35.0,23.0,15.0,15.0,844.0,17.0,8.5,439.5,Nuzvid_Ward17_D (Andhra Pradesh),0.8163522012578617,0.7990566037735849,0.6056603773584905,0.6333333333333333,0.7150943396226415,0.04724059356416384,0.020928272453250667,0.0068270184482426225,36.813049035619684
IND341306AAA,1,1,0.004016514671870369,0.004016514671870369,0.0,1263,3.0,3.0,679.0,178.0,8.0,8.0,163.0,11.0,5.5,421.0,Sujangarh_LdnunDPP_D (Rajasthan),0.9389937106918239,0.9270440251572327,0.4037735849056604,0.6182389937106918,0.7150943396226415,0.030567442894458955,0.020047332657152517,0.004685466407300091,36.79716640212602
IND742223AAA,1,1,0.0012162489914129414,0.0012162489914129414,0.0,1263,10.0,10.0,359.0,376.0,9.0,9.0,298.0,19.0,9.5,328.5,Jangipur_Central_D_1 (West Bengal),0.7836477987421384,0.759119496855346,0.6509433962264151,0.5477987421383648,0.7150943396226415,0.05279831045406547,0.01564263367666176,0.007311039535920763,36.62655826610421
IND783129AAA,1,1,0.0036313097127131906,0.0036313097127131906,0.0,1263,1.0,1.0,105.0,31.0,10.0,10.0,814.0,11.0,5.5,459.5,Lakhipur_WrdN4DPP_D (Assam),0.9327044025157233,0.9188679245283019,0.4037735849056604,0.6471698113207547,0.7150943396226415,0.030567442894458955,0.021880639800383805,0.004760986515264422,36.624841778593414
IND787057AAA,1,1,0.0012174378956078709,0.0012174378956078709,0.0,1263,10.0,10.0,316.0,380.0,8.0,8.0,671.0,18.0,9.0,493.5,Dhemaji_WardNo3_D (Assam),0.7946540880503145,0.7716981132075472,0.6305031446540881,0.6735849056603773,0.7150943396226415,0.05001945200911465,0.023499664290510137,0.007283819948499725,36.609474016292914
IND364004AAB,1,1,0.0012305158417520961,0.0012305158417520961,0.0,1263,5.0,5.0,395.0,402.0,11.0,11.0,954.0,16.0,8.0,674.5,Bhavnagar_ChtrGIDC_IP (Gujarat),0.8257861635220126,0.810377358490566,0.5745283018867925,0.7647798742138365,0.7150943396226415,0.04446173511921303,0.03211858878206502,0.006937108148029461,36.60628936966563
IND136027AAA,1,1,0.0004109645500473184,0.0004109645500473184,0.0,1263,14.0,14.0,623.0,812.0,15.0,15.0,333.0,29.0,14.5,478.0,Kaithal_DC (Haryana),0.6427672955974842,0.6169811320754717,0.8723270440251573,0.6578616352201258,0.7150943396226415,0.08058689490357361,0.022761579596481955,0.011113064871996429,36.60282305492058
IND400072AAJ,2,1,0.0004101719472506987,0.0004101719472506987,0.0,1263,2.0,2.0,192.0,158.0,28.0,28.0,1170.0,30.0,15.0,681.0,Mumbai_Tejpal_I (Maharashtra),0.6342767295597485,0.6072327044025158,0.8845911949685534,0.7685534591194969,0.7150943396226415,0.08336575334852443,0.032428108169883285,0.011862138997881721,36.599396258070186
IND335001AAA,1,1,0.002820477051771229,0.0028204770517712297,0.0,1263,6.0,6.0,406.0,226.0,6.0,6.0,262.0,12.0,6.0,334.0,Ganga Nagar_DC (Rajasthan),0.9050314465408805,0.8940251572327044,0.4380503144654088,0.5525157232704403,0.7150943396226415,0.03334630133940977,0.015904534697123374,0.004865687771895617,36.48070577224259
IND515801AAA,1,2,0.0012217972109892794,0.0012217972109892794,0.16666666666666666,1263,14.0,14.0,819.0,408.0,14.0,14.0,524.0,28.0,14.0,671.5,Guntakal_Verpatem_D (Andhra Pradesh),0.8012578616352202,0.779874213836478,0.8559748427672956,0.7635220125786164,0.3238993710691824,0.0778080364586228,0.031975733679995046,0.011141749780081454,36.45331390409841
IND679531AAA,1,1,0.0012166452928112513,0.0012166452928112513,0.0,1263,9.0,9.0,85.0,161.0,9.0,9.0,252.0,18.0,9.0,168.5,Shoranur_KdrShrRd_D (Kerala),0.789622641509434,0.7647798742138365,0.6305031446540881,0.3289308176100629,0.7150943396226415,0.05001945200911465,0.008023694899596673,0.006646312543606023,36.432944557997914
IND423701AAB,2,1,0.0020159852132022264,0.0020159852132022264,0.16666666666666666,1263,12.0,12.0,1299.0,1299.0,10.0,10.0,321.0,22.0,11.0,810.0,Vaijiapur_YeolaRD_D (Maharashtra),0.8754716981132076,0.8635220125786164,0.7286163522012579,0.8106918238993711,0.3238993710691824,0.06113488578891791,0.03857087755889201,0.009308162854733725,36.40094273393165
IND585211AAA,2,2,0.0004064070839667551,0.0008128141679335102,0.0,1263,14.0,14.0,422.0,1537.0,15.0,14.0,439.0,29.0,14.0,430.5,Chittapur_GlbrgaRD_D (Karnataka),0.5915094339622642,0.6726415094339623,0.8723270440251573,0.6261006289308176,0.7150943396226415,0.0778080364586228,0.020499707147040757,0.0106690135198372,36.36835633636922
IND431122AAA,1,1,0.0012269491291673075,0.0012269491291673075,0.0,1263,7.0,7.0,162.0,269.0,9.0,9.0,1064.0,16.0,8.0,613.0,Beed_JalnaRd_D (Maharashtra),0.8163522012578617,0.7990566037735849,0.5745283018867925,0.740251572327044,0.7150943396226415,0.04446173511921303,0.029190059189630625,0.006816472131411113,36.34554058770264
IND487551AAA,2,1,0.006389567444949773,0.006389567444949773,0.0,1263,4.0,4.0,415.0,80.0,5.0,5.0,124.0,9.0,4.5,269.5,Gadarwara_MPward_D (Madhya Pradesh),0.9635220125786164,0.9578616352201258,0.32578616352201256,0.46855345911949686,0.7150943396226415,0.025009726004557326,0.01283315000261901,0.003686535492592422,36.25350916456673
IND732103AAB,2,2,0.002878337055924468,0.002878337055924468,0.0,1263,5.0,5.0,280.0,246.0,6.0,6.0,1557.0,11.0,5.5,918.5,Malda_Central_I_3 (West Bengal),0.9144654088050315,0.9031446540880503,0.4037735849056604,0.8283018867924529,0.7150943396226415,0.030567442894458955,0.04373747041708928,0.005661343127098913,36.23904199912224
IND587103AAB,1,2,0.0012217972109892794,0.0012217972109892794,0.16666666666666666,1263,14.0,14.0,903.0,680.0,13.0,13.0,478.0,27.0,13.5,690.5,Bagalkot_Sector4_D (Karnataka),0.8012578616352202,0.779874213836478,0.8393081761006289,0.7720125786163522,0.3238993710691824,0.07502917801367198,0.032880482659771525,0.010828142250769706,36.18763352763282
IND370201AAA,2,2,0.0020298557621430714,0.0020298557621430714,0.16666666666666666,1263,8.0,8.0,567.0,691.0,13.0,13.0,2515.0,21.0,10.5,1541.0,Gandhidham_Sector1A_IP (Gujarat),0.8817610062893082,0.8704402515723271,0.6993710691823899,0.8987421383647799,0.3238993710691824,0.058356027343967096,0.07337990409660815,0.010391186932450645,36.1799367051131
IND244001AAA,1,1,0.0036523136868236127,0.0036523136868236127,0.5,1263,9.0,9.0,851.0,246.0,13.0,13.0,3112.0,22.0,11.0,1981.5,Moradabad_DC (Uttar Pradesh),0.9364779874213837,0.9226415094339623,0.7286163522012579,0.920125786163522,0.13364779874213836,0.06113488578891791,0.09435579491721546,0.011606131854219796,36.11961476881162
IND794101AAA,1,1,0.0036261577945351626,0.0036261577945351626,0.0,1263,9.0,9.0,2024.0,2227.0,1.0,1.0,105.0,10.0,5.0,1064.5,Tura_Sracmplx_D (Meghalaya),0.9320754716981132,0.9182389937106918,0.3632075471698113,0.8544025157232704,0.7150943396226415,0.02778858444950814,0.05068975205116118,0.005596853876007167,36.04242131015256
IND152026AAA,2,4,0.0010327614439954791,0.0008247032098828058,0.35714285714285715,1263,21.0,16.0,6370.0,1156.0,21.0,21.0,850.0,42.0,18.5,3610.0,Muktsar_DPC (Punjab),0.7672955974842768,0.7383647798742138,0.9198113207547169,0.9559748427672956,0.2238993710691824,0.10281776246318013,0.17190230615753108,0.020063692237785546,35.93242989490815
IND679303AAA,1,1,0.0012217972109892794,0.0012217972109892794,0.0,1263,9.0,9.0,252.0,111.0,7.0,7.0,184.0,16.0,8.0,218.0,Sankaramangalam_Central_D_1 (Kerala),0.8012578616352202,0.779874213836478,0.5745283018867925,0.4,0.7150943396226415,0.04446173511921303,0.010380804083751185,0.006041655439309537,35.88856075938686
IND507123AAA,1,1,0.0012166452928112513,0.0012166452928112513,0.0,1263,8.0,7.0,316.0,84.0,9.0,0.0,0.0,17.0,3.5,158.0,Yellandu_Sudimala_D (Telangana),0.789622641509434,0.7647798742138365,0.6056603773584905,0.3069182389937107,0.7150943396226415,0.0194520091146557,0.007523702042351776,0.0027660670277178242,35.866290772769545
IND581320AAA,2,2,0.0027149047181983794,0.005983754813080483,0.0,1263,5.0,5.0,261.0,94.0,5.0,5.0,190.0,10.0,5.0,225.5,Bhatkal_KmkshBul_D (Karnataka),0.9018867924528302,0.9534591194968554,0.3632075471698113,0.4119496855345912,0.7150943396226415,0.02778858444950814,0.01073794183892611,0.0039511039907585,35.85950488507251
IND691305AAA,1,1,0.0004184942766152056,0.0004184942766152056,0.0,1263,11.0,11.0,369.0,219.0,14.0,14.0,168.0,25.0,12.5,268.5,Punalur_PostofJN_D (Kerala),0.6528301886792452,0.6273584905660378,0.810377358490566,0.46635220125786164,0.7150943396226415,0.06947146112377035,0.012785531635262354,0.009298609019065892,35.83757196038726
IND577201AAA,3,2,0.0018275438983058909,0.0020290631593464516,0.15,1263,11.0,11.0,1790.0,1128.0,9.0,3.0,281.0,20.0,7.0,1035.5,Shimoga_DC (Karnataka),0.8735849056603774,0.8679245283018868,0.6729559748427673,0.849685534591195,0.36069182389937104,0.0389040182293114,0.04930881939781813,0.006943477371808015,35.83145059815015
IND781354AAA,1,1,0.003262353110886717,0.003262353110886717,0.0,1263,2.0,2.0,64.0,13.0,8.0,8.0,333.0,10.0,5.0,198.5,Rangia_HosptlRd_D (Assam),0.9257861635220126,0.9138364779874214,0.3632075471698113,0.3710691823899371,0.7150943396226415,0.02778858444950814,0.009452245920296377,0.0038981418371211766,35.819120928334044
IND515761AAA,2,1,0.0012114933746332232,0.0012114933746332232,0.16666666666666666,1263,14.0,14.0,590.0,1344.0,14.0,14.0,392.0,28.0,14.0,491.0,Kalyandurg_Shankrpa_D (Andhra Pradesh),0.7776729559748428,0.7503144654088051,0.8559748427672956,0.6710691823899371,0.3238993710691824,0.0778080364586228,0.023380618372118495,0.010787687975209721,35.78623974467243
IND506314AAA,1,1,0.0012114933746332232,0.0012114933746332232,0.0,1263,9.0,9.0,1049.0,4501.0,8.0,7.0,316.0,17.0,8.0,682.5,Rayaparthi_Perkadrd_D (Telangana),0.7776729559748428,0.7503144654088051,0.6056603773584905,0.769182389937107,0.7150943396226415,0.04446173511921303,0.03249953572091827,0.006952800637996075,35.75172808221427
IND509358AAA,1,2,0.0012269491291673075,0.0012269491291673075,0.16666666666666666,1263,12.0,12.0,615.0,232.0,12.0,12.0,363.0,24.0,12.0,489.0,Kadthal_GndhiDPP_D (Telangana),0.8163522012578617,0.7990566037735849,0.7855345911949686,0.670440251572327,0.3238993710691824,0.06669260267881955,0.02328538163740518,0.009380256080788242,35.72687443925954
IND600110AAA,1,2,0.00040977564585238885,0.00040977564585238885,0.0,1263,7.0,7.0,322.0,369.0,20.0,20.0,1282.0,27.0,13.5,802.0,Chennai_Madhavaram_L (Tamil Nadu),0.6283018867924528,0.60062893081761,0.8393081761006289,0.8050314465408805,0.7150943396226415,0.07502917801367198,0.03818993062003876,0.011046856329679392,35.723726464282706
IND573134AAB,2,2,0.0020266853509565926,0.0020266853509565926,0.1,1263,9.0,9.0,348.0,574.0,10.0,10.0,285.0,19.0,9.5,316.5,Sakleshpur_RgvdrDPP_D (Karnataka),0.8786163522012579,0.8666666666666667,0.6509433962264151,0.5327044025157233,0.3745283018867924,0.05279831045406547,0.015071213268381881,0.0072875008009708414,35.71972095199823
IND175101AAA,1,1,0.0024217978450715165,0.0024217978450715165,0.0,1263,1.0,1.0,375.0,17.0,10.0,10.0,776.0,11.0,5.5,575.5,Kullu_AkhraBzr_D (Himachal Pradesh),0.8937106918238994,0.8830188679245283,0.4037735849056604,0.720440251572327,0.7150943396226415,0.030567442894458955,0.027404370413755996,0.004988527619780328,35.69282260740411
IND395023AAD,5,5,1.9418768517182838e-05,1.9418768517182838e-05,0.0,9,41.0,41.0,813.0,2150.0,28.0,28.0,4973.0,69.0,34.5,2893.0,Surat_Central_I_4 (Gujarat),0.5094339622641509,0.49748427672955975,0.9572327044025157,0.9452830188679245,0.7150943396226415,0.19174123270160617,0.13775993676280815,0.029885322999966345,35.62005231352033
IND572101AAA,2,1,0.001643065597392654,0.001643065597392654,0.0,1263,8.0,8.0,339.0,302.0,4.0,2.0,156.0,12.0,5.0,247.5,Tumkur_Veersagr_I (Karnataka),0.8716981132075472,0.8603773584905661,0.4380503144654088,0.44056603773584907,0.7150943396226415,0.02778858444950814,0.01178554592077256,0.003994258338166689,35.600656313134756
IND532201AAA,2,1,0.0012217972109892794,0.0012217972109892794,0.3333333333333333,1263,14.0,14.0,294.0,347.0,14.0,14.0,333.0,28.0,14.0,313.5,Tekkali_AmvdiDPP_D (Andhra Pradesh),0.8012578616352202,0.779874213836478,0.8559748427672956,0.5276729559748428,0.24213836477987422,0.0778080364586228,0.01492835816631191,0.010439510854075467,35.60059189490503
IND251001AAA,1,1,0.0008175697847132284,0.0008175697847132284,0.0,1263,10.0,10.0,257.0,441.0,10.0,10.0,868.0,20.0,10.0,562.5,Muzaffrngr_MhmodNgr_D (Uttar Pradesh),0.7264150943396226,0.7034591194968554,0.6729559748427673,0.7128930817610063,0.7150943396226415,0.05557716889901628,0.026785331638119456,0.008120922060426685,35.58214673195215
IND210001AAA,1,1,0.00081321046933182,0.00081321046933182,0.0,1263,9.0,9.0,978.0,512.0,12.0,12.0,956.0,21.0,10.5,967.0,Banda_GayatriN_D (Uttar Pradesh),0.7081761006289308,0.6827044025157233,0.6993710691823899,0.8371069182389937,0.7150943396226415,0.058356027343967096,0.046046961233887136,0.009265250777346074,35.554457507420764
IND563101AAB,2,2,0.0009524443606046821,0.0016280061442568794,0.25,1263,12.0,12.0,204.0,413.0,14.0,14.0,652.0,26.0,13.0,428.0,Kolar_Ambedkar_D (Karnataka),0.7622641509433963,0.8440251572327044,0.8254716981132075,0.6245283018867924,0.2732704402515723,0.07225031956872117,0.020380661228649115,0.009962355230757721,35.48711147222971
IND632301AAA,1,1,0.0008183623875098481,0.0008183623875098481,0.0,1263,9.0,9.0,191.0,205.0,10.0,10.0,319.0,19.0,9.5,255.0,Arani_KrthiKyn_D (Tamil Nadu),0.7367924528301887,0.7147798742138365,0.6509433962264151,0.44937106918238995,0.7150943396226415,0.05279831045406547,0.012142683675947487,0.007166864784352495,35.47312311343146
IND305624AAA,2,1,0.002833554997915455,0.002833554997915455,0.0,1263,4.0,4.0,248.0,129.0,6.0,6.0,973.0,10.0,5.0,610.5,Bijainagar_Central_DPP_1 (Rajasthan),0.9088050314465409,0.8981132075471698,0.3632075471698113,0.7377358490566037,0.7150943396226415,0.02778858444950814,0.029071013271238982,0.004706305070401809,35.44757940446349
IND500080AAB,2,1,0.00040462372767436077,0.00040462372767436077,0.0,1263,16.0,16.0,1821.0,2268.0,21.0,21.0,860.0,37.0,18.5,1340.5,Hyderabad_Chikdply_I (Telangana),0.5688679245283019,0.5433962264150943,0.9022012578616352,0.8817610062893082,0.7150943396226415,0.10281776246318013,0.06383242144159845,0.015611928990381673,35.431539845745505
IND586128AAA,2,2,0.0004064070839667551,0.0008128141679335102,0.0,1263,13.0,13.0,873.0,1130.0,12.0,12.0,693.0,25.0,12.5,783.0,Sindagi_KalyanNg_D (Karnataka),0.5915094339622642,0.6726415094339623,0.810377358490566,0.79937106918239,0.7150943396226415,0.06947146112377035,0.03728518164026228,0.01030783228004377,35.42105199136068
IND741126AAB,2,1,0.0012166452928112513,0.0012166452928112513,0.16666666666666666,1263,13.0,13.0,363.0,250.0,12.0,12.0,701.0,25.0,12.5,532.0,Nakashipara_MaxDPP_D (West Bengal),0.789622641509434,0.7647798742138365,0.810377358490566,0.6930817610062893,0.3238993710691824,0.06947146112377035,0.025332971433741424,0.009815480407341249,35.377566473197255
IND742401AAA,1,2,0.0016145318967143445,0.0016145318967143445,0.0,1263,10.0,10.0,1440.0,441.0,3.0,3.0,103.0,13.0,6.5,771.5,Ghanashyampur_NditaDPP_D (West Bengal),0.8393081761006289,0.8232704402515724,0.47232704402515724,0.7962264150943397,0.7150943396226415,0.03612515978436059,0.036737570415660725,0.0060747480099272895,35.3619135011253
IND521333AAA,2,1,0.0012114933746332232,0.0012114933746332232,0.16666666666666666,1263,12.0,12.0,1564.0,2780.0,14.0,14.0,505.0,26.0,13.0,1034.5,Kaikaluru_Atapaka_D (Andhra Pradesh),0.7776729559748428,0.7503144654088051,0.8254716981132075,0.8490566037735849,0.3238993710691824,0.07225031956872117,0.04926120103046147,0.011152042126351663,35.34691028241821
IND562114AAA,1,2,0.00040502002907267067,0.0004050200290726706,0.0,1263,15.0,15.0,516.0,521.0,17.0,17.0,356.0,32.0,16.0,436.0,Hoskote_DC (Karnataka),0.5789308176100629,0.5506289308176101,0.8924528301886793,0.630817610062893,0.7150943396226415,0.08892347023842606,0.02076160816750237,0.012083310878619073,35.3321529653146
IND416404AAA,2,1,0.0020175704187954655,0.002017570418795466,0.0,1263,5.0,5.0,1467.0,1067.0,6.0,6.0,386.0,11.0,5.5,926.5,Jath_Shivprsad_D (Maharashtra),0.8767295597484277,0.8647798742138365,0.4037735849056604,0.8301886792452831,0.7150943396226415,0.030567442894458955,0.04411841735594253,0.0056770356170655276,35.29014108902938
IND465001AAA,1,3,0.0016248357330704006,0.0016248357330704006,0.25,1263,9.0,8.0,595.0,1066.0,13.0,12.0,646.0,22.0,10.0,620.5,Shajapur_MhpraRD_D (Madhya Pradesh),0.8515723270440252,0.8380503144654088,0.7286163522012579,0.7427672955974842,0.2732704402515723,0.05557716889901628,0.02954719694480555,0.008234692612684637,35.227772366483286
IND177033AAA,1,1,0.0008100400581453412,0.0008100400581453412,0.0,1263,12.0,12.0,3621.0,2657.0,9.0,9.0,278.0,21.0,10.5,1949.5,Nadaun_Ward6_D (Himachal Pradesh),0.6918238993710691,0.6625786163522013,0.6993710691823899,0.919496855345912,0.7150943396226415,0.058356027343967096,0.09283200716180245,0.011192484701370884,35.20427832311886
IND625008AAA,5,1,2.9326303474929184e-05,2.9326303474929184e-05,0.0,27,12.0,12.0,517.0,2219.0,46.0,45.0,1706.0,58.0,28.5,1111.5,Madurai_Kappalur_H (Tamil Nadu),0.5144654088050314,0.5031446540880503,0.9459119496855346,0.8584905660377359,0.7150943396226415,0.1583949313621964,0.052927815316924046,0.022180275324736466,35.19706408070223
IND562101AAA,1,1,0.0008227217028912565,0.0008227217028912565,0.0,1263,8.0,3.0,44.0,174.0,9.0,9.0,132.0,17.0,6.0,88.0,Chikblapur_ShntiSgr_D (Karnataka),0.7566037735849057,0.7358490566037735,0.6056603773584905,0.1918238993710692,0.7150943396226415,0.03334630133940977,0.0041904163273858,0.00438314370542223,35.16255341168621
IND571301AAA,1,1,0.001238838171116603,0.001238838171116603,0.0,1263,6.0,6.0,158.0,106.0,7.0,7.0,274.0,13.0,6.5,216.0,Nanjangud_RPRoad_D (Karnataka),0.8320754716981132,0.8176100628930818,0.47232704402515724,0.3955974842767296,0.7150943396226415,0.03612515978436059,0.01028556734903787,0.004985100737870515,35.14233679789982
IND852139AAB,2,1,0.0012103044704382933,0.0012103044704382935,0.3333333333333333,1263,15.0,15.0,2323.0,1723.0,14.0,14.0,779.0,29.0,14.5,1551.0,Triveninganj_Central_D_1 (Bihar),0.769182389937107,0.7433962264150943,0.8723270440251573,0.89937106918239,0.24213836477987422,0.08058689490357361,0.07385608777017472,0.013217820088768562,35.13887842582207
IND573116AAA,1,3,0.0020429337082872963,0.0020429337082872963,0.16666666666666666,1263,9.0,9.0,454.0,209.0,9.0,9.0,386.0,18.0,9.0,420.0,Channaraya_patna_D (Karnataka),0.8877358490566037,0.8767295597484277,0.6305031446540881,0.6166666666666667,0.3238993710691824,0.05001945200911465,0.01999971428979586,0.007139645196931457,35.136856473683046
IND303702AAB,1,2,0.006118893589904143,0.006118893589904143,0.16666666666666666,1263,8.0,8.0,185.0,199.0,6.0,6.0,318.0,14.0,7.0,251.5,Chomu_ShsmlDPP_D (Rajasthan),0.9610062893081761,0.9559748427672956,0.5078616352201258,0.4459119496855346,0.3238993710691824,0.0389040182293114,0.011976019390199188,0.005405613355079821,35.1020416740433
IND582101AAB,2,1,0.0012114933746332232,0.0012114933746332232,0.16666666666666666,1263,12.0,12.0,1184.0,1376.0,13.0,13.0,640.0,25.0,12.5,912.0,Gadag_Cdosclrd_D (Karnataka),0.7776729559748428,0.7503144654088051,0.810377358490566,0.8270440251572327,0.3238993710691824,0.06947146112377035,0.04342795102927101,0.010560873680755424,35.09093676579877
IND247554AAA,1,2,0.0008124178665352003,0.0008124178665352003,0.0,1263,11.0,5.0,320.0,581.0,10.0,10.0,257.0,21.0,7.5,288.5,Deoband_Ramvlg_D (Uttar Pradesh),0.6968553459119496,0.669496855345912,0.6993710691823899,0.4949685534591195,0.7150943396226415,0.041682876674262216,0.01373789898239549,0.005829068314157869,35.080761591808525
IND721134AAB,1,2,0.0012380455683199834,0.0012380455683199834,0.16666666666666666,1263,11.0,10.0,205.0,403.0,11.0,1.0,14.0,22.0,5.5,109.5,Kolaghat_Central_DPP_2 (West Bengal),0.8314465408805032,0.8163522012578617,0.7286163522012579,0.22578616352201258,0.3238993710691824,0.030567442894458955,0.005214211225553921,0.00407444007922505,35.00718112345811
IND756032AAA,1,1,0.002410701405918841,0.024441492439361924,0.0,1263,7.0,7.0,1964.0,1054.0,1.0,1.0,19.0,8.0,4.0,991.5,Jaleswar_NaturDPP_D (Orissa),0.8911949685534591,0.9861635220125786,0.2921383647798742,0.8402515723270441,0.7150943396226415,0.022230867559606515,0.04721361123412523,0.0047519055190969,35.000173892307046
IND362001AAA,3,4,4.3989455212393776e-05,4.3989455212393776e-05,0.0,13,26.0,26.0,813.0,565.0,26.0,26.0,1570.0,52.0,26.0,1191.5,Junagadh_DPC (Gujarat),0.5157232704402516,0.5044025157232704,0.9355345911949685,0.8654088050314466,0.7150943396226415,0.14450063913744235,0.05673728470545659,0.020582814259490326,34.99297719096194
IND312605AAB,2,2,0.0020294594607447613,0.0020294594607447613,0.16666666666666666,1263,12.0,12.0,1166.0,685.0,6.0,6.0,336.0,18.0,9.0,751.0,Pratapgarh_Nimachrd_D (Rajasthan),0.880188679245283,0.8688679245283019,0.6305031446540881,0.789622641509434,0.3238993710691824,0.05001945200911465,0.035761393884849266,0.007788921969300121,34.977496412930414
IND140301AAA,1,2,0.0008183623875098481,0.0008183623875098481,0.3333333333333333,1263,25.0,25.0,462.0,563.0,14.0,13.0,452.0,39.0,19.0,457.0,Chandigarh_Kharar_DC (Chandigarh),0.7367924528301887,0.7147798742138365,0.9081761006289308,0.6446540880503144,0.24213836477987422,0.10559662090813093,0.021761593881992163,0.01422976682267617,34.95519903295771
IND472001AAA,2,2,0.001201783990374632,0.0012527087200574479,0.16666666666666666,1263,16.0,16.0,4153.0,4066.0,7.0,7.0,330.0,23.0,11.5,2241.5,Tikamgarh_MndiRoad_D (Madhya Pradesh),0.7685534591194969,0.8182389937106919,0.7566037735849057,0.9283018867924528,0.3238993710691824,0.06391374423386872,0.10673657042994623,0.012467014971117215,34.922092886920645
IND500008AAC,1,2,0.00040977564585238885,0.00040977564585238885,0.0,1263,10.0,10.0,1437.0,1027.0,14.0,14.0,250.0,24.0,12.0,843.5,Hyderabad_Tolichwk_I (Telangana),0.6283018867924528,0.60062893081761,0.7855345911949686,0.8169811320754717,0.7150943396226415,0.06669260267881955,0.04016609286534002,0.010075629542433835,34.86856135133552
IND431127AAA,1,1,0.0012217972109892794,0.0012217972109892794,0.0,1263,7.0,7.0,430.0,150.0,7.0,7.0,162.0,14.0,7.0,296.0,Georai_Bazarrd_D (Maharashtra),0.8012578616352202,0.779874213836478,0.5078616352201258,0.510062893081761,0.7150943396226415,0.0389040182293114,0.014095036737570416,0.005492902830519113,34.86112312894734
IND221706AAA,1,1,0.0012269491291673075,0.0012269491291673075,0.0,1263,8.0,8.0,2135.0,524.0,5.0,5.0,445.0,13.0,6.5,1290.0,Ratanpura_MubarDPP_D (Uttar Pradesh),0.8163522012578617,0.7990566037735849,0.47232704402515724,0.8773584905660378,0.7150943396226415,0.03612515978436059,0.06142769389008729,0.0070918175158884746,34.826288989001974
IND140001AAA,1,1,0.000409379344454079,0.000409379344454079,0.0,1263,12.0,12.0,313.0,343.0,13.0,13.0,254.0,25.0,12.5,283.5,RoopNagar_ChotiHvl_DC (Punjab),0.6116352201257862,0.5839622641509434,0.810377358490566,0.4861635220125786,0.7150943396226415,0.06947146112377035,0.013499807145612205,0.009328032437753295,34.7871563388688
IND302014AAB,7,11,7.490096428056237e-05,7.490096428056237e-05,0.006756756756756757,18,106.0,101.0,3233.0,4571.0,46.0,46.0,2630.0,152.0,73.5,2931.5,Jaipur_Central_I_7 (Rajasthan),0.5169811320754717,0.5062893081761006,0.9861635220125786,0.9471698113207547,0.42955974842767297,0.4084921914077697,0.13959324390603944,0.057329264160562256,34.7721235853866
IND464668AAA,1,1,0.006384415526771746,0.006384415526771745,0.0,1263,2.0,2.0,261.0,28.0,4.0,4.0,415.0,6.0,3.0,338.0,Bareli_SourvDPP_D (Madhya Pradesh),0.9628930817610063,0.9572327044025157,0.23018867924528302,0.5566037735849056,0.7150943396226415,0.016673150669704886,0.01609500816655,0.002768270858984188,34.75791039829513
IND563125AAB,2,2,0.000942140524248626,0.0016177023079008233,0.25,1263,12.0,12.0,1964.0,3370.0,12.0,12.0,406.0,24.0,12.0,1185.0,Chintamani_Central_D_2 (Karnataka),0.7616352201257862,0.8270440251572327,0.7855345911949686,0.8641509433962264,0.2732704402515723,0.06669260267881955,0.056427765317638316,0.01074550270788368,34.74796695929355
IND600008AAC,3,2,0.0008136067707301299,0.0008136067707301299,0.25,1263,12.0,12.0,830.0,435.0,24.0,24.0,1881.0,36.0,18.0,1355.5,Chennai_Egmore_DPC (Tamil Nadu),0.7194968553459119,0.6952830188679245,0.900314465408805,0.8823899371069183,0.2732704402515723,0.1000389040182293,0.0645466969519483,0.015290475216086619,34.74722816332005
IND713148AAA,1,1,0.0012269491291673075,0.0012269491291673075,0.0,1263,10.0,10.0,678.0,210.0,3.0,3.0,185.0,13.0,6.5,431.5,Panagarh_Central_D_1 (West Bengal),0.8163522012578617,0.7990566037735849,0.47232704402515724,0.6276729559748427,0.7150943396226415,0.03612515978436059,0.020547325514397412,0.0054078171863461855,34.74208897252486
IND680012AAA,1,1,0.0012269491291673075,0.0012269491291673075,0.0,1263,7.0,7.0,184.0,100.0,6.0,6.0,193.0,13.0,6.5,188.5,Arimbur_Veluthur_D (Kerala),0.8163522012578617,0.7990566037735849,0.47232704402515724,0.3584905660377358,0.7150943396226415,0.03612515978436059,0.008976062246729808,0.004931157803610278,34.71825600338806
IND415709AAA,1,1,0.001211493374633223,0.0012114933746332232,0.0,1263,4.0,4.0,920.0,985.0,11.0,11.0,349.0,15.0,7.5,634.5,Khed_Mahad_D (Maharashtra),0.7735849056603774,0.7503144654088051,0.5411949685534592,0.7496855345911949,0.7150943396226415,0.041682876674262216,0.030213854087798746,0.006507768505213934,34.70117458878271
IND606803AAA,1,1,0.00081321046933182,0.00081321046933182,0.0,1263,10.0,9.0,101.0,133.0,9.0,9.0,191.0,19.0,9.0,146.0,Polur_StationRD_D (Tamil Nadu),0.7081761006289308,0.6827044025157233,0.6509433962264151,0.290251572327044,0.7150943396226415,0.05001945200911465,0.006952281634071894,0.00660217741557492,34.69488874499258
IND342301AAA,4,1,0.0016145318967143445,0.0016145318967143445,0.25,1263,10.0,10.0,5093.0,1616.0,11.0,10.0,928.0,21.0,10.0,3010.5,Phalodi_PalikDPP_D (Rajasthan),0.8393081761006289,0.8232704402515724,0.6993710691823899,0.950314465408805,0.2732704402515723,0.05557716889901628,0.14335509492721532,0.012922823990210639,34.69173868378726
IND389151AAA,1,1,0.00041056824864900855,0.00041056824864900855,0.0,1263,8.0,8.0,443.0,260.0,15.0,15.0,571.0,23.0,11.5,507.0,Dahod_DC (Gujarat),0.6396226415094339,0.6132075471698113,0.7566037735849057,0.680503144654088,0.7150943396226415,0.06391374423386872,0.024142512249825002,0.009064686990230667,34.679649443851154
IND731301AAA,2,1,0.0012114933746332232,0.0012114933746332232,0.16666666666666666,1263,12.0,12.0,897.0,289.0,12.0,12.0,440.0,24.0,12.0,668.5,Nanoor_Central_DPP_1 (West Bengal),0.7776729559748428,0.7503144654088051,0.7855345911949686,0.7628930817610063,0.3238993710691824,0.06669260267881955,0.03183287857792508,0.00973235632441415,34.67686938854775
IND711303AAA,1,1,0.0016470286113757526,0.0016470286113757526,0.5,1263,11.0,1.0,14.0,371.0,12.0,12.0,736.0,23.0,6.5,375.0,Bagnan_Harop_D (West Bengal),0.8729559748427673,0.8616352201257862,0.7566037735849057,0.5889937106918239,0.13364779874213836,0.03612515978436059,0.017856887758746304,0.005296988975956972,34.661075863892194
IND415003AAA,1,2,0.0012702592105540273,0.005934217138291751,0.16666666666666666,1263,9.0,7.0,170.0,503.0,8.0,8.0,721.0,17.0,7.5,445.5,Satara_DC (Maharashtra),0.8327044025157233,0.9528301886792453,0.6056603773584905,0.6377358490566037,0.3238993710691824,0.041682876674262216,0.02121398265739061,0.006137033429752673,34.64961896708512
IND742147AAA,1,1,0.0016248357330704006,0.0016248357330704006,0.0,1263,3.0,3.0,47.0,34.0,8.0,8.0,291.0,11.0,5.5,169.0,Khargram_BoiDPP_D (West Bengal),0.8515723270440252,0.8380503144654088,0.4037735849056604,0.33050314465408803,0.7150943396226415,0.030567442894458955,0.008047504083275,0.004191152973351743,34.57119286879337
IND414502AAA,1,1,0.0012166452928112513,0.0012166452928112513,0.0,1263,7.0,7.0,107.0,158.0,7.0,7.0,430.0,14.0,7.0,268.5,Shevgaon_VidyaNgr_D (Maharashtra),0.789622641509434,0.7647798742138365,0.5078616352201258,0.46635220125786164,0.7150943396226415,0.0389040182293114,0.012785531635262354,0.005438959896258876,34.532954284121125
IND508248AAB,2,1,0.0012166452928112513,0.0012166452928112513,0.16666666666666666,1263,11.0,11.0,305.0,144.0,12.0,12.0,672.0,23.0,11.5,488.5,Devarakonda_DindiRD_D (Telangana),0.789622641509434,0.7647798742138365,0.7566037735849057,0.669496855345912,0.3238993710691824,0.06391374423386872,0.023261572453726852,0.009028398107182872,34.531608584604434
IND341303AAA,2,1,0.0040216665900483966,0.0040216665900483966,0.16666666666666666,1263,8.0,8.0,163.0,166.0,6.0,6.0,394.0,14.0,7.0,278.5,Didwana_KatlaDPP_D (Rajasthan),0.940251572327044,0.9283018867924528,0.5078616352201258,0.47924528301886793,0.3238993710691824,0.0389040182293114,0.013261715308828921,0.005458575508717144,34.51663946725976
IND274301AAB,3,1,0.0012269491291673075,0.0012269491291673075,0.1,1263,10.0,10.0,1502.0,1892.0,10.0,10.0,313.0,20.0,10.0,907.5,Kaptanganj_Subshngr_D (Uttar Pradesh),0.8163522012578617,0.7990566037735849,0.6729559748427673,0.8254716981132075,0.3745283018867924,0.05557716889901628,0.04321366837616605,0.008797660690236924,34.515354732625056
IND787059AAB,1,1,0.0016216653218839219,0.0016216653218839219,0.0,1263,1.0,1.0,122.0,35.0,10.0,10.0,316.0,11.0,5.5,219.0,Silapathar_Hejunagr_D (Assam),0.8484276729559749,0.8345911949685535,0.4037735849056604,0.4015723270440252,0.7150943396226415,0.030567442894458955,0.010428422451107842,0.0042892310356430815,34.49433576561864
IND680104AAA,1,1,0.0004101719472506987,0.0004101719472506987,0.0,1263,12.0,10.0,211.0,336.0,11.0,10.0,615.0,23.0,10.0,413.0,Guruvayoor_ManhrBld_D (Kerala),0.6342767295597485,0.6072327044025158,0.7566037735849057,0.6135220125786164,0.7150943396226415,0.05557716889901628,0.019666385718299262,0.007827668654175581,34.47786142013017
IND713128AAB,1,2,0.0012217972109892794,0.0012217972109892794,0.16666666666666666,1263,12.0,12.0,547.0,340.0,10.0,10.0,678.0,22.0,11.0,612.5,Guskhara_Itachnda_D (West Bengal),0.8012578616352202,0.779874213836478,0.7286163522012579,0.7393081761006289,0.3238993710691824,0.06113488578891791,0.029166250005952295,0.008920754508682936,34.43188678203792
IND201007AAB,1,3,0.0021566080465186695,0.0020132111034140573,0.3,1263,17.0,16.0,506.0,1406.0,1.0,1.0,83.0,18.0,8.5,294.5,Ghaziabad_MohanNgr_C (Uttar Pradesh),0.8905660377358491,0.8622641509433963,0.6305031446540881,0.5084905660377359,0.2632075471698113,0.04724059356416384,0.01402360918653543,0.00654259206759774,34.39788432036102
IND311001AAA,2,1,0.002019948227185325,0.002019948227185325,0.3333333333333333,1263,5.0,5.0,284.0,9.0,14.0,14.0,532.0,19.0,9.5,408.0,Bhilwara_DC (Rajasthan),0.8779874213836478,0.8660377358490566,0.6509433962264151,0.6119496855345912,0.24213836477987422,0.05279831045406547,0.019428293881515978,0.007466983654963992,34.389072453188454
IND571426AAA,2,1,0.0012217972109892794,0.0012217972109892794,0.16666666666666666,1263,10.0,10.0,734.0,132.0,12.0,10.0,327.0,22.0,10.0,530.5,Krishnarajpet_MuruPost_D (Karnataka),0.8012578616352202,0.779874213836478,0.7286163522012579,0.6924528301886792,0.3238993710691824,0.05557716889901628,0.025261543882706437,0.008058152100560228,34.38875666163179
IND515671AAA,1,2,0.002854955273424187,0.002854955273424187,0.16666666666666666,1263,8.0,8.0,228.0,156.0,7.0,7.0,563.0,15.0,7.5,395.5,Dharmavram_SaiNgr_D (Andhra Pradesh),0.9125786163522013,0.9018867924528302,0.5411949685534592,0.6050314465408805,0.3238993710691824,0.041682876674262216,0.018833064289557767,0.006038955367461333,34.366413177178096
IND305802AAA,1,1,0.0016351395694264568,0.0016351395694264568,0.0,1263,4.0,4.0,172.0,72.0,6.0,6.0,252.0,10.0,5.0,212.0,Kishangarh_Central_D_2 (Rajasthan),0.8669811320754717,0.8540880503144654,0.3632075471698113,0.3877358490566038,0.7150943396226415,0.02778858444950814,0.010095093879611244,0.003924622913939838,34.3408852337473
IND518102AAA,1,1,0.0008080585511537919,0.0008080585511537919,0.0,1263,10.0,10.0,1294.0,619.0,10.0,10.0,802.0,20.0,10.0,1048.0,Srisailam_Sishumdr_D (Andhra Pradesh),0.6761006289308176,0.6474842767295598,0.6729559748427673,0.8512578616352201,0.7150943396226415,0.05557716889901628,0.04990404898977634,0.009073260045275585,34.315298222389565
IND209206AAB,1,1,0.0004101719472506987,0.0004101719472506987,0.0,1263,11.0,11.0,267.0,184.0,12.0,1.0,38.0,23.0,6.0,152.5,Ghatampur_StatinRD_D (Uttar Pradesh),0.6342767295597485,0.6072327044025158,0.7566037735849057,0.3,0.7150943396226415,0.03334630133940977,0.007261801021890163,0.004509664405778057,34.31196120771029
IND591237AAB,1,1,0.0020433300096856064,0.0020433300096856064,0.0,1263,1.0,0.0,4.0,13.0,8.0,8.0,338.0,9.0,4.0,171.0,Nipani_AkkolRD_D (Karnataka),0.8886792452830189,0.8779874213836478,0.32578616352201256,0.33270440251572325,0.7150943396226415,0.022230867559606515,0.008142740817988315,0.0031424445168960285,34.30492096798317
IND515591AAA,2,1,0.0028291956825340463,0.0028291956825340463,0.16666666666666666,1263,8.0,8.0,362.0,163.0,7.0,7.0,246.0,15.0,7.5,304.0,Kadiri_GVManu_D (Andhra Pradesh),0.9081761006289308,0.8974842767295598,0.5411949685534592,0.5188679245283019,0.3238993710691824,0.041682876674262216,0.01447598367642367,0.005859472513468184,34.24737614139668
IND591201AAA,1,1,0.0020381780915075783,0.0020381780915075783,0.0,1263,8.0,8.0,221.0,171.0,1.0,0.0,4.0,9.0,4.0,112.5,Chikodi_IndraNgr_D (Karnataka),0.8867924528301887,0.8754716981132076,0.32578616352201256,0.229874213836478,0.7150943396226415,0.022230867559606515,0.005357066327623891,0.0030276931840151618,34.24572428184227
IND383001AAA,1,1,0.0008183623875098481,0.0008183623875098481,0.0,1263,8.0,5.0,97.0,107.0,8.0,8.0,247.0,16.0,6.5,172.0,Himmatnagar_DC (Gujarat),0.7367924528301887,0.7147798742138365,0.5745283018867925,0.33364779874213835,0.7150943396226415,0.03612515978436059,0.008190359185344971,0.0048987920430541365,34.2134930612722
IND518501AAA,1,1,0.0012269491291673075,0.0012269491291673075,0.5,1263,11.0,11.0,520.0,263.0,14.0,14.0,396.0,25.0,12.5,458.0,Nandyal_SrnvsNgr_D (Andhra Pradesh),0.8163522012578617,0.7990566037735849,0.810377358490566,0.6452830188679245,0.13364779874213836,0.06947146112377035,0.021809212249348817,0.009670324875150068,34.21150366514115
IND523201AAA,1,1,0.0012114933746332232,0.0012114933746332232,0.0,1263,1.0,1.0,202.0,31.0,13.0,13.0,379.0,14.0,7.0,290.5,Addanki_Oilmilrd_D (Andhra Pradesh),0.7776729559748428,0.7503144654088051,0.5078616352201258,0.49842767295597484,0.7150943396226415,0.0389040182293114,0.013833135717108803,0.005482114243667065,34.21121263042235
IND517501AAB,2,2,9.511233559436491e-06,9.511233559436491e-06,0.0,7,25.0,25.0,948.0,598.0,24.0,24.0,2233.0,49.0,24.5,1590.5,Tirupati_Balajicly_I (Andhra Pradesh),0.4871069182389937,0.4751572327044025,0.9317610062893081,0.9037735849056604,0.7150943396226415,0.13616406380258989,0.07573701328076266,0.02031284561762784,34.20117687207636
IND263601AAA,1,3,0.0012166452928112513,0.0012166452928112513,0.1,1263,10.0,10.0,1154.0,292.0,11.0,11.0,637.0,21.0,10.5,895.5,Almora_SuzkiSrv_D (Uttarakhand),0.789622641509434,0.7647798742138365,0.6993710691823899,0.8226415094339623,0.3745283018867924,0.058356027343967096,0.042642247967886175,0.00912499914826946,34.18423737879712
IND151505AAA,1,1,0.00081321046933182,0.00081321046933182,0.0,1263,5.0,3.0,84.0,65.0,13.0,1.0,9.0,18.0,2.0,46.5,Mansa_GreenVly_D (Punjab),0.7081761006289308,0.6827044025157233,0.6305031446540881,0.10408805031446541,0.7150943396226415,0.011115433779803258,0.0022142540820845416,0.00149472136986077,34.13291216912197
IND486661AAA,1,1,0.001228138033362237,0.0012665792689982927,0.0,1263,5.0,5.0,3878.0,1610.0,6.0,6.0,115.0,11.0,5.5,1996.5,Sidhi_Padra_D (Madhya Pradesh),0.8229559748427673,0.8188679245283019,0.4037735849056604,0.9213836477987422,0.7150943396226415,0.030567442894458955,0.09507007042756532,0.00777590615010018,34.12936134524086
IND581325AAA,2,1,0.0008080585511537919,0.0009998684279357612,0.16666666666666666,1263,14.0,14.0,928.0,882.0,14.0,8.0,353.0,28.0,11.0,640.5,Dandeli_RKComplx_D (Karnataka),0.6761006289308176,0.7421383647798742,0.8559748427672956,0.7509433962264151,0.3238993710691824,0.06113488578891791,0.030499564291938685,0.008975678223566087,34.090293345140566
IND500050AAA,2,2,0.0008092474553487215,0.0008092474553487215,0.2,1263,21.0,21.0,2058.0,6325.0,16.0,16.0,487.0,37.0,18.5,1272.5,Patancheru_Ameenpur_I (Telangana),0.6893081761006289,0.6597484276729559,0.9022012578616352,0.8742138364779874,0.2839622641509434,0.10281776246318013,0.06059437246134579,0.015478542825665452,34.08367556895622
IND584101AAA,2,3,0.0012293269375571667,0.0012293269375571667,0.5,1263,12.0,12.0,581.0,585.0,12.0,12.0,828.0,24.0,12.0,704.5,Raichur_LSRoad_DC (Karnataka),0.8238993710691824,0.8075471698113208,0.7855345911949686,0.7767295597484277,0.13364779874213836,0.06669260267881955,0.03354713980276472,0.009802972529263912,34.04360774596005
IND764059AAA,1,1,0.0016252320344687105,0.0016252320344687105,0.0,1263,3.0,3.0,24.0,54.0,7.0,7.0,399.0,10.0,5.0,211.5,Nabarangpr_PhdofDPP_D (Orissa),0.8547169811320755,0.8408805031446541,0.3632075471698113,0.3864779874213837,0.7150943396226415,0.02778858444950814,0.010071284695932915,0.003923642133316925,34.0247984588671
IND247776AAA,1,1,0.00081321046933182,0.00081321046933182,0.0,1263,9.0,9.0,130.0,132.0,8.0,8.0,237.0,17.0,8.5,183.5,Shamli_KarnalRd_D (Uttar Pradesh),0.7081761006289308,0.6827044025157233,0.6056603773584905,0.3471698113207547,0.7150943396226415,0.04724059356416384,0.008737970409946524,0.006324858769310967,34.00177752966052
IND606801AAB,1,1,0.000808058551153792,0.0008080585511537919,0.0,1263,9.0,9.0,753.0,148.0,10.0,9.0,101.0,19.0,9.0,427.0,Chetpet_Blmrgnst_D (Tamil Nadu),0.6823899371069182,0.6474842767295598,0.6509433962264151,0.6238993710691824,0.7150943396226415,0.05001945200911465,0.020333042861292457,0.007153376125652245,33.983454969804626
IND515301AAA,1,1,0.000409379344454079,0.000409379344454079,0.0,1263,12.0,12.0,175.0,114.0,11.0,11.0,408.0,23.0,11.5,291.5,Madakasira_RTCStand_D (Andhra Pradesh),0.6116352201257862,0.5839622641509434,0.7566037735849057,0.5040880503144655,0.7150943396226415,0.06391374423386872,0.01388075408446546,0.008641970541754997,33.94624947048398
IND695572AAB,3,2,0.0008207401958997073,0.0008207401958997073,0.125,1263,10.0,8.0,89.0,196.0,13.0,13.0,166.0,23.0,10.5,127.5,Kallikkad_Mutyvila_D (Kerala),0.7503144654088051,0.7295597484276729,0.7566037735849057,0.2581761006289308,0.3632075471698113,0.058356027343967096,0.006071341837973743,0.007618520111474493,33.91237254645423
IND507117AAB,2,1,0.0008136067707301299,0.0008136067707301299,0.16666666666666666,1263,12.0,12.0,1364.0,247.0,14.0,14.0,308.0,26.0,13.0,836.0,Manuguru_AskNagar_D (Telangana),0.7194968553459119,0.6952830188679245,0.8254716981132075,0.8154088050314465,0.3238993710691824,0.07225031956872117,0.03980895511016509,0.010762672219055048,33.90448581221061
IND785675AAA,1,1,0.007583623558057363,0.007583623558057363,0.0,1263,1.0,1.0,144.0,39.0,3.0,3.0,163.0,4.0,2.0,153.5,Moranhat_TiloiDPP_D (Assam),0.9723270440251572,0.9654088050314465,0.15943396226415094,0.3018867924528302,0.7150943396226415,0.011115433779803258,0.007309419389246821,0.0017046084231642352,33.86667696203872
IND274001AAA,2,2,0.0004226554412974591,0.00042245729059830415,0.0,1263,9.0,9.0,441.0,528.0,11.0,11.0,894.0,20.0,10.0,667.5,Deoria_CCRoad_D (Uttar Pradesh),0.6559748427672956,0.6295597484276729,0.6729559748427673,0.7619496855345912,0.7150943396226415,0.05557716889901628,0.03178526021056842,0.008326885991238497,33.79684744421601
IND695541AAA,1,2,0.001228138033362237,0.001228138033362237,0.0,1263,2.0,2.0,39.0,83.0,9.0,7.0,71.0,11.0,4.5,55.0,Nedumangad_Arsprmbu_D (Kerala),0.8229559748427673,0.8069182389937107,0.4037735849056604,0.12767295597484277,0.7150943396226415,0.025009726004557326,0.0026190102046161246,0.003265780605362578,33.78435821265807
IND473226AAA,1,2,0.0008104363595436515,0.000810436359543651,0.16666666666666666,1263,15.0,15.0,3041.0,571.0,12.0,12.0,5435.0,27.0,13.5,4238.0,Guna_Raghogrh_D (Madhya Pradesh),0.6943396226415094,0.6650943396226415,0.8393081761006289,0.9635220125786164,0.3238993710691824,0.07502917801367198,0.20180664085751157,0.017786780770340203,33.78399312656732
IND211011AAA,1,1,0.0008183623875098481,0.0008183623875098481,0.0,1263,8.0,8.0,567.0,201.0,7.0,7.0,337.0,15.0,7.5,452.0,Allahabad_Central_D_5 (Uttar Pradesh),0.7367924528301887,0.7147798742138365,0.5411949685534592,0.6405660377358491,0.7150943396226415,0.041682876674262216,0.021523502045208878,0.006149783577850547,33.77604263801203
IND781335AAA,1,1,0.0032572011927086883,0.0032572011927086883,0.0,1263,4.0,4.0,170.0,103.0,2.0,2.0,64.0,6.0,3.0,117.0,Nalbari_Bhgtpura_D (Assam),0.9251572327044025,0.9132075471698113,0.23018867924528302,0.23553459119496856,0.7150943396226415,0.016673150669704886,0.0055713489807288465,0.0023347658236564698,33.729945838352634
IND641062AAD,7,6,9.550863699267477e-05,9.550863699267477e-05,0.01948051948051948,19,46.0,46.0,2374.0,8509.0,53.0,51.0,3152.0,99.0,48.5,2763.0,Coimbatore_Karayam_H (Tamil Nadu),0.5176100628930818,0.5069182389937107,0.9767295597484277,0.940251572327044,0.4270440251572327,0.269549269160229,0.13156954900644277,0.03945488144151763,33.72746105320796
IND508207AAB,1,1,0.0004042274262760509,0.00368679190847657,0.0,1263,10.0,10.0,1347.0,115.0,6.0,6.0,172.0,16.0,8.0,759.5,Miryalguda_Ragvendr_D (Telangana),0.5550314465408805,0.9245283018867925,0.5745283018867925,0.7924528301886793,0.7150943396226415,0.04446173511921303,0.03616615000738085,0.007103840853924737,33.694814684205674
IND125104AAA,1,1,0.0028153251335932008,0.0028153251335932016,0.0,1263,1.0,1.0,173.0,165.0,6.0,6.0,406.0,7.0,3.5,289.5,Sirsa_AnprnDPP_D (Haryana),0.9025157232704403,0.8915094339622641,0.26069182389937107,0.4971698113207547,0.7150943396226415,0.0194520091146557,0.013785517349752146,0.0030240123315440452,33.66535155997343
IND415409AAB,1,1,0.0012269491291673075,0.0012269491291673075,0.0,1263,9.0,9.0,173.0,80.0,2.0,2.0,41.0,11.0,5.5,107.0,Islampur_Shantanu_D (Maharashtra),0.8163522012578617,0.7990566037735849,0.4037735849056604,0.21855345911949686,0.7150943396226415,0.030567442894458955,0.005095165307162279,0.0040695361761104824,33.64687303522062
IND363310AAB,2,1,0.002019551925787015,0.0020195519257870153,0.3333333333333333,1263,9.0,9.0,571.0,97.0,8.0,7.0,282.0,17.0,8.0,426.5,Dhrangadhra_NvygRDPP_D (Gujarat),0.8773584905660378,0.8654088050314466,0.6056603773584905,0.6229559748427673,0.24213836477987422,0.04446173511921303,0.02030923367761413,0.00645064095906442,33.64328676493435
IND431107AAB,1,1,0.001211493374633223,0.0012114933746332232,0.0,1263,6.0,6.0,257.0,185.0,7.0,7.0,107.0,13.0,6.5,182.0,Paithan_SantaNGR_D (Maharashtra),0.7735849056603774,0.7503144654088051,0.47232704402515724,0.3462264150943396,0.7150943396226415,0.03612515978436059,0.00866654285891154,0.004918407655512404,33.588687678373105
IND384170AAA,1,1,0.0012269491291673075,0.0012269491291673075,0.0,1263,7.0,4.0,67.0,44.0,4.0,2.0,42.0,11.0,3.0,54.5,Unjha_DC (Gujarat),0.8163522012578617,0.7990566037735849,0.4037735849056604,0.12672955974842767,0.7150943396226415,0.016673150669704886,0.0025952010209377963,0.0022121682457922963,33.55400463870471
IND518422AAB,1,1,0.00081321046933182,0.00081321046933182,0.0,1263,10.0,10.0,802.0,176.0,6.0,6.0,192.0,16.0,8.0,497.0,Atmakur_IndraNgr_D (Andhra Pradesh),0.7081761006289308,0.6827044025157233,0.5745283018867925,0.6754716981132075,0.7150943396226415,0.04446173511921303,0.023666328576258434,0.0065889310268952075,33.54800001046426
IND212501AAA,1,1,0.00081321046933182,0.00081321046933182,0.0,1263,8.0,8.0,153.0,277.0,8.0,8.0,567.0,16.0,8.0,360.0,Soraon_BypassRD_D (Uttar Pradesh),0.7081761006289308,0.6827044025157233,0.5745283018867925,0.5742138364779874,0.7150943396226415,0.04446173511921303,0.01714261224839645,0.006320197136216939,33.53456331593034
IND784168AAB,3,2,0.004246963934987549,0.004451257305816278,0.15,1263,8.0,8.0,485.0,285.0,3.0,3.0,753.0,11.0,5.5,619.0,Gohpur_Central_D_1 (Assam),0.9477987421383648,0.9389937106918239,0.4037735849056604,0.7421383647798742,0.36069182389937104,0.030567442894458955,0.029475769393770564,0.005073855533973793,33.52413302827102
IND123401AAB,1,1,0.00041136085144562824,0.00041136085144562824,0.0,1263,10.0,10.0,467.0,344.0,10.0,10.0,337.0,20.0,10.0,402.0,Rewari_YuktiDPP_D (Haryana),0.6455974842767296,0.619182389937107,0.6729559748427673,0.6081761006289308,0.7150943396226415,0.05557716889901628,0.01914258367737604,0.007806091480471487,33.51137375641351
IND854334AAA,2,3,0.00142995452045153,0.001225760224972378,0.3,1263,12.0,11.0,84.0,272.0,8.0,8.0,297.0,20.0,9.5,190.5,Raniganj_Central_DPP_1 (Bihar),0.8358490566037736,0.789308176100629,0.6729559748427673,0.36163522012578614,0.2632075471698113,0.05279831045406547,0.009071298981443121,0.007040344083996668,33.50924990860235
IND487001AAB,1,1,0.0029950478177267204,0.005990095635453441,0.0,1263,2.0,2.0,62.0,21.0,3.0,3.0,219.0,5.0,2.5,140.5,Narsinghpur_KndliDPP_D (Madhya Pradesh),0.9166666666666666,0.9540880503144654,0.19654088050314467,0.2770440251572327,0.7150943396226415,0.01389429222475407,0.006690380613610282,0.0020299853199509427,33.491436372915786
IND380005AAA,1,3,0.0008183623875098481,0.0008183623875098481,0.5,1263,8.0,8.0,282.0,250.0,23.0,23.0,799.0,31.0,15.5,540.5,Amd_Chandkheda_Dc (Gujarat),0.7367924528301887,0.7147798742138365,0.890251572327044,0.6971698113207547,0.13364779874213836,0.08614461179347524,0.025737727556273005,0.011937416835825514,33.48680794870951
IND110024AAA,3,1,0.0004101719472506987,0.0004101719472506987,0.1,1263,9.0,9.0,82.0,268.0,26.0,26.0,1078.0,35.0,17.5,580.0,Delhi_Lajpat_IP (Delhi),0.6342767295597485,0.6072327044025158,0.8984276729559748,0.7226415094339622,0.3745283018867924,0.0972600455732785,0.02761865306686095,0.013418407276965496,33.47909646447721
IND140118AAA,1,1,0.0004042274262760509,0.0004042274262760509,0.0,1263,13.0,13.0,891.0,568.0,12.0,12.0,313.0,25.0,12.5,602.0,AnandprShb_PnjPiara_D (Punjab),0.5550314465408805,0.5267295597484277,0.810377358490566,0.7311320754716981,0.7150943396226415,0.06947146112377035,0.0286662571487074,0.009952789694549123,33.39701055390985
IND383315AAC,1,1,0.00081321046933182,0.00081321046933182,0.0,1263,8.0,4.0,189.0,50.0,8.0,5.0,97.0,16.0,4.5,143.0,Modasa_Central_D_1 (Gujarat),0.7081761006289308,0.6827044025157233,0.5745283018867925,0.2830188679245283,0.7150943396226415,0.025009726004557326,0.006809426532001924,0.0034383979949953345,33.390473358869265
IND845401AAA,2,1,0.0008132104693318199,0.00081321046933182,0.3333333333333333,1263,15.0,15.0,881.0,680.0,14.0,12.0,520.0,29.0,13.5,700.5,Motihari_RajaBzr_D (Bihar),0.699685534591195,0.6827044025157233,0.8723270440251573,0.7754716981132076,0.24213836477987422,0.07502917801367198,0.03335666633333809,0.010847757863227975,33.37100424536266
IND635802AAB,3,2,0.0008136067707301299,0.0008136067707301299,0.2777777777777778,1263,13.0,13.0,958.0,666.0,13.0,12.0,1030.0,26.0,12.5,994.0,Ambur_Central_D_2 (Tamil Nadu),0.7194968553459119,0.6952830188679245,0.8254716981132075,0.8415094339622642,0.2672955974842767,0.06947146112377035,0.04733265715251687,0.01072172170291322,33.336400550554465
IND282002AAD,4,4,0.0033678407725011394,0.0014879135999543462,0.21428571428571427,1263,7.0,5.0,357.0,472.0,8.0,8.0,952.0,15.0,6.5,654.5,IND282002AAD,0.929559748427673,0.820125786163522,0.5411949685534592,0.7584905660377359,0.2779874213836478,0.03612515978436059,0.031166221434931883,0.005845245344165557,33.33471509739695
IND210427AAA,1,1,0.0008080585511537919,0.0008080585511537919,0.0,1263,8.0,8.0,2669.0,838.0,9.0,9.0,978.0,17.0,8.5,1823.5,Mahoba_Mlkpura_D (Uttar Pradesh),0.6761006289308176,0.6474842767295598,0.6056603773584905,0.9157232704402516,0.7150943396226415,0.04724059356416384,0.0868320928748637,0.009541819212466884,33.32929221848498
IND571111AAB,1,1,0.0008278736210692847,0.0008278736210692847,0.0,1263,7.0,7.0,163.0,71.0,6.0,6.0,158.0,13.0,6.5,160.5,Gundlupet_Swamylyt_D (Karnataka),0.7603773584905661,0.740251572327044,0.47232704402515724,0.3122641509433962,0.7150943396226415,0.03612515978436059,0.007642747960743418,0.004876234088727128,33.287836861669064
IND207302AAA,1,1,0.001215060087218012,0.001215060087218012,0.0,1263,6.0,4.0,1039.0,986.0,6.0,6.0,149.0,12.0,5.0,594.0,Jalesar_ChngiDPP_D (Uttar Pradesh),0.7823899371069183,0.7572327044025158,0.4380503144654088,0.7264150943396226,0.7150943396226415,0.02778858444950814,0.028285310209854145,0.004673939309845668,33.263571179328764
IND829122AAA,1,1,0.0008183623875098481,0.0008183623875098481,0.0,1263,7.0,7.0,308.0,1096.0,7.0,7.0,342.0,14.0,7.0,325.0,Ramgarh_HotelPrk_D (Jharkhand),0.7367924528301887,0.7147798742138365,0.5078616352201258,0.5421383647798742,0.7150943396226415,0.0389040182293114,0.015475969390913464,0.00554978810664809,33.2460428644519
IND756019AAA,2,4,0.0036455765630523454,0.025676367596495428,0.10714285714285714,1263,7.0,6.0,200.0,3377.0,3.0,3.0,61.0,10.0,4.5,130.5,Balasore_Ganeshwr_D (Orissa),0.9352201257861635,0.9886792452830189,0.3632075471698113,0.26132075471698113,0.370440251572327,0.025009726004557326,0.006214196940043714,0.0034138784794225,33.23830398686421
IND313324AAA,1,1,0.0020147963090072964,0.002014796309007297,0.5,1263,14.0,14.0,620.0,537.0,5.0,5.0,284.0,19.0,9.5,452.0,Rajsamand_kankroli_D (Rajasthan),0.8748427672955975,0.8628930817610063,0.6509433962264151,0.6405660377358491,0.13364779874213836,0.05279831045406547,0.021523502045208878,0.00755329234978037,33.22986587535066
IND532222AAA,1,2,0.0012166452928112513,0.0012166452928112513,0.3333333333333333,1263,8.0,6.0,428.0,272.0,14.0,14.0,294.0,22.0,10.0,361.0,Palasa_Central_DPP_1 (Andhra Pradesh),0.789622641509434,0.7647798742138365,0.7286163522012579,0.5754716981132075,0.24213836477987422,0.05557716889901628,0.01719023061575311,0.007725667469392589,33.22905066906712
IND815351AAA,1,1,0.0008183623875098481,0.0008183623875098481,0.0,1263,8.0,2.0,111.0,137.0,6.0,6.0,596.0,14.0,4.0,353.5,Jamtara_D (Jharkhand),0.7367924528301887,0.7147798742138365,0.5078616352201258,0.5688679245283019,0.7150943396226415,0.022230867559606515,0.016833092860578183,0.0035004294442594155,33.14357493133247
IND423109AAA,2,1,0.0010212687034444933,0.0008171734833149186,0.16666666666666666,1263,10.0,10.0,175.0,205.0,12.0,12.0,390.0,22.0,11.0,282.5,Shirdi_SaiBansi_D (Maharashtra),0.7660377358490567,0.7022012578616352,0.7286163522012579,0.48427672955974843,0.3238993710691824,0.06113488578891791,0.013452188778255549,0.0082734392975601,33.0944895749409
IND124507AAA,1,2,0.00040977564585238885,0.00040977564585238885,0.0,1263,10.0,10.0,699.0,532.0,10.0,10.0,485.0,20.0,10.0,592.0,Bahadurgarh_DC (Haryana),0.6283018867924528,0.60062893081761,0.6729559748427673,0.7245283018867924,0.7150943396226415,0.05557716889901628,0.028190073475140832,0.008178788117178575,33.08504003478974
IND560048AAB,4,2,0.0008092474553487216,0.0008092474553487215,0.6153846153846154,1263,30.0,24.0,1346.0,1849.0,46.0,37.0,1420.0,76.0,30.5,1383.0,Bengaluru_Hoodi_IP (Karnataka),0.689937106918239,0.6597484276729559,0.9641509433962264,0.8842767295597485,0.04591194968553459,0.16951036514199966,0.06585620205425637,0.024116347974908258,33.0737419270473
IND691506AAA,1,1,1.54557545340843e-05,1.54557545340843e-05,0.0,1263,14.0,14.0,168.0,178.0,15.0,14.0,166.0,29.0,14.0,167.0,Kottarakkara_Amankovl_D (Kerala),0.4971698113207547,0.4858490566037736,0.8723270440251573,0.3251572327044025,0.7150943396226415,0.0778080364586228,0.007952267348561687,0.010152142131561844,33.059493899030926
IND791102AAA,2,1,0.002430120174436024,0.002430120174436024,0.0,1263,1.0,1.0,368.0,63.0,5.0,5.0,446.0,6.0,3.0,407.0,Pasighat_MissonRd_D (Arunachal Pradesh),0.8949685534591195,0.8842767295597485,0.23018867924528302,0.6103773584905661,0.7150943396226415,0.016673150669704886,0.019380675514159323,0.0029036185849462357,33.016250111637255
IND341510AAB,2,1,0.0016145318967143445,0.0016145318967143445,0.16666666666666666,1263,8.0,8.0,625.0,1571.0,8.0,8.0,443.0,16.0,8.0,534.0,Merta_Central_DPP_1 (Rajasthan),0.8393081761006289,0.8232704402515724,0.5745283018867925,0.6943396226415094,0.3238993710691824,0.04446173511921303,0.025428208168454737,0.006661508792990798,33.012320722668406
IND695101AAB,2,2,0.0004220609891999943,0.0004232498933949239,0.1,1263,14.0,9.0,292.0,396.0,14.0,5.0,165.0,28.0,7.0,228.5,Attingal_Central_D_2 (Kerala),0.6553459119496855,0.630188679245283,0.8559748427672956,0.4157232704402516,0.3745283018867924,0.0389040182293114,0.010880796940996081,0.005360497446425805,32.98500600439675
IND508252AAB,1,1,0.000409379344454079,0.003691943826654598,0.0,1263,6.0,6.0,172.0,5.0,7.0,7.0,410.0,13.0,6.5,291.0,Choutuppal_Nagaram_D (Telangana),0.6116352201257862,0.9251572327044025,0.47232704402515724,0.5012578616352201,0.7150943396226415,0.03612515978436059,0.013856944900787132,0.0051322178313075225,32.918560577099974
IND825409AAA,1,1,0.0008080585511537917,0.0008080585511537919,0.0,1263,8.0,8.0,6046.0,397.0,8.0,8.0,559.0,16.0,8.0,3302.5,JhumriTlya_RadhaCpx_D (Jharkhand),0.670440251572327,0.6474842767295598,0.5745283018867925,0.9540880503144654,0.7150943396226415,0.04446173511921303,0.15725965819535911,0.012092091102062235,32.90491902051192
IND825301AAA,1,1,0.0008132104693318199,0.00081321046933182,0.0,1263,8.0,8.0,559.0,415.0,7.0,7.0,308.0,15.0,7.5,433.5,Hazaribag_BodomBzr_DC (Jharkhand),0.699685534591195,0.6827044025157233,0.5411949685534592,0.630188679245283,0.7150943396226415,0.041682876674262216,0.02064256224911073,0.0061134946948027515,32.896869703293596
IND814101AAB,1,1,0.00081321046933182,0.00081321046933182,0.0,1263,7.0,7.0,302.0,138.0,8.0,2.0,111.0,15.0,4.5,206.5,Dumka_Dudhani_D (Jharkhand),0.7081761006289308,0.6827044025157233,0.5411949685534592,0.37830188679245286,0.7150943396226415,0.025009726004557326,0.009833192859149631,0.0035629571341053348,32.896701315824764
IND742121AAB,1,2,0.0012166452928112513,0.00121981570399773,0.16666666666666666,1263,10.0,10.0,373.0,284.0,9.0,5.0,203.0,19.0,7.5,288.0,Nowda_ArhamDPP_D (West Bengal),0.789622641509434,0.7729559748427673,0.6509433962264151,0.4940251572327044,0.3238993710691824,0.041682876674262216,0.01371408979871716,0.005828087533534955,32.86844840183398
IND518124AAA,1,2,0.0012217972109892794,0.0012217972109892794,0.16666666666666666,1263,7.0,7.0,120.0,212.0,11.0,11.0,520.0,18.0,9.0,320.0,Bngnpalle_Enkndla_D (Andhra Pradesh),0.8012578616352202,0.779874213836478,0.6305031446540881,0.5364779874213836,0.3238993710691824,0.05001945200911465,0.01523787755413018,0.0069434890723487795,32.861325397013665
IND176048AAA,1,1,0.00040541633047098046,0.00040541633047098046,0.0,1263,11.0,11.0,1016.0,119.0,11.0,11.0,336.0,22.0,11.0,676.0,Jahu_Sulgwan_D (Himachal Pradesh),0.5827044025157233,0.5581761006289309,0.7286163522012579,0.7666666666666667,0.7150943396226415,0.06113488578891791,0.0321900163331,0.009045313647792937,32.85478140566009
IND125051AAA,3,1,0.0016248357330704006,0.0016284024456551893,0.16666666666666666,1263,4.0,0.0,6.0,65.0,11.0,11.0,715.0,15.0,5.5,360.5,Ratia_SchdvDPP_D (Haryana),0.8515723270440252,0.8446540880503145,0.5411949685534592,0.5748427672955975,0.3238993710691824,0.030567442894458955,0.01716642143207478,0.004566791951927571,32.80538362275361
IND273304AAA,1,1,0.0008183623875098481,0.0008183623875098481,0.0,1263,12.0,12.0,2743.0,3954.0,1.0,1.0,73.0,13.0,6.5,1408.0,Nichlaul_Wardno13_D (Uttar Pradesh),0.7367924528301887,0.7147798742138365,0.47232704402515724,0.8871069182389937,0.7150943396226415,0.03612515978436059,0.0670466612381728,0.007323281742896035,32.80169867833977
IND630561AAA,1,2,1.3077946144225176e-05,1.3077946144225176e-05,0.0,27,16.0,16.0,416.0,643.0,12.0,12.0,847.0,28.0,14.0,631.5,Sivaganga_Wardno3_D (Tamil Nadu),0.4930817610062893,0.48238993710691824,0.8559748427672956,0.7462264150943396,0.7150943396226415,0.0778080364586228,0.030070998985728774,0.011063287330248382,32.76385619041179
IND581110AAE,2,2,0.00081321046933182,0.00081321046933182,0.4,1263,13.0,13.0,520.0,512.0,14.0,14.0,341.0,27.0,13.5,430.5,Haveri_GuttalRD_D (Karnataka),0.7081761006289308,0.6827044025157233,0.8393081761006289,0.6261006289308176,0.22044025157232705,0.07502917801367198,0.020499707147040757,0.010318136326854745,32.759617508166635
IND843320AAA,2,1,0.0012166452928112509,0.0012166452928112513,0.3333333333333333,1263,7.0,7.0,191.0,187.0,14.0,14.0,782.0,21.0,10.5,486.5,Pupri_SngihiRD_D (Bihar),0.7852201257861635,0.7647798742138365,0.6993710691823899,0.6663522012578617,0.24213836477987422,0.058356027343967096,0.02316633571901354,0.008322720598726307,32.754186344401724
IND574211AAA,1,2,0.0016355358708247667,0.0016355358708247667,0.16666666666666666,1263,6.0,6.0,194.0,42.0,8.0,8.0,295.0,14.0,7.0,244.5,Bantwal_Trmltmpl_D (Karnataka),0.869811320754717,0.8575471698113207,0.5078616352201258,0.4358490566037736,0.3238993710691824,0.0389040182293114,0.01164269081870259,0.005391882426359034,32.749153869745626
IND518401AAA,1,1,0.0008183623875098481,0.0008183623875098481,0.0,1263,6.0,6.0,192.0,97.0,7.0,7.0,196.0,13.0,6.5,194.0,Nandikotkr_UmarDPP_D (Andhra Pradesh),0.7367924528301887,0.7147798742138365,0.47232704402515724,0.36666666666666664,0.7150943396226415,0.03612515978436059,0.009237963267191422,0.004941946390462326,32.68263191071809
IND322230AAA,1,1,2.2985481101971522e-05,2.2985481101971522e-05,0.0,18,13.0,13.0,263.0,190.0,13.0,12.0,421.0,26.0,12.5,342.0,Hindaun_MndwrRod_D (Rajasthan),0.5113207547169811,0.5,0.8254716981132075,0.560377358490566,0.7150943396226415,0.06947146112377035,0.01628548163597663,0.00944278377063416,32.67496937721095
IND151506AAA,1,1,0.0008080585511537919,0.0008080585511537919,0.0,1263,11.0,10.0,926.0,2172.0,5.0,3.0,84.0,16.0,6.5,505.0,Jhunir_BhaRDDPP_D (Punjab),0.6761006289308176,0.6474842767295598,0.5745283018867925,0.6792452830188679,0.7150943396226415,0.03612515978436059,0.02404727551511169,0.005551991937914454,32.66281972268189
IND530043AAA,1,2,0.000409379344454079,0.000409379344454079,0.0,1263,10.0,10.0,245.0,224.0,10.0,10.0,433.0,20.0,10.0,339.0,Visakhapatnam_VislkNgr_DC (Andhra Pradesh),0.6116352201257862,0.5839622641509434,0.6729559748427673,0.5572327044025157,0.7150943396226415,0.05557716889901628,0.01614262653390666,0.0076825131219844,32.64355961836337
IND848101AAA,2,1,0.0008132104693318199,0.00081321046933182,0.3333333333333333,1263,11.0,11.0,536.0,264.0,15.0,15.0,523.0,26.0,13.0,529.5,Samastipur_Haripur_D (Bihar),0.699685534591195,0.6827044025157233,0.8254716981132075,0.6918238993710691,0.24213836477987422,0.07225031956872117,0.025213925515349782,0.01016145369720914,32.63385884838247
IND341512AAA,1,1,0.0016299876512484287,0.0016299876512484287,0.0,1263,3.0,3.0,67.0,44.0,4.0,4.0,172.0,7.0,3.5,119.5,Parbatsar_AjmhwDPP_D (Rajasthan),0.860062893081761,0.8474842767295597,0.26069182389937107,0.2389937106918239,0.7150943396226415,0.0194520091146557,0.005690394899120489,0.0026905469197534932,32.57163426422667
IND210431AAA,1,1,0.0016145318967143445,0.0016145318967143445,0.0,1263,4.0,4.0,918.0,1047.0,4.0,4.0,448.0,8.0,4.0,683.0,Rath_Mughlpra_D (Uttar Pradesh),0.8393081761006289,0.8232704402515724,0.2921383647798742,0.769811320754717,0.7150943396226415,0.022230867559606515,0.0325233449045966,0.004146763874759339,32.56268410568765
IND631102AAA,1,1,0.0004042274262760509,0.0004042274262760509,0.0,1263,12.0,12.0,741.0,409.0,11.0,11.0,169.0,23.0,11.5,455.0,Sholinghur_ArkonmRD_D (Tamil Nadu),0.5550314465408805,0.5267295597484277,0.7566037735849057,0.6415094339622641,0.7150943396226415,0.06391374423386872,0.02166635714727885,0.008962685805447675,32.54090158586987
IND422103AAC,1,1,0.0006134745645836537,0.0008175697847132284,0.0,1263,7.0,7.0,169.0,122.0,8.0,8.0,199.0,15.0,7.5,184.0,Sinnar_Central_D_1 (Maharashtra),0.6635220125786163,0.7034591194968554,0.5411949685534592,0.3484276729559748,0.7150943396226415,0.041682876674262216,0.008761779593624853,0.00562408516396897,32.53749356637455
IND561202AAB,1,1,0.0004042274262760509,0.0004042274262760509,0.0,1263,11.0,11.0,611.0,126.0,12.0,12.0,175.0,23.0,11.5,393.0,Pavagada_PnukndRD_D (Karnataka),0.5550314465408805,0.5267295597484277,0.7566037735849057,0.6028301886792453,0.7150943396226415,0.06391374423386872,0.018714018371166125,0.008841069008206415,32.53482074600781
IND370001AAA,2,3,0.000810436359543651,0.000810436359543651,0.25,1263,12.0,12.0,1591.0,733.0,13.0,13.0,1034.0,25.0,12.5,1312.5,Bhuj_DC (Gujarat),0.6937106918238993,0.6650943396226415,0.810377358490566,0.8805031446540881,0.2732704402515723,0.06947146112377035,0.06249910715561206,0.01134647895970905,32.51229250144457
IND212402AAA,1,1,0.0008080585511537919,0.0008080585511537919,0.0,1263,7.0,7.0,7056.0,530.0,8.0,8.0,153.0,15.0,7.5,3604.5,Phulpur_Shekhpur_D (Uttar Pradesh),0.6761006289308176,0.6474842767295598,0.5411949685534592,0.9553459119496855,0.7150943396226415,0.041682876674262216,0.17164040513706946,0.012333605405319466,32.501900396052136
IND322241AAA,1,1,2.4570686695210938e-05,2.4570686695210938e-05,0.0,18,12.0,12.0,350.0,307.0,13.0,13.0,263.0,25.0,12.5,306.5,Karauli_HnsChowk_D (Rajasthan),0.5128930817610063,0.5009433962264151,0.810377358490566,0.5220125786163522,0.7150943396226415,0.06947146112377035,0.014595029594815312,0.00937314834640731,32.47809137958452
IND523105AAA,2,1,0.00081321046933182,0.00081321046933182,0.3333333333333333,1263,12.0,10.0,146.0,144.0,13.0,13.0,421.0,25.0,11.5,283.5,Kandukur_LICOffce_D (Andhra Pradesh),0.7081761006289308,0.6827044025157233,0.810377358490566,0.4861635220125786,0.24213836477987422,0.06391374423386872,0.013499807145612205,0.008626278051788384,32.45804346233785
IND174103AAA,3,1,0.0006059448380157665,0.000807662249755482,0.0,1263,2.0,2.0,224.0,53.0,14.0,14.0,385.0,16.0,8.0,304.5,Baddi_ByePass_D (Himachal Pradesh),0.660377358490566,0.6383647798742138,0.5745283018867925,0.519496855345912,0.7150943396226415,0.04446173511921303,0.014499792860102,0.006211330487073553,32.36874262498261
IND561207AAB,1,1,0.00041254975564055784,0.00041254975564055784,0.0,1263,9.0,8.0,126.0,157.0,8.0,3.0,44.0,17.0,5.5,85.0,Bagepalli_TBCross_D (Karnataka),0.6474842767295598,0.6216981132075472,0.6056603773584905,0.1877358490566038,0.7150943396226415,0.030567442894458955,0.004047561225315829,0.004026381828702293,32.36641343105776
IND852113AAA,2,2,0.00040620893326760005,0.0012214009095909695,0.3,1263,14.0,14.0,779.0,587.0,13.0,13.0,717.0,27.0,13.5,748.0,Madhepura_Krishnpr_D (Bihar),0.5889937106918239,0.7738993710691824,0.8393081761006289,0.7861635220125787,0.2632075471698113,0.07502917801367198,0.03561853878277929,0.010940932022404747,32.34264408539696
IND396321AAA,2,2,9.907534957746346e-06,9.907534957746346e-06,0.0,9,17.0,17.0,398.0,575.0,10.0,10.0,276.0,27.0,13.5,337.0,Bilimora_DC (Gujarat),0.48836477987421384,0.47641509433962265,0.8393081761006289,0.5556603773584906,0.7150943396226415,0.07502917801367198,0.016047389799193346,0.010134730350369941,32.33692519676378
IND244713AAA,2,1,0.0004042274262760509,0.0004042274262760509,0.0,1263,11.0,11.0,268.0,357.0,12.0,1.0,38.0,23.0,6.0,153.0,Kashipur_Vaishali_D (Uttarakhand),0.5550314465408805,0.5267295597484277,0.7566037735849057,0.30062893081761005,0.7150943396226415,0.03334630133940977,0.007285610205568492,0.004510645186400971,32.31829955491754
IND632402AAA,1,1,0.000409379344454079,0.000409379344454079,0.0,1263,11.0,11.0,169.0,321.0,8.0,8.0,657.0,19.0,9.5,413.0,Ranipet_MBTRd_DC (Tamil Nadu),0.6116352201257862,0.5839622641509434,0.6509433962264151,0.6135220125786164,0.7150943396226415,0.05279831045406547,0.019666385718299262,0.007476791461193125,32.30308485607853
IND251309AAB,1,1,0.000808058551153792,0.0008080585511537919,0.0,1263,6.0,6.0,403.0,207.0,9.0,9.0,130.0,15.0,7.5,266.5,Budhana_Busstand_D (Uttar Pradesh),0.6823899371069182,0.6474842767295598,0.5411949685534592,0.46352201257861636,0.7150943396226415,0.041682876674262216,0.01269029490054904,0.00578591396674968,32.26885544676515
IND403726AAB,4,5,6.340822372957661e-06,6.340822372957661e-06,0.0,6,19.0,17.0,285.0,3494.0,9.0,9.0,1320.0,28.0,13.0,802.5,Goa_ZuariNgr_IP (Goa),0.47452830188679246,0.4619496855345912,0.8559748427672956,0.8056603773584906,0.7150943396226415,0.07225031956872117,0.03821373980371709,0.010696959917319851,32.26283541724964
IND581314AAA,2,2,0.0005327852409508729,0.004494057856833742,0.2,1263,10.0,10.0,884.0,68.0,9.0,8.0,256.0,19.0,9.0,570.0,Ankola_Kakrmath_D (Karnataka),0.6578616352201258,0.940251572327044,0.6509433962264151,0.7176100628930817,0.2839622641509434,0.05001945200911465,0.027142469393294382,0.007433879383805474,32.24590780566825
IND413501AAA,2,2,0.0004606343253021535,0.0005441218198794293,0.4,1263,15.0,15.0,458.0,589.0,15.0,15.0,751.0,30.0,15.0,604.5,Osmanabad_Kakdepot_D (Maharashtra),0.6566037735849056,0.6333333333333333,0.8845911949685534,0.7339622641509433,0.22044025157232705,0.08336575334852443,0.02878530306709904,0.011712079562575974,32.24126435548729
IND824101AAA,2,2,0.0008136067707301299,0.0008136067707301299,0.0,1263,7.0,7.0,252.0,286.0,6.0,6.0,136.0,13.0,6.5,194.0,AurngbadBR_Mahindra_D (Bihar),0.7194968553459119,0.6952830188679245,0.47232704402515724,0.36666666666666664,0.7150943396226415,0.03612515978436059,0.009237963267191422,0.004941946390462326,32.22822939499481
IND821109AAA,1,1,0.0008183623875098481,0.0008183623875098481,0.0,1263,8.0,8.0,1067.0,263.0,4.0,4.0,203.0,12.0,6.0,635.0,Mohania_Bhabua_D (Bihar),0.7367924528301887,0.7147798742138365,0.4380503144654088,0.7503144654088051,0.7150943396226415,0.03334630133940977,0.030237663271477075,0.005456117706889477,32.194189533143216
IND689101AAA,1,2,0.001236460362726744,0.001236460362726744,0.16666666666666666,1263,5.0,4.0,43.0,212.0,10.0,8.0,104.0,15.0,6.0,73.5,Tiruvalla_TKRoad_D (Kerala),0.8308176100628931,0.8157232704402516,0.5411949685534592,0.16352201257861634,0.3238993710691824,0.03334630133940977,0.0034999500007142754,0.004354701067357742,32.194150147707504
IND562117AAA,1,1,0.00040502002907267067,0.0004050200290726706,0.0,1263,10.0,4.0,209.0,283.0,11.0,11.0,287.0,21.0,7.5,248.0,Kanakapura_VaniThtr_D (Karnataka),0.5789308176100629,0.5506289308176101,0.6993710691823899,0.4421383647798742,0.7150943396226415,0.041682876674262216,0.01180935510445089,0.0057496250837018835,32.11924226047441
IND342902AAA,2,1,0.0014062755119025163,0.0028125510238050325,0.16666666666666666,1263,5.0,5.0,1408.0,388.0,8.0,8.0,803.0,13.0,6.5,1105.5,Gotan_DKLogDPP_D (Rajasthan),0.8336477987421383,0.8905660377358491,0.47232704402515724,0.8566037735849057,0.3238993710691824,0.03612515978436059,0.0526421051127841,0.006729909466033433,32.07077220286142
IND626123AAA,1,1,2.2589179703661667e-05,2.2589179703661667e-05,0.0,27,12.0,12.0,530.0,256.0,12.0,12.0,517.0,24.0,12.0,523.5,Sivakasi_Msstreet_DC (Tamil Nadu),0.5106918238993711,0.49937106918238994,0.7855345911949686,0.6880503144654088,0.7150943396226415,0.06669260267881955,0.02492821531120984,0.009447929943769265,32.060446811653875
IND786190AAA,2,2,0.00203262987193124,0.00203262987193124,0.25,1263,7.0,7.0,343.0,93.0,6.0,6.0,208.0,13.0,6.5,275.5,DoomDooma_Pthrgoan_D (Assam),0.8833333333333333,0.8720125786163522,0.47232704402515724,0.4761006289308176,0.2732704402515723,0.03612515978436059,0.013118860206758952,0.005101813631997208,32.04282653065646
IND695614AAA,1,1,0.0004137386598354874,0.0004137386598354874,0.0,1263,2.0,2.0,11.0,46.0,14.0,14.0,178.0,16.0,8.0,94.5,Kilimanoor_Krvnkuzy_D (Kerala),0.6490566037735849,0.6232704402515723,0.5745283018867925,0.19874213836477989,0.7150943396226415,0.04446173511921303,0.004499935715204069,0.005799402625449929,32.027391514920296
IND244412AAA,1,2,0.0012221935123875893,0.0012221935123875893,0.3333333333333333,1263,10.0,2.0,100.0,1310.0,8.0,8.0,140.0,18.0,5.0,120.0,Chandausi_Ganesh_D (Uttar Pradesh),0.8069182389937107,0.7852201257861635,0.6305031446540881,0.24025157232704403,0.24213836477987422,0.02778858444950814,0.005714204082798817,0.0037441592793237746,32.022113624343554
IND756045AAB,1,1,0.0032465010549543225,0.025277292088397407,0.0,1263,1.0,1.0,11.0,22.0,1.0,0.0,7.0,2.0,0.5,9.0,Soro_UttarDPP_D (Orissa),0.9220125786163522,0.9874213836477987,0.07610062893081761,0.021383647798742137,0.7150943396226415,0.0027788584449508144,0.00042856530620991127,0.00036853124419489717,32.01528190812169
IND383255AAB,1,1,0.0008080585511537918,0.0008080585511537919,0.0,1263,7.0,5.0,397.0,602.0,8.0,4.0,189.0,15.0,4.5,293.0,Khedbrahma_Patelfli_D (Gujarat),0.6713836477987422,0.6474842767295598,0.5411949685534592,0.5066037735849057,0.7150943396226415,0.025009726004557326,0.013952181635500445,0.0037326321818693512,32.0010970178985
IND335051AAA,1,1,0.0016145318967143438,0.0016145318967143445,0.0,1263,5.0,5.0,502.0,529.0,2.0,2.0,80.0,7.0,3.5,291.0,RaisingNgr_BisnolDPP_D (Rajasthan),0.8364779874213837,0.8232704402515724,0.26069182389937107,0.5012578616352201,0.7150943396226415,0.0194520091146557,0.013856944900787132,0.0030269546734127857,31.992542702224096
IND627005AAA,3,4,1.7040960127323715e-05,1.7040960127323715e-05,0.047619047619047616,10,30.0,28.0,903.0,1068.0,31.0,31.0,2002.0,61.0,29.5,1452.5,Tirunelveli_VdkkuSrt_I (Tamil Nadu),0.5031446540880503,0.4918238993710692,0.9509433962264151,0.8930817610062893,0.40817610062893084,0.16395264825209804,0.06916567858554401,0.02355092209552831,31.9888668594934
IND802213AAB,1,1,0.00081321046933182,0.00081321046933182,0.0,1263,5.0,5.0,218.0,75.0,8.0,8.0,1067.0,13.0,6.5,642.5,Dinara_Wardno7_D (Bihar),0.7081761006289308,0.6827044025157233,0.47232704402515724,0.7522012578616353,0.7150943396226415,0.03612515978436059,0.030594801026652,0.005821706609215636,31.976619921655754
IND641607AAA,2,3,4.359315381408392e-05,4.359315381408392e-05,0.05555555555555555,19,30.0,30.0,1194.0,1904.0,24.0,24.0,686.0,54.0,27.0,940.0,Tirupur_Koliplm_I (Tamil Nadu),0.5150943396226415,0.5037735849056604,0.9418238993710691,0.8314465408805032,0.4018867924528302,0.15005835602734396,0.0447612653152574,0.020791235992129804,31.949939158097056
IND574239AAA,1,1,0.00081321046933182,0.00081321046933182,0.0,1263,7.0,7.0,128.0,12.0,6.0,6.0,122.0,13.0,6.5,125.0,Sullia_Srirampt_D (Karnataka),0.7081761006289308,0.6827044025157233,0.47232704402515724,0.2531446540880503,0.7150943396226415,0.03612515978436059,0.005952295919582101,0.004806598664500277,31.925864524419982
IND845305AAA,1,1,0.0008080585511537916,0.0008080585511537919,0.5,1263,14.0,14.0,6733.0,1277.0,15.0,15.0,881.0,29.0,14.5,3807.0,Raxaul_KairiyaT_D (Bihar),0.6691823899371069,0.6474842767295598,0.8723270440251573,0.9591194968553459,0.13364779874213836,0.08058689490357361,0.18128312452679246,0.017643102259353772,31.81611737711863
IND638701AAA,1,1,1.664465872901386e-05,1.664465872901386e-05,0.0,19,12.0,12.0,416.0,4167.0,12.0,12.0,191.0,24.0,12.0,303.5,Kangayam_Thvlrsrt_D (Tamil Nadu),0.5015723270440252,0.490251572327044,0.7855345911949686,0.5182389937106918,0.7150943396226415,0.06669260267881955,0.014452174492745341,0.009016386469687374,31.81088221656613
IND585307AAB,2,2,0.0004064070839667551,0.0,0.0,1263,15.0,15.0,2798.0,3024.0,15.0,15.0,363.0,30.0,15.0,1580.5,Chincholi_Mainroad_D (Karnataka),0.5915094339622642,0.18270440251572326,0.8845911949685534,0.9025157232704403,0.7150943396226415,0.08336575334852443,0.07526082960719609,0.01362656333850291,31.800825022271056
IND764071AAB,1,2,0.0016200801162906825,0.0016200801162906825,0.0,1263,3.0,3.0,423.0,51.0,3.0,3.0,24.0,6.0,3.0,223.5,Pappadahandi_Central_DPP_2 (Orissa),0.8474842767295597,0.8336477987421383,0.23018867924528302,0.4088050314465409,0.7150943396226415,0.016673150669704886,0.010642705104212797,0.002543672096337022,31.77969932808729
IND712124AAA,1,1,0.00041175715284393814,0.00041175715284393814,0.5,1263,20.0,20.0,410.0,451.0,21.0,21.0,1094.0,41.0,20.5,752.0,Hooghly_DC (West Bengal),0.6465408805031446,0.620125786163522,0.9154088050314465,0.7911949685534592,0.13364779874213836,0.11393319624298338,0.035809012252205924,0.01586105896914244,31.760034080532595
IND400015AAA,3,2,0.00040462372767436066,0.00040462372767436077,0.5,1263,25.0,25.0,1283.0,2483.0,68.0,68.0,3551.0,93.0,46.5,2417.0,Mumbai_CottonGreen_DPC (Maharashtra),0.5672955974842767,0.5433962264150943,0.9738993710691823,0.9339622641509434,0.13364779874213836,0.25843383538042575,0.11509359390103951,0.037372672478531745,31.7569984038008
IND627756AAA,1,1,1.5852055932394153e-05,1.5852055932394153e-05,0.0,27,12.0,12.0,232.0,390.0,12.0,12.0,530.0,24.0,12.0,381.0,Sankaran_Kovil_D (Tamil Nadu),0.4990566037735849,0.4877358490566038,0.7855345911949686,0.5949685534591195,0.7150943396226415,0.06669260267881955,0.018142597962886243,0.00916840746623895,31.755590184632705
IND341001AAC,2,2,0.004031970426404453,0.004031970426404453,0.16666666666666666,1263,5.0,5.0,370.0,189.0,4.0,4.0,157.0,9.0,4.5,263.5,Nagaur_KisanCo_D (Rajasthan),0.9421383647798742,0.9308176100628931,0.32578616352201256,0.45849056603773586,0.3238993710691824,0.025009726004557326,0.01254743979847907,0.0036747661251174614,31.749776042104926
IND244501AAA,1,1,0.000409379344454079,0.000409379344454079,0.0,1263,8.0,6.0,163.0,134.0,10.0,0.0,0.0,18.0,3.0,81.5,Kanth_Dayanand_D (Uttar Pradesh),0.6116352201257862,0.5839622641509434,0.6305031446540881,0.18396226415094338,0.7150943396226415,0.016673150669704886,0.00388089693956753,0.0022651303994296193,31.735898029405448
IND816107AAA,1,1,0.0008080585511537919,0.0008080585511537919,0.0,1263,7.0,7.0,1205.0,229.0,7.0,7.0,302.0,14.0,7.0,753.5,Pakur_Hatpada_D (Jharkhand),0.6761006289308176,0.6474842767295598,0.5078616352201258,0.7918238993710692,0.7150943396226415,0.0389040182293114,0.035880439803240904,0.006390317100484864,31.704735980810412
IND742137AAA,1,1,0.0016196838148923726,0.0016196838148923726,0.0,1263,3.0,3.0,103.0,53.0,3.0,3.0,47.0,6.0,3.0,75.0,Kandi_DohalDPP_D (West Bengal),0.8449685534591195,0.8308176100628931,0.23018867924528302,0.16949685534591194,0.7150943396226415,0.016673150669704886,0.0035713775517492606,0.0022523802513317454,31.699096999987976
IND125111AAA,1,1,0.0016196838148923726,0.0016232505274771613,0.0,1263,2.0,2.0,141.0,50.0,4.0,0.0,6.0,6.0,1.0,73.5,Fatehabad_BhunaDPP_D (Haryana),0.8449685534591195,0.8352201257861636,0.23018867924528302,0.16352201257861634,0.7150943396226415,0.005557716889901629,0.0034999500007142754,0.0008459291375331805,31.67279960153075
IND422605AAA,1,1,0.0006083226464056256,0.0008124178665352003,0.0,1263,7.0,7.0,263.0,110.0,7.0,7.0,169.0,14.0,7.0,216.0,Sangamner_JawanChk_D (Maharashtra),0.6616352201257861,0.669496855345912,0.5078616352201258,0.3955974842767296,0.7150943396226415,0.0389040182293114,0.01028556734903787,0.005335977930852971,31.655163676416866
IND505302AAB,2,2,0.0012317047459470256,0.0012317047459470256,0.08333333333333333,1263,6.0,2.0,96.0,45.0,7.0,6.0,110.0,13.0,4.0,103.0,Vemulawada_Central_DPP_2 (Telangana),0.8276729559748428,0.8125786163522013,0.47232704402515724,0.2138364779874214,0.3855345911949686,0.022230867559606515,0.004904691837735652,0.0030090583521798077,31.63158499308069
IND784001AAA,3,4,0.0014276757874112484,0.001225760224972378,0.09523809523809523,1263,6.0,6.0,787.0,397.0,7.0,7.0,1443.0,13.0,6.5,1115.0,Tezpur_Mhbhirab_D (Assam),0.8345911949685535,0.789308176100629,0.47232704402515724,0.8591194968553459,0.3786163522012579,0.03612515978436059,0.05309447960267234,0.006748544297868788,31.62044608281797
IND574202AAA,1,1,0.0008183623875098481,0.0008183623875098481,0.0,1263,6.0,6.0,122.0,103.0,5.0,5.0,141.0,11.0,5.5,131.5,Puttur_Darbe_DC (Karnataka),0.7367924528301887,0.7147798742138365,0.4037735849056604,0.2628930817610063,0.7150943396226415,0.030567442894458955,0.00626181530740037,0.004117594426633239,31.61311242573418
IND792103AAB,1,1,0.0008183623875098481,0.0008183623875098481,0.0,1263,5.0,0.0,0.0,66.0,6.0,6.0,282.0,11.0,3.0,141.0,Namsai_HelipadRD_D (Arunachal Pradesh),0.7367924528301887,0.7147798742138365,0.4037735849056604,0.2792452830188679,0.7150943396226415,0.016673150669704886,0.00671418979728861,0.0023818432935563127,31.52632486908033
IND385340AAB,2,1,0.001211493374633223,0.0012114933746332232,0.16666666666666666,1263,4.0,3.0,140.0,571.0,13.0,1.0,100.0,17.0,2.0,120.0,Radhanpur_Santalpr_D (Gujarat),0.7735849056603774,0.7503144654088051,0.6056603773584905,0.24025157232704403,0.3238993710691824,0.011115433779803258,0.005714204082798817,0.001638896121429038,31.51276241613435
IND362720AAA,1,1,1.783356292394342e-05,1.783356292394342e-05,0.0,13,12.0,12.0,353.0,147.0,11.0,11.0,591.0,23.0,11.5,472.0,Kodinar_NCplxDPP_D (Gujarat),0.5066037735849057,0.49465408805031447,0.7566037735849057,0.6547169811320754,0.7150943396226415,0.06391374423386872,0.022475869392342016,0.00899603234662673,31.49539910160807
IND614620AAA,1,1,9.114932161126638e-06,9.114932161126638e-06,0.0,27,12.0,12.0,847.0,337.0,12.0,12.0,191.0,24.0,12.0,519.0,Manamelkudi_TmpleSrt_D (Tamil Nadu),0.48553459119496856,0.47358490566037736,0.7855345911949686,0.6852201257861635,0.7150943396226415,0.06669260267881955,0.024713932658104884,0.009439102918163045,31.4247853345874
IND638657AAA,1,1,1.743726152563357e-05,1.743726152563357e-05,0.0,19,12.0,12.0,191.0,229.0,11.0,11.0,231.0,23.0,11.5,211.0,Dharapuram_Techrcly_D (Tamil Nadu),0.5047169811320755,0.4927672955974843,0.7566037735849057,0.38522012578616355,0.7150943396226415,0.06391374423386872,0.010047475512254586,0.008484064861465941,31.422630916029277
IND504208AAB,3,2,0.001428666540907023,0.002437253599605601,0.2777777777777778,1263,6.0,6.0,473.0,285.0,7.0,7.0,217.0,13.0,6.5,345.0,Mancherial_Hitech_D (Telangana),0.8352201257861636,0.8871069182389937,0.47232704402515724,0.5635220125786163,0.2672955974842767,0.03612515978436059,0.016428336738046598,0.005238142138582169,31.419139811331625
IND365560AAA,1,1,0.0008211364972980171,0.0008211364972980171,0.0,1263,5.0,5.0,236.0,75.0,5.0,5.0,395.0,10.0,5.0,315.5,Amreli_MrktYrd_DC (Gujarat),0.7525157232704403,0.7317610062893082,0.3632075471698113,0.5314465408805031,0.7150943396226415,0.02778858444950814,0.015023594901025223,0.0041276445028829096,31.410784740867413
IND486771AAA,3,1,0.001233289951540265,0.001271731187176321,0.25,1263,6.0,6.0,115.0,86.0,8.0,8.0,3218.0,14.0,7.0,1666.5,Churhat_Central_DPP_1 (Madhya Pradesh),0.8301886792452831,0.819496855345912,0.5078616352201258,0.9069182389937107,0.2732704402515723,0.0389040182293114,0.07935600919986857,0.008181222517924712,31.407488798852214
IND680587AAA,1,2,0.0012114933746332232,0.0012114933746332232,0.3333333333333333,1263,9.0,9.0,661.0,277.0,9.0,9.0,85.0,18.0,9.0,373.0,Pazhayannur_AlathurRD_D (Kerala),0.7776729559748428,0.7503144654088051,0.6305031446540881,0.5874213836477987,0.24213836477987422,0.05001945200911465,0.01776165102403299,0.007047451818377599,31.399542402239632
IND384265AAB,1,2,0.0012217972109892794,0.0012217972109892794,0.16666666666666666,1263,8.0,7.0,251.0,104.0,7.0,4.0,67.0,15.0,5.5,159.0,Patan_Central_D_2 (Gujarat),0.8012578616352202,0.779874213836478,0.5411949685534592,0.3091194968553459,0.3238993710691824,0.030567442894458955,0.007571320409708432,0.004171537360893475,31.383105169931465
IND201301AAL,1,2,1.1889041949295614e-06,1.1889041949295614e-06,0.0,1263,12.0,11.0,133.0,1013.0,20.0,13.0,273.0,32.0,12.0,203.0,Dadri_ICDCant_D (Uttar Pradesh),0.42138364779874216,0.4069182389937107,0.8924528301886793,0.3742138364779874,0.7150943396226415,0.06669260267881955,0.009666528573401332,0.008819249564481784,31.368635434198932
IND124141AAA,1,1,0.0012114933746332228,0.0012114933746332232,0.0,1263,7.0,7.0,531.0,154.0,2.0,2.0,106.0,9.0,4.5,318.5,ChrkhiDdri_PuranDPP_D (Haryana),0.7723270440251573,0.7503144654088051,0.32578616352201256,0.5342767295597485,0.7150943396226415,0.025009726004557326,0.015166450003095194,0.0037826519936379342,31.31491876320391
IND624001AAA,1,2,3.963013983098538e-06,3.963013983098538e-06,0.0,27,17.0,16.0,314.0,482.0,9.0,9.0,337.0,26.0,12.5,325.5,Dindigul_Central_D_1 (Tamil Nadu),0.45660377358490567,0.4449685534591195,0.8254716981132075,0.5430817610062894,0.7150943396226415,0.06947146112377035,0.015499778574591791,0.009410418010078019,31.302281906793212
IND462001AAA,2,1,0.0004046237276743608,0.00040462372767436077,0.0,1263,16.0,16.0,892.0,427.0,3.0,3.0,95.0,19.0,9.5,493.5,Bhopal_Old City (Madhya Pradesh),0.5710691823899371,0.5433962264150943,0.6509433962264151,0.6735849056603773,0.7150943396226415,0.05279831045406547,0.023499664290510137,0.007634697141482181,31.296829196696752
IND574221AAA,1,1,0.000808058551153792,0.0008080585511537919,0.0,1263,6.0,6.0,2031.0,338.0,7.0,7.0,128.0,13.0,6.5,1079.5,Kadaba_AnugrDPP_D (Karnataka),0.6823899371069182,0.6474842767295598,0.47232704402515724,0.8553459119496856,0.7150943396226415,0.03612515978436059,0.05140402756151102,0.006678908873641937,31.28048632418524
IND788151AAA,1,2,0.0008179660861115383,0.0008179660861115383,0.6666666666666666,1263,13.0,13.0,730.0,558.0,13.0,13.0,527.0,26.0,13.0,628.5,Hailakandi_kalibari_D (Assam),0.7270440251572327,0.7044025157232704,0.8254716981132075,0.7446540880503144,0.04213836477987421,0.07225031956872117,0.029928143883658803,0.010355648260545991,31.270927067115345
IND262802AAA,1,1,1.1889041949295614e-06,1.1889041949295614e-06,0.0,5,15.0,15.0,1683.0,635.0,14.0,14.0,413.0,29.0,14.5,1048.0,Gola_BkgnRoad_D (Uttar Pradesh),0.42138364779874216,0.4069182389937107,0.8723270440251573,0.8512578616352201,0.7150943396226415,0.08058689490357361,0.04990404898977634,0.012231154782117691,31.237343902627895
IND517583AAA,1,1,3.5667125847886842e-06,3.5667125847886842e-06,0.0,7,13.0,13.0,729.0,181.0,13.0,13.0,396.0,26.0,13.0,562.5,Puttur_Artmclny_D (Andhra Pradesh),0.4518867924528302,0.44056603773584907,0.8254716981132075,0.7128930817610063,0.7150943396226415,0.07225031956872117,0.026785331638119456,0.010226185218321424,31.228290392991543
IND147001AAD,2,3,0.0016341488159306822,0.0004042274262760509,0.05555555555555555,1263,7.0,7.0,790.0,294.0,9.0,9.0,334.0,16.0,8.0,562.0,Patiala_GainMrkt_L (Punjab),0.8641509433962264,0.5267295597484277,0.5745283018867925,0.7119496855345911,0.4018867924528302,0.04446173511921303,0.026761522454441126,0.006716432507873948,31.20217382665156
IND574216AAA,2,2,0.0012110970732349135,0.0012110970732349133,0.16666666666666666,1263,5.0,5.0,482.0,68.0,11.0,11.0,495.0,16.0,8.0,488.5,Dhrmsthala_Beltngdi_D (Karnataka),0.7707547169811321,0.7449685534591195,0.5745283018867925,0.669496855345912,0.3238993710691824,0.04446173511921303,0.023261572453726852,0.00657225775630568,31.19653741611717
IND521185AAA,2,2,0.0008136067707301299,0.0008136067707301299,0.0,1263,5.0,5.0,275.0,222.0,6.0,6.0,301.0,11.0,5.5,288.0,Nandigama_Chndrlpd_D (Andhra Pradesh),0.7194968553459119,0.6952830188679245,0.4037735849056604,0.4940251572327044,0.7150943396226415,0.030567442894458955,0.01371408979871716,0.00442457876160513,31.174059126759506
IND262701AAA,1,1,1.5852055932394153e-06,1.5852055932394153e-06,0.0,5,14.0,14.0,413.0,398.0,14.0,14.0,945.0,28.0,14.0,679.0,Lakhimpur_Maheva_D (Uttar Pradesh),0.429874213836478,0.4160377358490566,0.8559748427672956,0.7679245283018868,0.7150943396226415,0.0778080364586228,0.032332871435169976,0.011156461489425154,31.15687967824485
IND814133AAB,3,1,0.0005085537693811199,0.0008124178665352003,0.25,1263,11.0,11.0,1116.0,469.0,12.0,12.0,1241.0,23.0,11.5,1178.5,Godda_Central_D_2 (Jharkhand),0.6572327044025157,0.669496855345912,0.7566037735849057,0.8635220125786164,0.2732704402515723,0.06391374423386872,0.05611824592982005,0.01038187536680335,31.15431389412633
IND125121AAA,1,1,0.0016145318967143445,0.0016180986092991332,0.0,1263,3.0,3.0,209.0,1101.0,2.0,2.0,141.0,5.0,2.5,175.0,Barwala_Central_DPP_1 (Haryana),0.8393081761006289,0.8279874213836478,0.19654088050314467,0.33962264150943394,0.7150943396226415,0.01389429222475407,0.008333214287414941,0.002097659182931967,31.07343641826609
IND571313AAB,1,1,0.0004169090710219662,0.0004169090710219662,0.0,1263,7.0,6.0,216.0,105.0,7.0,7.0,163.0,14.0,6.5,189.5,Chamarjngr_BrDbleRd_D (Karnataka),0.6522012578616352,0.6264150943396226,0.5078616352201258,0.3610062893081761,0.7150943396226415,0.03612515978436059,0.009023680614086465,0.004933119364856105,31.062693704091863
IND471001AAA,2,1,0.0012005950861797023,0.001233289951540265,0.3333333333333333,1263,6.0,6.0,273.0,175.0,10.0,10.0,992.0,16.0,8.0,632.5,Chhatarpur_Busstand_D (Madhya Pradesh),0.7679245283018868,0.8150943396226416,0.5745283018867925,0.7477987421383647,0.24213836477987422,0.04446173511921303,0.030118617353085433,0.006854722575704736,31.051855625640584
IND628204AAA,1,1,6.340822372957661e-06,6.340822372957661e-06,0.0,10,12.0,9.0,115.0,197.0,12.0,12.0,89.0,24.0,10.5,102.0,Tirchchndr_Shnmgprm_D (Tamil Nadu),0.47452830188679246,0.4619496855345912,0.7855345911949686,0.21132075471698114,0.7150943396226415,0.058356027343967096,0.004857073470378994,0.00756850029970591,31.049808662784038
IND207001AAA,1,1,0.0008108326609419609,0.0008108326609419609,0.0,1263,6.0,6.0,149.0,265.0,6.0,6.0,369.0,12.0,6.0,259.0,Etah_CivlLine_D (Uttar Pradesh),0.6949685534591195,0.6660377358490566,0.4380503144654088,0.4540880503144654,0.7150943396226415,0.03334630133940977,0.012333157145374113,0.004718570678458609,31.042532307507837
IND416602AAC,1,1,0.000807662249755482,0.000807662249755482,0.0,1263,7.0,7.0,2919.0,348.0,6.0,6.0,423.0,13.0,6.5,1671.0,Kankavali_NrdawDPP_D (Maharashtra),0.6669811320754717,0.6383647798742138,0.47232704402515724,0.9091194968553459,0.7150943396226415,0.03612515978436059,0.07957029185297353,0.007839172350548478,31.016172454005407
IND423601AAA,1,2,0.0010161167852664652,0.0008120215651368905,0.3333333333333333,1263,10.0,10.0,262.0,366.0,10.0,10.0,175.0,20.0,10.0,218.5,Kopargaon_NkshtrPz_D (Maharashtra),0.7635220125786164,0.6672955974842767,0.6729559748427673,0.4006289308176101,0.24213836477987422,0.05557716889901628,0.010404613267429513,0.007446144991862273,31.013816683555373
IND721139AAC,2,2,0.0008254958126794255,0.0008254958126794255,0.2,1263,3.0,3.0,282.0,117.0,14.0,13.0,375.0,17.0,8.0,328.5,Panskura_Central_D_3 (West Bengal),0.7588050314465409,0.7389937106918238,0.6056603773584905,0.5477987421383648,0.2839622641509434,0.04446173511921303,0.01564263367666176,0.006258407956973395,31.009461278351814
IND628801AAA,1,1,5.944520974647807e-06,5.944520974647807e-06,0.0,10,12.0,12.0,89.0,170.0,12.0,11.0,332.0,24.0,11.5,210.5,Eral_Busstand_D (Tamil Nadu),0.4710691823899371,0.45849056603773586,0.7855345911949686,0.3836477987421384,0.7150943396226415,0.06391374423386872,0.010023666328576259,0.008483084080843029,31.00905986441951
IND764001AAC,2,1,0.0016303839526467386,0.0016303839526467386,0.16666666666666666,1263,7.0,7.0,399.0,99.0,4.0,4.0,1082.0,11.0,5.5,740.5,Jeypore_Kelasahi_D (Orissa),0.8628930817610063,0.8503144654088051,0.4037735849056604,0.7842767295597485,0.3238993710691824,0.030567442894458955,0.03526140102760437,0.005312185225341747,31.00774762604696
IND250611AAA,1,1,0.0008183623875098481,0.0008183623875098481,0.0,1263,8.0,8.0,237.0,116.0,2.0,2.0,178.0,10.0,5.0,207.5,Baraut_SrnprHwy_D (Uttar Pradesh),0.7367924528301887,0.7147798742138365,0.3632075471698113,0.379874213836478,0.7150943396226415,0.02778858444950814,0.009880811226506287,0.003915795888333617,30.99453193278146
IND413709AAA,2,2,0.0008084548525521018,0.0008084548525521018,0.16666666666666666,1263,12.0,12.0,384.0,305.0,9.0,9.0,308.0,21.0,10.5,346.0,Shrirampur_DavkharRd_D (Maharashtra),0.6858490566037736,0.6569182389937107,0.6993710691823899,0.5641509433962264,0.3238993710691824,0.058356027343967096,0.016475955105403256,0.008047121243687644,30.988834049605767
IND516101AAA,1,1,3.5667125847886842e-06,3.5667125847886842e-06,0.0,7,12.0,12.0,478.0,210.0,13.0,13.0,729.0,25.0,12.5,603.5,Koduru_MGRoad_D (Andhra Pradesh),0.4518867924528302,0.44056603773584907,0.810377358490566,0.7323899371069182,0.7150943396226415,0.06947146112377035,0.028737684699742385,0.009955732036417864,30.988352639556744
IND723131AAA,1,1,0.0008183623875098481,0.0008183623875098481,0.0,1263,6.0,6.0,64.0,130.0,4.0,2.0,687.0,10.0,4.0,375.5,Manbazar_Central_DPP_1 (West Bengal),0.7367924528301887,0.7147798742138365,0.3632075471698113,0.5902515723270441,0.7150943396226415,0.022230867559606515,0.017880696942424633,0.0035435837916676046,30.975921327948164
IND732202AAA,1,1,0.000824306908484496,0.000824306908484496,0.0,1263,6.0,6.0,178.0,153.0,3.0,3.0,191.0,9.0,4.5,184.5,Manikchak_Enayetpr_D (West Bengal),0.7578616352201258,0.7377358490566037,0.32578616352201256,0.350314465408805,0.7150943396226415,0.025009726004557326,0.00878558877730318,0.0035198027866971456,30.959009007259386
IND523316AAB,2,1,0.0012217972109892794,0.0012217972109892794,0.16666666666666666,1263,7.0,7.0,270.0,143.0,7.0,7.0,444.0,14.0,7.0,357.0,Markapur_VidyaNgr_D (Andhra Pradesh),0.8012578616352202,0.779874213836478,0.5078616352201258,0.5723270440251572,0.3238993710691824,0.0389040182293114,0.01699975714632648,0.005612558066514546,30.955156205212518
IND277201AAA,1,1,0.0008231180042895664,0.0008231180042895664,0.0,1263,5.0,5.0,445.0,124.0,4.0,4.0,122.0,9.0,4.5,283.5,Bariya_BgnprDPP_D (Uttar Pradesh),0.7572327044025158,0.7364779874213836,0.32578616352201256,0.4861635220125786,0.7150943396226415,0.025009726004557326,0.013499807145612205,0.0037139973500339967,30.94670615680987
IND627657AAA,1,1,6.737123771267515e-06,6.737123771267515e-06,0.0,10,12.0,0.0,24.0,231.0,12.0,9.0,115.0,24.0,4.5,69.5,Thisayanvilai_UdnkdiRD_D (Tamil Nadu),0.4776729559748428,0.4650943396226415,0.7855345911949686,0.15628930817610062,0.7150943396226415,0.025009726004557326,0.0033094765312876484,0.0032942232434270665,30.914711162171354
IND574104AAA,1,1,0.0004042274262760509,0.0004042274262760509,0.0,1263,10.0,10.0,442.0,165.0,9.0,9.0,129.0,19.0,9.5,285.5,Karkala_MarketRd_D (Karnataka),0.5550314465408805,0.5267295597484277,0.6509433962264151,0.49056603773584906,0.7150943396226415,0.05279831045406547,0.013595043880325518,0.007226692402350211,30.869196255337638
IND585222AAA,2,2,3.963013983098538e-07,7.926027966197076e-07,0.0,1263,15.0,14.0,277.0,504.0,15.0,15.0,216.0,30.0,14.5,246.5,Sedam_DBRCmplx_D (Karnataka),0.3940251572327044,0.3946540880503145,0.8845911949685534,0.4386792452830189,0.7150943396226415,0.08058689490357361,0.011737927553415904,0.010658963443587528,30.809677731927803
IND712410AAC,1,1,0.0012265528277689976,0.0012265528277689976,0.0,1263,2.0,0.0,15.0,61.0,4.0,4.0,524.0,6.0,2.0,269.5,Tarkeshwar_Naraynpr_D (West Bengal),0.8110062893081761,0.7924528301886793,0.23018867924528302,0.46855345911949686,0.7150943396226415,0.011115433779803258,0.01283315000261901,0.0019321495276801415,30.79000370279911
IND248122AAB,1,1,0.00040502002907267067,0.0004050200290726706,0.0,1263,8.0,8.0,295.0,1076.0,9.0,9.0,668.0,17.0,8.5,481.5,Mussoorie_BrlwgDPP_D (Uttarakhand),0.5789308176100629,0.5506289308176101,0.6056603773584905,0.6610062893081761,0.7150943396226415,0.04724059356416384,0.022928243882230255,0.006909404020567347,30.771570829959188
IND581334AAA,2,3,0.0008254958126794255,0.00504412419768782,0.125,1263,6.0,6.0,189.0,48.0,5.0,5.0,142.0,11.0,5.5,165.5,Honnavar_Prbhtngr_D (Karnataka),0.7588050314465409,0.9465408805031447,0.4037735849056604,0.32075471698113206,0.3632075471698113,0.030567442894458955,0.007880839797526702,0.004184287508991349,30.745377897462152
IND576201AAA,2,1,0.002437649901003911,0.00544914422676049,0.16666666666666666,1263,4.0,4.0,174.0,67.0,4.0,4.0,140.0,8.0,4.0,157.0,Kundapura_DC (Karnataka),0.8987421383647799,0.9484276729559749,0.2921383647798742,0.3059748427672956,0.3238993710691824,0.022230867559606515,0.007476083674995119,0.0031149826594544534,30.742227120394105
IND261001AAA,1,1,1.1889041949295614e-06,1.1889041949295614e-06,0.0,5,14.0,14.0,945.0,367.0,13.0,13.0,727.0,27.0,13.5,836.0,Sitapur_Chowk_D (Uttar Pradesh),0.42138364779874216,0.4069182389937107,0.8393081761006289,0.8154088050314465,0.7150943396226415,0.07502917801367198,0.03980895511016509,0.011113549412037503,30.68618061525596
IND343001AAA,1,1,0.0012305158417520961,0.0012305158417520961,0.0,1263,2.0,1.0,41.0,42.0,3.0,3.0,238.0,5.0,2.0,139.5,Jalore_RoopNgr_D (Rajasthan),0.8257861635220126,0.810377358490566,0.19654088050314467,0.27547169811320754,0.7150943396226415,0.011115433779803258,0.006642762246253625,0.0016771465657226601,30.67347996979557
IND623315AAB,1,1,5.1519181780281e-06,5.1519181780281e-06,0.0,27,12.0,12.0,191.0,158.0,12.0,1.0,32.0,24.0,6.5,111.5,Oriyur_Vllyaprm_D (Tamil Nadu),0.4647798742138365,0.45220125786163523,0.7855345911949686,0.22830188679245284,0.7150943396226415,0.03612515978436059,0.005309447960267234,0.0047801175876816164,30.666678835358923
IND480334AAA,1,1,7.926027966197076e-07,7.926027966197076e-07,0.0,4,14.0,14.0,281.0,339.0,14.0,14.0,1027.0,28.0,14.0,654.0,Pandhurna_Mataward_D (Madhya Pradesh),0.4110062893081761,0.3946540880503145,0.8559748427672956,0.7578616352201258,0.7150943396226415,0.0778080364586228,0.031142412251253554,0.011107422458279486,30.657572380775612
IND413304AAA,2,2,0.0016260246372653301,0.0016260246372653301,0.1,1263,5.0,5.0,200.0,70.0,5.0,5.0,234.0,10.0,5.0,217.0,Pandharpur_RajCmplx_D (Maharashtra),0.8559748427672956,0.8421383647798742,0.3632075471698113,0.39748427672955977,0.3745283018867924,0.02778858444950814,0.010333185716394527,0.003934430720168972,30.651124051731713
IND283203AAA,1,1,0.0004042274262760509,0.0004042274262760509,0.0,1263,10.0,10.0,2253.0,630.0,8.0,8.0,245.0,18.0,9.0,1249.0,Firozabad_Sudmpuri_D (Uttar Pradesh),0.5550314465408805,0.5267295597484277,0.6305031446540881,0.8710691823899371,0.7150943396226415,0.05001945200911465,0.059475340828464354,0.008765779469721856,30.63954683512132
IND524101AAB,1,1,3.5667125847886842e-06,3.5667125847886842e-06,0.0,7,13.0,13.0,1141.0,412.0,11.0,11.0,264.0,24.0,12.0,702.5,Gudur_Bngisheb_D (Andhra Pradesh),0.4518867924528302,0.44056603773584907,0.7855345911949686,0.7761006289308177,0.7150943396226415,0.06669260267881955,0.03345190306805141,0.009799049406772259,30.6078769986405
IND205135AAA,1,1,0.000409379344454079,0.000409379344454079,0.0,1263,8.0,8.0,245.0,287.0,7.0,7.0,813.0,15.0,7.5,529.0,Shikohabad_Katrmira_D (Uttar Pradesh),0.6116352201257862,0.5839622641509434,0.5411949685534592,0.6911949685534591,0.7150943396226415,0.041682876674262216,0.025190116331671453,0.006300823793779209,30.598060057613484
IND721102AAA,1,1,0.002415853324096869,0.002415853324096869,0.5,1263,8.0,8.0,4948.0,489.0,4.0,4.0,126.0,12.0,6.0,2537.0,Midnapore_Talkui_D (West Bengal),0.8924528301886793,0.8817610062893082,0.4380503144654088,0.9377358490566038,0.13364779874213836,0.03334630133940977,0.12080779798383832,0.009187007196452011,30.57098557994839
IND585314AAA,2,2,0.0004064070839667551,0.0,0.0,1263,12.0,12.0,1616.0,2060.0,13.0,13.0,910.0,25.0,12.5,1263.0,Aland_RazaviRd_D (Karnataka),0.5915094339622642,0.18270440251572326,0.810377358490566,0.8729559748427673,0.7150943396226415,0.06947146112377035,0.06014199797145755,0.011249381678040625,30.56875839207813
IND283122AAB,1,2,0.0004054163304709806,0.00040541633047098046,0.0,1263,4.0,3.0,1460.0,2316.0,12.0,12.0,356.0,16.0,7.5,908.0,Kirauli_AchneraRD_D (Uttar Pradesh),0.5855345911949685,0.5581761006289309,0.5745283018867925,0.8264150943396227,0.7150943396226415,0.041682876674262216,0.04323747755984438,0.007044255505947557,30.48586057403952
IND784176AAA,1,1,0.004035933440387551,0.004035933440387551,0.5,1263,4.0,4.0,1009.0,300.0,6.0,6.0,363.0,10.0,5.0,686.0,Bishwanath_ChrliDPP_D (Assam),0.9427672955974843,0.9314465408805032,0.3632075471698113,0.7710691823899372,0.13364779874213836,0.02778858444950814,0.03266620000666657,0.004854402944461731,30.483286184958935
IND742225AAA,2,1,0.0008116252637385806,0.0008116252637385806,0.16666666666666666,1263,9.0,9.0,298.0,214.0,10.0,10.0,555.0,19.0,9.5,426.5,Ragunthgnj_GopalDPP_D (West Bengal),0.6955974842767295,0.6666666666666666,0.6509433962264151,0.6229559748427673,0.3238993710691824,0.05279831045406547,0.02030923367761413,0.007503272538011787,30.478937211806244
IND625106AAA,1,1,1.981506991549269e-06,1.981506991549269e-06,0.0,27,13.0,13.0,383.0,242.0,12.0,10.0,319.0,25.0,11.5,351.0,Melur_MduraiRD_D (Tamil Nadu),0.4349056603773585,0.4210691823899371,0.810377358490566,0.5679245283018868,0.7150943396226415,0.06391374423386872,0.01671404694218654,0.00875868343588169,30.478814674938743
IND460001AAA,1,1,7.926027966197076e-07,7.926027966197076e-07,0.0,4,14.0,14.0,1027.0,288.0,13.0,13.0,686.0,27.0,13.5,856.5,Betul_PatelWrd_D (Madhya Pradesh),0.4110062893081761,0.3946540880503145,0.8393081761006289,0.819496855345912,0.7150943396226415,0.07502917801367198,0.04078513164097656,0.011153761417576952,30.40988932874048
IND176110AAB,1,1,0.00040541633047098046,0.00040541633047098046,0.0,1263,9.0,9.0,278.0,189.0,7.0,7.0,142.0,16.0,8.0,210.0,Sujanpur_SainkSCL_D (Himachal Pradesh),0.5827044025157233,0.5581761006289309,0.5745283018867925,0.38238993710691827,0.7150943396226415,0.04446173511921303,0.00999985714489793,0.006025962949342922,30.392493116020603
IND713364AAB,1,1,0.0004042274262760509,0.0004042274262760509,0.0,1263,11.0,11.0,4121.0,3605.0,6.0,6.0,308.0,17.0,8.5,2214.5,Rupnarayanpur_Salanpur_D (West Bengal),0.5550314465408805,0.5267295597484277,0.6056603773584905,0.9276729559748428,0.7150943396226415,0.04724059356416384,0.1054508745113165,0.010308789659585154,30.344055835180516
IND811399AAA,1,2,0.0002636045929595881,0.0004918100353025286,0.5,1263,35.0,35.0,2994.0,4787.0,7.0,4.0,431.0,42.0,19.5,1712.5,Noida_Sector02_C (Uttar Pradesh),0.5333333333333333,0.6320754716981132,0.9198113207547169,0.910062893081761,0.13364779874213836,0.10837547935308176,0.08154645409827478,0.01704338415979415,30.306571723712977
IND508116AAA,1,2,0.0008183623875098481,0.0008183623875098481,0.3333333333333333,1263,10.0,1.0,68.0,75.0,8.0,8.0,279.0,18.0,4.5,173.5,Bhuvanagiri_HBColny_D (Telangana),0.7367924528301887,0.7147798742138365,0.6305031446540881,0.3374213836477987,0.24213836477987422,0.025009726004557326,0.008261786736379957,0.003498225612993051,30.25352763285091
IND785612AAB,2,2,0.007980321257765526,0.007980321257765526,0.2,1263,2.0,2.0,215.0,71.0,3.0,3.0,745.0,5.0,2.5,480.0,Bokakhat_MlnprDPP_D (Assam),0.9735849056603774,0.9660377358490566,0.19654088050314467,0.6597484276729559,0.2839622641509434,0.01389429222475407,0.022856816331195268,0.002695935362909134,30.186683560598286
IND362560AAA,1,1,1.783356292394342e-05,1.783356292394342e-05,0.0,13,8.0,8.0,399.0,102.0,12.0,12.0,353.0,20.0,10.0,376.0,Una_Mamlatdr_DC (Gujarat),0.5066037735849057,0.49465408805031447,0.6729559748427673,0.5911949685534591,0.7150943396226415,0.05557716889901628,0.017904506126102962,0.007755090888079991,30.178635047548656
IND722140AAA,1,1,0.00081321046933182,0.00081321046933182,0.0,1263,4.0,1.0,16.0,113.0,6.0,6.0,64.0,10.0,3.5,40.0,Khatra_KoralDPP_D (West Bengal),0.7081761006289308,0.6827044025157233,0.3632075471698113,0.08773584905660377,0.7150943396226415,0.0194520091146557,0.0019047346942662725,0.002534602800710264,30.175472278400296
IND516115AAA,1,1,3.5667125847886842e-06,3.5667125847886842e-06,0.0,7,11.0,11.0,1092.0,628.0,12.0,12.0,478.0,23.0,11.5,785.0,Rajampet_RSRoad_D (Andhra Pradesh),0.4518867924528302,0.44056603773584907,0.7566037735849057,0.8,0.7150943396226415,0.06391374423386872,0.0373804183749756,0.009610001016570512,30.164462314979467
IND342602AAC,2,2,0.0024439907233768684,0.0024439907233768684,0.16666666666666666,1263,3.0,3.0,182.0,56.0,5.0,5.0,284.0,8.0,4.0,233.0,Bilara_Central_DPP_2 (Rajasthan),0.89937106918239,0.8886792452830189,0.2921383647798742,0.4235849056603774,0.3238993710691824,0.022230867559606515,0.011095079594101036,0.0032640613141372886,30.161630738662836
IND457001AAA,1,2,0.0004054163304709804,0.00040541633047098046,0.16666666666666666,1263,13.0,5.0,614.0,562.0,13.0,5.0,429.0,26.0,5.0,521.5,Ratlam_Khjurwli_DC (Madhya Pradesh),0.5811320754716981,0.5581761006289309,0.8254716981132075,0.6871069182389937,0.3238993710691824,0.02778858444950814,0.024832978576496526,0.004531726119523226,30.146397626730874
IND628613AAA,1,1,7.1334251695773685e-06,7.1334251695773685e-06,0.0,10,10.0,10.0,339.0,101.0,12.0,0.0,24.0,22.0,5.0,181.5,Peikulam_SriVnktpm_D (Tamil Nadu),0.479874213836478,0.46729559748427674,0.7286163522012579,0.3452830188679245,0.7150943396226415,0.02778858444950814,0.008642733675233211,0.0038647952959421214,30.144497626432326
IND517644AAA,1,1,3.5667125847886842e-06,3.5667125847886842e-06,0.0,7,11.0,11.0,417.0,284.0,12.0,12.0,552.0,23.0,11.5,484.5,Sriklahsti_SDKNgr_D (Andhra Pradesh),0.4518867924528302,0.44056603773584907,0.7566037735849057,0.6647798742138364,0.7150943396226415,0.06391374423386872,0.023071098984300223,0.009020551862199565,30.13498985726092
IND506343AAA,1,1,0.0012305158417520961,0.0012305158417520961,0.0,1263,2.0,1.0,29.0,40.0,2.0,2.0,42.0,4.0,1.5,35.5,Mulugu_LaxmiNGR_D (Telangana),0.8257861635220126,0.810377358490566,0.15943396226415094,0.07452830188679245,0.7150943396226415,0.008336575334852443,0.0016904520411613168,0.001122267003174219,30.089132218083236
IND507303AAA,1,1,0.0008084548525521018,0.0008084548525521018,0.5,1263,11.0,11.0,1257.0,2257.0,12.0,12.0,1364.0,23.0,11.5,1310.5,Sathupally_VidyaNGR_D (Telangana),0.6858490566037736,0.6569182389937107,0.7566037735849057,0.879874213836478,0.13364779874213836,0.06391374423386872,0.06240387042089875,0.010640801451252485,30.07449290275131
IND802101AAA,1,2,0.0008183623875098481,0.0008183623875098481,0.3333333333333333,1263,11.0,11.0,324.0,331.0,6.0,6.0,559.0,17.0,8.5,441.5,Buxar_Sarswati_D (Bihar),0.7367924528301887,0.7147798742138365,0.6056603773584905,0.6352201257861635,0.24213836477987422,0.04724059356416384,0.02102350918796398,0.006830941570734276,30.04752192130401
IND341505AAA,1,2,0.0016248357330704006,0.0016248357330704006,0.16666666666666666,1263,7.0,7.0,535.0,286.0,3.0,3.0,67.0,10.0,5.0,301.0,Makrana_Mwalibad_D (Rajasthan),0.8515723270440252,0.8380503144654088,0.3632075471698113,0.5160377358490567,0.3238993710691824,0.02778858444950814,0.0143331285743537,0.004099201864818421,30.046155061794376
IND847212AAA,1,1,0.000409379344454079,0.000409379344454079,0.5,1263,14.0,14.0,416.0,954.0,15.0,15.0,1504.0,29.0,14.5,960.0,Madhubani_Bardivan_D (Bihar),0.6116352201257862,0.5839622641509434,0.8723270440251573,0.8345911949685535,0.13364779874213836,0.08058689490357361,0.045713632662390535,0.012058537392484935,30.03846146081922
IND524201AAA,1,1,0.0008080585511537919,0.0008080585511537919,0.5,1263,12.0,4.0,698.0,3568.0,12.0,10.0,146.0,24.0,7.0,422.0,Kavali_Kacheri_D (Andhra Pradesh),0.6761006289308176,0.6474842767295598,0.7855345911949686,0.6194968553459119,0.13364779874213836,0.0389040182293114,0.020094951024509172,0.005740059547493286,30.022852033978438
IND142001AAB,2,2,0.0006138708659819635,5.270808597521056e-05,0.6666666666666666,1263,21.0,21.0,897.0,813.0,20.0,20.0,1516.0,41.0,20.5,1206.5,Moga_DPC (Punjab),0.6641509433962264,0.5056603773584906,0.9154088050314465,0.8672955974842768,0.04213836477987421,0.11393319624298338,0.05745156021580644,0.01675258855537071,30.009013075567275
IND244301AAA,1,1,0.0012273454305656174,0.0012273454305656174,0.5,1263,8.0,8.0,140.0,156.0,7.0,1.0,59.0,15.0,4.5,99.5,Sambhal_Khwssrai_D (Uttar Pradesh),0.8216981132075472,0.8056603773584906,0.5411949685534592,0.2069182389937107,0.13364779874213836,0.025009726004557326,0.004738027551987352,0.0033530700808018696,30.004131491461482
IND626117AAA,1,1,9.114932161126638e-06,9.114932161126638e-06,0.0,27,9.0,6.0,54.0,224.0,12.0,12.0,232.0,21.0,9.0,143.0,Rajpalayam_AshkTalk_D (Tamil Nadu),0.48553459119496856,0.47358490566037736,0.6993710691823899,0.2830188679245283,0.7150943396226415,0.05001945200911465,0.006809426532001924,0.00659629273183744,29.990191995082437
IND277303AAC,1,1,1.54557545340843e-05,1.54557545340843e-05,0.0,1263,6.0,6.0,96.0,177.0,14.0,14.0,1406.0,20.0,10.0,751.0,Sikandarpur_Central_D_3 (Uttar Pradesh),0.4971698113207547,0.4858490566037736,0.6729559748427673,0.789622641509434,0.7150943396226415,0.05557716889901628,0.035761393884849266,0.008490676355265032,29.985854572480232
IND334001AAC,1,2,0.0034331590135582638,0.0036376505350861482,0.16666666666666666,1263,4.0,4.0,142.0,62.0,2.0,2.0,189.0,6.0,3.0,165.5,Bikaner_ITICollg_L (Rajasthan),0.930188679245283,0.920125786163522,0.23018867924528302,0.32075471698113206,0.3238993710691824,0.016673150669704886,0.007880839797526702,0.0024299015440790686,29.967407026889486
IND787001AAA,2,1,0.0008124178665352003,0.0008124178665352003,0.0,1263,8.0,8.0,671.0,300.0,2.0,2.0,171.0,10.0,5.0,421.0,LakhimpurN_SashPhkn_D (Assam),0.6968553459119496,0.669496855345912,0.3632075471698113,0.6182389937106918,0.7150943396226415,0.02778858444950814,0.020047332657152517,0.004334589214317635,29.96358480662783
IND673506AAA,1,1,1.5852055932394153e-06,1.5852055932394153e-06,0.0,6,12.0,12.0,122.0,197.0,12.0,11.0,163.0,24.0,11.5,142.5,Kallachi_ZamQuatr_D (Kerala),0.429874213836478,0.4160377358490566,0.7855345911949686,0.2811320754716981,0.7150943396226415,0.06391374423386872,0.0067856173483235955,0.008349697916126808,29.959937725995022
IND722154AAA,2,1,0.0016161171023075839,0.0016161171023075839,0.0,1263,1.0,1.0,358.0,337.0,2.0,2.0,63.0,3.0,1.5,210.5,MirzapurWB_VidyaDPP_D (West Bengal),0.8421383647798742,0.8264150943396227,0.11949685534591195,0.3836477987421384,0.7150943396226415,0.008336575334852443,0.010023666328576259,0.0014655402211939052,29.91289965256913
IND312601AAA,1,1,0.0008183623875098481,0.0008183623875098481,0.0,1263,4.0,3.0,60.0,56.0,4.0,2.0,74.0,8.0,2.5,67.0,Nimbahera_MsjidDPP_D (Rajasthan),0.7367924528301887,0.7147798742138365,0.2921383647798742,0.1509433962264151,0.7150943396226415,0.01389429222475407,0.0031904306128960063,0.0018858105683826746,29.82699493093486
IND754103AAA,1,1,0.0008203438945013974,0.0008203438945013974,0.0,1263,1.0,1.0,64.0,38.0,6.0,6.0,2421.0,7.0,3.5,1242.5,Jagatsghpr_Markndpr_D (Orissa),0.7490566037735849,0.7279874213836478,0.26069182389937107,0.8704402515723271,0.7150943396226415,0.0194520091146557,0.05916582144064609,0.004893380198816966,29.821713035098075
IND365560AAB,1,1,0.0004109645500473184,0.0004109645500473184,0.0,1263,7.0,7.0,352.0,171.0,5.0,5.0,236.0,12.0,6.0,294.0,Amreli_Rajula_DC (Gujarat),0.6427672955974842,0.6169811320754717,0.4380503144654088,0.5075471698113208,0.7150943396226415,0.03334630133940977,0.013999800002857101,0.004787225322062547,29.772380134027653
IND581303AAA,1,2,0.00020449152152788458,0.0006007929198377384,0.3333333333333333,1263,14.0,9.0,241.0,223.0,13.0,13.0,869.0,27.0,11.0,555.0,Karwar_Central_D_1 (Karnataka),0.5276729559748428,0.6342767295597485,0.8393081761006289,0.7069182389937106,0.24213836477987422,0.06113488578891791,0.02642819388294453,0.008807964737047896,29.709266161380697
IND535001AAA,2,1,0.0004042274262760509,0.0004042274262760509,0.0,1263,6.0,6.0,731.0,494.0,10.0,10.0,357.0,16.0,8.0,544.0,Vizianagaram_NcsRd_DC (Andhra Pradesh),0.5550314465408805,0.5267295597484277,0.5745283018867925,0.70062893081761,0.7150943396226415,0.04446173511921303,0.025904391842021306,0.006681124405449066,29.695691440398242
IND603102AAA,1,1,0.0004042274262760509,0.0004042274262760509,0.0,1263,12.0,12.0,783.0,390.0,4.0,4.0,149.0,16.0,8.0,466.0,Kalpakkam_Sadras_D (Tamil Nadu),0.5550314465408805,0.5267295597484277,0.5745283018867925,0.6525157232704403,0.7150943396226415,0.04446173511921303,0.022190159188202073,0.006528122628274577,29.688041351539518
IND802212AAA,1,1,0.000808058551153792,0.0008080585511537919,0.0,1263,5.0,5.0,3859.0,1108.0,5.0,5.0,218.0,10.0,5.0,2038.5,Bikramgang_Dehrird_D (Bihar),0.6823899371069182,0.6474842767295598,0.3632075471698113,0.9220125786163522,0.7150943396226415,0.02778858444950814,0.0970700418565449,0.007507414529442449,29.685119154145077
IND524132AAA,1,1,3.5667125847886842e-06,3.5667125847886842e-06,0.0,7,11.0,11.0,264.0,250.0,11.0,11.0,417.0,22.0,11.0,340.5,Venktagiri_TirupthiRd_D (Andhra Pradesh),0.4518867924528302,0.44056603773584907,0.7286163522012579,0.5581761006289309,0.7150943396226415,0.06113488578891791,0.016214054084941643,0.008387209849818052,29.683511435887127
IND505122AAA,2,1,0.0008100400581453412,0.0008100400581453412,0.16666666666666666,1263,9.0,9.0,877.0,4072.0,8.0,8.0,231.0,17.0,8.5,554.0,Jammikunta_ConduDPP_D (Telangana),0.6918238993710691,0.6625786163522013,0.6056603773584905,0.7062893081761006,0.3238993710691824,0.04724059356416384,0.02638057551558787,0.007051617210889789,29.679624885701717
IND802158AAB,2,1,0.000808058551153792,0.0008080585511537919,0.3333333333333333,1263,7.0,7.0,783.0,197.0,13.0,13.0,480.0,20.0,10.0,631.5,Jagdishpur_Wardno13_D (Bihar),0.6823899371069182,0.6474842767295598,0.6729559748427673,0.7462264150943396,0.24213836477987422,0.05557716889901628,0.030070998985728774,0.008256269786388732,29.639228583659055
IND484001AAA,2,2,0.0016256283358670204,0.0016256283358670204,0.08333333333333333,1263,5.0,4.0,261.0,112.0,3.0,3.0,167.0,8.0,3.5,214.0,Shahdol_Sohagpur_D (Madhya Pradesh),0.8553459119496856,0.8415094339622642,0.2921383647798742,0.3908805031446541,0.3855345911949686,0.0194520091146557,0.010190330614324557,0.0028759144574841237,29.62650012538993
IND127201AAA,1,1,0.0012166452928112509,0.0012166452928112513,0.0,1263,2.0,2.0,106.0,11.0,3.0,3.0,118.0,5.0,2.5,112.0,Loharu_BstndDPP_D (Haryana),0.7852201257861635,0.7647798742138365,0.19654088050314467,0.2289308176100629,0.7150943396226415,0.01389429222475407,0.005333257143945563,0.0019740808244448796,29.62386127392665
IND335804AAD,2,2,0.0016299876512484287,0.0016299876512484287,0.16666666666666666,1263,6.0,3.0,59.0,120.0,3.0,3.0,61.0,9.0,3.0,60.0,Suratgarh_Central_DPP_2 (Rajasthan),0.860062893081761,0.8474842767295597,0.32578616352201256,0.13679245283018868,0.3238993710691824,0.016673150669704886,0.0028571020413994085,0.0022229568326443436,29.612720168676244
IND600032AAB,3,4,4.359315381408392e-06,8.718630762816785e-06,0.5555555555555556,1263,89.0,86.0,2760.0,3658.0,56.0,56.0,1985.0,145.0,71.0,2372.5,Chennai_Hub (Tamil Nadu),0.459748427672956,0.47232704402515724,0.9852201257861635,0.9314465408805032,0.04905660377358491,0.39459789918301563,0.11297457655366828,0.054478365459232805,29.61228305283586
IND847223AAA,1,1,0.0012114933746332226,0.0012114933746332232,0.5,1263,9.0,9.0,5605.0,468.0,7.0,7.0,191.0,16.0,8.0,2898.0,Benipatti_WardNo1_D (Bihar),0.7716981132075472,0.7503144654088051,0.5745283018867925,0.9465408805031447,0.13364779874213836,0.04446173511921303,0.13799802859959143,0.011298639578125302,29.597950846830795
IND244601AAB,1,1,0.0004042274262760509,0.0004042274262760509,0.0,1263,8.0,4.0,347.0,1273.0,8.0,6.0,163.0,16.0,5.0,255.0,Thakurdwara_Fathuluh_D (Uttar Pradesh),0.5550314465408805,0.5267295597484277,0.5745283018867925,0.44937106918238995,0.7150943396226415,0.02778858444950814,0.012142683675947487,0.0040089700475103894,29.56208372250131
IND844505AAB,1,1,0.0008080585511537916,0.0008080585511537919,0.5,1263,11.0,11.0,6798.0,849.0,11.0,11.0,536.0,22.0,11.0,3667.0,HazratJandaha_HajiprRD_D (Bihar),0.6691823899371069,0.6474842767295598,0.7286163522012579,0.9578616352201258,0.13364779874213836,0.06113488578891791,0.17461655309686053,0.01491234333406083,29.5239190534955
IND600119AAA,2,1,0.00040462372767436077,0.00040462372767436077,0.0,1263,5.0,5.0,436.0,222.0,10.0,9.0,301.0,15.0,7.0,368.5,Chennai_Sholinganallur_Dc (Tamil Nadu),0.5688679245283019,0.5433962264150943,0.5411949685534592,0.5827044025157233,0.7150943396226415,0.0389040182293114,0.017547368370928036,0.005635116020841554,29.51760485764585
IND621112AAA,1,1,3.963013983098538e-07,3.963013983098538e-07,0.0,10,1.0,1.0,131.0,12.0,24.0,24.0,272.0,25.0,12.5,201.5,Tiruchi_Samyaprm_D (Tamil Nadu),0.3940251572327044,0.3767295597484277,0.810377358490566,0.37358490566037733,0.7150943396226415,0.06947146112377035,0.009595101022366347,0.009167184415595499,29.442635950339525
IND135001AAA,2,1,0.0008136067707301299,0.0008136067707301299,0.16666666666666666,1263,9.0,9.0,559.0,280.0,6.0,6.0,230.0,15.0,7.5,394.5,YamunaNagar_DC (Haryana),0.7194968553459119,0.6952830188679245,0.5411949685534592,0.6037735849056604,0.3238993710691824,0.041682876674262216,0.018785445922201112,0.006036993806215507,29.404050948172404
IND328001AAA,3,3,0.0008359581695948051,0.0008710704734850587,0.46153846153846156,1263,8.0,7.0,415.0,161.0,7.0,6.0,852.0,15.0,6.5,633.5,Dholpur_GtRoad_D (Rajasthan),0.7610062893081762,0.740880503144654,0.5411949685534592,0.7487421383647799,0.2169811320754717,0.03612515978436059,0.030166235720442088,0.0058040525580031945,29.40183784802594
IND638401AAA,1,1,1.3077946144225176e-05,1.3077946144225176e-05,0.0,19,10.0,3.0,34.0,58.0,9.0,9.0,352.0,19.0,6.0,193.0,Sathyamangalam_Mlydpthr_D (Tamil Nadu),0.4930817610062893,0.48238993710691824,0.6509433962264151,0.3654088050314465,0.7150943396226415,0.03334630133940977,0.009190344899834764,0.004589107636234041,29.364675507597866
IND786171AAA,1,1,0.001225760224972378,0.001225760224972378,0.5,1263,6.0,6.0,81.0,96.0,8.0,8.0,881.0,14.0,7.0,481.0,Digboi_JyotiNgr_D (Assam),0.809748427672956,0.789308176100629,0.5078616352201258,0.660377358490566,0.13364779874213836,0.0389040182293114,0.022904434698551926,0.005855791660997067,29.286500274873756
IND123001AAA,2,1,0.0008219291000946368,0.0008219291000946368,0.16666666666666666,1263,10.0,10.0,337.0,258.0,3.0,3.0,234.0,13.0,6.5,285.5,Narnaul_DC (Haryana),0.7553459119496856,0.7345911949685534,0.47232704402515724,0.49056603773584906,0.3238993710691824,0.03612515978436059,0.013595043880325518,0.005121429244455475,29.25607146222277
IND614616AAA,1,1,2.377808389859123e-06,2.377808389859123e-06,0.0,6,11.0,11.0,221.0,353.0,11.0,5.0,71.0,22.0,8.0,146.0,Aranthangi_HsptlRod_D (Tamil Nadu),0.44056603773584907,0.42641509433962266,0.7286163522012579,0.290251572327044,0.7150943396226415,0.04446173511921303,0.006952281634071894,0.005900423029610008,29.247851340159748
IND110092AAC,3,2,0.0008136067707301297,0.0008136067707301299,0.125,1263,7.0,7.0,510.0,302.0,7.0,7.0,303.0,14.0,7.0,406.5,Delhi_Patparganj_DPC (Delhi),0.7160377358490566,0.6952830188679245,0.5078616352201258,0.6094339622641509,0.3632075471698113,0.0389040182293114,0.019356866330480994,0.005709655348182971,29.228878993824246
IND360530AAB,1,1,8.32232936450693e-06,8.32232936450693e-06,0.0,13,11.0,11.0,893.0,402.0,8.0,7.0,145.0,19.0,9.0,519.0,Jamjodhpur_Court_D (Gujarat),0.4827044025157233,0.470125786163522,0.6509433962264151,0.6852201257861635,0.7150943396226415,0.05001945200911465,0.024713932658104884,0.007333839760268308,29.22361022700713
IND484446AAA,1,1,0.0012103044704382937,0.0012103044704382935,0.0,1263,2.0,2.0,484.0,355.0,3.0,3.0,244.0,5.0,2.5,364.0,Dola_ChainDPP_D (Madhya Pradesh),0.769811320754717,0.7433962264150943,0.19654088050314467,0.5789308176100629,0.7150943396226415,0.01389429222475407,0.01733308571782308,0.002468394258393228,29.20360839216494
IND721253AAC,1,1,0.0004050200290726706,0.0004050200290726706,0.0,1263,9.0,9.0,562.0,421.0,5.0,5.0,407.0,14.0,7.0,484.5,ChandroknaRD_Central_DPP_3 (West Bengal),0.5748427672955975,0.5506289308176101,0.5078616352201258,0.6647798742138364,0.7150943396226415,0.0389040182293114,0.023071098984300223,0.00586265712535746,29.190931598406245
IND125047AAB,2,2,0.0004206739343059098,0.00042364619479323375,0.16666666666666666,1263,9.0,9.0,596.0,154.0,9.0,9.0,335.0,18.0,9.0,465.5,Hisar_AgrohDPP_D (Haryana),0.6547169811320754,0.630817610062893,0.6305031446540881,0.6515723270440251,0.3238993710691824,0.05001945200911465,0.022166350004523744,0.007228896233616576,29.18691650979403
IND508223AAA,2,1,0.0008080585511537919,0.0008080585511537919,0.3333333333333333,1263,11.0,11.0,872.0,220.0,8.0,8.0,97.0,19.0,9.5,484.5,Thirumalagiri_Xroad_D (Telangana),0.6761006289308176,0.6474842767295598,0.6509433962264151,0.6647798742138364,0.24213836477987422,0.05279831045406547,0.023071098984300223,0.00761704309026974,29.182738946966317
IND144040AAA,2,1,0.0008080585511537919,0.0008080585511537919,0.3333333333333333,1263,7.0,7.0,156.0,104.0,12.0,12.0,261.0,19.0,9.5,208.5,Nakodar_ChowkDPP_D (Punjab),0.6761006289308176,0.6474842767295598,0.6509433962264151,0.38113207547169814,0.24213836477987422,0.05279831045406547,0.009928429593862944,0.007075652186421549,29.15566940177391
IND311302AAA,2,1,0.0024336868870208123,0.0024336868870208123,0.16666666666666666,1263,3.0,3.0,597.0,49.0,3.0,3.0,174.0,6.0,3.0,385.5,Badnaur_BhmrdDPP_D (Rajasthan),0.8962264150943396,0.8855345911949686,0.23018867924528302,0.599685534591195,0.3238993710691824,0.016673150669704886,0.0183568806159912,0.00286144501816096,29.133638288643898
IND623407AAA,1,1,1.1889041949295614e-06,1.1889041949295614e-06,0.0,27,12.0,1.0,32.0,243.0,11.0,11.0,314.0,23.0,6.0,173.0,Thiruvadanai_RamnadRD_D (Tamil Nadu),0.42138364779874216,0.4069182389937107,0.7566037735849057,0.33647798742138363,0.7150943396226415,0.03334630133940977,0.008237977552701628,0.0045498764113175065,29.11743092748412
IND362265AAA,2,1,1.783356292394342e-05,1.783356292394342e-05,0.0,13,11.0,11.0,591.0,181.0,6.0,6.0,172.0,17.0,8.5,381.5,Veraval_DC (Gujarat),0.5066037735849057,0.49465408805031447,0.6056603773584905,0.5965408805031447,0.7150943396226415,0.04724059356416384,0.018166407146564572,0.00671324789598467,29.11710893567974
IND803116AAA,1,1,1.5852055932394153e-06,1.5852055932394153e-06,0.0,6,13.0,13.0,579.0,285.0,9.0,9.0,267.0,22.0,11.0,423.0,Rajgir_PnditNGR_D (Bihar),0.429874213836478,0.4160377358490566,0.7286163522012579,0.6204402515723271,0.7150943396226415,0.06113488578891791,0.02014256939186583,0.008549038652598762,29.116131177912962
IND609001AAA,1,1,7.926027966197076e-07,7.926027966197076e-07,0.0,4,12.0,12.0,895.0,356.0,11.0,11.0,399.0,23.0,11.5,647.0,Mylduthuri_Thiruviz_D (Tamil Nadu),0.4110062893081761,0.3946540880503145,0.7566037735849057,0.7547169811320755,0.7150943396226415,0.06391374423386872,0.030809083679756957,0.009339305564646417,29.07860049835811
IND141115AAA,2,1,0.0004046237276743608,0.0006067374408123861,0.3333333333333333,1263,14.0,12.0,211.0,172.0,9.0,9.0,212.0,23.0,10.5,211.5,Machhiwara_MnBzrDPP_D (Punjab),0.5710691823899371,0.6352201257861635,0.7566037735849057,0.3864779874213837,0.24213836477987422,0.058356027343967096,0.010071284695932915,0.007783291256123943,29.077843808089217
IND122001AAD,1,1,0.0004101719472506987,0.0004101719472506987,0.0,1263,8.0,7.0,196.0,107.0,3.0,3.0,80.0,11.0,5.0,138.0,Gurgaon_Kadipur (Haryana),0.6342767295597485,0.6072327044025158,0.4037735849056604,0.2720125786163522,0.7150943396226415,0.02778858444950814,0.0065713346952186395,0.0037794673817486565,28.982998526320138
IND614804AAA,1,1,1.5852055932394153e-06,1.5852055932394153e-06,0.0,6,11.0,5.0,71.0,201.0,11.0,11.0,133.0,22.0,8.0,102.0,Peravurani_SH71_D (Tamil Nadu),0.429874213836478,0.4160377358490566,0.7286163522012579,0.21132075471698114,0.7150943396226415,0.04446173511921303,0.004857073470378994,0.00581411433479363,28.979384962022703
IND608301AAA,1,1,3.963013983098538e-06,3.963013983098538e-06,0.0,10,11.0,11.0,1135.0,181.0,9.0,9.0,216.0,20.0,10.0,675.5,Lalpet_PriyrNGR_D (Tamil Nadu),0.45660377358490567,0.4449685534591195,0.6729559748427673,0.7657232704402516,0.7150943396226415,0.05557716889901628,0.03216620714942167,0.00834257848120511,28.96115408129296
IND480661AAA,3,2,0.0008149938256242144,0.0012215990602901243,0.3333333333333333,1263,5.0,5.0,255.0,94.0,9.0,9.0,368.0,14.0,7.0,311.5,Seoni_Kidwai_D (Madhya Pradesh),0.7238993710691823,0.7748427672955975,0.5078616352201258,0.5261006289308177,0.24213836477987422,0.0389040182293114,0.014833121431598597,0.005523307029829428,28.922391766585807
IND621010AAA,1,1,2.377808389859123e-06,2.377808389859123e-06,0.0,10,11.0,11.0,235.0,175.0,10.0,10.0,153.0,21.0,10.5,194.0,Thuraiyur_Mthrapuri_D (Tamil Nadu),0.44056603773584907,0.42641509433962266,0.6993710691823899,0.36666666666666664,0.7150943396226415,0.058356027343967096,0.009237963267191422,0.007748963934321974,28.901599140112328
IND277211AAA,1,1,0.00041928687941182537,0.00041928687941182537,0.0,1263,4.0,4.0,122.0,73.0,6.0,6.0,96.0,10.0,5.0,109.0,Sahatwar_PnchmDPP_D (Uttar Pradesh),0.6540880503144654,0.6289308176100629,0.3632075471698113,0.2248427672955975,0.7150943396226415,0.02778858444950814,0.005190402041875593,0.00372258210561968,28.88581463987218
IND741123AAB,2,1,0.00027278746250328115,0.0008167771819166087,0.3333333333333333,1263,11.0,11.0,517.0,311.0,11.0,11.0,983.0,22.0,11.0,750.0,Chapra_NagarDPP_D (West Bengal),0.5339622641509434,0.7009433962264151,0.7286163522012579,0.7877358490566038,0.24213836477987422,0.06113488578891791,0.03571377551749261,0.009190469179984118,28.829020314345115
IND591102AAA,1,1,0.00040541633047098046,0.00040541633047098046,0.0,1263,12.0,12.0,577.0,144.0,1.0,1.0,19.0,13.0,6.5,298.0,Bailhongal_NamoNagr_D (Karnataka),0.5827044025157233,0.5581761006289309,0.47232704402515724,0.5125786163522013,0.7150943396226415,0.03612515978436059,0.01419027347228373,0.00514594876002831,28.815473538630343
IND688009AAA,1,1,4.755616779718246e-06,4.755616779718246e-06,0.0,1263,10.0,10.0,1844.0,5873.0,9.0,5.0,88.0,19.0,7.5,966.0,Alappuzha_Pazhvedu_D (Kerala),0.4628930817610063,0.45031446540880504,0.6509433962264151,0.8364779874213837,0.7150943396226415,0.041682876674262216,0.04599934286653048,0.007158026058205511,28.71953652303606
IND140901AAA,2,2,0.00040343482347943117,0.00040343482347943117,0.6,1263,26.0,26.0,714.0,874.0,27.0,27.0,865.0,53.0,26.5,789.5,Chandigarh_Mullanpr_DC (Chandigarh),0.5352201257861635,0.510062893081761,0.9389937106918239,0.8025157232704403,0.04748427672955975,0.14727949758239314,0.03759470102808055,0.020145143831650416,28.695936436865537
IND441912AAA,1,1,3.963013983098538e-07,3.963013983098538e-07,0.0,3,11.0,11.0,1609.0,306.0,12.0,12.0,331.0,23.0,11.5,970.0,Bhandara_KaremDPP_D (Maharashtra),0.3940251572327044,0.3767295597484277,0.7566037735849057,0.8377358490566038,0.7150943396226415,0.06391374423386872,0.046189816335957104,0.009972889847048466,28.67631744832727
IND335701AAA,2,1,0.0016196838148923721,0.0016196838148923726,0.16666666666666666,1263,2.0,2.0,80.0,34.0,6.0,3.0,68.0,8.0,2.5,74.0,Anupgarh_PrmNrDPP_D (Rajasthan),0.8427672955974843,0.8308176100628931,0.2921383647798742,0.16540880503144653,0.3238993710691824,0.01389429222475407,0.003523759184392604,0.0018995414971034622,28.665731791836308
IND614018AAA,1,1,7.926027966197076e-07,7.926027966197076e-07,0.0,4,10.0,10.0,602.0,118.0,12.0,12.0,895.0,22.0,11.0,748.5,Mannargudi_Vadasari_D (Tamil Nadu),0.4110062893081761,0.3946540880503145,0.7286163522012579,0.7867924528301887,0.7150943396226415,0.06113488578891791,0.03564234796645762,0.009187526838115379,28.651200241276843
IND732204AAB,1,1,0.00041254975564055784,0.00041254975564055784,0.0,1263,4.0,0.0,0.0,212.0,6.0,6.0,178.0,10.0,3.0,89.0,Paranpur_Nijgan_D (West Bengal),0.6474842767295598,0.6216981132075472,0.3632075471698113,0.1949685534591195,0.7150943396226415,0.016673150669704886,0.004238034694742456,0.00227984210877332,28.642293992231117
IND458664AAA,1,1,0.00081321046933182,0.00081321046933182,0.0,1263,3.0,3.0,367.0,70.0,4.0,3.0,60.0,7.0,3.0,213.5,Neemuch_KarjuDPP_D (Madhya Pradesh),0.7081761006289308,0.6827044025157233,0.26069182389937107,0.389622641509434,0.7150943396226415,0.016673150669704886,0.010166521430646228,0.002524056483878754,28.637209113502117
IND712406AAA,1,1,0.0012214009095909695,0.0012214009095909695,0.0,1263,1.0,1.0,45.0,2.0,2.0,0.0,15.0,3.0,0.5,30.0,Khanakul_Ramnagar_D (West Bengal),0.7955974842767296,0.7738993710691824,0.11949685534591195,0.06289308176100629,0.7150943396226415,0.0027788584449508144,0.0014285510206997042,0.0004097240303572595,28.636838402775723
IND224141AAB,1,1,3.963013983098538e-07,3.963013983098538e-07,0.0,3,13.0,13.0,560.0,472.0,10.0,10.0,561.0,23.0,11.5,560.5,Gosainganj_Pakrela_D (Uttar Pradesh),0.3940251572327044,0.3767295597484277,0.7566037735849057,0.7113207547169811,0.7150943396226415,0.06391374423386872,0.026690094903406143,0.009169630516882401,28.636154481818966
IND362150AAA,1,1,1.783356292394342e-05,1.783356292394342e-05,0.0,13,8.0,8.0,372.0,57.0,8.0,8.0,399.0,16.0,8.0,385.5,Talala_SsnRdDPP_D (Gujarat),0.5066037735849057,0.49465408805031447,0.5745283018867925,0.599685534591195,0.7150943396226415,0.04446173511921303,0.0183568806159912,0.006370216947985521,28.632976256204312
IND127021AAA,2,1,0.0012217972109892792,0.0012217972109892794,0.16666666666666666,1263,3.0,3.0,118.0,134.0,7.0,7.0,383.0,10.0,5.0,250.5,Bhiwani_DC (Haryana),0.7962264150943397,0.779874213836478,0.3632075471698113,0.44433962264150945,0.3238993710691824,0.02778858444950814,0.011928401022842532,0.004000143021904169,28.62925243411408
IND691574AAA,2,1,1.0700137754366053e-05,1.0700137754366053e-05,0.16666666666666666,1263,14.0,14.0,178.0,201.0,14.0,9.0,70.0,28.0,11.5,124.0,Kalluvathukal_Pariplly_D (Kerala),0.48962264150943396,0.4776729559748428,0.8559748427672956,0.25031446540880503,0.3238993710691824,0.06391374423386872,0.005904677552225445,0.008313409033079013,28.615355986245145
IND148023AAA,2,2,0.0008211364972980171,0.0008211364972980171,0.08333333333333333,1263,3.0,3.0,38.0,68.0,8.0,2.0,58.0,11.0,2.5,48.0,Malerkotla_DC (Punjab),0.7525157232704403,0.7317610062893082,0.4037735849056604,0.11132075471698114,0.3855345911949686,0.01389429222475407,0.0022856816331195268,0.0018485409047119658,28.609722642719877
IND614715AAA,1,1,0.000409379344454079,0.000409379344454079,0.5,1263,12.0,12.0,226.0,95.0,12.0,12.0,215.0,24.0,12.0,220.5,Thirthurpondi_Madaprum_D (Tamil Nadu),0.6116352201257862,0.5839622641509434,0.7855345911949686,0.40440251572327046,0.13364779874213836,0.06669260267881955,0.010499850002142827,0.008853576886283751,28.576326643056326
IND854311AAA,2,3,0.0002046896722270395,0.00040898304305576915,0.2777777777777778,1263,9.0,9.0,403.0,394.0,15.0,15.0,724.0,24.0,12.0,563.5,Araria_Wardn13_D (Bihar),0.530188679245283,0.5663522012578617,0.7855345911949686,0.7144654088050314,0.2672955974842767,0.06669260267881955,0.026832950005476114,0.009526392393602336,28.548646663705274
IND803101AAA,1,1,2.377808389859123e-06,2.377808389859123e-06,0.0,6,9.0,9.0,270.0,458.0,11.0,11.0,913.0,20.0,10.0,591.5,BiharSarif_Soghra_D (Bihar),0.44056603773584907,0.42641509433962266,0.6729559748427673,0.7238993710691823,0.7150943396226415,0.05557716889901628,0.028166264291462503,0.00817780733655566,28.526814895129675
IND344022AAB,1,2,0.0016351395694264568,0.0016351395694264568,0.3333333333333333,1263,5.0,5.0,434.0,90.0,3.0,3.0,196.0,8.0,4.0,315.0,Balotra_BsnoiHPL_D (Rajasthan),0.8669811320754717,0.8540880503144654,0.2921383647798742,0.5305031446540881,0.24213836477987422,0.022230867559606515,0.014999785717346895,0.0034249093362950845,28.520302070588343
IND630002AAA,1,1,2.377808389859123e-06,2.377808389859123e-06,0.0,6,9.0,9.0,197.0,227.0,11.0,11.0,221.0,20.0,10.0,209.0,Karaikudi_Sbrmnprm_D (Tamil Nadu),0.44056603773584907,0.42641509433962266,0.6729559748427673,0.3817610062893082,0.7150943396226415,0.05557716889901628,0.009952238777541273,0.007427510160026919,28.489300036303238
IND847226AAA,1,1,0.0004042274262760507,0.0004042274262760509,0.5,1263,14.0,14.0,9338.0,564.0,14.0,14.0,416.0,28.0,14.0,4877.0,Jaynagar_Wardno6_D (Bihar),0.5377358490566038,0.5267295597484277,0.8559748427672956,0.9672955974842767,0.13364779874213836,0.0778080364586228,0.23223477759841527,0.01939109559940597,28.478988742234456
IND814112AAA,3,2,0.0007494719944369743,0.0012265528277689976,0.3,1263,8.0,8.0,695.0,370.0,6.0,6.0,386.0,14.0,7.0,540.5,Deoghar_Barmasia_D (Jharkhand),0.6660377358490566,0.7924528301886793,0.5078616352201258,0.6971698113207547,0.2632075471698113,0.0389040182293114,0.025737727556273005,0.0059725045551237595,28.46371956737883
IND248001AAD,2,1,0.0004036329741785862,0.0008072659483571722,0.0,1263,9.0,9.0,2346.0,5222.0,3.0,2.0,290.0,12.0,5.5,1318.0,Dehradun_Nirjanpur_L (Uttarakhand),0.5358490566037736,0.6371069182389937,0.4380503144654088,0.8811320754716981,0.7150943396226415,0.030567442894458955,0.06276100817607368,0.006444986844806711,28.45275248689443
IND713303AAA,1,1,0.000409379344454079,0.000409379344454079,0.0,1263,6.0,6.0,308.0,121.0,5.0,5.0,294.0,11.0,5.5,301.0,Asansol_DC (West Bengal),0.6116352201257862,0.5839622641509434,0.4037735849056604,0.5160377358490567,0.7150943396226415,0.030567442894458955,0.0143331285743537,0.004450079057800878,28.444202066097596
IND574227AAA,1,1,0.000409379344454079,0.000409379344454079,0.0,1263,9.0,9.0,129.0,72.0,2.0,2.0,67.0,11.0,5.5,98.0,Moodbidri_MrdiVlge_D (Karnataka),0.6116352201257862,0.5839622641509434,0.4037735849056604,0.2037735849056604,0.7150943396226415,0.030567442894458955,0.0046666000009523674,0.004051882124898041,28.42429221945245
IND626138AAA,1,1,2.377808389859123e-06,2.377808389859123e-06,0.0,27,11.0,10.0,384.0,152.0,9.0,6.0,54.0,20.0,8.0,219.0,Maharajapuram_Krsnakcl_D (Tamil Nadu),0.44056603773584907,0.42641509433962266,0.6729559748427673,0.4015723270440252,0.7150943396226415,0.04446173511921303,0.010428422451107842,0.006043617000555363,28.42010537832966
IND843301AAA,2,1,0.0004042274262760507,0.0004042274262760509,0.3333333333333333,1263,13.0,13.0,530.0,510.0,12.0,12.0,918.0,25.0,12.5,724.0,Sitamari_Durma_D (Bihar),0.5377358490566038,0.5267295597484277,0.810377358490566,0.7814465408805031,0.24213836477987422,0.06947146112377035,0.03447569796621953,0.010192100166539991,28.419982366817564
IND344001AAA,1,3,0.0008183623875098481,0.0008183623875098481,0.3333333333333333,1263,10.0,4.0,524.0,151.0,4.0,4.0,136.0,14.0,4.0,330.0,Barmer_Nehru3PL_D (Rajasthan),0.7367924528301887,0.7147798742138365,0.5078616352201258,0.5490566037735849,0.24213836477987422,0.022230867559606515,0.015714061227696748,0.0034543327549824863,28.41171034844095
IND124001AAB,1,1,0.0008183623875098481,0.0008183623875098481,0.0,1263,2.0,2.0,111.0,74.0,3.0,3.0,117.0,5.0,2.5,114.0,Rohtak (Haryana),0.7367924528301887,0.7147798742138365,0.19654088050314467,0.23144654088050315,0.7150943396226415,0.01389429222475407,0.005428493878658876,0.0019780039469365334,28.397642335711602
IND591307AAC,1,2,0.0008100400581453412,0.0008100400581453412,0.3333333333333333,1263,4.0,4.0,627.0,195.0,12.0,12.0,577.0,16.0,8.0,602.0,Gokak_Bsavangr_D (Karnataka),0.6918238993710691,0.6625786163522013,0.5745283018867925,0.7311320754716981,0.24213836477987422,0.04446173511921303,0.0286662571487074,0.006794894957707019,28.382197578074024
IND184104AAA,2,4,0.001022061306241113,0.0012261565263706877,0.5384615384615384,1263,8.0,7.0,724.0,179.0,7.0,7.0,1112.0,15.0,7.0,918.0,Kathua_BOB_D (Jammu & Kashmir),0.7666666666666667,0.7911949685534592,0.5411949685534592,0.8276729559748428,0.04968553459119497,0.0389040182293114,0.04371366123341095,0.006712993925423369,28.362379256019597
IND181152AAB,2,3,0.0008136067707301299,0.0008136067707301299,0.2777777777777778,1263,7.0,7.0,512.0,817.0,7.0,7.0,686.0,14.0,7.0,599.0,Jammu_Central_I_1 (Jammu & Kashmir),0.7194968553459119,0.6952830188679245,0.5078616352201258,0.7283018867924528,0.2672955974842767,0.0389040182293114,0.02852340204663743,0.006087255888004626,28.340526316412813
IND732138AAA,1,3,0.0012321010473453355,0.0012321010473453355,0.16666666666666666,1263,6.0,6.0,310.0,51.0,2.0,2.0,137.0,8.0,4.0,223.5,Bamangola_Central_D_1 (West Bengal),0.8283018867924529,0.8132075471698114,0.2921383647798742,0.4088050314465409,0.3238993710691824,0.022230867559606515,0.010642705104212797,0.0032454264823019345,28.33994428008994
IND624101AAA,1,1,3.1704111864788306e-06,3.1704111864788306e-06,0.0,27,8.0,0.0,0.0,190.0,12.0,0.0,0.0,20.0,0.0,0.0,Kodaikanal_Athithnr_DC (Tamil Nadu),0.44716981132075473,0.4349056603773585,0.6729559748427673,0.0012578616352201257,0.7150943396226415,0.0,0.0,0.0,28.30188679245283
IND301705AAA,2,1,0.0012305158417520961,0.0012305158417520961,0.16666666666666666,1263,1.0,1.0,49.0,12.0,7.0,7.0,829.0,8.0,4.0,439.0,Neemrana_Rcocmplx_D (Rajasthan),0.8257861635220126,0.810377358490566,0.2921383647798742,0.6327044025157232,0.3238993710691824,0.022230867559606515,0.02090446326957234,0.0036681429307776053,28.295042366664664
IND586101AAB,1,1,0.0008090493046495666,0.0016180986092991332,0.0,1263,2.0,2.0,89.0,57.0,2.0,2.0,65.0,4.0,2.0,77.0,Bijapur_Central_D_2 (Karnataka),0.6883647798742139,0.8279874213836478,0.15943396226415094,0.17672955974842766,0.7150943396226415,0.011115433779803258,0.0036666142864625745,0.0015545489878584866,28.225526191531287
IND560002AAA,3,2,0.0,0.004385471273696842,1.0,1263,29.0,28.0,1143.0,1633.0,52.0,37.0,1410.0,81.0,32.5,1276.5,Bengaluru_KHRoad_I (Karnataka),0.18930817610062894,0.9377358490566038,0.969811320754717,0.8754716981132076,0.017924528301886792,0.18062579892180292,0.060784845930772415,0.02531095047415753,28.208943750122973
IND343029AAB,1,1,0.0008211364972980171,0.0008211364972980171,0.0,1263,2.0,2.0,56.0,29.0,2.0,1.0,41.0,4.0,1.5,48.5,Bhinmal_RwStnDPP_D (Rajasthan),0.7525157232704403,0.7317610062893082,0.15943396226415094,0.11289308176100629,0.7150943396226415,0.008336575334852443,0.0023094908167978555,0.0011477672993699672,28.20518710710686
IND521105AAA,1,2,0.0012217972109892794,0.0012217972109892794,0.16666666666666666,1263,7.0,7.0,296.0,167.0,2.0,2.0,35.0,9.0,4.5,165.5,HanumanJNC_VijywdRD_D (Andhra Pradesh),0.8012578616352202,0.779874213836478,0.32578616352201256,0.32075471698113206,0.3238993710691824,0.025009726004557326,0.007880839797526702,0.003482533123026437,28.11752288256642
IND303303AAA,2,1,2.1400275508732105e-05,2.1400275508732105e-05,0.16666666666666666,18,13.0,12.0,421.0,114.0,11.0,11.0,139.0,24.0,11.5,280.0,Dausa_IndraCln_D (Rajasthan),0.510062893081761,0.4987421383647799,0.7855345911949686,0.48144654088050315,0.3238993710691824,0.06391374423386872,0.013333142859863907,0.00861941258742799,28.09134798786197
IND209625AAA,2,1,0.0008211364972980171,0.0008211364972980171,0.16666666666666666,1263,6.0,4.0,167.0,266.0,5.0,5.0,166.0,11.0,4.5,166.5,Farrukhbad_Pnchlght_D (Uttar Pradesh),0.7525157232704403,0.7317610062893082,0.4037735849056604,0.3242138364779874,0.3238993710691824,0.025009726004557326,0.007928458164883358,0.0034844946842722637,28.075168130440026
IND244715AAA,1,1,0.00020449152152788458,0.0,0.0,1263,11.0,0.0,7.0,389.0,11.0,11.0,644.0,22.0,5.5,325.5,Ramnagar_BhwniGnj_D (Uttarakhand),0.5276729559748428,0.18270440251572326,0.7286163522012579,0.5430817610062894,0.7150943396226415,0.030567442894458955,0.015499778574591791,0.004498137308323633,28.04723390944134
IND360510AAB,1,1,8.32232936450693e-06,8.32232936450693e-06,0.0,13,8.0,7.0,145.0,95.0,8.0,8.0,264.0,16.0,7.5,204.5,Bhanvad_Mainroad_D (Gujarat),0.4827044025157233,0.470125786163522,0.5745283018867925,0.37735849056603776,0.7150943396226415,0.041682876674262216,0.009737956124436318,0.005664297169508419,27.993906682374796
IND241124AAB,1,1,0.0004109645500473184,0.0004109645500473184,0.0,1263,3.0,3.0,55.0,61.0,6.0,4.0,167.0,9.0,3.5,111.0,Shahabad_KDRoad_D (Uttar Pradesh),0.6427672955974842,0.6169811320754717,0.32578616352201256,0.22735849056603774,0.7150943396226415,0.0194520091146557,0.005285638776588906,0.0026738736491639654,27.982750286231777
IND274304AAB,2,2,0.0004099737965515438,0.0006148616194777382,0.1,1263,9.0,9.0,207.0,232.0,6.0,6.0,264.0,15.0,7.5,235.5,Padrauna_BawliDPPP_D (Uttar Pradesh),0.630188679245283,0.6364779874213836,0.5411949685534592,0.4286163522012579,0.3745283018867924,0.041682876674262216,0.011214125512492679,0.005725105568129049,27.967072888469342
IND533262AAA,2,2,0.000807662249755482,0.0012166452928112513,0.5,1263,7.0,7.0,254.0,277.0,9.0,9.0,455.0,16.0,8.0,354.5,Draksharamam_Anaipeta_D (Andhra Pradesh),0.6669811320754717,0.7647798742138365,0.5745283018867925,0.569811320754717,0.13364779874213836,0.04446173511921303,0.016880711227934837,0.006309408549364891,27.922388666461956
IND574117AAA,1,2,0.001019287196452944,0.005050068718662468,0.3333333333333333,1263,3.0,3.0,114.0,3.0,5.0,5.0,222.0,8.0,4.0,168.0,Uchila_Busstand_D (Karnataka),0.7644654088050314,0.9471698113207547,0.2921383647798742,0.3270440251572327,0.24213836477987422,0.022230867559606515,0.007999885715918344,0.003136559833158548,27.8989663564378
IND736135AAA,1,2,1.5852055932394153e-06,1.5852055932394153e-06,0.0,5,11.0,11.0,434.0,231.0,8.0,8.0,321.0,19.0,9.5,377.5,Dinhata_WrdN4DPP_D (West Bengal),0.429874213836478,0.4160377358490566,0.6509433962264151,0.5918238993710692,0.7150943396226415,0.05279831045406547,0.017975933677137946,0.007407156036966275,27.89394270750869
IND243301AAB,1,2,0.00040977564585238885,0.00040977564585238885,0.16666666666666666,1263,9.0,6.0,574.0,3493.0,8.0,0.0,0.0,17.0,3.0,287.0,Aonla_KdidmCLY_D (Uttar Pradesh),0.6283018867924528,0.60062893081761,0.6056603773584905,0.4921383647798742,0.3238993710691824,0.016673150669704886,0.013666471431360504,0.002668231235447022,27.888128542904422
IND203390AAA,2,1,4.755616779718246e-06,4.755616779718246e-06,0.16666666666666666,1263,14.0,14.0,2493.0,2518.0,13.0,12.0,326.0,27.0,13.0,1409.5,Anupshahar_DcntCLY_D (Uttar Pradesh),0.4628930817610063,0.45031446540880504,0.8393081761006289,0.8880503144654088,0.3238993710691824,0.07225031956872117,0.06711808878920777,0.011887627593536704,27.869538612381234
IND624601AAA,1,1,3.5667125847886842e-06,3.5667125847886842e-06,0.0,27,12.0,0.0,0.0,275.0,6.0,4.0,45.0,18.0,2.0,22.5,Palani_RjndraRd_D (Tamil Nadu),0.4518867924528302,0.44056603773584907,0.6305031446540881,0.04622641509433962,0.7150943396226415,0.011115433779803258,0.0010714132655247782,0.0014476438999609272,27.864835025186725
IND722151AAA,1,1,0.0008080585511537919,0.0008080585511537919,0.0,1263,3.0,3.0,1971.0,88.0,4.0,1.0,16.0,7.0,2.0,993.5,Simlapal_Central_D_1 (West Bengal),0.6761006289308176,0.6474842767295598,0.26069182389937107,0.8408805031446541,0.7150943396226415,0.011115433779803258,0.04730884796883854,0.003352319869658729,27.84528894945778
IND721133AAA,1,1,0.0008183623875098481,0.0008183623875098481,0.0,1263,2.0,2.0,209.0,37.0,2.0,2.0,41.0,4.0,2.0,125.0,Keshiary_MdnprDPP_D (West Bengal),0.7367924528301887,0.7147798742138365,0.15943396226415094,0.2531446540880503,0.7150943396226415,0.011115433779803258,0.005952295919582101,0.001648703927658172,27.82457356116278
IND805110AAD,1,1,2.377808389859123e-06,2.377808389859123e-06,0.0,6,9.0,9.0,267.0,284.0,9.0,9.0,270.0,18.0,9.0,268.5,Nawada_Central_DPP_2 (Bihar),0.44056603773584907,0.42641509433962266,0.6305031446540881,0.46635220125786164,0.7150943396226415,0.05001945200911465,0.012785531635262354,0.0068424686681887005,27.82325550888114
IND590016AAA,2,1,0.00081321046933182,0.00081321046933182,0.3333333333333333,1263,3.0,3.0,46.0,122.0,11.0,11.0,1398.0,14.0,7.0,722.0,Belgaum_Dc (Karnataka),0.7081761006289308,0.6827044025157233,0.5078616352201258,0.7805031446540881,0.24213836477987422,0.0389040182293114,0.03438046123150622,0.00632852792124132,27.805420106753886
IND444203AAA,2,1,0.0016145318967143445,0.0016145318967143445,0.3333333333333333,1263,5.0,5.0,290.0,1694.0,3.0,3.0,292.0,8.0,4.0,291.0,Shegaon_SChwkDPP_D (Maharashtra),0.8393081761006289,0.8232704402515724,0.2921383647798742,0.5012578616352201,0.24213836477987422,0.022230867559606515,0.013856944900787132,0.003377831866395242,27.794677756841775
IND623704AAA,1,1,1.664465872901386e-05,1.664465872901386e-05,0.0,27,7.0,5.0,88.0,68.0,8.0,0.0,84.0,15.0,2.5,86.0,Muthukulathur_VaiklSRT_D (Tamil Nadu),0.5015723270440252,0.490251572327044,0.5411949685534592,0.18930817610062894,0.7150943396226415,0.01389429222475407,0.004095179592672486,0.0019230802320533834,27.791122565061787
IND786184AAA,1,2,0.0008167771819166087,0.0020429337082872963,0.5,1263,5.0,5.0,144.0,101.0,7.0,7.0,230.0,12.0,6.0,187.0,Chabua_CollgeRD_D (Assam),0.7251572327044025,0.8767295597484277,0.4380503144654088,0.3559748427672956,0.13364779874213836,0.03334630133940977,0.008904634695694823,0.004577338268759081,27.78075370589079
IND788806AAA,2,2,0.0002019155624388705,0.0012174378956078709,0.5,1263,10.0,10.0,580.0,1290.0,11.0,11.0,306.0,21.0,10.5,443.0,Badarpur_Konapara_D (Assam),0.5204402515723271,0.7716981132075472,0.6993710691823899,0.6371069182389937,0.13364779874213836,0.058356027343967096,0.021094936738998968,0.008237392684532841,27.762498565044258
IND854335AAA,2,3,0.00040630800861717753,0.0008128141679335102,0.2222222222222222,1263,14.0,14.0,467.0,169.0,3.0,3.0,29.0,17.0,8.5,248.0,Narpatganj_Central_DPP_1 (Bihar),0.589937106918239,0.6726415094339623,0.6056603773584905,0.4421383647798742,0.27735849056603773,0.04724059356416384,0.01180935510445089,0.006451379469666795,27.75653123763428
IND802301AAA,1,1,3.963013983098538e-07,3.963013983098538e-07,0.0,3,10.0,10.0,570.0,348.0,11.0,11.0,349.0,21.0,10.5,459.5,Arrah_Katira_D (Bihar),0.3940251572327044,0.3767295597484277,0.6993710691823899,0.6471698113207547,0.7150943396226415,0.058356027343967096,0.021880639800383805,0.008269758445088983,27.73267031219156
IND713130AAA,2,2,0.0005451786236082525,1.1889041949295614e-06,0.16666666666666666,1263,11.0,11.0,937.0,395.0,9.0,9.0,862.0,20.0,10.0,899.5,Katwa_BSarani_D (West Bengal),0.6584905660377358,0.4069182389937107,0.6729559748427673,0.8238993710691824,0.3238993710691824,0.05557716889901628,0.0428327214373128,0.008781968200270308,27.718972623849993
IND623526AAA,1,1,1.664465872901386e-05,1.664465872901386e-05,0.0,27,8.0,0.0,84.0,152.0,7.0,0.0,0.0,15.0,0.0,42.0,Rameswram_Kdthdstrt_D (Tamil Nadu),0.5015723270440252,0.490251572327044,0.5411949685534592,0.09150943396226414,0.7150943396226415,0.0,0.001999971428979586,8.238557232472469e-05,27.69908783207536
IND712602AAA,1,1,0.0012162489914129414,0.0012162489914129414,0.0,1263,1.0,1.0,50.0,0.0,1.0,1.0,45.0,2.0,1.0,47.5,Arambag_BalibDPP_D (West Bengal),0.7836477987421384,0.759119496855346,0.07610062893081761,0.10911949685534592,0.7150943396226415,0.005557716889901629,0.0022618724494411985,0.0007949285451416843,27.678111207131302
IND533003AAA,2,2,0.000409379344454079,0.000409379344454079,0.7,1263,14.0,14.0,726.0,1073.0,10.0,10.0,525.0,24.0,12.0,625.5,Kakinada_DC (Andhra Pradesh),0.6116352201257862,0.5839622641509434,0.7855345911949686,0.7440251572327043,0.03930817610062893,0.06669260267881955,0.029785288781588835,0.009648009190843597,27.672652031869227
IND173025AAA,1,1,0.0008084548525521018,0.0008084548525521018,0.5,1263,8.0,8.0,1102.0,454.0,9.0,9.0,559.0,17.0,8.5,830.5,PaontSahib_Gurudwar_D (Himachal Pradesh),0.6858490566037736,0.6569182389937107,0.6056603773584905,0.8144654088050315,0.13364779874213836,0.04724059356416384,0.03954705408970348,0.007593988895360893,27.6580013315605
IND742121AAA,1,2,1.1889041949295614e-06,0.001214663785819702,0.16666666666666666,1263,11.0,11.0,795.0,255.0,9.0,9.0,287.0,20.0,10.0,541.0,Nowda_AmtlaDPP_D (West Bengal),0.42138364779874216,0.7566037735849057,0.6729559748427673,0.6981132075471698,0.3238993710691824,0.05557716889901628,0.025761536739951334,0.00807874849364141,27.62406321084559
IND571430AAA,2,1,0.00041889057801351546,0.00041889057801351546,0.16666666666666666,1263,7.0,7.0,109.0,87.0,8.0,2.0,162.0,15.0,4.5,135.5,Malavalli_SulthnRd_D (Karnataka),0.6534591194968553,0.6283018867924528,0.5411949685534592,0.26761006289308176,0.3238993710691824,0.025009726004557326,0.006452288776826997,0.003423686285651634,27.61300821365365
IND506169AAB,1,1,0.0008211364972980171,0.0008211364972980171,0.0,1263,1.0,1.0,18.0,20.0,2.0,1.0,29.0,3.0,1.0,23.5,Bhupalpally_JwahrNGR_D (Telangana),0.7525157232704403,0.7317610062893082,0.11949685534591195,0.04968553459119497,0.7150943396226415,0.005557716889901629,0.0011190316328814351,0.0007478510752418416,27.586134692126873
IND622407AAA,1,1,1.5852055932394153e-06,1.5852055932394153e-06,0.0,6,9.0,9.0,148.0,105.0,9.0,9.0,197.0,18.0,9.0,172.5,Ponnamaravathi_Puduvalvu_D (Tamil Nadu),0.429874213836478,0.4160377358490566,0.6305031446540881,0.3352201257861635,0.7150943396226415,0.05001945200911465,0.008214168369023299,0.0066541587885893295,27.54968907150494
IND584123AAA,1,1,0.0008203438945013974,0.0008203438945013974,0.0,1263,1.0,1.0,16.0,12.0,2.0,2.0,47.0,3.0,1.5,31.5,Manvi_APMCYard_D (Karnataka),0.7490566037735849,0.7279874213836478,0.11949685534591195,0.06509433962264151,0.7150943396226415,0.008336575334852443,0.0014999785717346894,0.0011144207581909118,27.51484053476489
IND695609AAA,1,1,0.0008167771819166087,0.0008167771819166087,0.0,1263,2.0,2.0,65.0,31.0,2.0,2.0,11.0,4.0,2.0,38.0,Pangodu_Central_D_1 (Kerala),0.7251572327044025,0.7009433962264151,0.15943396226415094,0.08113207547169811,0.7150943396226415,0.011115433779803258,0.0018094979595529588,0.0014780480992712423,27.503147687982427
IND360575AAA,1,1,8.32232936450693e-06,8.32232936450693e-06,0.0,13,8.0,8.0,264.0,156.0,7.0,7.0,254.0,15.0,7.5,259.0,Porbandar_DC (Gujarat),0.4827044025157233,0.470125786163522,0.5411949685534592,0.4540880503144654,0.7150943396226415,0.041682876674262216,0.012333157145374113,0.005771202257405978,27.499251936769674
IND560300AAB,2,3,4.557466080563319e-06,5.548219576337954e-06,0.2,1263,16.0,16.0,701.0,995.0,11.0,11.0,1651.0,27.0,13.5,1176.0,Bangalore_East_I_20 (Karnataka),0.46163522012578617,0.4547169811320755,0.8393081761006289,0.8628930817610063,0.2839622641509434,0.07502917801367198,0.055999200011428406,0.011780480235618607,27.48996740800734
IND121002AAB,1,1,0.0,0.0,0.0,1263,24.0,24.0,2737.0,3235.0,38.0,38.0,3012.0,62.0,31.0,2874.5,Faridabad_Mthurard_L (Haryana),0.18930817610062894,0.18270440251572326,0.9518867924528301,0.9446540880503145,0.7150943396226415,0.17228922358695048,0.13687899696671,0.027392893766041353,27.465556637987603
IND560058AAB,3,3,1.0568037288262768e-06,3.1704111864788306e-06,0.9230769230769231,1263,56.0,44.0,930.0,2012.0,68.0,49.0,1529.0,124.0,46.5,1229.5,Bengaluru_Peenya_IP (Karnataka),0.41635220125786165,0.4349056603773585,0.9811320754716981,0.869182389937107,0.035849056603773584,0.25843383538042575,0.058546782665009546,0.03504331849911244,27.421977245710337
IND760003AAB,1,2,0.0008191549903064678,0.0008191549903064678,0.16666666666666666,1263,2.0,2.0,153.0,636.0,8.0,8.0,1395.0,10.0,5.0,774.0,Berhampur_Khajuria_I (Orissa),0.7471698113207547,0.7257861635220125,0.3632075471698113,0.7981132075471699,0.3238993710691824,0.02778858444950814,0.03685661633405237,0.005027020334094487,27.403866739975168
IND732103AAA,2,1,0.0016414803917994146,0.0016414803917994146,0.16666666666666666,1263,2.0,2.0,137.0,58.0,2.0,2.0,236.0,4.0,2.0,186.5,Malda_krshnPly_DC (West Bengal),0.8710691823899371,0.859748427672956,0.15943396226415094,0.35471698113207545,0.3238993710691824,0.011115433779803258,0.008880825512016495,0.001769339944276519,27.38249215444653
IND140401AAA,2,3,0.0008084548525521018,0.0008084548525521018,0.2777777777777778,1263,6.0,6.0,216.0,206.0,8.0,6.0,85.0,14.0,6.0,150.5,Rajpura_DC (Punjab),0.6858490566037736,0.6569182389937107,0.5078616352201258,0.29465408805031446,0.2672955974842767,0.03334630133940977,0.00716656428717685,0.004505741283286404,27.37308580630269
IND531001AAA,2,2,0.0008136067707301299,0.0008136067707301299,0.0,1263,2.0,2.0,191.0,51.0,2.0,2.0,47.0,4.0,2.0,119.0,Anakapalle_Kothuru_D (Andhra Pradesh),0.7194968553459119,0.6952830188679245,0.15943396226415094,0.2380503144654088,0.7150943396226415,0.011115433779803258,0.00566658571544216,0.0016369345601832113,27.369582577065763
IND577501AAA,2,1,0.0004042274262760509,0.0004042274262760509,0.3333333333333333,1263,10.0,10.0,322.0,375.0,12.0,12.0,413.0,22.0,11.0,367.5,Chitradurga_DC (Karnataka),0.5550314465408805,0.5267295597484277,0.7286163522012579,0.5817610062893082,0.24213836477987422,0.06113488578891791,0.017499750003571377,0.008440172003455376,27.365404826587863
IND484661AAE,1,2,0.0016359321722230766,0.0016359321722230766,0.16666666666666666,1263,3.0,3.0,189.0,24.0,1.0,1.0,64.0,4.0,2.0,126.5,Umaria_Central_DPP_3 (Madhya Pradesh),0.8704402515723271,0.8588050314465409,0.15943396226415094,0.25566037735849056,0.3238993710691824,0.011115433779803258,0.006023723470617086,0.0016516462695269122,27.35773954618075
IND626607AAB,1,1,1.5852055932394153e-05,1.5852055932394153e-05,0.0,27,7.0,7.0,183.0,60.0,7.0,5.0,88.0,14.0,6.0,135.5,Narikkudi_MukkuRD_D (Tamil Nadu),0.4990566037735849,0.4877358490566038,0.5078616352201258,0.26761006289308176,0.7150943396226415,0.03334630133940977,0.006452288776826997,0.004476317864599002,27.355891364928063
IND110037AAK,1,1,0.0,0.0,0.0,1263,34.0,34.0,4029.0,6335.0,26.0,26.0,935.0,60.0,30.0,2482.0,Delhi_Kapshera_L (Delhi),0.18930817610062894,0.18270440251572326,0.9490566037735849,0.9358490566037736,0.7150943396226415,0.16673150669704886,0.1181887877792222,0.025921226591089436,27.349520449051322
IND322201AAA,1,2,2.615589228845035e-05,2.615589228845035e-05,0.16666666666666666,18,10.0,10.0,307.0,112.0,12.0,12.0,350.0,22.0,11.0,328.5,Gangapur_Ward6DPP_D (Rajasthan),0.5138364779874214,0.5018867924528302,0.7286163522012579,0.5477987421383648,0.3238993710691824,0.06113488578891791,0.01564263367666176,0.008363671114868132,27.31283764379372
IND312403AAA,1,1,0.0008080585511537918,0.0008080585511537919,0.0,1263,3.0,3.0,105.0,88.0,3.0,3.0,367.0,6.0,3.0,236.0,BariSadri_BhmprDPP_D (Rajasthan),0.6713836477987422,0.6474842767295598,0.23018867924528302,0.43018867924528303,0.7150943396226415,0.016673150669704886,0.011237934696171008,0.0025681916119098566,27.27778064977789
IND723133AAA,2,1,0.0004042274262760509,0.0004042274262760509,0.3333333333333333,1263,12.0,7.0,273.0,143.0,10.0,10.0,348.0,22.0,8.5,310.5,Rghunthpur_barkarRd_D (West Bengal),0.5550314465408805,0.5267295597484277,0.7286163522012579,0.5248427672955975,0.24213836477987422,0.04724059356416384,0.01478550306424194,0.006573977047530969,27.27209507879164
IND583227AAA,1,1,0.000409379344454079,0.000409379344454079,0.5,1263,10.0,10.0,297.0,140.0,11.0,11.0,335.0,21.0,10.5,316.0,Gangavathi_PhrmPlza_D (Karnataka),0.6116352201257862,0.5839622641509434,0.6993710691823899,0.5320754716981132,0.13364779874213836,0.058356027343967096,0.015047404084703552,0.007988274406312841,27.240608688869106
IND204215AAA,1,1,0.0004058126318692903,0.0004058126318692903,0.0,1263,6.0,6.0,369.0,250.0,4.0,4.0,175.0,10.0,5.0,272.0,SikandraRao_JydevNGR_D (Uttar Pradesh),0.5867924528301887,0.5616352201257861,0.3632075471698113,0.4720125786163522,0.7150943396226415,0.02778858444950814,0.012952195921010653,0.004042316588689445,27.21941142691875
IND518206AAA,1,1,0.000409379344454079,0.000409379344454079,0.0,1263,3.0,3.0,55.0,57.0,6.0,6.0,86.0,9.0,4.5,70.5,Betamcherla_CmtNgRod_D (Andhra Pradesh),0.6116352201257862,0.5839622641509434,0.32578616352201256,0.15786163522012578,0.7150943396226415,0.025009726004557326,0.003357094898644305,0.003296184804672893,27.21669603268647
IND804420AAA,1,1,1.5852055932394153e-06,1.5852055932394153e-06,0.0,6,11.0,11.0,913.0,596.0,6.0,6.0,152.0,17.0,8.5,532.5,Jehanabad_Madarpur_D (Bihar),0.429874213836478,0.4160377358490566,0.6056603773584905,0.6937106918238993,0.7150943396226415,0.04724059356416384,0.02535678061741975,0.007009443644104513,27.194811804846736
IND623503AAA,1,1,1.5852055932394153e-05,1.5852055932394153e-05,0.0,27,7.0,0.0,0.0,175.0,7.0,3.0,75.0,14.0,1.5,37.5,Ramnthpurm_TnhbBlkC_D (Tamil Nadu),0.4990566037735849,0.4877358490566038,0.5078616352201258,0.07861635220125786,0.7150943396226415,0.008336575334852443,0.0017856887758746303,0.0011261901256658727,27.188384977981407
IND614809AAA,1,1,0.0004042274262760509,0.0004042274262760509,0.5,1263,12.0,12.0,697.0,170.0,12.0,12.0,226.0,24.0,12.0,461.5,Pushpavanam_Thmpulam_D (Tamil Nadu),0.5550314465408805,0.5267295597484277,0.7855345911949686,0.6484276729559748,0.13364779874213836,0.06669260267881955,0.021975876535097118,0.009326313146528006,27.1785798082698
IND476111AAA,1,2,0.000818758688908158,0.000818758688908158,0.3333333333333333,1263,5.0,5.0,230.0,102.0,6.0,6.0,650.0,11.0,5.5,440.0,Ambah_MrenTirh_D (Madhya Pradesh),0.7465408805031446,0.7251572327044025,0.4037735849056604,0.6339622641509434,0.24213836477987422,0.030567442894458955,0.020952081636928997,0.0047227360709707995,27.16380975952338
IND361315AAA,1,1,1.5852055932394153e-06,1.5852055932394153e-06,0.0,7,9.0,9.0,148.0,30.0,8.0,8.0,187.0,17.0,8.5,167.5,Bhatiya_Kalyanpr_D (Gujarat),0.429874213836478,0.4160377358490566,0.6056603773584905,0.32578616352201256,0.7150943396226415,0.04724059356416384,0.007976076532240016,0.006293473789377739,27.159013312110396
IND586211AAA,2,2,3.963013983098538e-07,0.0,0.0,1263,12.0,12.0,829.0,196.0,12.0,12.0,526.0,24.0,12.0,677.5,Indi_SindgiRD_D (Karnataka),0.3940251572327044,0.18270440251572326,0.7855345911949686,0.7672955974842768,0.7150943396226415,0.06669260267881955,0.03226144388413499,0.009750010375626589,27.158884166580076
IND603001AAA,1,1,0.000409379344454079,0.000409379344454079,0.5,1263,11.0,6.0,171.0,176.0,10.0,10.0,526.0,21.0,8.0,348.5,Chennai_Chnglptu_DC (Tamil Nadu),0.6116352201257862,0.5839622641509434,0.6993710691823899,0.5672955974842767,0.13364779874213836,0.04446173511921303,0.016595001023794898,0.006297639181889931,27.15607692764796
IND577101AAA,2,2,0.0008140030721284397,0.0008140030721284397,0.1,1263,6.0,5.0,113.0,73.0,4.0,1.0,42.0,10.0,3.0,77.5,Chikmagalur_DC (Karnataka),0.7229559748427673,0.699685534591195,0.3632075471698113,0.17830188679245282,0.3745283018867924,0.016673150669704886,0.0036904234701409027,0.002257284154446312,27.147455402690866
IND412803AAB,1,1,0.000409379344454079,0.000409379344454079,0.0,1263,2.0,0.0,7.0,14.0,7.0,5.0,88.0,9.0,2.5,47.5,Wai_Central_DPP_3 (Maharashtra),0.6116352201257862,0.5839622641509434,0.32578616352201256,0.10911949685534592,0.7150943396226415,0.01389429222475407,0.0022618724494411985,0.0018475601240890524,27.144264798657282
IND721434AAB,1,1,0.00081321046933182,0.00081321046933182,0.0,1263,2.0,2.0,147.0,42.0,2.0,2.0,209.0,4.0,2.0,178.0,Manglamaro_Bypassrd_D (West Bengal),0.7081761006289308,0.6827044025157233,0.15943396226415094,0.34371069182389935,0.7150943396226415,0.011115433779803258,0.008476069389484912,0.0017526666736869911,27.07977169846422
IND126102AAA,1,1,0.00081321046933182,0.00081321046933182,0.0,1263,2.0,2.0,81.0,48.0,2.0,2.0,111.0,4.0,2.0,96.0,Jind_DC (Haryana),0.7081761006289308,0.6827044025157233,0.15943396226415094,0.20062893081761007,0.7150943396226415,0.011115433779803258,0.0045713632662390535,0.0015918186515291954,27.071729297356335
IND690548AAA,2,1,0.00041532386542872683,0.00041532386542872683,0.16666666666666666,1263,9.0,5.0,88.0,194.0,5.0,5.0,65.0,14.0,5.0,76.5,Haripad_Kumrpurm_D (Kerala),0.6515723270440251,0.6257861635220126,0.5078616352201258,0.17452830188679244,0.3238993710691824,0.02778858444950814,0.003642805102784246,0.0036588313651303096,27.07130634813073
IND742202AAA,1,2,0.002048878229261944,0.002048878229261944,0.3333333333333333,1263,3.0,3.0,819.0,356.0,1.0,1.0,94.0,4.0,2.0,456.5,Dhulian_RatanDPP_D (West Bengal),0.889308176100629,0.8786163522012579,0.15943396226415094,0.6437106918238994,0.24213836477987422,0.011115433779803258,0.021737784698313833,0.002298961480649749,27.05362731931551
IND425508AAB,1,1,5.1519181780281e-06,5.1519181780281e-06,0.0,1263,10.0,10.0,354.0,96.0,5.0,5.0,209.0,15.0,7.5,281.5,Raver_Truptingr_D (Maharashtra),0.4647798742138365,0.45220125786163523,0.5411949685534592,0.48333333333333334,0.7150943396226415,0.041682876674262216,0.013404570410898892,0.005815337385437081,27.053345485624053
IND424201AAA,1,1,0.0008223254014929467,0.0008223254014929467,0.0,1263,1.0,1.0,640.0,14.0,1.0,1.0,14.0,2.0,1.0,327.0,Pachora_PcrrdDPP_D (Maharashtra),0.7559748427672957,0.7352201257861635,0.07610062893081761,0.5449685534591195,0.7150943396226415,0.005557716889901629,0.015571206125626777,0.001343184913350269,27.05143597522726
IND450331AAA,1,1,1.1889041949295614e-06,1.1889041949295614e-06,0.0,1263,7.0,7.0,657.0,109.0,10.0,10.0,354.0,17.0,8.5,505.5,Burhanpur_StRoad_D (Madhya Pradesh),0.42138364779874216,0.4069182389937107,0.6056603773584905,0.679874213836478,0.7150943396226415,0.04724059356416384,0.02407108469879002,0.00695648149046719,26.973610238045374
IND361305AAC,1,1,1.1889041949295614e-06,1.1889041949295614e-06,0.0,7,8.0,8.0,187.0,50.0,9.0,9.0,266.0,17.0,8.5,226.5,Khambhalia_JdswarRD_D (Gujarat),0.42138364779874216,0.4069182389937107,0.6056603773584905,0.41415094339622643,0.7150943396226415,0.04724059356416384,0.010785560206282768,0.006409205902881519,26.94624645866609
IND363421AAB,1,1,7.926027966197076e-07,7.926027966197076e-07,0.0,4,9.0,9.0,344.0,163.0,9.0,2.0,63.0,18.0,5.5,203.5,Limbdi_Busstand_D (Gujarat),0.4110062893081761,0.3946540880503145,0.6305031446540881,0.3754716981132076,0.7150943396226415,0.030567442894458955,0.009690337757079661,0.004258826836332766,26.93306712798016
IND201301AAM,1,1,0.0,0.0,0.0,1263,21.0,21.0,2486.0,2347.0,27.0,27.0,3990.0,48.0,24.0,3238.0,Noida_Sector63_L (Uttar Pradesh),0.18930817610062894,0.18270440251572326,0.930188679245283,0.9534591194968554,0.7150943396226415,0.1333852053576391,0.15418827350085476,0.023193640577145003,26.930122280429575
IND362220AAA,1,1,4.359315381408392e-06,4.359315381408392e-06,0.0,13,5.0,5.0,121.0,71.0,10.0,10.0,314.0,15.0,7.5,217.5,Junagadh_keshod_DC (Gujarat),0.459748427672956,0.4477987421383648,0.5411949685534592,0.3987421383647799,0.7150943396226415,0.041682876674262216,0.010356994900072856,0.005689797465704167,26.927571634291496
IND000000AAZ,2,2,0.0016248357330704006,0.0016248357330704006,0.16666666666666666,1263,2.0,2.0,361.0,47.0,2.0,2.0,390.0,4.0,2.0,375.5,Buldhana_Thsil3PL_D (Maharashtra),0.8515723270440252,0.8380503144654088,0.15943396226415094,0.5902515723270441,0.3238993710691824,0.011115433779803258,0.017880696942424633,0.00214007501973778,26.891594945955443
IND501401AAC,2,1,0.00040462372767436077,0.00040462372767436077,0.3333333333333333,1263,10.0,10.0,859.0,438.0,10.0,10.0,142.0,20.0,10.0,500.5,Medchal_MROoffce_D (Telangana),0.5688679245283019,0.5433962264150943,0.6729559748427673,0.6773584905660377,0.24213836477987422,0.05557716889901628,0.023832992862006734,0.007999305263185425,26.882669665674992
IND733128AAA,1,2,0.0012328936501419553,0.0012328936501419553,0.16666666666666666,1263,3.0,3.0,108.0,72.0,2.0,2.0,89.0,5.0,2.5,98.5,Itahar_NatunDPP_D (West Bengal),0.8292452830188679,0.8141509433962264,0.19654088050314467,0.20534591194968554,0.3238993710691824,0.01389429222475407,0.004690409184630696,0.0019475997476262183,26.864675584865587
IND452001AAC,2,1,1.3077946144225176e-05,1.3077946144225176e-05,0.0,1263,5.0,5.0,2356.0,2038.0,8.0,8.0,799.0,13.0,6.5,1577.5,Jalgaon_DC (Maharashtra),0.4930817610062893,0.48238993710691824,0.47232704402515724,0.9018867924528302,0.7150943396226415,0.03612515978436059,0.07511797450512611,0.007655766374063673,26.838763161470474
IND845438AAA,2,1,0.000409379344454079,0.000409379344454079,0.6666666666666666,1263,12.0,12.0,455.0,657.0,10.0,10.0,1005.0,22.0,11.0,730.0,Bettiah_BypassRd_D (Bihar),0.6116352201257862,0.5839622641509434,0.7286163522012579,0.7830188679245284,0.04213836477987421,0.06113488578891791,0.03476140817035947,0.009151237955067584,26.822341771967213
IND852111AAA,2,4,1.5852055932394153e-06,2.57595908901405e-06,0.23076923076923078,1263,14.0,14.0,2909.0,1693.0,13.0,13.0,388.0,27.0,13.5,1648.5,Simrahi_Bazar_D (Bihar),0.429874213836478,0.4308176100628931,0.8393081761006289,0.9056603773584906,0.27672955974842767,0.07502917801367198,0.07849887858744875,0.01270731792427176,26.748573443383393
IND641664AAA,2,1,1.8229864322253276e-05,1.8229864322253276e-05,0.16666666666666666,19,11.0,11.0,231.0,185.0,10.0,10.0,147.0,21.0,10.5,189.0,Tirpur_Palladam_DC (Tamil Nadu),0.5084905660377359,0.49654088050314465,0.6993710691823899,0.360062893081761,0.3238993710691824,0.058356027343967096,0.008999871430408138,0.00773915612809284,26.7092848504298
IND600044AAE,1,1,0.0,0.0,0.0,1263,22.0,22.0,963.0,2188.0,26.0,26.0,877.0,48.0,24.0,920.0,Chennai_Chrompet_L (Tamil Nadu),0.18930817610062894,0.18270440251572326,0.930188679245283,0.8289308176100629,0.7150943396226415,0.1333852053576391,0.04380889796812427,0.01864674160931853,26.702777332038252
IND500010AAB,1,1,0.0,0.0,0.0,1263,23.0,23.0,2294.0,5769.0,22.0,22.0,1947.0,45.0,22.5,2120.5,Hyderabad_Alwal_L (Telangana),0.18930817610062894,0.18270440251572326,0.9257861635220126,0.9232704402515723,0.7150943396226415,0.12504863002278663,0.10097474797979077,0.019948964305986208,26.70185073102258
IND571401AAA,1,1,3.963013983098538e-07,3.963013983098538e-07,0.0,3,10.0,0.0,2.0,227.0,9.0,6.0,68.0,19.0,3.0,35.0,Mandya_Dc (Karnataka),0.3940251572327044,0.3767295597484277,0.6509433962264151,0.07358490566037736,0.7150943396226415,0.016673150669704886,0.0016666428574829883,0.002173917801498674,26.70146318567242
IND160102AAC,1,1,0.0,0.0,0.0,1263,24.0,24.0,867.0,3415.0,24.0,24.0,730.0,48.0,24.0,798.5,Chandigarh_Raiprvlg_L (Chandigarh),0.18930817610062894,0.18270440251572326,0.930188679245283,0.8037735849056604,0.7150943396226415,0.1333852053576391,0.03802326633429046,0.018408411917950576,26.690860847469857
IND604303AAA,1,1,0.000409379344454079,0.000409379344454079,0.0,1263,4.0,4.0,149.0,2.0,4.0,2.0,111.0,8.0,3.0,130.0,Marakkanam_MJRDPP_D (Tamil Nadu),0.6116352201257862,0.5839622641509434,0.2921383647798742,0.260062893081761,0.7150943396226415,0.016673150669704886,0.006190387756365386,0.002360266119852218,26.66518311731336
IND712103AAA,1,1,2.774109788168977e-06,2.774109788168977e-06,0.5,1263,18.0,18.0,1509.0,530.0,20.0,20.0,410.0,38.0,19.0,959.5,Hoogly_Bandel_D (West Bengal),0.4449685534591195,0.4317610062893082,0.9047169811320754,0.8336477987421383,0.13364779874213836,0.10559662090813093,0.045689823478712206,0.015215451348704126,26.6601436366176
IND624202AAA,1,1,1.981506991549269e-06,1.981506991549269e-06,0.0,27,8.0,8.0,98.0,83.0,8.0,0.0,0.0,16.0,4.0,49.0,Batlagundu_RTOofice_D (Tamil Nadu),0.4349056603773585,0.4210691823899371,0.5745283018867925,0.11415094339622642,0.7150943396226415,0.022230867559606515,0.0023333000004761837,0.0029031340449051615,26.64830135633331
IND636705AAB,2,2,0.0004046237276743608,0.00040462372767436077,0.2,1263,9.0,8.0,690.0,599.0,9.0,9.0,152.0,18.0,8.5,421.0,Dharmapuri_Central_D_2 (Tamil Nadu),0.5710691823899371,0.5433962264150943,0.6305031446540881,0.6182389937106918,0.2839622641509434,0.04724059356416384,0.020047332657152517,0.006790729565194827,26.63670628958049
IND638501AAB,1,1,1.1492740550985761e-05,1.1492740550985761e-05,0.0,19,11.0,9.0,449.0,603.0,2.0,1.0,15.0,13.0,5.0,232.0,Anthiyour_TherSRT_D (Tamil Nadu),0.49056603773584906,0.47924528301886793,0.47232704402515724,0.4220125786163522,0.7150943396226415,0.02778858444950814,0.01104746122674438,0.003963854138856374,26.584985159773005
IND411036AAA,1,1,0.0,0.0,0.0,1263,21.0,21.0,951.0,2895.0,24.0,24.0,753.0,45.0,22.5,852.0,Pune_Mundhawa_L (Maharashtra),0.18930817610062894,0.18270440251572326,0.9257861635220126,0.8188679245283019,0.7150943396226415,0.12504863002278663,0.040570848987871604,0.017460723865654938,26.577438709006014
IND207247AAB,2,1,0.0008100400581453412,0.0008100400581453412,0.16666666666666666,1263,5.0,5.0,308.0,680.0,6.0,6.0,989.0,11.0,5.5,648.5,Aliganj_KaimgnjRD_D (Uttar Pradesh),0.6918238993710691,0.6625786163522013,0.4037735849056604,0.7553459119496856,0.3238993710691824,0.030567442894458955,0.03088051123079194,0.005131721590725683,26.555328217901064
IND571440AAA,1,1,5.944520974647807e-06,5.944520974647807e-06,0.0,1263,7.0,1.0,39.0,81.0,7.0,6.0,216.0,14.0,3.5,127.5,Kollegala_NarsipuraRd_D (Karnataka),0.4710691823899371,0.45849056603773586,0.5078616352201258,0.2581761006289308,0.7150943396226415,0.0194520091146557,0.006071341837973743,0.0027062394097201073,26.55512329124073
IND250002AAA,3,1,0.0008088511539504117,0.0008088511539504116,0.2,1263,5.0,5.0,486.0,918.0,7.0,7.0,188.0,12.0,6.0,337.0,Meerut (Uttar Pradesh),0.6874213836477987,0.6584905660377358,0.4380503144654088,0.5556603773584906,0.2839622641509434,0.03334630133940977,0.016047389799193346,0.004871572455633098,26.550182396366555
IND508213AAB,1,1,0.0,0.0028204770517712297,0.5,1263,14.0,14.0,490.0,326.0,14.0,14.0,505.0,28.0,14.0,497.5,Suryapet_Krishna_D (Telangana),0.18930817610062894,0.8940251572327044,0.8559748427672956,0.6767295597484276,0.13364779874213836,0.0778080364586228,0.023690137759936763,0.010800438123307594,26.495996748932676
IND501359AAF,3,0,0.0,0.0,0.0,5,0.0,0.0,0.0,0.0,42.0,42.0,2931.0,42.0,21.0,1465.5,Hyderabad_Shamshbd_P (Telangana),0.18930817610062894,0.18270440251572326,0.9198113207547169,0.8943396226415095,0.7150943396226415,0.11671205468793419,0.06978471736118055,0.0176115101110223,26.495355379764952
IND845455AAB,1,2,0.0004042274262760507,0.0004042274262760509,0.6666666666666666,1263,13.0,13.0,2287.0,1996.0,12.0,12.0,455.0,25.0,12.5,1371.0,Narktiganj_Central_DPP_2 (Bihar),0.5377358490566038,0.5267295597484277,0.810377358490566,0.8836477987421384,0.04213836477987421,0.06947146112377035,0.06528478164597648,0.011461230292589917,26.483438873120058
IND385001AAA,2,1,0.000409379344454079,0.000409379344454079,0.5,1263,10.0,10.0,136.0,141.0,9.0,9.0,390.0,19.0,9.5,263.0,Palanpur_DC (Gujarat),0.6116352201257862,0.5839622641509434,0.6509433962264151,0.45754716981132076,0.13364779874213836,0.05279831045406547,0.01252363061480074,0.007182557274319109,26.473907737929796
IND736146AAA,1,1,1.1889041949295614e-06,1.1889041949295614e-06,0.0,5,8.0,8.0,321.0,450.0,8.0,8.0,216.0,16.0,8.0,268.5,Mathabhang_Pshimpra_D (West Bengal),0.42138364779874216,0.4069182389937107,0.5745283018867925,0.46635220125786164,0.7150943396226415,0.04446173511921303,0.012785531635262354,0.006140714282223789,26.465840745557728
IND184121AAA,3,3,0.0004050200290726706,0.001211889676031533,0.5,1263,7.0,7.0,1230.0,187.0,9.0,8.0,154.0,16.0,7.5,692.0,Samba_Wardno13_D (Jammu & Kashmir),0.5748427672955975,0.7556603773584906,0.5745283018867925,0.7729559748427673,0.13364779874213836,0.041682876674262216,0.03295191021080651,0.006620558276848974,26.464675712584583
IND363001AAA,1,1,7.926027966197076e-07,7.926027966197076e-07,0.0,4,9.0,2.0,63.0,140.0,8.0,4.0,96.0,17.0,3.0,79.5,Surendranagar_DC (Gujarat),0.4110062893081761,0.3946540880503145,0.6056603773584905,0.180188679245283,0.7150943396226415,0.016673150669704886,0.003785660204854216,0.0022612072769379655,26.46054464057646
IND262001AAA,2,2,0.0012166452928112513,0.0012166452928112513,0.3333333333333333,1263,5.0,5.0,181.0,528.0,3.0,3.0,171.0,8.0,4.0,176.0,Pilibhit_ViksClny_D (Uttar Pradesh),0.789622641509434,0.7647798742138365,0.2921383647798742,0.34182389937106916,0.24213836477987422,0.022230867559606515,0.0083808326547716,0.0031522523231251624,26.453210100432994
IND414001AAA,1,3,0.0012269491291673075,0.0012269491291673075,0.3,1263,3.0,3.0,208.0,174.0,3.0,3.0,264.0,6.0,3.0,236.0,AhmedNagar_DC (Maharashtra),0.8163522012578617,0.7990566037735849,0.23018867924528302,0.43018867924528303,0.2632075471698113,0.016673150669704886,0.011237934696171008,0.0025681916119098566,26.449164297576626
IND473331AAA,1,1,0.00040541633047098063,0.00040541633047098046,0.5,1263,12.0,12.0,5435.0,10408.0,8.0,8.0,273.0,20.0,10.0,2854.0,Ashokngr_Bypassrd_D (Madhya Pradesh),0.5861635220125786,0.5581761006289309,0.6729559748427673,0.9427672955974843,0.13364779874213836,0.05557716889901628,0.13590282043589855,0.012615839655238749,26.43582342930282
IND203131AAA,1,1,2.377808389859123e-06,2.377808389859123e-06,0.0,1263,11.0,11.0,234.0,187.0,4.0,4.0,127.0,15.0,7.5,180.5,Khurja_Pnjbiyon_D (Uttar Pradesh),0.44056603773584907,0.42641509433962266,0.5411949685534592,0.34465408805031444,0.7150943396226415,0.041682876674262216,0.008595115307876555,0.0056172196996085765,26.422370418942698
IND531163AAA,1,1,1.981506991549269e-07,3.963013983098538e-07,0.0,1263,9.0,9.0,236.0,98.0,9.0,9.0,141.0,18.0,9.0,188.5,Bheemunipatnam_SaiTempl_D (Andhra Pradesh),0.3808176100628931,0.3767295597484277,0.6305031446540881,0.3584905660377358,0.7150943396226415,0.05001945200911465,0.008976062246729808,0.0066855437685225585,26.42232750289154
IND621212AAA,2,1,4.359315381408392e-06,4.359315381408392e-06,0.16666666666666666,10,11.0,11.0,175.0,76.0,12.0,12.0,272.0,23.0,11.5,223.5,Perambalur_goplpurm_D (Tamil Nadu),0.459748427672956,0.4477987421383648,0.7566037735849057,0.4088050314465409,0.3238993710691824,0.06391374423386872,0.010642705104212797,0.008508584377038777,26.38769336979534
IND131301AAA,1,1,0.000808058551153792,0.0008080585511537919,0.0,1263,2.0,2.0,161.0,491.0,2.0,2.0,81.0,4.0,2.0,121.0,Gohana_DvlalDPP_D (Haryana),0.6823899371069182,0.6474842767295598,0.15943396226415094,0.24433962264150944,0.7150943396226415,0.011115433779803258,0.005761822450155474,0.001640857682674865,26.335187538221795
IND600056AAA,1,1,0.0004101719472506987,0.0004101719472506987,0.0,1263,4.0,4.0,107.0,62.0,2.0,2.0,69.0,6.0,3.0,88.0,Chennai_Poonamallee (Tamil Nadu),0.6342767295597485,0.6072327044025158,0.23018867924528302,0.1918238993710692,0.7150943396226415,0.016673150669704886,0.0041904163273858,0.0022778805475274933,26.30414559970342
IND411021AAA,1,1,0.0,0.0,0.0,1263,21.0,15.0,501.0,1468.0,23.0,17.0,790.0,44.0,16.0,645.5,PNQ Pashan DPC (Maharashtra),0.18930817610062894,0.18270440251572326,0.9235849056603773,0.7540880503144655,0.7150943396226415,0.08892347023842606,0.03073765612872197,0.012494257959619783,26.29609654577973
IND600044AAC,3,0,0.0,0.0,0.0,4,0.0,0.0,0.0,0.0,40.0,40.0,1877.0,40.0,20.0,938.5,Chennai_Chrompet_PC (Tamil Nadu),0.18930817610062894,0.18270440251572326,0.9119496855345912,0.8308176100628931,0.7150943396226415,0.11115433779803256,0.04468983776422242,0.015876012948506674,26.290655993337285
IND272001AAA,1,1,0.0004101719472506987,0.0004101719472506987,0.0,1263,4.0,3.0,206.0,172.0,2.0,2.0,16.0,6.0,2.5,111.0,Basti_GndhiNgr_D (Uttar Pradesh),0.6342767295597485,0.6072327044025158,0.23018867924528302,0.22735849056603774,0.7150943396226415,0.01389429222475407,0.005285638776588906,0.001972119263199053,26.288857535486997
IND131021AAA,0,1,0.0,0.0,0.0,2,42.0,37.0,345.0,1155.0,0.0,0.0,0.0,42.0,18.5,172.5,Sonipat_AmzonDev_V (Haryana),0.18930817610062894,0.18270440251572326,0.9198113207547169,0.3352201257861635,0.7150943396226415,0.10281776246318013,0.008214168369023299,0.013320825455255996,26.280821146976635
IND131028AAA,1,0,0.0,0.0,0.0,2,0.0,0.0,0.0,0.0,42.0,37.0,345.0,42.0,18.5,172.5,Sonipat_Kundli_P (Haryana),0.18930817610062894,0.18270440251572326,0.9198113207547169,0.3352201257861635,0.7150943396226415,0.10281776246318013,0.008214168369023299,0.013320825455255996,26.280821146976635
IND121001AAA,1,1,0.0,0.0,0.0,1263,22.0,21.0,356.0,359.0,19.0,19.0,180.0,41.0,20.0,268.0,Faridabad (Haryana),0.18930817610062894,0.18270440251572326,0.9154088050314465,0.4647798742138365,0.7150943396226415,0.11115433779803256,0.012761722451584025,0.01456078613317982,26.276781445023765
IND380054AAA,1,1,0.0,0.0,0.0,1263,14.0,14.0,371.0,334.0,26.0,26.0,793.0,40.0,20.0,582.0,AMD_Memnagar (Gujarat),0.18930817610062894,0.18270440251572326,0.9119496855345912,0.7232704402515723,0.7150943396226415,0.11115433779803256,0.027713889801574264,0.015176716364369429,26.255691164130425
IND721401AAA,1,1,0.0008080585511537919,0.0008080585511537919,0.0,1263,2.0,2.0,151.0,66.0,2.0,2.0,147.0,4.0,2.0,149.0,Contai_Kanakpur_D (West Bengal),0.6761006289308176,0.6474842767295598,0.15943396226415094,0.2918238993710692,0.7150943396226415,0.011115433779803258,0.007095136736141865,0.0016957813975580147,26.24359410132444
IND000000ACN,1,1,3.963013983098538e-07,3.963013983098538e-07,0.0,5,11.0,11.0,271.0,571.0,6.0,6.0,318.0,17.0,8.5,294.5,Hyderabad_Mhdiptnm_C (Telangana),0.3940251572327044,0.3767295597484277,0.6056603773584905,0.5084905660377359,0.7150943396226415,0.04724059356416384,0.01402360918653543,0.00654259206759774,26.240651615958505
IND443301AAA,1,1,0.000409379344454079,0.000409379344454079,0.0,1263,2.0,2.0,106.0,81.0,5.0,5.0,539.0,7.0,3.5,322.5,Mehkar_SagarDPP_D (Maharashtra),0.6116352201257862,0.5839622641509434,0.26069182389937107,0.540251572327044,0.7150943396226415,0.0194520091146557,0.015356923472521822,0.003088743852656329,26.229908890746024
IND571213AAA,1,1,3.5667125847886842e-06,3.5667125847886842e-06,0.0,1263,6.0,6.0,220.0,214.0,8.0,8.0,246.0,14.0,7.0,233.0,Gonikoppal_Thomas_D (Karnataka),0.4518867924528302,0.44056603773584907,0.5078616352201258,0.4235849056603774,0.7150943396226415,0.0389040182293114,0.011095079594101036,0.005369324472032025,26.221296412280847
IND121102AAA,1,1,0.0,0.0,0.0,1263,11.0,11.0,1067.0,630.0,28.0,28.0,891.0,39.0,19.5,979.0,Palwal (Haryana),0.18930817610062894,0.18270440251572326,0.9081761006289308,0.839622641509434,0.7150943396226415,0.10837547935308176,0.046618381642167014,0.015604578985980206,26.220480521626055
IND486886AAA,1,1,3.5667125847886842e-06,3.5667125847886842e-06,0.0,7,7.0,7.0,229.0,245.0,7.0,7.0,121.0,14.0,7.0,175.0,Singrauli_Waidhan_D (Madhya Pradesh),0.4518867924528302,0.44056603773584907,0.5078616352201258,0.33962264150943394,0.7150943396226415,0.0389040182293114,0.008333214287414941,0.0052555539197740725,26.215607884667953
IND603301AAA,1,1,0.0004042274262760509,0.0004042274262760509,0.5,1263,11.0,11.0,926.0,348.0,11.0,6.0,171.0,22.0,8.5,548.5,Malemruvathur_Achipkam_D (Tamil Nadu),0.5550314465408805,0.5267295597484277,0.7286163522012579,0.7050314465408805,0.13364779874213836,0.04724059356416384,0.02611867449512626,0.0070408286240377415,26.210531997239627
IND321001AAB,1,2,0.000612880112486189,0.0008171734833149186,0.3333333333333333,1263,4.0,4.0,105.0,100.0,8.0,8.0,354.0,12.0,6.0,229.5,Bharatpur_NraynDPP_D (Rajasthan),0.6628930817610063,0.7022012578616352,0.4380503144654088,0.4169811320754717,0.24213836477987422,0.03334630133940977,0.010928415308352738,0.004660704621706719,26.190582400896655
IND483501AAA,2,1,0.00081321046933182,0.00081321046933182,0.3333333333333333,1263,1.0,1.0,39.0,24.0,10.0,10.0,872.0,11.0,5.5,455.5,Katni_Bargawan_DC (Madhya Pradesh),0.7081761006289308,0.6827044025157233,0.4037735849056604,0.6421383647798742,0.24213836477987422,0.030567442894458955,0.021690166330957175,0.004753140270281115,26.165329969488898
IND470004AAA,1,2,0.0008124178665352003,0.0008124178665352003,0.0,1263,2.0,2.0,219.0,305.0,1.0,1.0,84.0,3.0,1.5,151.5,Sagar_Bahreya_I (Madhya Pradesh),0.6968553459119496,0.669496855345912,0.11949685534591195,0.29842767295597483,0.7150943396226415,0.008336575334852443,0.007214182654533507,0.0013498081076901253,26.158685373937967
IND623701AAA,1,1,1.4266850339154737e-05,1.4266850339154737e-05,0.0,27,7.0,3.0,75.0,127.0,5.0,5.0,102.0,12.0,4.0,88.5,Paramakudi_VagaiNgr_D (Tamil Nadu),0.4949685534591195,0.48427672955974843,0.4380503144654088,0.19371069182389938,0.7150943396226415,0.022230867559606515,0.004214225511064128,0.0029806157141153192,26.138024496397595
IND303603AAB,2,2,1.4465001038309664e-05,1.2285343347605469e-05,0.0,18,6.0,5.0,561.0,138.0,6.0,3.0,78.0,12.0,4.0,319.5,Renwal_ChomuRD_D (Rajasthan),0.49559748427672956,0.48050314465408805,0.4380503144654088,0.5358490566037736,0.7150943396226415,0.022230867559606515,0.01521406837045185,0.003433736361901305,26.132378641994435
IND586101AAA,1,1,0.0008090493046495666,0.0,0.0,1263,4.0,4.0,297.0,132.0,8.0,8.0,281.0,12.0,6.0,289.0,Bijapur_KirtiNgr_D (Karnataka),0.6883647798742139,0.18270440251572326,0.4380503144654088,0.4959119496855346,0.7150943396226415,0.03334630133940977,0.013761708166073819,0.004777417515833412,26.113084712269657
IND385535AAA,1,1,0.00040422742627605087,0.0004042274262760509,0.5,1263,12.0,12.0,941.0,1956.0,10.0,10.0,136.0,22.0,11.0,538.5,Deesa_HawaiPlr_DC (Gujarat),0.5421383647798742,0.5267295597484277,0.7286163522012579,0.6955974842767295,0.13364779874213836,0.06113488578891791,0.025642490821559692,0.008775598976491755,26.103874288447226
IND231225AAB,1,1,3.1704111864788306e-06,3.1704111864788306e-06,0.0,7,7.0,7.0,121.0,197.0,7.0,7.0,252.0,14.0,7.0,186.5,Anpara_Parasi_D (Uttar Pradesh),0.44716981132075473,0.4349056603773585,0.5078616352201258,0.35471698113207545,0.7150943396226415,0.0389040182293114,0.008880825512016495,0.00527811187410108,26.089377291818266
IND621802AAA,1,2,5.1519181780281e-06,5.1519181780281e-06,0.16666666666666666,10,10.0,10.0,253.0,149.0,12.0,12.0,357.0,22.0,11.0,305.0,Jayamkondan_Chithbrm_D (Tamil Nadu),0.4647798742138365,0.45220125786163523,0.7286163522012579,0.520125786163522,0.3238993710691824,0.06113488578891791,0.014523602043780327,0.008317574425591202,26.077828406814152
IND560083AAB,2,2,5.944520974647807e-07,1.1889041949295614e-06,0.8,1263,25.0,24.0,1174.0,3490.0,40.0,39.0,1624.0,65.0,31.5,1399.0,Bengaluru_Bnnrghta_L (Karnataka),0.40534591194968556,0.4069182389937107,0.9534591194968554,0.8861635220125786,0.03742138364779874,0.1750680820319013,0.06661809593196287,0.0248494873408064,26.06794606515353
IND481661AAA,2,1,0.0012110970732349135,0.0012110970732349133,0.5,1263,5.0,5.0,936.0,576.0,5.0,5.0,366.0,10.0,5.0,651.0,Mandla_Mharajpr_D (Madhya Pradesh),0.7707547169811321,0.7449685534591195,0.3632075471698113,0.7566037735849057,0.13364779874213836,0.02778858444950814,0.030999557149183583,0.004785748300857794,26.034884899319614
IND624619AAA,1,1,3.1704111864788306e-06,3.1704111864788306e-06,0.0,27,6.0,4.0,45.0,75.0,8.0,7.0,110.0,14.0,5.5,77.5,Oddnchtram_Palani_D (Tamil Nadu),0.44716981132075473,0.4349056603773585,0.5078616352201258,0.17830188679245282,0.7150943396226415,0.030567442894458955,0.0036904234701409027,0.004011670119358593,26.02605520408114
IND638452AAA,1,1,1.2285343347605469e-05,1.2285343347605469e-05,0.0,19,2.0,1.0,15.0,40.0,10.0,3.0,34.0,12.0,2.0,24.5,Gobicheti_Ward25_D (Tamil Nadu),0.49150943396226415,0.48050314465408805,0.4380503144654088,0.05220125786163522,0.7150943396226415,0.011115433779803258,0.0011666500002380919,0.0014515670224525808,25.97194942030502
IND400102AAB,1,1,0.0,0.0,0.0,1263,11.0,11.0,874.0,1336.0,22.0,22.0,1150.0,33.0,16.5,1012.0,Mumbai_Jogeshwri_L (Maharashtra),0.18930817610062894,0.18270440251572326,0.8949685534591195,0.8433962264150944,0.7150943396226415,0.09170232868337687,0.04818978776493669,0.013564047349197753,25.920340732239765
IND203135AAA,1,2,3.963013983098538e-06,3.963013983098538e-06,0.16666666666666666,1263,11.0,11.0,513.0,552.0,11.0,11.0,234.0,22.0,11.0,373.5,Jewar_SJRoad_D (Uttar Pradesh),0.45660377358490567,0.4449685534591195,0.7286163522012579,0.5880503144654088,0.3238993710691824,0.06113488578891791,0.01778546020771132,0.008451941370930336,25.889578200621987
IND000000AEL,1,1,0.0,0.0,0.0,1263,15.0,15.0,1069.0,3529.0,17.0,17.0,1273.0,32.0,16.0,1171.0,Delhi_PunjabiB_L (Delhi),0.18930817610062894,0.18270440251572326,0.8924528301886793,0.8622641509433963,0.7150943396226415,0.08892347023842606,0.05576110817464512,0.013525058394301754,25.880655435438353
IND122004AAA,0,2,0.0,0.0,0.0,1263,33.0,33.0,1076.0,1773.0,0.0,0.0,0.0,33.0,16.5,538.0,Gurgaon_Begumpur_CP (Haryana),0.18930817610062894,0.18270440251572326,0.8949685534591195,0.6949685534591195,0.7150943396226415,0.09170232868337687,0.025618681637881363,0.01263426731867586,25.87385173071367
IND531036AAA,1,1,0.0004050200290726706,0.0004050200290726706,0.0,1263,4.0,4.0,206.0,117.0,4.0,4.0,247.0,8.0,4.0,226.5,Chodavaram_BaljiDPP_D (Andhra Pradesh),0.5748427672955975,0.5506289308176101,0.2921383647798742,0.41415094339622643,0.7150943396226415,0.022230867559606515,0.010785560206282768,0.0032513111660394146,25.82451524383656
IND673104AAA,2,1,2.377808389859123e-06,2.377808389859123e-06,0.16666666666666666,6,12.0,11.0,163.0,252.0,11.0,8.0,355.0,23.0,9.5,259.0,Vadakara_Mandodi_D (Kerala),0.44056603773584907,0.42641509433962266,0.7566037735849057,0.4540880503144654,0.3238993710691824,0.05279831045406547,0.012333157145374113,0.007174711029335801,25.81942737536616
IND122413AAE,1,0,0.0,0.0,0.0,1263,0.0,0.0,0.0,0.0,32.0,32.0,1055.0,32.0,16.0,527.5,Gurgaon_Bilaspur_P (Haryana),0.18930817610062894,0.18270440251572326,0.8924528301886793,0.6893081761006289,0.7150943396226415,0.08892347023842606,0.02511868878063647,0.012262793732612224,25.817542202353877
IND140501AAA,1,1,0.0004042274262760509,0.0004042274262760509,0.5,1263,11.0,11.0,305.0,257.0,10.0,10.0,270.0,21.0,10.5,287.5,Lalru_OnkarDPP_D (Punjab),0.5550314465408805,0.5267295597484277,0.6993710691823899,0.4930817610062893,0.13364779874213836,0.058356027343967096,0.013690280615038833,0.007932369910806777,25.816429816295063
IND501141AAA,1,1,0.0008183623875098481,0.0008183623875098481,0.5,1263,4.0,4.0,104.0,114.0,7.0,7.0,409.0,11.0,5.5,256.5,Tandur_SnthiNGR_D (Telangana),0.7367924528301887,0.7147798742138365,0.4037735849056604,0.45157232704402517,0.13364779874213836,0.030567442894458955,0.012214111226982472,0.004362789582361586,25.810906774715566
IND643001AAA,1,1,1.743726152563357e-05,1.743726152563357e-05,0.0,19,4.0,4.0,217.0,69.0,7.0,0.0,17.0,11.0,2.0,117.0,Ooty_Davisdle_D (Tamil Nadu),0.5047169811320755,0.4927672955974843,0.4037735849056604,0.23553459119496856,0.7150943396226415,0.011115433779803258,0.0055713489807288465,0.0016330114376915577,25.787625414651878
IND333031AAA,2,1,0.00041056824864900855,0.00041056824864900855,0.16666666666666666,1263,2.0,2.0,111.0,38.0,10.0,10.0,623.0,12.0,6.0,367.0,Pilani (Rajasthan),0.6396226415094339,0.6132075471698113,0.4380503144654088,0.5811320754716981,0.3238993710691824,0.03334630133940977,0.017475940819893048,0.004930419293007901,25.782684486662973
IND466001AAA,1,1,0.000409379344454079,0.000409379344454079,0.5,1263,9.0,9.0,222.0,112.0,8.0,8.0,663.0,17.0,8.5,442.5,Sehore_Mangalam_D (Madhya Pradesh),0.6116352201257862,0.5839622641509434,0.6056603773584905,0.6364779874213836,0.13364779874213836,0.04724059356416384,0.02107112755532064,0.0068329031319801035,25.777179747793976
IND396445AAA,1,1,6.737123771267515e-06,6.737123771267515e-06,0.0,9,6.0,6.0,168.0,334.0,6.0,6.0,101.0,12.0,6.0,134.5,Navsari_DC (Gujarat),0.4776729559748428,0.4650943396226415,0.4380503144654088,0.26666666666666666,0.7150943396226415,0.03334630133940977,0.006404670409470341,0.0044743563033531756,25.76145366422426
IND495334AAB,1,1,3.963013983098538e-07,3.963013983098538e-07,0.0,3,8.0,8.0,193.0,94.0,8.0,8.0,231.0,16.0,8.0,212.0,Mungeli_Panderia_D (Chhattisgarh),0.3940251572327044,0.3767295597484277,0.5745283018867925,0.3877358490566038,0.7150943396226415,0.04446173511921303,0.010095093879611244,0.0060298860718345755,25.748035184094874
IND571114AAA,1,1,6.340822372957661e-06,6.340822372957661e-06,0.0,1263,6.0,6.0,987.0,1347.0,6.0,6.0,220.0,12.0,6.0,603.5,HDKote_BegurRD_D (Karnataka),0.47452830188679246,0.4619496855345912,0.4380503144654088,0.7323899371069182,0.7150943396226415,0.03334630133940977,0.028737684699742385,0.005394328527645934,25.728835923237646
IND635001AAA,2,2,0.00040898304305576915,0.00040898304305576915,0.4,1263,8.0,8.0,436.0,270.0,8.0,7.0,374.0,16.0,7.5,405.0,Krishnagiri_BnglorRd_D (Tamil Nadu),0.5955974842767295,0.5663522012578617,0.5745283018867925,0.6088050314465409,0.22044025157232705,0.041682876674262216,0.019285438779446006,0.006057590199296688,25.722690830719554
IND144514AAA,1,2,0.00040898304305576915,0.00040898304305576915,0.5,1263,6.0,6.0,136.0,49.0,12.0,10.0,858.0,18.0,8.0,497.0,Nawanshahr_DC (Punjab),0.5955974842767295,0.5663522012578617,0.6305031446540881,0.6754716981132075,0.13364779874213836,0.04446173511921303,0.023666328576258434,0.0065889310268952075,25.720955985307025
IND700028AAB,1,1,0.0,0.0,0.0,1263,8.0,8.0,563.0,949.0,22.0,22.0,1170.0,30.0,15.0,866.5,CCU_DumDum_DPC (West Bengal),0.18930817610062894,0.18270440251572326,0.8845911949685534,0.820125786163522,0.7150943396226415,0.08336575334852443,0.04126131531454313,0.01222600860898259,25.697778417870516
IND110078AAA,1,1,0.0,0.0,0.0,1263,8.0,8.0,323.0,507.0,22.0,21.0,436.0,30.0,14.5,379.5,Janakpuri (Delhi),0.18930817610062894,0.18270440251572326,0.8845911949685534,0.5930817610062893,0.7150943396226415,0.08058689490357361,0.01807117041185126,0.01091985108928249,25.63247054188551
IND685514AAA,2,1,5.944520974647807e-06,5.944520974647807e-06,0.0,27,6.0,6.0,552.0,292.0,6.0,6.0,288.0,12.0,6.0,420.0,Kattappana_Palikval_D (Kerala),0.4710691823899371,0.45849056603773586,0.4380503144654088,0.6166666666666667,0.7150943396226415,0.03334630133940977,0.01999971428979586,0.0050343820390367205,25.6243606113858
IND421802AAA,1,1,0.00040422742627605087,0.0004042274262760509,0.0,1263,7.0,7.0,362.0,954.0,2.0,0.0,7.0,9.0,3.5,184.5,Khandala_Satara_D (Maharashtra),0.5421383647798742,0.5267295597484277,0.32578616352201256,0.350314465408805,0.7150943396226415,0.0194520091146557,0.00878558877730318,0.0028180484007322335,25.578009338275603
IND854105AAB,1,2,0.0006152579208760481,0.0,0.16666666666666666,1263,9.0,9.0,1063.0,278.0,11.0,11.0,573.0,20.0,10.0,818.0,Katihar_Central_D_2 (Bihar),0.6647798742138364,0.18270440251572326,0.6729559748427673,0.8125786163522013,0.3238993710691824,0.05557716889901628,0.03895182449774527,0.008622100958735427,25.56318051963488
IND827013AAA,1,1,0.000409379344454079,0.000409379344454079,0.5,1263,2.0,2.0,67.0,33.0,14.0,14.0,4419.0,16.0,8.0,2243.0,Bokaro_KSClny_DC (Jharkhand),0.6116352201257862,0.5839622641509434,0.5745283018867925,0.9289308176100629,0.13364779874213836,0.04446173511921303,0.10680799798098123,0.010013816962108762,25.469244307224937
IND142026AAA,1,2,3.963013983098538e-07,3.963013983098538e-07,0.3333333333333333,1263,13.0,13.0,254.0,391.0,15.0,15.0,324.0,28.0,14.0,289.0,Jagraon_DC (Punjab),0.3940251572327044,0.3767295597484277,0.8559748427672956,0.4959119496855346,0.24213836477987422,0.0778080364586228,0.013761708166073819,0.010391452603552712,25.458251875460654
IND462011AAA,1,1,0.0,0.0,0.0,1263,10.0,10.0,165.0,139.0,19.0,19.0,477.0,29.0,14.5,321.0,Bhopal MP Nagar (Madhya Pradesh),0.18930817610062894,0.18270440251572326,0.8723270440251573,0.5386792452830189,0.7150943396226415,0.08058689490357361,0.015285495921486836,0.010805099756401624,25.442770711090525
IND245101AAA,1,1,0.0,0.0,0.0,1263,15.0,15.0,379.0,779.0,14.0,14.0,160.0,29.0,14.5,269.5,Hapur_Swargash_D (Uttar Pradesh),0.18930817610062894,0.18270440251572326,0.8723270440251573,0.46855345911949686,0.7150943396226415,0.08058689490357361,0.01283315000261901,0.010704079352241545,25.437719690882517
IND334803AAA,2,1,0.0004042274262760509,0.004037122344582481,0.16666666666666666,1263,3.0,3.0,105.0,30.0,5.0,5.0,177.0,8.0,4.0,141.0,Nokha_DeVDPP_D (Rajasthan),0.5550314465408805,0.9320754716981132,0.2921383647798742,0.2792452830188679,0.3238993710691824,0.022230867559606515,0.00671418979728861,0.0030835976795212253,25.42147548146034
IND147201AAA,2,1,1.1889041949295614e-06,0.0012305158417520961,0.16666666666666666,1263,7.0,1.0,42.0,226.0,7.0,6.0,63.0,14.0,3.5,52.5,Nabha_Sahni_D (Punjab),0.42138364779874216,0.810377358490566,0.5078616352201258,0.12138364779874214,0.3238993710691824,0.0194520091146557,0.0024999642862244824,0.002559122316283099,25.409402656694656
IND583231AAA,1,1,0.0004042274262760509,0.0004042274262760509,0.5,1263,10.0,10.0,350.0,523.0,10.0,10.0,297.0,20.0,10.0,323.5,Koppal_Banikatt_D (Karnataka),0.5550314465408805,0.5267295597484277,0.6729559748427673,0.5408805031446541,0.13364779874213836,0.05557716889901628,0.015404541839878478,0.007652108922674085,25.406190351794084
IND642126AAA,1,1,6.737123771267515e-06,6.737123771267515e-06,0.5,19,12.0,11.0,140.0,183.0,12.0,12.0,593.0,24.0,11.5,366.5,Udumalpet_Artclgrd_D (Tamil Nadu),0.4776729559748428,0.4650943396226415,0.7855345911949686,0.580503144654088,0.13364779874213836,0.06391374423386872,0.017452131636214722,0.008789087635192006,25.374988972954565
IND700088AAA,1,1,0.0,0.0,0.0,1263,5.0,5.0,240.0,569.0,23.0,23.0,2673.0,28.0,14.0,1456.5,Kolkata_TrtllaRD_L (West Bengal),0.18930817610062894,0.18270440251572326,0.8559748427672956,0.8937106918238994,0.7150943396226415,0.0778080364586228,0.06935615205497064,0.012681575358055475,25.29131147230529
IND602024AAA,1,2,0.000409379344454079,0.000409379344454079,0.5,1263,9.0,9.0,214.0,332.0,7.0,7.0,331.0,16.0,8.0,272.5,Chennai_Vepmpttu_DC (Tamil Nadu),0.6116352201257862,0.5839622641509434,0.5745283018867925,0.4729559748427673,0.13364779874213836,0.04446173511921303,0.01297600510468898,0.006148560527207096,25.275981485479853
IND442101AAB,1,1,3.963013983098538e-07,3.963013983098538e-07,0.0,3,11.0,11.0,530.0,150.0,4.0,4.0,140.0,15.0,7.5,335.0,Deoli_Central_DPP_2 (Maharashtra),0.3940251572327044,0.3767295597484277,0.5411949685534592,0.5540880503144654,0.7150943396226415,0.041682876674262216,0.015952153064480033,0.005920280912088813,25.24255492610759
IND000000AAL,1,1,0.0,0.0,0.0,1263,14.0,14.0,715.0,1063.0,14.0,14.0,821.0,28.0,14.0,768.0,Pune_PC (Maharashtra),0.18930817610062894,0.18270440251572326,0.8559748427672956,0.7949685534591195,0.7150943396226415,0.0778080364586228,0.03657090612991243,0.011331040440303738,25.2237847264177
IND231217AAA,1,1,1.981506991549269e-06,1.981506991549269e-06,0.0,7,7.0,7.0,252.0,253.0,6.0,6.0,132.0,13.0,6.5,192.0,Renukoot_Govind_D (Uttar Pradesh),0.4349056603773585,0.4210691823899371,0.47232704402515724,0.3635220125786163,0.7150943396226415,0.03612515978436059,0.009142726532478107,0.004938023267970671,25.217026949562054
IND132103AAA,2,2,0.0008183623875098481,0.0008183623875098481,0.5,1263,7.0,7.0,439.0,496.0,3.0,3.0,493.0,10.0,5.0,466.0,Panipat (Haryana),0.7367924528301887,0.7147798742138365,0.3632075471698113,0.6525157232704403,0.13364779874213836,0.02778858444950814,0.022190159188202073,0.00442285947037984,25.20541970307874
IND671323AAD,1,1,0.0004101719472506987,0.0004101719472506987,0.0,1263,1.0,1.0,18.0,6.0,3.0,3.0,56.0,4.0,2.0,37.0,Manjeshwar_Central_D_1 (Kerala),0.6342767295597485,0.6072327044025158,0.15943396226415094,0.0770440251572327,0.7150943396226415,0.011115433779803258,0.001761879592196302,0.0014760865380254154,25.202735144511333
IND642001AAA,1,1,5.944520974647807e-06,5.944520974647807e-06,0.5,19,12.0,12.0,446.0,820.0,12.0,11.0,140.0,24.0,11.5,293.0,Pollachi_Venkatsa_DC (Tamil Nadu),0.4710691823899371,0.45849056603773586,0.7855345911949686,0.5066037735849057,0.13364779874213836,0.06391374423386872,0.013952181635500445,0.008644912883623738,25.20268589575351
IND487001AAA,1,1,0.0029950478177267204,0.0,0.0,1263,3.0,3.0,62.0,25.0,1.0,1.0,77.0,4.0,2.0,69.5,Narsingpur_JrjolDPP_D (Madhya Pradesh),0.9166666666666666,0.18270440251572326,0.15943396226415094,0.15628930817610062,0.7150943396226415,0.011115433779803258,0.0033094765312876484,0.0015398372785147857,25.19648871927165
IND560064AAD,0,1,0.0,0.0,0.0,1263,28.0,28.0,641.0,1730.0,0.0,0.0,0.0,28.0,14.0,320.5,Bengaluru_Bagaluru_D (Karnataka),0.18930817610062894,0.18270440251572326,0.8559748427672956,0.5371069182389937,0.7150943396226415,0.0778080364586228,0.015261686737808507,0.010453241782796255,25.179894793542328
IND302004AAA,1,1,0.0,0.0,0.0,18,8.0,8.0,329.0,1030.0,20.0,19.0,455.0,28.0,13.5,392.0,Jaipur_NgrNigam_DC (Rajasthan),0.18930817610062894,0.18270440251572326,0.8559748427672956,0.6012578616352201,0.7150943396226415,0.07502917801367198,0.01866640000380947,0.010242616218890414,25.169363515347037
IND852201AAA,3,2,7.926027966197076e-07,7.926027966197076e-07,0.25,1263,13.0,13.0,624.0,349.0,11.0,11.0,1295.0,24.0,12.0,959.5,Saharsa_Gangjala_D (Bihar),0.4110062893081761,0.3946540880503145,0.7855345911949686,0.8336477987421383,0.2732704402515723,0.06669260267881955,0.045689823478712206,0.01030317064694974,25.142517022913523
IND853204AAA,2,1,3.963013983098538e-07,0.0004107663993481635,0.16666666666666666,1263,11.0,11.0,612.0,150.0,7.0,7.0,678.0,18.0,9.0,645.0,Naugchia_Vijayght_D (Bihar),0.3940251572327044,0.6150943396226415,0.6305031446540881,0.7534591194968554,0.3238993710691824,0.05001945200911465,0.030713846945043644,0.007580996477242483,25.13691145908225
IND303338AAB,2,1,6.340822372957661e-06,6.340822372957661e-06,0.0,18,5.0,2.0,28.0,85.0,6.0,4.0,66.0,11.0,3.0,47.0,Phulera_NarenaRD_D (Rajasthan),0.47452830188679246,0.4619496855345912,0.4037735849056604,0.10660377358490566,0.7150943396226415,0.016673150669704886,0.0022380632657628702,0.0021974565364485956,25.05484138028155
IND532421AAA,1,1,0.0,0.0012269491291673075,0.5,1263,13.0,13.0,269.0,157.0,13.0,13.0,418.0,26.0,13.0,343.5,Narasnpeta_HudcoDPP_D (Andhra Pradesh),0.18930817610062894,0.7990566037735849,0.8254716981132075,0.5622641509433962,0.13364779874213836,0.07225031956872117,0.016356909187011614,0.009796603305485358,25.038572303639047
IND643217AAA,2,1,1.8229864322253276e-05,1.8229864322253276e-05,0.16666666666666666,19,7.0,0.0,17.0,46.0,10.0,6.0,224.0,17.0,3.0,120.5,Kotagiri_CroslySRT_D (Tamil Nadu),0.5084905660377359,0.49654088050314465,0.6056603773584905,0.24245283018867925,0.3238993710691824,0.016673150669704886,0.005738013266477145,0.0023416312880168637,25.03374823106751
IND712310AAA,2,0,0.0,0.0,0.0,3,0.0,0.0,0.0,0.0,27.0,27.0,2182.0,27.0,13.5,1091.0,Kolkata_Dankuni_P (West Bengal),0.18930817610062894,0.18270440251572326,0.8393081761006289,0.8559748427672956,0.7150943396226415,0.07502917801367198,0.05195163878611258,0.011613747529723332,24.98792008088868
IND425201AAA,1,1,9.114932161126638e-06,9.114932161126638e-06,0.0,1263,5.0,5.0,209.0,96.0,5.0,5.0,2356.0,10.0,5.0,1282.5,Bhusawal_Samarth_D (Maharashtra),0.48553459119496856,0.47358490566037736,0.3632075471698113,0.8767295597484277,0.7150943396226415,0.02778858444950814,0.06107055613491236,0.006024474227597405,24.919148239681757
IND501101AAB,1,2,0.00081321046933182,0.00081321046933182,0.3333333333333333,1263,5.0,4.0,138.0,865.0,4.0,4.0,104.0,9.0,4.0,121.0,Vikarabad_Central_DPP_2 (Telangana),0.7081761006289308,0.6827044025157233,0.32578616352201256,0.24433962264150944,0.24213836477987422,0.022230867559606515,0.005761822450155474,0.0030443664546046896,24.91007995795036
IND560064AAA,1,0,0.0,0.0,0.0,1263,0.0,0.0,0.0,0.0,27.0,27.0,338.0,27.0,13.5,169.0,Bengaluru_NwYlhnka_DC (Karnataka),0.18930817610062894,0.18270440251572326,0.8393081761006289,0.33050314465408803,0.7150943396226415,0.07502917801367198,0.008047504083275,0.009805188061071042,24.897492107456067
IND680307AAA,1,2,0.0004054163304709805,0.00040541633047098046,0.16666666666666666,1263,6.0,6.0,81.0,261.0,7.0,6.0,69.0,13.0,6.0,75.0,Chalakudy_SurbhiTh_D (Kerala),0.5845911949685535,0.5581761006289309,0.47232704402515724,0.16949685534591194,0.3238993710691824,0.03334630133940977,0.0035713775517492606,0.004357643409226482,24.892410472348118
IND303106AAA,1,2,0.00040541633047098046,0.00040541633047098046,0.16666666666666666,1263,7.0,7.0,130.0,284.0,6.0,6.0,120.0,13.0,6.5,125.0,Paota_SmClyDPP_D (Rajasthan),0.5827044025157233,0.5581761006289309,0.47232704402515724,0.2531446540880503,0.3238993710691824,0.03612515978436059,0.005952295919582101,0.004806598664500277,24.886556348319353
IND110035AAC,1,1,0.0,0.0,0.0,1263,2.0,2.0,19.0,554.0,25.0,22.0,1010.0,27.0,12.0,514.5,Delhi_North_R_8 (Delhi),0.18930817610062894,0.18270440251572326,0.8393081761006289,0.6836477987421383,0.7150943396226415,0.06669260267881955,0.02449965000499993,0.009430275892556825,24.878746499030356
IND854105AAA,1,1,0.00020508597362534935,0.0008203438945013974,0.0,1263,2.0,2.0,152.0,82.0,2.0,2.0,136.0,4.0,2.0,144.0,Katihar_Shyndco_D (Bihar),0.5311320754716982,0.7279874213836478,0.15943396226415094,0.28742138364779873,0.7150943396226415,0.011115433779803258,0.00685704489935858,0.0016859735913288807,24.87360685566707
IND828111AAA,1,1,0.0004050200290726706,0.0004050200290726706,0.0,1263,4.0,4.0,466.0,228.0,2.0,2.0,28.0,6.0,3.0,247.0,Dhanbad_Jharia_DC (Jharkhand),0.5748427672955975,0.5506289308176101,0.23018867924528302,0.439622641509434,0.7150943396226415,0.016673150669704886,0.011761736737094231,0.002589768785613951,24.862192841796425
IND639104AAB,1,1,2.377808389859123e-06,2.377808389859123e-06,0.0,10,1.0,1.0,22.0,18.0,11.0,11.0,1135.0,12.0,6.0,578.5,Kulithalai_AnnaNGR_D (Tamil Nadu),0.44056603773584907,0.42641509433962266,0.4380503144654088,0.7220125786163522,0.7150943396226415,0.03334630133940977,0.027547225515825963,0.005345289496500265,24.86160409746653
IND274509AAB,1,2,9.511233559436491e-06,9.511233559436491e-06,0.0,1263,2.0,2.0,76.0,35.0,8.0,8.0,246.0,10.0,5.0,161.0,Salempur_Banjaria_D (Uttar Pradesh),0.4871069182389937,0.4751572327044025,0.3632075471698113,0.3132075471698113,0.7150943396226415,0.02778858444950814,0.007666557144421746,0.0038245832904026723,24.84846186892265
IND502295AAA,1,1,0.0004050200290726706,0.0004050200290726706,0.0,1263,2.0,2.0,50.0,11.0,4.0,4.0,95.0,6.0,3.0,72.5,Sangareddy_Pothredy_D (Telangana),0.5748427672955975,0.5506289308176101,0.23018867924528302,0.16226415094339622,0.7150943396226415,0.016673150669704886,0.003452331633357619,0.002247476348217178,24.845078219926584
IND110095AAB,1,1,0.0,0.0,0.0,1263,1.0,1.0,37.0,57.0,26.0,15.0,2779.0,27.0,8.0,1408.0,Delhi_Jhilmil_L (Delhi),0.18930817610062894,0.18270440251572326,0.8393081761006289,0.8871069182389937,0.7150943396226415,0.04446173511921303,0.0670466612381728,0.008375913321843403,24.826028370494686
IND307001AAA,1,1,0.0004109645500473184,0.0004109645500473184,0.0,1263,1.0,1.0,8.0,22.0,2.0,2.0,56.0,3.0,1.5,32.0,Sirohi_Ricco_D (Rajasthan),0.6427672955974842,0.6169811320754717,0.11949685534591195,0.06729559748427673,0.7150943396226415,0.008336575334852443,0.001523787755413018,0.0011154015388138254,24.810487058072766
IND466116AAA,1,1,0.0004042274262760509,0.0004042274262760509,0.5,1263,9.0,9.0,1429.0,1482.0,9.0,9.0,222.0,18.0,9.0,825.5,Ashta_ShantiNg_D (Madhya Pradesh),0.5550314465408805,0.5267295597484277,0.6305031446540881,0.8132075471698114,0.13364779874213836,0.05001945200911465,0.039308962252920195,0.007935058282114216,24.7835453669359
IND518222AAA,1,1,0.0004042274262760509,0.0004042274262760509,0.0,1263,4.0,3.0,77.0,475.0,3.0,3.0,55.0,7.0,3.0,66.0,Dhone_RmNyrDPP_D (Andhra Pradesh),0.5550314465408805,0.5267295597484277,0.26069182389937107,0.1481132075471698,0.7150943396226415,0.016673150669704886,0.0031428122455393493,0.002234726200119304,24.765824360320433
IND387001AAA,1,1,0.000409379344454079,0.000409379344454079,0.5,1263,9.0,9.0,207.0,280.0,6.0,6.0,111.0,15.0,7.5,159.0,Nadiad_DC (Gujarat),0.6116352201257862,0.5839622641509434,0.5411949685534592,0.3091194968553459,0.13364779874213836,0.041682876674262216,0.007571320409708432,0.0055750461328233,24.74730576576066
IND505327AAA,2,1,0.00041136085144562824,0.00041136085144562824,0.16666666666666666,1263,7.0,6.0,69.0,141.0,3.0,3.0,61.0,10.0,4.5,65.0,Jagtial_Aravind_D (Telangana),0.6455974842767296,0.619182389937107,0.3632075471698113,0.14433962264150943,0.3238993710691824,0.025009726004557326,0.003095193878182693,0.003285396217820846,24.72716289265205
IND584128AAA,1,1,0.00041056824864900855,0.00041056824864900855,0.0,1263,2.0,2.0,55.0,41.0,1.0,1.0,16.0,3.0,1.5,35.5,Sindhanur_VasaviNg_D (Karnataka),0.6396226415094339,0.6132075471698113,0.11949685534591195,0.07452830188679245,0.7150943396226415,0.008336575334852443,0.0016904520411613168,0.001122267003174219,24.725924670913425
IND388220AAA,1,1,0.0004042274262760509,0.0004042274262760509,0.5,1263,9.0,9.0,257.0,313.0,9.0,9.0,207.0,18.0,9.0,232.0,Umreth_Dakor_DC (Gujarat),0.5550314465408805,0.5267295597484277,0.6305031446540881,0.4220125786163522,0.13364779874213836,0.05001945200911465,0.01104746122674438,0.006770871682716023,24.725336036965988
IND843105AAB,1,1,0.0,0.0008183623875098481,0.5,1263,14.0,14.0,416.0,538.0,14.0,14.0,466.0,28.0,14.0,441.0,Dholi_WardNo4_D (Bihar),0.18930817610062894,0.7147798742138365,0.8559748427672956,0.6345911949685534,0.13364779874213836,0.0778080364586228,0.020999700004285655,0.010689609912918382,24.698002508224537
IND302020AAA,1,1,0.0,0.0,0.0,18,13.0,13.0,433.0,231.0,13.0,13.0,205.0,26.0,13.0,319.0,Jaipur_VarunCly_DC (Rajasthan),0.18930817610062894,0.18270440251572326,0.8254716981132075,0.5352201257861635,0.7150943396226415,0.07225031956872117,0.015190259186773523,0.009748545054962603,24.68711278733932
IND396001AAA,1,1,6.737123771267515e-06,6.737123771267515e-06,0.0,9,4.0,4.0,1147.0,3093.0,6.0,6.0,99.0,10.0,5.0,623.0,Valsad_DC (Gujarat),0.4776729559748428,0.4650943396226415,0.3632075471698113,0.7433962264150943,0.7150943396226415,0.02778858444950814,0.029666242863197193,0.004730824585974644,24.65163556892137
IND792001AAA,1,2,0.00081321046933182,0.00081321046933182,0.16666666666666666,1263,2.0,2.0,190.0,40.0,5.0,0.0,0.0,7.0,1.0,95.0,Tezu_Farmnala_D (Arunachal Pradesh),0.7081761006289308,0.6827044025157233,0.26069182389937107,0.19968553459119498,0.3238993710691824,0.005557716889901629,0.004523744898882397,0.0008881027043184563,24.643461738989505
IND581400AAB,2,1,0.00020449152152788458,0.0,0.3333333333333333,1263,12.0,6.0,261.0,155.0,13.0,8.0,248.0,25.0,7.0,254.5,Mallapur_ShtDRDPP_D (Karnataka),0.5276729559748428,0.18270440251572326,0.810377358490566,0.44842767295597485,0.24213836477987422,0.0389040182293114,0.012118874492269158,0.005411498038817301,24.58975729187797
IND321606AAA,2,2,0.0006089170985030904,0.00040462372767436077,0.2,1263,6.0,6.0,1894.0,711.0,5.0,5.0,342.0,11.0,5.5,1118.0,Kherli_GodamDPP_D (Rajasthan),0.6622641509433962,0.5433962264150943,0.4037735849056604,0.859748427672956,0.2839622641509434,0.030567442894458955,0.05323733470474231,0.006052674595641355,24.566784673178294
IND425405AAA,2,2,0.000206076727121124,0.000412153454242248,0.4,1263,9.0,9.0,6169.0,215.0,5.0,5.0,137.0,14.0,7.0,3153.0,Shirpur_KrantiNgr_D (Maharashtra),0.5320754716981132,0.620754716981132,0.5078616352201258,0.9525157232704402,0.22044025157232705,0.0389040182293114,0.15014071227553893,0.011097083309846219,24.565860454800482
IND621704AAA,1,1,4.755616779718246e-06,4.755616779718246e-06,0.5,10,12.0,12.0,357.0,212.0,11.0,11.0,175.0,23.0,11.5,266.0,Ariyalur_Kmrajngr_D (Tamil Nadu),0.4628930817610063,0.45031446540880504,0.7566037735849057,0.4619496855345912,0.13364779874213836,0.06391374423386872,0.012666485716870712,0.008591950729986414,24.561673008197435
IND134102AAA,2,1,3.302511652582115e-07,3.963013983098538e-07,0.0,1263,11.0,11.0,303.0,345.0,3.0,3.0,223.0,14.0,7.0,263.0,Kalka_Pinjore_DC (Haryana),0.38301886792452833,0.3767295597484277,0.5078616352201258,0.45754716981132076,0.7150943396226415,0.0389040182293114,0.01252363061480074,0.005428171309406829,24.552855106350847
IND000000ABA,1,1,0.000409379344454079,0.000409379344454079,0.5,1263,5.0,1.0,11.0,252.0,10.0,3.0,68.0,15.0,2.0,39.5,Cochin_Chtrpuza_D (Kerala),0.6116352201257862,0.5839622641509434,0.5411949685534592,0.08553459119496855,0.13364779874213836,0.011115433779803258,0.001880925510587944,0.0014809904411399824,24.542602981176493
IND577132AAD,1,1,0.0008076622497554821,0.000807662249755482,0.5,1263,7.0,7.0,203.0,64.0,5.0,5.0,108.0,12.0,6.0,155.5,Mudigere_HesglDPP_D (Karnataka),0.6679245283018868,0.6383647798742138,0.4380503144654088,0.30377358490566037,0.13364779874213836,0.03334630133940977,0.007404656123960134,0.004515549089515538,24.53552588214873
IND327001AAB,1,1,0.001225760224972378,0.001225760224972378,0.5,1263,1.0,1.0,27.0,11.0,4.0,4.0,1273.0,5.0,2.5,650.0,Banswara_KhandDPP_D (Rajasthan),0.809748427672956,0.789308176100629,0.19654088050314467,0.7559748427672957,0.13364779874213836,0.01389429222475407,0.030951938781826928,0.0030294007746996866,24.475369409804166
IND273303AAA,1,1,0.0004145312626321071,0.0004145312626321071,0.0,1263,1.0,1.0,73.0,10.0,1.0,1.0,8.0,2.0,1.0,40.5,Maharajganj_PakriDPP_D (Uttar Pradesh),0.650314465408805,0.6245283018867924,0.07610062893081761,0.08867924528301886,0.7150943396226415,0.005557716889901629,0.0019285438779446007,0.0007811976164208968,24.331512711009726
IND425109AAA,1,1,0.00041413496123379723,0.00041413496123379723,0.0,1263,1.0,1.0,14.0,5.0,1.0,1.0,17.0,2.0,1.0,15.5,Erandol_BsStdDPP_D (Maharashtra),0.6496855345911949,0.6238993710691824,0.07610062893081761,0.03333333333333333,0.7150943396226415,0.005557716889901629,0.0007380846940281806,0.0007321585852752274,24.313337489012188
IND686632AAA,1,1,0.00041334235843717754,0.00041334235843717754,0.0,1263,1.0,1.0,30.0,7.0,1.0,1.0,107.0,2.0,1.0,68.5,Kothanalloor_Majoor_D (Kerala),0.6484276729559748,0.6226415094339622,0.07610062893081761,0.15377358490566037,0.7150943396226415,0.005557716889901629,0.0032618581639309915,0.0008361213313040467,24.287089085433127
IND625516AAA,1,1,2.377808389859123e-06,2.377808389859123e-06,0.0,27,5.0,5.0,201.0,125.0,6.0,6.0,81.0,11.0,5.5,141.0,Cumbum_LFRoad_D (Tamil Nadu),0.44056603773584907,0.42641509433962266,0.4037735849056604,0.2792452830188679,0.7150943396226415,0.030567442894458955,0.00671418979728861,0.004136229258468593,24.287000142168715
IND201307AAA,1,1,0.0,0.0,0.0,1263,20.0,13.0,273.0,593.0,5.0,4.0,29.0,25.0,8.5,151.0,Noida_Chukhndi_D (Uttar Pradesh),0.18930817610062894,0.18270440251572326,0.810377358490566,0.29654088050314464,0.7150943396226415,0.04724059356416384,0.0071903734708551785,0.0062611080288215975,24.286325841692648
IND413517AAA,2,2,0.00081321046933182,0.00081321046933182,0.4,1263,3.0,3.0,339.0,707.0,5.0,5.0,424.0,8.0,4.0,381.5,Udgir_NlgaonRd_D (Maharashtra),0.7081761006289308,0.6827044025157233,0.2921383647798742,0.5965408805031447,0.22044025157232705,0.022230867559606515,0.018166407146564572,0.0035553531591425653,24.213931179969705
IND521001AAA,2,2,0.0004042274262760509,0.0004042274262760509,0.6,1263,5.0,5.0,289.0,578.0,14.0,14.0,426.0,19.0,9.5,357.5,Machilipatnam_DC (Andhra Pradesh),0.5550314465408805,0.5267295597484277,0.6509433962264151,0.5729559748427673,0.04748427672955975,0.05279831045406547,0.01702356633000481,0.00736792481204974,24.200157246891795
IND832109AAB,1,1,0.0,0.0,0.0,1263,15.0,15.0,2413.0,1315.0,9.0,9.0,1073.0,24.0,12.0,1743.0,Jamshedpur_Central_I_3 (Jharkhand),0.18930817610062894,0.18270440251572326,0.7855345911949686,0.9119496855345912,0.7150943396226415,0.06669260267881955,0.08299881430265282,0.011840053883055021,24.192631624970364
IND144601AAA,1,2,0.0008183623875098481,0.0008183623875098481,0.3333333333333333,1263,3.0,3.0,46.0,52.0,3.0,3.0,159.0,6.0,3.0,102.5,Kapurthala_DC (Punjab),0.7367924528301887,0.7147798742138365,0.23018867924528302,0.2128930817610063,0.24213836477987422,0.016673150669704886,0.004880882654057323,0.0023063231855919818,24.189215530348783
IND362225AAA,1,1,4.359315381408392e-06,4.359315381408392e-06,0.0,13,5.0,5.0,108.0,25.0,5.0,5.0,121.0,10.0,5.0,114.5,Mangrol_JilRDDPP_D (Gujarat),0.459748427672956,0.4477987421383648,0.3632075471698113,0.2320754716981132,0.7150943396226415,0.02778858444950814,0.005452303062337204,0.0037333706924717273,24.159938974875157
IND638001AAA,1,1,3.963013983098538e-07,3.963013983098538e-07,0.0,3,3.0,3.0,59.0,93.0,10.0,10.0,162.0,13.0,6.5,110.5,Erode (Tamil Nadu),0.3940251572327044,0.3767295597484277,0.47232704402515724,0.22641509433962265,0.7150943396226415,0.03612515978436059,0.005261829592910577,0.00477815602643579,24.152429813900408
IND246149AAA,1,1,0.0,0.0,0.0,1263,11.0,11.0,1290.0,5051.0,13.0,13.0,1311.0,24.0,12.0,1300.5,Kotdwara_Nzbadrd_D (Uttarakhand),0.18930817610062894,0.18270440251572326,0.7855345911949686,0.8786163522012579,0.7150943396226415,0.06669260267881955,0.06192768674733218,0.010972063031776672,24.149232082406446
IND360370AAA,1,1,8.32232936450693e-06,8.32232936450693e-06,0.0,13,1.0,1.0,19.0,5.0,8.0,8.0,181.0,9.0,4.5,100.0,Jetpur_DC (Gujarat),0.4827044025157233,0.470125786163522,0.32578616352201256,0.2078616352201258,0.7150943396226415,0.025009726004557326,0.004761836735665681,0.003354050861424783,24.147262291498915
IND505503AAA,1,1,0.0004109645500473184,0.0004109645500473184,0.0,1263,1.0,1.0,50.0,19.0,1.0,1.0,18.0,2.0,1.0,34.0,Mahadevpur_Kataram_D (Telangana),0.6427672955974842,0.6169811320754717,0.07610062893081761,0.07169811320754717,0.7150943396226415,0.005557716889901629,0.0016190244901263316,0.0007684474683230228,24.142195958321807
IND176310AAA,1,1,1.1889041949295614e-06,1.1889041949295614e-06,0.5,4,13.0,13.0,11464.0,389.0,10.0,8.0,2627.0,23.0,10.5,7045.5,Chamba_Bangotu_D (Himachal Pradesh),0.42138364779874216,0.4069182389937107,0.7566037735849057,0.979874213836478,0.13364779874213836,0.058356027343967096,0.33549520721132553,0.021188600810104145,24.134901738618417
IND670645AAB,2,1,0.0004054163304709805,0.00040541633047098046,0.5,1263,6.0,6.0,543.0,5042.0,9.0,9.0,431.0,15.0,7.5,487.0,Mananthavady_Central_D_1 (Kerala),0.5845911949685535,0.5581761006289309,0.5411949685534592,0.6676100628930818,0.13364779874213836,0.041682876674262216,0.023190144902691865,0.006218438221454484,24.115953357613602
IND421302AAH,2,0,0.0,0.0,0.0,1263,0.0,0.0,0.0,0.0,24.0,24.0,1697.0,24.0,12.0,848.5,Bhiwandi_Mankoli_GW (Maharashtra),0.18930817610062894,0.18270440251572326,0.7855345911949686,0.8182389937106919,0.7150943396226415,0.06669260267881955,0.0404041847021233,0.01008543734866297,24.10490079825076
IND382345AAA,1,0,0.0,0.0,0.0,1263,0.0,0.0,0.0,0.0,24.0,24.0,863.0,24.0,12.0,431.5,Amdavad_East (Gujarat),0.18930817610062894,0.18270440251572326,0.7855345911949686,0.6276729559748427,0.7150943396226415,0.06669260267881955,0.020547325514397412,0.009267466309153202,24.064002246275273
IND754142AAA,1,1,0.00041056824864900855,0.00041056824864900855,0.0,1263,1.0,1.0,67.0,20.0,1.0,1.0,64.0,2.0,1.0,65.5,Paradip_Udyabata_D (Orissa),0.6396226415094339,0.6132075471698113,0.07610062893081761,0.14622641509433962,0.7150943396226415,0.005557716889901629,0.003119003061861021,0.0008302366475665664,24.06037975690663
IND560067AAC,1,1,0.0,0.0,0.0,1263,17.0,17.0,356.0,518.0,7.0,7.0,197.0,24.0,12.0,276.5,Bengaluru_Kadugodi_D (Karnataka),0.18930817610062894,0.18270440251572326,0.7855345911949686,0.4779874213836478,0.7150943396226415,0.06669260267881955,0.013166478574115608,0.008963424316050052,24.048800146620117
IND411017AAA,1,1,0.0,0.0,0.0,2,1.0,1.0,27.0,4.0,23.0,23.0,506.0,24.0,12.0,266.5,PNQ Rahatani DPC (Maharashtra),0.18930817610062894,0.18270440251572326,0.7855345911949686,0.46352201257861636,0.7150943396226415,0.06669260267881955,0.01269029490054904,0.008943808703591783,24.047819365997203
IND412105AAC,1,1,0.0,0.0,0.0,2,23.0,23.0,506.0,667.0,1.0,1.0,27.0,24.0,12.0,266.5,Pune_North_D_3 (Maharashtra),0.18930817610062894,0.18270440251572326,0.7855345911949686,0.46352201257861636,0.7150943396226415,0.06669260267881955,0.01269029490054904,0.008943808703591783,24.047819365997203
IND620020AAA,0,1,0.0,0.0,0.0,10,24.0,24.0,272.0,725.0,0.0,0.0,0.0,24.0,12.0,136.0,Tiruchi (Tamil Nadu),0.18930817610062894,0.18270440251572326,0.7855345911949686,0.2688679245283019,0.7150943396226415,0.06669260267881955,0.006476097960505326,0.008687824961011389,24.035020178868184
IND144401AAB,1,1,0.0,0.0,0.0,1263,13.0,13.0,162.0,161.0,11.0,9.0,99.0,24.0,11.0,130.5,Phagwara_Lovely_D (Punjab),0.18930817610062894,0.18270440251572326,0.7855345911949686,0.26132075471698113,0.7150943396226415,0.06113488578891791,0.006214196940043714,0.00797528198819443,23.999393030227335
IND425409AAA,3,4,0.00041116270074647334,7.926027966197076e-07,0.5263157894736842,1263,9.0,9.0,1210.0,81.0,9.0,9.0,363.0,18.0,9.0,786.5,Shahada_Nandrbar_D (Maharashtra),0.6446540880503144,0.3946540880503145,0.6305031446540881,0.8006289308176101,0.050314465408805034,0.05001945200911465,0.03745184592601058,0.007858557393526972,23.969971894833584
IND275303AAA,1,1,1.347424754253503e-05,1.347424754253503e-05,0.0,12,4.0,4.0,86.0,93.0,4.0,4.0,168.0,8.0,4.0,127.0,Dohrighat_AzmrdDPP_D (Uttar Pradesh),0.49433962264150944,0.48364779874213837,0.2921383647798742,0.2569182389937107,0.7150943396226415,0.022230867559606515,0.006047532654295415,0.00305613582207965,23.937397986072533
IND799250AAA,1,1,0.0004101719472506987,0.0004101719472506987,0.0,1263,1.0,1.0,214.0,22.0,1.0,1.0,256.0,2.0,1.0,235.0,Dharmanagr_Ranakant_D (Tripura),0.6342767295597485,0.6072327044025158,0.07610062893081761,0.42735849056603775,0.7150943396226415,0.005557716889901629,0.01119031632881435,0.0011627212787342052,23.937066881546777
IND713145AAB,1,1,0.0004101719472506987,0.0004101719472506987,0.0,1263,1.0,1.0,9.0,3.0,1.0,1.0,82.0,2.0,1.0,45.5,Manteswar_MemariRD_D (West Bengal),0.6342767295597485,0.6072327044025158,0.07610062893081761,0.10125786163522013,0.7150943396226415,0.005557716889901629,0.002166635714727885,0.0007910054226500308,23.918481088742567
IND152024AAA,1,1,0.0004101719472506987,0.0004101719472506987,0.0,1263,1.0,1.0,33.0,16.0,1.0,1.0,22.0,2.0,1.0,27.5,Jalalabad_Muktsar_D (Punjab),0.6342767295597485,0.6072327044025158,0.07610062893081761,0.057547169811320756,0.7150943396226415,0.005557716889901629,0.0013095051023080623,0.0007556973202251488,23.916715683621323
IND145001AAA,1,2,1.1889041949295614e-06,1.1889041949295614e-06,0.3333333333333333,4,7.0,6.0,138.0,202.0,13.0,13.0,11464.0,20.0,9.5,5801.0,Pathankot_DC (Punjab),0.42138364779874216,0.4069182389937107,0.6729559748427673,0.9735849056603774,0.24213836477987422,0.05279831045406547,0.27623414903596616,0.018045683453707807,23.80794455004388
IND303008AAB,1,1,2.179657690704196e-06,4.359315381408392e-06,0.0,18,5.0,4.0,66.0,176.0,5.0,5.0,233.0,10.0,4.5,149.5,Dudu_NrainaRD_D (Rajasthan),0.43647798742138366,0.4477987421383648,0.3632075471698113,0.2930817610062893,0.7150943396226415,0.025009726004557326,0.007118945919820193,0.0034511481430932085,23.796771243632648
IND122503AAA,1,1,0.0004050200290726706,0.0004050200290726706,0.0,1263,2.0,2.0,190.0,209.0,2.0,2.0,57.0,4.0,2.0,123.5,Pataudi_DC (Haryana),0.5748427672955975,0.5506289308176101,0.15943396226415094,0.24874213836477987,0.7150943396226415,0.011115433779803258,0.005880868368547116,0.0016457615857894319,23.753671727088214
IND249201AAA,1,1,0.0,0.0,0.0,1263,12.0,12.0,3212.0,5063.0,11.0,11.0,423.0,23.0,11.5,1817.5,Rishikesh_DC (Uttarakhand),0.18930817610062894,0.18270440251572326,0.7566037735849057,0.9147798742138364,0.7150943396226415,0.06391374423386872,0.08654638267072375,0.011635313002886661,23.748432316811
IND532440AAA,1,1,0.0,0.0016145318967143445,0.5,1263,11.0,11.0,231.0,129.0,11.0,11.0,261.0,22.0,11.0,246.0,Palakonda_VadaiDPP_D (Andhra Pradesh),0.18930817610062894,0.8232704402515724,0.7286163522012579,0.4377358490566038,0.13364779874213836,0.06113488578891791,0.011714118369737575,0.008201842312087423,23.748142430069784
IND321001AAA,2,2,0.00040462372767436077,0.00040462372767436077,0.3333333333333333,1263,8.0,7.0,1094.0,428.0,5.0,5.0,131.0,13.0,6.0,612.5,Bharatpur_DC (Rajasthan),0.5688679245283019,0.5433962264150943,0.47232704402515724,0.7393081761006289,0.24213836477987422,0.03334630133940977,0.029166250005952295,0.005411982578858375,23.74386956919449
IND793001AAA,1,2,0.000409379344454079,0.000409379344454079,0.5,1263,3.0,3.0,427.0,102.0,10.0,10.0,986.0,13.0,6.5,706.5,Shillong (Meghalaya),0.6116352201257862,0.5839622641509434,0.47232704402515724,0.7779874213836478,0.13364779874213836,0.03612515978436059,0.033642376537478036,0.00594724652894855,23.732896917642396
IND458001AAB,1,1,0.000409379344454079,0.000409379344454079,0.5,1263,6.0,6.0,187.0,123.0,7.0,7.0,215.0,13.0,6.5,201.0,Mandsaur_YashDPP_D (Madhya Pradesh),0.6116352201257862,0.5839622641509434,0.47232704402515724,0.37295597484276727,0.13364779874213836,0.03612515978436059,0.00957129183868802,0.004955677319183113,23.683318457154122
IND562108AAA,1,1,2.377808389859123e-06,2.377808389859123e-06,0.0,1263,1.0,1.0,123.0,790.0,9.0,8.0,126.0,10.0,4.5,124.5,Gauribidanur_Gurukrpa_D (Karnataka),0.44056603773584907,0.42641509433962266,0.3632075471698113,0.2512578616352201,0.7150943396226415,0.025009726004557326,0.005928486735903773,0.0034021091119475393,23.641803568804928
IND360490AAA,1,1,8.32232936450693e-06,8.32232936450693e-06,0.0,13,7.0,7.0,305.0,134.0,1.0,1.0,27.0,8.0,4.0,166.0,Upleta_AdrshSt_DC (Gujarat),0.4827044025157233,0.470125786163522,0.2921383647798742,0.3229559748427673,0.7150943396226415,0.022230867559606515,0.00790464898120503,0.0031326367106668945,23.631474602828945
IND410206AAA,2,1,0.0004042274262760508,0.0004042274262760509,0.5,1263,6.0,6.0,181.0,378.0,10.0,10.0,262.0,16.0,8.0,221.5,Jasai_JNPT_D (Maharashtra),0.539937106918239,0.5267295597484277,0.5745283018867925,0.4056603773584906,0.13364779874213836,0.04446173511921303,0.010547468369499484,0.0060485209036699305,23.62318076216463
IND380015AAB,1,0,0.0,0.0,0.0,1263,0.0,0.0,0.0,0.0,23.0,23.0,707.0,23.0,11.5,353.5,AMD_Satellite (Gujarat),0.18930817610062894,0.18270440251572326,0.7566037735849057,0.5688679245283019,0.7150943396226415,0.06391374423386872,0.016833092860578183,0.008763587338996258,23.604846033616482
IND401208AAA,1,0,0.0,0.0,0.0,1263,0.0,0.0,0.0,0.0,23.0,23.0,664.0,23.0,11.5,332.0,Nalasopara (Maharashtra),0.18930817610062894,0.18270440251572326,0.7566037735849057,0.550314465408805,0.7150943396226415,0.06391374423386872,0.01580929796241006,0.008721413772210982,23.602737355277217
IND121004AAA,1,1,0.0,0.0,0.0,1263,9.0,9.0,259.0,720.0,14.0,14.0,162.0,23.0,11.5,210.5,Faridabad_Blbgarh_DC (Haryana),0.18930817610062894,0.18270440251572326,0.7566037735849057,0.3836477987421384,0.7150943396226415,0.06391374423386872,0.010023666328576259,0.008483084080843029,23.59082087070882
IND781102AAA,1,1,0.0002025100145363353,0.0004050200290726706,0.0,1263,2.0,2.0,239.0,1143.0,3.0,3.0,80.0,5.0,2.5,159.5,Hajo_Sardala_D (Assam),0.5235849056603774,0.5506289308176101,0.19654088050314467,0.3110062893081761,0.7150943396226415,0.01389429222475407,0.0075951295933867615,0.0020672549836216517,23.562482246036435
IND533201AAA,3,2,0.0004044255769752058,0.00040462372767436077,0.375,1263,8.0,8.0,331.0,262.0,5.0,5.0,262.0,13.0,6.5,296.5,Amalapuram_Vijdurg_D (Andhra Pradesh),0.5666666666666667,0.5433962264150943,0.47232704402515724,0.5110062893081762,0.22327044025157233,0.03612515978436059,0.014118845921248744,0.00514300641815957,23.508722647952002
IND509103AAB,2,2,0.000409379344454079,0.000409379344454079,0.6,1263,4.0,4.0,240.0,80.0,10.0,10.0,971.0,14.0,7.0,605.5,Wanaparthy_VallaDPP_D (Telangana),0.6116352201257862,0.5839622641509434,0.5078616352201258,0.7345911949685534,0.04748427672955975,0.0389040182293114,0.028832921434455698,0.0061000060361025,23.411918540798837
IND421601AAB,1,1,0.0004042274262760509,0.0004042274262760509,0.5,1263,9.0,9.0,1336.0,428.0,6.0,6.0,166.0,15.0,7.5,751.0,Asangaon_Shahapur_D (Maharashtra),0.5550314465408805,0.5267295597484277,0.5411949685534592,0.789622641509434,0.13364779874213836,0.041682876674262216,0.035761393884849266,0.006736290390352753,23.38398433083839
IND176303AAA,2,1,1.1889041949295614e-06,1.1889041949295614e-06,0.3333333333333333,4,10.0,8.0,2627.0,274.0,10.0,9.0,429.0,20.0,8.5,1528.0,Dalhousie_Banikhet_D (Himachal Pradesh),0.42138364779874216,0.4069182389937107,0.6729559748427673,0.8968553459119497,0.24213836477987422,0.04724059356416384,0.0727608653209716,0.008962177864325072,23.35376927057474
IND342902A1B,2,1,0.0014062755119025163,0.0,0.16666666666666666,1263,6.0,6.0,1640.0,456.0,4.0,4.0,207.0,10.0,5.0,923.5,IND342902A1B,0.8336477987421383,0.18270440251572326,0.3632075471698113,0.829559748427673,0.3238993710691824,0.02778858444950814,0.043975562253872565,0.005320273740345591,23.28488161154558
IND402109AAA,1,1,3.963013983098538e-07,3.963013983098538e-07,0.5,3,13.0,13.0,653.0,90.0,11.0,11.0,459.0,24.0,12.0,556.0,Roha_DataSagr_D (Maharashtra),0.3940251572327044,0.3767295597484277,0.7855345911949686,0.7075471698113207,0.13364779874213836,0.06669260267881955,0.026475812250301187,0.009511680684258636,23.272753845533686
IND303901AAA,1,1,5.548219576337954e-06,5.548219576337954e-06,0.0,18,2.0,2.0,78.0,28.0,6.0,6.0,314.0,8.0,4.0,196.0,Chaksu_TonkRoad_D (Rajasthan),0.4679245283018868,0.4547169811320755,0.2921383647798742,0.36886792452830186,0.7150943396226415,0.022230867559606515,0.009333200001904735,0.003191483548041698,23.258630781175675
IND788713AAA,2,2,0.0002019155624388705,0.0,0.5,1263,11.0,11.0,608.0,856.0,13.0,13.0,743.0,24.0,12.0,675.5,Karimganj_Alngjuri_D (Assam),0.5204402515723271,0.18270440251572326,0.7855345911949686,0.7657232704402516,0.13364779874213836,0.06669260267881955,0.03216620714942167,0.009746087253134935,23.240449016744797
IND415612AAA,1,1,0.000409379344454079,0.000409379344454079,0.5,1263,5.0,5.0,716.0,99.0,7.0,7.0,1496.0,12.0,6.0,1106.0,Ratnagiri_MjgaonRd_D (Maharashtra),0.6116352201257862,0.5839622641509434,0.4380503144654088,0.8572327044025158,0.13364779874213836,0.03334630133940977,0.05266591429646243,0.00638001305367389,23.240384300482436
IND631501AAA,1,2,0.000409379344454079,0.000409379344454079,0.5,1263,6.0,6.0,1853.0,807.0,6.0,6.0,263.0,12.0,6.0,1058.0,Kanchipuram_DC (Tamil Nadu),0.6116352201257862,0.5839622641509434,0.4380503144654088,0.8534591194968554,0.13364779874213836,0.03334630133940977,0.050380232663342905,0.006285858113874205,23.23567655349245
IND000000AEM,0,2,0.0,0.0,0.0,3,22.0,22.0,2095.0,3479.0,0.0,0.0,0.0,22.0,11.0,1047.5,Gurgaon_Bilaspur_RP (Haryana),0.18930817610062894,0.18270440251572326,0.7286163522012579,0.8503144654088051,0.7150943396226415,0.06113488578891791,0.04988023980609801,0.009774033650617586,23.235557028442827
IND000000ACK,0,1,0.0,0.0,0.0,5,22.0,22.0,1043.0,1371.0,0.0,0.0,0.0,22.0,11.0,521.5,Hyderabad_Chikdply_C (Telangana),0.18930817610062894,0.18270440251572326,0.7286163522012579,0.6871069182389937,0.7150943396226415,0.06113488578891791,0.024832978576496526,0.0087422524353127,23.18396796767758
IND361335AAA,1,1,1.1889041949295614e-06,1.1889041949295614e-06,0.0,7,1.0,1.0,63.0,33.0,9.0,9.0,148.0,10.0,5.0,105.5,Dwarka_StnRoad_DC (Gujarat),0.42138364779874216,0.4069182389937107,0.3632075471698113,0.21540880503144655,0.7150943396226415,0.02778858444950814,0.005023737756127293,0.003715716641259286,23.174779542754788
IND643212AAA,1,1,1.664465872901386e-05,1.664465872901386e-05,0.0,19,2.0,2.0,540.0,20.0,4.0,4.0,217.0,6.0,3.0,378.5,Gudalur_kalmpuza_D (Tamil Nadu),0.5015723270440252,0.490251572327044,0.23018867924528302,0.5924528301886792,0.7150943396226415,0.016673150669704886,0.018023552044494604,0.0028477140894401726,23.17225991830849
IND176061AAA,1,1,0.0004050200290726706,0.0004050200290726706,0.0,1263,1.0,1.0,841.0,23.0,2.0,2.0,84.0,3.0,1.5,462.5,Palampur_Cnsrvila_D (Himachal Pradesh),0.5748427672955975,0.5506289308176101,0.11949685534591195,0.64937106918239,0.7150943396226415,0.008336575334852443,0.022023494902453776,0.0019598536551422535,23.17031972678227
IND743513AAA,1,1,0.000409379344454079,0.000409379344454079,0.5,1263,8.0,8.0,321.0,224.0,4.0,4.0,230.0,12.0,6.0,275.5,Fatepur_NH117_D (West Bengal),0.6116352201257862,0.5839622641509434,0.4380503144654088,0.4761006289308176,0.13364779874213836,0.03334630133940977,0.013118860206758952,0.004750936439014751,23.158930469749478
IND421401AAC,1,1,0.000409379344454079,0.000409379344454079,0.5,1263,6.0,6.0,166.0,164.0,6.0,6.0,338.0,12.0,6.0,252.0,Murbad_SnkunDPP_D (Maharashtra),0.6116352201257862,0.5839622641509434,0.4380503144654088,0.4468553459119497,0.13364779874213836,0.03334630133940977,0.011999828573877516,0.004704839749737822,23.156625635285632
IND410209AAA,1,0,0.0,0.0,0.0,1263,0.0,0.0,0.0,0.0,22.0,22.0,425.0,22.0,11.0,212.5,Mumbai_Khandeshwar_Dc (Maharashtra),0.18930817610062894,0.18270440251572326,0.7286163522012579,0.3886792452830189,0.7150943396226415,0.06113488578891791,0.010118903063289572,0.008136130010352224,23.15366184642956
IND625531AAA,1,1,3.963013983098538e-07,3.963013983098538e-07,0.0,27,6.0,6.0,81.0,216.0,5.0,5.0,116.0,11.0,5.5,98.5,Theni_Rathnam_D (Tamil Nadu),0.3940251572327044,0.3767295597484277,0.4037735849056604,0.20534591194968554,0.7150943396226415,0.030567442894458955,0.004690409184630696,0.004052862905520955,23.087863271062215
IND504251AAA,1,2,0.0008183623875098481,0.0008183623875098481,0.5,1263,5.0,3.0,123.0,46.0,1.0,1.0,15.0,6.0,2.0,69.0,Bellmpalli_BasthDPP_D (Telangana),0.7367924528301887,0.7147798742138365,0.23018867924528302,0.1550314465408805,0.13364779874213836,0.011115433779803258,0.0032856673476093197,0.0015388564978918724,23.065936535586417
IND414302AAB,2,2,0.00081321046933182,0.00081321046933182,0.3333333333333333,1263,3.0,3.0,247.0,274.0,2.0,2.0,77.0,5.0,2.5,162.0,Parner_Hindcwk_D (Maharashtra),0.7081761006289308,0.6827044025157233,0.19654088050314467,0.31446540880503143,0.24213836477987422,0.01389429222475407,0.007714175511778403,0.0020721588867362185,22.92279033427392
IND464221AAA,1,1,0.00040660523466591,0.00040660523466591,0.0,1263,1.0,1.0,84.0,28.0,1.0,1.0,37.0,2.0,1.0,60.5,GanjBasoda_MnRDDPP_D (Madhya Pradesh),0.5930817610062893,0.5628930817610063,0.07610062893081761,0.1380503144654088,0.7150943396226415,0.005557716889901629,0.002880911225077737,0.0008204288413374324,22.858631504959956
IND388620AAB,1,1,0.0004042274262760509,0.0004042274262760509,0.5,1263,8.0,8.0,274.0,222.0,6.0,6.0,157.0,14.0,7.0,215.5,Khambhat_MotvdDPP_D (Gujarat),0.5550314465408805,0.5267295597484277,0.5078616352201258,0.3940251572327044,0.13364779874213836,0.0389040182293114,0.010261758165359543,0.005334997150230057,22.813919668832263
IND302022AAD,1,1,0.0,0.0,0.0,1263,7.0,7.0,1039.0,2689.0,14.0,14.0,1757.0,21.0,10.5,1398.0,Jaipur_RIICO_L (Rajasthan),0.18930817610062894,0.18270440251572326,0.6993710691823899,0.8855345911949686,0.7150943396226415,0.058356027343967096,0.06657047756460623,0.010110683674297415,22.8137102843438
IND208012AAA,1,1,0.0,0.0,0.0,1263,8.0,8.0,4305.0,4996.0,13.0,7.0,119.0,21.0,7.5,2212.0,Kanpur_Central_D_7 (Uttar Pradesh),0.18930817610062894,0.18270440251572326,0.6993710691823899,0.9270440251572327,0.7150943396226415,0.041682876674262216,0.10533182859292486,0.009602131370505676,22.788282669154214
IND380021AAA,0,1,0.0,0.0,0.0,1263,21.0,21.0,1333.0,1469.0,0.0,0.0,0.0,21.0,10.5,666.5,AMD_Rakhial (Gujarat),0.18930817610062894,0.18270440251572326,0.6993710691823899,0.7603773584905661,0.7150943396226415,0.058356027343967096,0.03173764184321176,0.008675801622975127,22.741966181777684
IND683565AAA,1,1,0.0004042274262760509,0.0004042274262760509,0.5,1263,9.0,9.0,165.0,255.0,5.0,1.0,11.0,14.0,5.0,88.0,Kunnathund_Pringla_D (Kerala),0.5550314465408805,0.5267295597484277,0.5078616352201258,0.1918238993710692,0.13364779874213836,0.02778858444950814,0.0041904163273858,0.0036813893194573176,22.731239277293625
IND563116AAA,2,1,0.00013428012379398884,0.0,0.5,1263,10.0,10.0,216.0,676.0,13.0,13.0,328.0,23.0,11.5,272.0,Bethamangala_FshryOFC_D (Karnataka),0.5185534591194969,0.18270440251572326,0.7566037735849057,0.4720125786163522,0.13364779874213836,0.06391374423386872,0.012952195921010653,0.008603720097461375,22.721066508017724
IND410206AAB,1,1,0.0,0.0,0.0,1263,20.0,20.0,652.0,1439.0,1.0,1.0,36.0,21.0,10.5,344.0,Mumbai_Panvel_D (Maharashtra),0.18930817610062894,0.18270440251572326,0.6993710691823899,0.5628930817610063,0.7150943396226415,0.058356027343967096,0.016380718370689943,0.00804319812119599,22.710336006688728
IND302006AAA,1,1,0.0,0.0,0.0,18,9.0,9.0,382.0,217.0,12.0,12.0,220.0,21.0,10.5,301.0,Jaipur (Rajasthan),0.18930817610062894,0.18270440251572326,0.6993710691823899,0.5160377358490567,0.7150943396226415,0.058356027343967096,0.0143331285743537,0.00795885098762544,22.7061186500102
IND396232AAA,1,1,0.0,0.0,0.0,1263,10.0,10.0,365.0,192.0,11.0,11.0,217.0,21.0,10.5,291.0,Silvassa_Samrvrni_D (Dadra and Nagar Haveli),0.18930817610062894,0.18270440251572326,0.6993710691823899,0.5012578616352201,0.7150943396226415,0.058356027343967096,0.013856944900787132,0.007939235375167171,22.705137869387286
IND572201AAB,2,2,0.0006069355915115411,0.0004030385220811213,0.3,1263,3.0,3.0,141.0,62.0,6.0,6.0,133.0,9.0,4.5,137.0,Tiptur_YTRd_D (Karnataka),0.6610062893081761,0.5094339622641509,0.32578616352201256,0.270125786163522,0.2632075471698113,0.025009726004557326,0.006523716327861983,0.003426628627520374,22.699633318168473
IND425412AAA,4,3,3.963013983098538e-06,3.1704111864788306e-06,0.5,1263,10.0,10.0,388.0,77.0,9.0,9.0,439.0,19.0,9.5,413.5,Nandurbar_DhuleRd_D (Maharashtra),0.45660377358490567,0.4349056603773585,0.6509433962264151,0.6144654088050314,0.13364779874213836,0.05279831045406547,0.01969019490197759,0.007477772241816039,22.672630750455582
IND134203AAA,1,1,0.000409379344454079,0.000409379344454079,0.5,1263,10.0,10.0,270.0,327.0,1.0,1.0,57.0,11.0,5.5,163.5,Naraingarh_Ward2DPP_D (Haryana),0.6116352201257862,0.5839622641509434,0.4037735849056604,0.31572327044025156,0.13364779874213836,0.030567442894458955,0.0077856030628133885,0.004180364386499696,22.616250923727502
IND443201AAA,1,1,0.0004042274262760509,0.0004042274262760509,0.0,1263,1.0,1.0,84.0,36.0,2.0,2.0,106.0,3.0,1.5,95.0,Chikhli_KKndrDPP_D (Maharashtra),0.5550314465408805,0.5267295597484277,0.11949685534591195,0.19968553459119498,0.7150943396226415,0.008336575334852443,0.004523744898882397,0.0012389798973009123,22.598112516877627
IND505209AAA,2,2,0.000409379344454079,0.000409379344454079,0.5,1263,6.0,6.0,318.0,182.0,5.0,3.0,310.0,11.0,4.5,314.0,Ramagundam_Pdmavati_D (Telangana),0.6116352201257862,0.5839622641509434,0.4037735849056604,0.5289308176100629,0.13364779874213836,0.025009726004557326,0.014952167349990239,0.0037738249680317137,22.5959239528041
IND403702AAA,1,1,0.0,0.004144123722126141,0.5,1263,8.0,8.0,2213.0,668.0,8.0,8.0,317.0,16.0,8.0,1265.0,Canacona_CharRsta_D (Goa),0.18930817610062894,0.9371069182389937,0.5745283018867925,0.8735849056603774,0.13364779874213836,0.04446173511921303,0.060237234706170865,0.008095410063690174,22.569864842807153
IND689503AAB,1,1,0.00040502002907267067,0.0004050200290726706,0.0,1263,1.0,1.0,150.0,82.0,1.0,1.0,30.0,2.0,1.0,90.0,Manthuka_Central_D_1 (Kerala),0.5789308176100629,0.5506289308176101,0.07610062893081761,0.1959119496855346,0.7150943396226415,0.005557716889901629,0.004285653062099113,0.0008782948980893224,22.526619147420192
IND758001AAA,3,1,0.0004101719472506987,0.0004101719472506987,0.2,1263,2.0,2.0,100.0,45.0,5.0,5.0,921.0,7.0,3.5,510.5,Kendujhar_Sirjudin_D (Orissa),0.6342767295597485,0.6072327044025158,0.26069182389937107,0.6830188679245283,0.2839622641509434,0.0194520091146557,0.024309176535573303,0.0034575173668717632,22.509353855764974
IND591302AAB,1,1,0.0008080585511537919,0.0008080585511537919,0.5,1263,5.0,5.0,369.0,614.0,3.0,3.0,46.0,8.0,4.0,207.5,Khanapur_StatinRD_D (Karnataka),0.6761006289308176,0.6474842767295598,0.2921383647798742,0.379874213836478,0.13364779874213836,0.022230867559606515,0.009880811226506287,0.0032140415023687056,22.495607735495792
IND276140AAA,1,1,1.4663151737464592e-05,1.4663151737464592e-05,0.0,12,1.0,1.0,51.0,57.0,4.0,4.0,86.0,5.0,2.5,68.5,Jiyanpur_Central_DPP_1 (Uttar Pradesh),0.4962264150943396,0.4849056603773585,0.19654088050314467,0.15377358490566037,0.7150943396226415,0.01389429222475407,0.0032618581639309915,0.0018887529102514149,22.485947079474837
IND331701AAA,1,1,0.0004050200290726706,0.0004050200290726706,0.0,1263,1.0,1.0,287.0,280.0,1.0,1.0,15.0,2.0,1.0,151.0,Sidhmukh_MnbzrDPP_D (Rajasthan),0.5748427672955975,0.5506289308176101,0.07610062893081761,0.29654088050314464,0.7150943396226415,0.005557716889901629,0.0071903734708551785,0.000997950134084756,22.471281154502982
IND501301AAC,1,1,0.0004050200290726706,0.0004050200290726706,0.0,1263,1.0,1.0,15.0,32.0,1.0,1.0,14.0,2.0,1.0,14.5,Ghatkesar_Central_D_1 (Telangana),0.5748427672955975,0.5506289308176101,0.07610062893081761,0.03050314465408805,0.7150943396226415,0.005557716889901629,0.0006904663266715237,0.0007301970240294006,22.45789349900021
IND410401AAA,1,1,0.0,0.0,0.0,1263,9.0,9.0,994.0,401.0,11.0,11.0,1135.0,20.0,10.0,1064.5,Lonavala_NngrgnRd_D (Maharashtra),0.18930817610062894,0.18270440251572326,0.6729559748427673,0.8544025157232704,0.7150943396226415,0.05557716889901628,0.05068975205116118,0.009105625805831727,22.367230975826182
IND401501AAA,1,1,0.0,0.0,0.0,2,10.0,10.0,337.0,510.0,10.0,10.0,1699.0,20.0,10.0,1018.0,Boisar_OstwlEmp_D (Maharashtra),0.18930817610062894,0.18270440251572326,0.6729559748427673,0.8452830188679246,0.7150943396226415,0.05557716889901628,0.04847549796907663,0.009014413207900782,22.362670345929633
IND401602AAA,1,1,0.0,0.0,0.0,2,10.0,10.0,1699.0,595.0,10.0,10.0,337.0,20.0,10.0,1018.0,Dahanu_KetyDPP_D (Maharashtra),0.18930817610062894,0.18270440251572326,0.6729559748427673,0.8452830188679246,0.7150943396226415,0.05557716889901628,0.04847549796907663,0.009014413207900782,22.362670345929633
IND413401AAA,1,1,0.0,0.0005389699017014012,1.0,1263,12.0,12.0,2257.0,799.0,14.0,14.0,201.0,26.0,13.0,1229.0,Barshi_Kurduwdi_D (Maharashtra),0.18930817610062894,0.6327044025157232,0.8254716981132075,0.8685534591194969,0.017924528301886792,0.07225031956872117,0.05852297348133122,0.011533565788664971,22.304665710816895
IND722122AAA,1,1,0.0004042274262760509,0.0004042274262760509,0.5,1263,6.0,6.0,443.0,110.0,7.0,7.0,139.0,13.0,6.5,291.0,Bishnupur_StnRdDPP_D (West Bengal),0.5550314465408805,0.5267295597484277,0.47232704402515724,0.5012578616352201,0.13364779874213836,0.03612515978436059,0.013856944900787132,0.0051322178313075225,22.270761834961604
IND852131AAA,2,2,0.00040620893326760005,0.0,0.3,1263,8.0,8.0,474.0,175.0,8.0,8.0,1028.0,16.0,8.0,751.0,Supaul_SadrHsptl_D (Bihar),0.5889937106918239,0.18270440251572326,0.5745283018867925,0.789622641509434,0.2632075471698113,0.04446173511921303,0.035761393884849266,0.007087167583335209,22.266308064701352
IND274304AAA,2,1,5.350068877183026e-06,5.548219576337954e-06,0.0,1263,4.0,4.0,198.0,100.0,2.0,2.0,68.0,6.0,3.0,133.0,Kushinagar_KasyaDPP_D (Uttar Pradesh),0.46635220125786164,0.4547169811320755,0.23018867924528302,0.26446540880503144,0.7150943396226415,0.016673150669704886,0.006333242858435356,0.0023661508035896983,22.264533955273823
IND470113AAA,2,1,3.1704111864788306e-06,3.1704111864788306e-06,0.0,1263,2.0,2.0,44.0,27.0,5.0,5.0,280.0,7.0,3.5,162.0,Bina_Srvdycwk_D (Madhya Pradesh),0.44716981132075473,0.4349056603773585,0.26069182389937107,0.31446540880503143,0.7150943396226415,0.0194520091146557,0.007714175511778403,0.002773913272701131,22.256620191936943
IND246444AAB,1,1,3.963013983098538e-07,3.963013983098538e-07,0.5,3,11.0,11.0,195.0,68.0,11.0,5.0,265.0,22.0,8.0,230.0,Karnaprayag_Umalodge_D (Uttarakhand),0.3940251572327044,0.3767295597484277,0.7286163522012579,0.41823899371069184,0.13364779874213836,0.04446173511921303,0.010952224492031067,0.006065194174259458,22.246655935128064
IND486889AAA,1,2,3.1704111864788306e-06,3.1704111864788306e-06,0.16666666666666666,7,7.0,7.0,744.0,287.0,7.0,7.0,229.0,14.0,7.0,486.5,Singrauli_Ward8DPP_D (Madhya Pradesh),0.44716981132075473,0.4349056603773585,0.5078616352201258,0.6663522012578617,0.3238993710691824,0.0389040182293114,0.02316633571901354,0.005866580247849114,22.206851024971076
IND563130AAA,2,1,0.00013428012379398884,1.5852055932394153e-06,0.5,1263,8.0,8.0,150.0,303.0,8.0,8.0,312.0,16.0,8.0,231.0,Malur_NharuExt_D (Karnataka),0.5185534591194969,0.4160377358490566,0.5745283018867925,0.42044025157232706,0.13364779874213836,0.04446173511921303,0.010999842859387723,0.006067155735505285,22.196439547781555
IND505184AAC,2,2,0.0004042274262760509,0.0004042274262760509,0.5,1263,8.0,6.0,370.0,336.0,5.0,2.0,105.0,13.0,4.0,237.5,Manthani_Chaitnya_D (Telangana),0.5550314465408805,0.5267295597484277,0.47232704402515724,0.43144654088050316,0.13364779874213836,0.022230867559606515,0.011309362247205992,0.003272888339743509,22.1777953603834
IND852118AAA,2,2,0.00040601078256844516,0.0004026422206828115,0.3,1263,2.0,2.0,156.0,154.0,8.0,8.0,85.0,10.0,5.0,120.5,Forbesganj_JhumanCk_D (Bihar),0.5874213836477987,0.5084905660377359,0.3632075471698113,0.24245283018867925,0.2632075471698113,0.02778858444950814,0.005738013266477145,0.003745140059946688,22.16367209733696
IND509124AAA,2,3,3.963013983098538e-07,7.926027966197076e-07,0.75,1263,11.0,11.0,518.0,494.0,12.0,12.0,574.0,23.0,11.5,546.0,JoguGadwal_ColctrOf_D (Telangana),0.3940251572327044,0.3946540880503145,0.7566037735849057,0.7015723270440252,0.038364779874213835,0.06391374423386872,0.02599962857673462,0.009141187878817913,22.04668203545033
IND334001AAB,1,1,0.00020449152152788458,0.0,0.0,1263,2.0,2.0,87.0,38.0,7.0,7.0,779.0,9.0,4.5,433.0,Bikaner_DC (Rajasthan),0.5276729559748428,0.18270440251572326,0.32578616352201256,0.6295597484276729,0.7150943396226415,0.025009726004557326,0.0206187530654324,0.0040072507562851,21.980236751650736
IND402301AAA,1,1,3.963013983098538e-07,3.963013983098538e-07,0.5,3,8.0,8.0,728.0,188.0,13.0,13.0,653.0,21.0,10.5,690.5,Mahad_Govndsgr_D (Maharashtra),0.3940251572327044,0.3767295597484277,0.6993710691823899,0.7720125786163522,0.13364779874213836,0.058356027343967096,0.032880482659771525,0.00872287909287497,21.94086093577582
IND246424AAA,1,1,3.963013983098538e-07,3.963013983098538e-07,0.5,3,10.0,6.0,1352.0,7288.0,11.0,11.0,195.0,21.0,8.5,773.5,Chamoli_CGRoad_D (Uttarakhand),0.3940251572327044,0.3767295597484277,0.6993710691823899,0.7971698113207547,0.13364779874213836,0.04724059356416384,0.03683280715037404,0.007482179904348766,21.87882597634951
IND733129AAA,1,1,5.944520974647807e-06,5.944520974647807e-06,0.0,1263,3.0,3.0,366.0,119.0,2.0,2.0,42.0,5.0,2.5,204.0,Kaliyaganj_FatprDPP_D (West Bengal),0.4710691823899371,0.45849056603773586,0.19654088050314467,0.3767295597484277,0.7150943396226415,0.01389429222475407,0.009714146940757989,0.0021545444590609433,21.85772722295305
IND815353AAA,2,3,0.0006407863359505054,0.0004026422206828115,0.3888888888888889,1263,6.0,6.0,272.0,283.0,2.0,2.0,96.0,8.0,4.0,184.0,Madhupur_Sitarmrd_D (Jharkhand),0.6654088050314465,0.5084905660377359,0.2921383647798742,0.3484276729559748,0.22264150943396227,0.022230867559606515,0.008761779593624853,0.0031679448130917764,21.832925542541386
IND244921AAB,1,2,0.0004087848923566142,0.0012269491291673075,0.5,1263,2.0,2.0,118.0,27.0,4.0,4.0,212.0,6.0,3.0,165.0,Bilaspur_GrmNgriya_D (Uttar Pradesh),0.5940251572327044,0.7990566037735849,0.23018867924528302,0.31855345911949684,0.13364779874213836,0.016673150669704886,0.007857030613848374,0.0024289207634561553,21.81169761049985
IND676509AAA,1,1,7.926027966197076e-07,7.926027966197076e-07,0.0,5,3.0,3.0,56.0,26.0,5.0,5.0,59.0,8.0,4.0,57.5,Malappuram_Munduprm_D (Kerala),0.4110062893081761,0.3946540880503145,0.2921383647798742,0.129874213836478,0.7150943396226415,0.022230867559606515,0.0027380561230077667,0.002919807315494689,21.79064445382505
IND246174AAA,1,1,3.963013983098538e-07,3.963013983098538e-07,0.5,3,11.0,5.0,265.0,2047.0,10.0,6.0,1352.0,21.0,5.5,808.5,SrinagarUK_Srikot_D (Uttarakhand),0.3940251572327044,0.3767295597484277,0.6993710691823899,0.8084905660377358,0.13364779874213836,0.030567442894458955,0.03849945000785703,0.0054455713900579674,21.77699555063497
IND743347AAA,1,1,0.0004042274262760509,0.0004042274262760509,0.5,1263,4.0,4.0,711.0,147.0,8.0,8.0,321.0,12.0,6.0,516.0,Kakdwip_KlngrDPP_D (West Bengal),0.5550314465408805,0.5267295597484277,0.4380503144654088,0.6842767295597484,0.13364779874213836,0.03334630133940977,0.024571077556034913,0.0052226919186360915,21.761134595931804
IND273155AAA,1,1,1.0700137754366053e-05,1.0700137754366053e-05,0.0,1263,1.0,1.0,8.0,24.0,3.0,3.0,277.0,4.0,2.0,142.5,Anandnagar_LohiaDPP_D (Uttar Pradesh),0.48962264150943396,0.4776729559748428,0.15943396226415094,0.2811320754716981,0.7150943396226415,0.011115433779803258,0.0067856173483235955,0.0016830312494601407,21.747673575051625
IND733129AAB,2,1,0.00041492756403041693,0.00041492756403041693,0.16666666666666666,1263,2.0,2.0,42.0,19.0,2.0,2.0,80.0,4.0,2.0,61.0,Kaliyaganj_Central_DPP_1 (West Bengal),0.6509433962264151,0.6251572327044025,0.15943396226415094,0.13930817610062893,0.3238993710691824,0.011115433779803258,0.0029047204087560654,0.0015231640079252581,21.7223846154906
IND504293AAA,2,2,0.0006053503859183017,0.000403831124877741,0.4166666666666667,1263,4.0,4.0,469.0,356.0,4.0,2.0,101.0,8.0,3.0,285.0,Asifabad_PaikjNGR_D (Telangana),0.6597484276729559,0.5116352201257862,0.2921383647798742,0.48867924528301887,0.21823899371069183,0.016673150669704886,0.013571234696647191,0.002664308112955369,21.710259430805003
IND571124AAA,1,1,7.926027966197077e-06,7.926027966197077e-06,0.5,1263,8.0,8.0,1042.0,1418.0,7.0,7.0,109.0,15.0,7.5,575.5,Tirumakudalu_Narasipr_D (Karnataka),0.48050314465408805,0.4679245283018868,0.5411949685534592,0.720440251572327,0.13364779874213836,0.041682876674262216,0.027404370413755996,0.006392036391710154,21.660796788138967
IND600016AAB,0,1,0.0,0.0,0.0,4,18.0,18.0,864.0,867.0,0.0,0.0,0.0,18.0,9.0,432.0,Chennai_Alandur_C (Tamil Nadu),0.18930817610062894,0.18270440251572326,0.6305031446540881,0.6289308176100629,0.7150943396226415,0.05001945200911465,0.02057113469807574,0.0071631839318813785,21.633316429298475
IND415408AAC,1,1,0.00040422742627605087,0.0004042274262760509,0.5,1263,7.0,7.0,1387.0,1681.0,5.0,5.0,716.0,12.0,6.0,1051.5,Shirala_Central_DPP_3 (Maharashtra),0.5421383647798742,0.5267295597484277,0.4380503144654088,0.8522012578616353,0.13364779874213836,0.03334630133940977,0.050070713275524634,0.00627310796577633,21.620259171873723
IND110014AAA,1,1,0.0,0.0,0.0,1263,9.0,9.0,225.0,555.0,9.0,9.0,82.0,18.0,9.0,153.5,Delhi_Bhogal (Delhi),0.18930817610062894,0.18270440251572326,0.6305031446540881,0.3018867924528302,0.7150943396226415,0.05001945200911465,0.007309419389246821,0.0066168891249186205,21.60600168895034
IND423105AAA,2,2,4.359315381408392e-06,4.359315381408392e-06,0.2,1263,6.0,6.0,105.0,115.0,7.0,7.0,263.0,13.0,6.5,184.0,Malegaon_Rawlgaon_D (Maharashtra),0.459748427672956,0.4477987421383648,0.47232704402515724,0.3484276729559748,0.2839622641509434,0.03612515978436059,0.008761779593624853,0.004922330778004058,21.544858677264983
IND284403AAA,1,2,0.0004050200290726708,0.0004050200290726706,0.16666666666666666,1263,2.0,2.0,370.0,101.0,5.0,5.0,311.0,7.0,3.5,340.5,Lalitpur_RjghatRd_D (Uttar Pradesh),0.580503144654088,0.5506289308176101,0.26069182389937107,0.5581761006289309,0.3238993710691824,0.0194520091146557,0.016214054084941643,0.0031240519550812113,21.519410144923874
IND132001AAA,1,3,0.000409379344454079,0.000409379344454079,0.5,1263,5.0,5.0,972.0,898.0,4.0,4.0,111.0,9.0,4.5,541.5,Karnal (Haryana),0.6116352201257862,0.5839622641509434,0.32578616352201256,0.6990566037735849,0.13364779874213836,0.025009726004557326,0.025785345923629664,0.004220080151457306,21.448425391220663
IND000000ACT,0,3,0.0,0.0,1.0,1263,117.0,91.0,6101.0,15842.0,0.0,0.0,0.0,117.0,45.5,3050.5,Delhi_Gateway_HB (Delhi),0.18930817610062894,0.18270440251572326,0.979874213836478,0.9509433962264151,0.017924528301886792,0.2528761184905241,0.1452598296214816,0.037913567141798096,21.43970351432261
IND333028AAA,2,1,0.00041056824864900855,0.00041056824864900855,0.16666666666666666,1263,1.0,0.0,7.0,0.0,3.0,3.0,102.0,4.0,1.5,54.5,Sultana_Central_DPP_1 (Rajasthan),0.6396226415094339,0.6132075471698113,0.15943396226415094,0.12672955974842767,0.3238993710691824,0.008336575334852443,0.0025952010209377963,0.0011595366668449279,21.414895072335955
IND424304AAC,3,2,0.00020508597362534935,0.0004101719472506987,0.625,1263,6.0,6.0,1904.0,70.0,6.0,6.0,313.0,12.0,6.0,1108.5,Sakri_DhuleRoad_D (Maharashtra),0.5311320754716982,0.6072327044025158,0.4380503144654088,0.8578616352201258,0.044968553459119494,0.03334630133940977,0.05278496021485407,0.0063849169567884575,21.37899427551238
IND781124AAA,1,1,0.0002025100145363353,0.0,0.0,1263,3.0,3.0,360.0,85.0,5.0,5.0,124.0,8.0,4.0,242.0,Chhaygaon_GwhRDDPP_D (Assam),0.5235849056603774,0.18270440251572326,0.2921383647798742,0.43427672955974844,0.7150943396226415,0.022230867559606515,0.011523644900310949,0.00328171536534973,21.37792224625491
IND442605AAA,1,1,3.963013983098538e-07,3.963013983098538e-07,0.0,3,3.0,3.0,68.0,52.0,5.0,5.0,384.0,8.0,4.0,226.0,Gadchiroli_Central_DPP_1 (Maharashtra),0.3940251572327044,0.3767295597484277,0.2921383647798742,0.4128930817610063,0.7150943396226415,0.022230867559606515,0.010761751022604439,0.0032503303854165013,21.373208343170198
IND577401AAA,1,2,0.0002015192610405607,0.0,0.3333333333333333,1263,8.0,2.0,450.0,250.0,9.0,9.0,399.0,17.0,5.5,424.5,Sagara_Vardhard_D (Karnataka),0.519496855345912,0.18270440251572326,0.6056603773584905,0.6220125786163522,0.24213836477987422,0.030567442894458955,0.020213996942900814,0.004692331871660484,21.360402757105035
IND209801AAA,1,1,0.0,0.0,0.0,1263,4.0,4.0,2305.0,364.0,13.0,10.0,834.0,17.0,7.0,1569.5,Unnao_VikasRam_D (Uttar Pradesh),0.18930817610062894,0.18270440251572326,0.6056603773584905,0.9009433962264151,0.7150943396226415,0.0389040182293114,0.07473702756627286,0.007990951077079514,21.302063277124418
IND395006AAA,1,1,0.0,0.0,0.0,9,3.0,3.0,985.0,185.0,14.0,14.0,169.0,17.0,8.5,577.0,Surat_Varachha_DC (Gujarat),0.18930817610062894,0.18270440251572326,0.6056603773584905,0.7213836477987421,0.7150943396226415,0.04724059356416384,0.02747579796479098,0.007096733119543805,21.25735237924763
IND627401AAA,1,1,2.774109788168977e-06,2.774109788168977e-06,0.5,10,10.0,10.0,447.0,151.0,6.0,6.0,144.0,16.0,8.0,295.5,Ambasamdrm_Solaiprm_D (Tamil Nadu),0.4449685534591195,0.4317610062893082,0.5745283018867925,0.5094339622641509,0.13364779874213836,0.04446173511921303,0.014071227553892087,0.0061936764358611115,21.2562247022962
IND636016AAA,1,2,7.926027966197076e-07,7.926027966197076e-07,0.16666666666666666,5,11.0,11.0,341.0,246.0,3.0,3.0,31.0,14.0,7.0,186.0,Salem (Tamil Nadu),0.4110062893081761,0.3946540880503145,0.5078616352201258,0.3531446540880503,0.3238993710691824,0.0389040182293114,0.008857016328338166,0.005277131093478167,21.232410013793405
IND421301AAA,1,1,0.0,0.0,0.0,1263,7.0,7.0,230.0,781.0,10.0,10.0,388.0,17.0,8.5,309.0,Mumbai_Kalyan West _Dc (Maharashtra),0.18930817610062894,0.18270440251572326,0.6056603773584905,0.5235849056603774,0.7150943396226415,0.04724059356416384,0.014714075513206954,0.006571034705662228,21.231067458553554
IND845412AAB,1,1,0.0,0.00040918119375492405,0.5,1263,11.0,9.0,282.0,341.0,11.0,11.0,478.0,22.0,10.0,380.0,Chakia_Wardno10_D (Bihar),0.18930817610062894,0.5688679245283019,0.7286163522012579,0.5937106918238994,0.13364779874213836,0.05557716889901628,0.018094979595529588,0.0077629371330632975,21.18217201388587
IND402107AAA,1,1,3.963013983098538e-07,3.963013983098538e-07,0.5,3,11.0,11.0,459.0,217.0,8.0,8.0,728.0,19.0,9.5,593.5,Pen_BljiMrkt_D (Maharashtra),0.3940251572327044,0.3767295597484277,0.6509433962264151,0.7254716981132076,0.13364779874213836,0.05279831045406547,0.028261501026175816,0.00783085326606486,21.169844550095696
IND342601AAA,1,2,0.0,0.0032274785878354494,0.3333333333333333,1263,6.0,6.0,239.0,82.0,6.0,6.0,443.0,12.0,6.0,341.0,Piparcity_BsstdDPP_D (Rajasthan),0.18930817610062894,0.9075471698113208,0.4380503144654088,0.559433962264151,0.24213836477987422,0.03334630133940977,0.01623786326861997,0.004879418700616405,21.151203639433337
IND173220AAA,1,2,1.321004661032846e-07,3.963013983098538e-07,0.0,1263,3.0,3.0,143.0,62.0,5.0,5.0,304.0,8.0,4.0,223.5,Parwanoo_Central_D_1 (Himachal Pradesh),0.3786163522012579,0.3767295597484277,0.2921383647798742,0.4088050314465409,0.7150943396226415,0.022230867559606515,0.010642705104212797,0.0032454264823019345,21.141831072542768
IND140603AAA,1,0,0.0,0.0,0.0,1263,0.0,0.0,0.0,0.0,17.0,13.0,209.0,17.0,6.5,104.5,Zirakpur_DC (Punjab),0.18930817610062894,0.18270440251572326,0.6056603773584905,0.21446540880503145,0.7150943396226415,0.03612515978436059,0.0049761193887706365,0.004766386658960829,21.140835056218485
IND124103AAA,1,1,0.0,0.0012269491291673075,0.5,1263,6.0,6.0,300.0,119.0,10.0,10.0,440.0,16.0,8.0,370.0,Jhajjar_DC (Haryana),0.18930817610062894,0.7990566037735849,0.5745283018867925,0.5849056603773585,0.13364779874213836,0.04446173511921303,0.01761879592196302,0.006339812748675207,21.101581832402317
IND781022AAA,1,1,0.0,0.0,0.0,1263,10.0,4.0,233.0,393.0,7.0,2.0,58.0,17.0,3.0,145.5,Guwahati_Sixmile (Assam),0.18930817610062894,0.18270440251572326,0.6056603773584905,0.2893081761006289,0.7150943396226415,0.016673150669704886,0.006928472450393566,0.002390670319162533,21.02204923922857
IND458990AAA,1,1,0.00040422742627605087,0.0004042274262760509,0.5,1263,5.0,5.0,309.0,1422.0,6.0,6.0,187.0,11.0,5.5,248.0,Sitamau_Central_DPP_1 (Madhya Pradesh),0.5421383647798742,0.5267295597484277,0.4037735849056604,0.4421383647798742,0.13364779874213836,0.030567442894458955,0.01180935510445089,0.004346116311772058,21.009758645777282
IND110030AAD,2,1,0.0,0.0,0.5,1263,7.0,7.0,979.0,378.0,44.0,43.0,1308.0,51.0,25.0,1143.5,Delhi_Kishangarh_DPC (Delhi),0.18930817610062894,0.18270440251572326,0.9336477987421383,0.8603773584905661,0.13364779874213836,0.1389429222475407,0.05445160307233706,0.019786904933725726,20.997206881906408
IND470117AAA,1,1,1.981506991549269e-06,1.981506991549269e-06,0.0,1263,3.0,3.0,277.0,83.0,2.0,2.0,44.0,5.0,2.5,160.5,Khurai_Talaiya_D (Madhya Pradesh),0.4349056603773585,0.4210691823899371,0.19654088050314467,0.3122641509433962,0.7150943396226415,0.01389429222475407,0.007642747960743418,0.0020692165448674784,20.93679416057671
IND577598AAC,1,1,0.0,0.000409379344454079,0.5,1263,11.0,11.0,309.0,244.0,10.0,10.0,785.0,21.0,10.5,547.0,Hiriyur_TahurDPP_D (Karnataka),0.18930817610062894,0.5839622641509434,0.6993710691823899,0.7025157232704402,0.13364779874213836,0.058356027343967096,0.026047246944091274,0.008441395054098827,20.928359060881043
IND221010AAB,2,3,2.4570686695210938e-05,2.4570686695210938e-05,0.05,12,5.0,5.0,2230.0,1236.0,2.0,2.0,245.0,7.0,3.5,1237.5,Varanasi_MahmurGj_IP (Uttar Pradesh),0.5128930817610063,0.5009433962264151,0.26069182389937107,0.869811320754717,0.4059748427672956,0.0194520091146557,0.058927729603862805,0.004883572392587831,20.917134594472163
IND722101AAA,1,1,0.000409379344454079,0.000409379344454079,0.5,1263,7.0,7.0,139.0,43.0,1.0,1.0,113.0,8.0,4.0,126.0,Bankura_KeranDPP_D (West Bengal),0.6116352201257862,0.5839622641509434,0.2921383647798742,0.25471698113207547,0.13364779874213836,0.022230867559606515,0.005999914286938758,0.0030541742608338235,20.885413115557412
IND560060AAB,3,2,0.0,0.0,1.0,1263,25.0,21.0,601.0,1018.0,69.0,55.0,899.0,94.0,38.0,750.0,Bengaluru_Kengeri_IP (Karnataka),0.18930817610062894,0.18270440251572326,0.9751572327044025,0.7877358490566038,0.017924528301886792,0.21119324181626187,0.03571377551749261,0.028137837601036747,20.88016232030341
IND560078AAC,3,2,0.0,0.0,1.0,1263,28.0,27.0,1207.0,1079.0,51.0,48.0,1867.0,79.0,37.5,1537.0,BLR_JPNagar_Pc (Karnataka),0.18930817610062894,0.18270440251572326,0.9682389937106918,0.8981132075471698,0.017924528301886792,0.20841438337131107,0.07318943062718151,0.02933070910851997,20.836032310771905
IND223101AAB,1,1,7.926027966197076e-07,7.926027966197076e-07,0.0,4,3.0,3.0,88.0,78.0,3.0,3.0,97.0,6.0,3.0,92.5,Shahganj_KcharaRD_D (Uttar Pradesh),0.4110062893081761,0.3946540880503145,0.23018867924528302,0.19811320754716982,0.7150943396226415,0.016673150669704886,0.004404698980490755,0.002286707573133714,20.829744183688135
IND276305AAA,1,1,7.926027966197076e-07,7.926027966197076e-07,0.0,4,3.0,3.0,97.0,133.0,3.0,3.0,76.0,6.0,3.0,86.5,Saraimeer_MsmcyDPP_D (Uttar Pradesh),0.4110062893081761,0.3946540880503145,0.23018867924528302,0.189937106918239,0.7150943396226415,0.016673150669704886,0.004118988776350814,0.0022749382056587533,20.82915571531439
IND401209AAA,1,1,0.0,0.0,0.0,1263,15.0,15.0,1488.0,396.0,1.0,1.0,37.0,16.0,8.0,762.5,Mumbai_Virar_DC (Maharashtra),0.18930817610062894,0.18270440251572326,0.5745283018867925,0.7940251572327044,0.7150943396226415,0.04446173511921303,0.036309005109450815,0.007109725537662218,20.791020868078082
IND395001AAA,1,1,0.0,0.0,0.0,9,9.0,9.0,1208.0,538.0,7.0,7.0,210.0,16.0,8.0,709.0,Surat_Central_D_9 (Gujarat),0.18930817610062894,0.18270440251572326,0.5745283018867925,0.779245283018868,0.7150943396226415,0.04446173511921303,0.033761422455869675,0.007004782011010484,20.785773691745494
IND208019AAA,1,1,0.0,0.0,0.0,1263,3.0,3.0,463.0,91.0,13.0,13.0,819.0,16.0,8.0,641.0,Kanpur_Rawatpur_D (Uttar Pradesh),0.18930817610062894,0.18270440251572326,0.5745283018867925,0.7515723270440252,0.7150943396226415,0.04446173511921303,0.030523373475617014,0.006871395846294264,20.779104383509683
IND700136AAG,0,1,0.0,0.0,0.0,3,16.0,16.0,1208.0,1244.0,0.0,0.0,0.0,16.0,8.0,604.0,Kolkata_Narynpur_C (West Bengal),0.18930817610062894,0.18270440251572326,0.5745283018867925,0.7333333333333333,0.7150943396226415,0.04446173511921303,0.028761493883420714,0.006798818080198673,20.775475495204905
IND400072AAA,1,1,0.0,0.0,0.0,1263,1.0,1.0,63.0,218.0,15.0,15.0,631.0,16.0,8.0,347.0,Mumbai_Tejpal_M (Maharashtra),0.18930817610062894,0.18270440251572326,0.5745283018867925,0.5657232704402516,0.7150943396226415,0.04446173511921303,0.016523573472759914,0.00629469684002119,20.75026943319603
IND400612AAA,1,1,0.0,0.0,0.0,1263,6.0,6.0,140.0,749.0,10.0,10.0,178.0,16.0,8.0,159.0,Mumbai_Mumbra_DC (Maharashtra),0.18930817610062894,0.18270440251572326,0.5745283018867925,0.3091194968553459,0.7150943396226415,0.04446173511921303,0.007571320409708432,0.005925923325805756,20.73183075748526
IND276129AAA,1,1,1.5852055932394153e-05,1.5852055932394153e-05,0.0,12,1.0,1.0,203.0,867.0,1.0,1.0,51.0,2.0,1.0,127.0,Chiraiyakot_KamalDPP_D (Uttar Pradesh),0.4990566037735849,0.4877358490566038,0.07610062893081761,0.2569182389937107,0.7150943396226415,0.005557716889901629,0.006047532654295415,0.0009508726641849132,20.703204010567738
IND560058AAD,2,1,0.0,0.0,1.0,1263,27.0,26.0,1312.0,5185.0,43.0,38.0,1235.0,70.0,32.0,1273.5,Bengaluru_Peenya_L (Karnataka),0.18930817610062894,0.18270440251572326,0.9594339622641509,0.8748427672955975,0.017924528301886792,0.17784694047685212,0.06064199082870245,0.024954188597437598,20.485130813519675
IND000000AFF,1,1,3.963013983098538e-07,3.963013983098538e-07,0.0,3,3.0,3.0,205.0,66.0,3.0,3.0,235.0,6.0,3.0,220.0,Darjeeling_Hillcard_DC (West Bengal),0.3940251572327044,0.3767295597484277,0.23018867924528302,0.4037735849056604,0.7150943396226415,0.016673150669704886,0.010476040818464498,0.002536806631976628,20.408286872479337
IND784125AAA,1,1,0.000409379344454079,0.000409379344454079,0.5,1263,3.0,3.0,237.0,110.0,4.0,4.0,190.0,7.0,3.5,213.5,Mangaldoi_LNBRoad_D (Assam),0.6116352201257862,0.5839622641509434,0.26069182389937107,0.389622641509434,0.13364779874213836,0.0194520091146557,0.010166521430646228,0.0028749336768612104,20.404752973151236
IND410505AAB,1,1,0.000409379344454079,0.000409379344454079,0.5,1263,3.0,3.0,107.0,66.0,4.0,4.0,110.0,7.0,3.5,108.5,Rajgurunagar_Chakan_D (Maharashtra),0.6116352201257862,0.5839622641509434,0.26069182389937107,0.2238993710691824,0.13364779874213836,0.0194520091146557,0.0051665928581972635,0.0026689697460493987,20.394454776610647
IND388121AAA,1,1,0.000409379344454079,0.000409379344454079,0.5,1263,6.0,6.0,157.0,138.0,1.0,1.0,39.0,7.0,3.5,98.0,Anand_VUNagar_DC (Gujarat),0.6116352201257862,0.5839622641509434,0.26069182389937107,0.2037735849056604,0.13364779874213836,0.0194520091146557,0.0046666000009523674,0.0026483733529682175,20.393424956956586
IND424101AAA,1,1,3.963013983098538e-06,3.963013983098538e-06,0.0,1263,1.0,1.0,15.0,27.0,2.0,2.0,72.0,3.0,1.5,43.5,Chalisgaon_BhadgDPP_D (Maharashtra),0.45660377358490567,0.4449685534591195,0.11949685534591195,0.09716981132075472,0.7150943396226415,0.008336575334852443,0.002071398980014571,0.0011379594931408333,20.299036339436917
IND262723AAB,1,0,0.0,0.0,0.0,5,0.0,0.0,0.0,0.0,15.0,15.0,1683.0,15.0,7.5,841.5,Dhaurahara_TahsilRD_D (Uttar Pradesh),0.18930817610062894,0.18270440251572326,0.5411949685534592,0.8163522012578617,0.7150943396226415,0.041682876674262216,0.040070856130626706,0.006913811683100077,20.281225175349974
IND360410AAA,1,1,8.32232936450693e-06,8.32232936450693e-06,0.0,13,1.0,1.0,27.0,5.0,1.0,1.0,19.0,2.0,1.0,23.0,Dhoraji_JmnvadRd_DC (Gujarat),0.4827044025157233,0.470125786163522,0.07610062893081761,0.048427672955974846,0.7150943396226415,0.005557716889901629,0.0010952224492031066,0.0007468702946189283,20.271620244290695
IND480001AAA,2,2,0.00020191556243887054,0.0,0.4,1263,8.0,8.0,396.0,145.0,7.0,7.0,366.0,15.0,7.5,381.0,Chhindwara_NagpurRd_D (Madhya Pradesh),0.5213836477987421,0.18270440251572326,0.5411949685534592,0.5949685534591195,0.22044025157232705,0.041682876674262216,0.018142597962886243,0.006010512729396845,20.270651422633364
IND302026AAA,1,1,0.0,0.0,0.0,18,2.0,2.0,482.0,514.0,13.0,13.0,622.0,15.0,7.5,552.0,Jaipur_Bhankrot_DC (Rajasthan),0.18930817610062894,0.18270440251572326,0.5411949685534592,0.7056603773584905,0.7150943396226415,0.041682876674262216,0.026285338780874558,0.0063459397024332245,20.25283157631663
IND302006AAC,1,0,0.0,0.0,0.0,18,0.0,0.0,0.0,0.0,15.0,15.0,563.0,15.0,7.5,281.5,Jaipur_Central_D_10 (Rajasthan),0.18930817610062894,0.18270440251572326,0.5411949685534592,0.48333333333333334,0.7150943396226415,0.041682876674262216,0.013404570410898892,0.005815337385437081,20.226301460466825
IND380006AAB,0,1,0.0,0.0,0.0,1263,15.0,15.0,502.0,374.0,0.0,0.0,0.0,15.0,7.5,251.0,Ahmedabad_Mithakal_D (Gujarat),0.18930817610062894,0.18270440251572326,0.5411949685534592,0.44528301886792454,0.7150943396226415,0.041682876674262216,0.011952210206520859,0.0057555097674393645,20.22331007956694
IND421004AAA,1,0,0.0,0.0,0.0,1263,0.0,0.0,0.0,0.0,15.0,15.0,493.0,15.0,7.5,246.5,Mumbai_Ulhasngr_DC (Maharashtra),0.18930817610062894,0.18270440251572326,0.5411949685534592,0.4386792452830189,0.7150943396226415,0.041682876674262216,0.011737927553415904,0.005746682741833144,20.222868728286628
IND400064AAB,0,2,0.0,0.0,0.0,1263,15.0,15.0,491.0,675.0,0.0,0.0,0.0,15.0,7.5,245.5,Mumbai_MaladWest_CP (Maharashtra),0.18930817610062894,0.18270440251572326,0.5411949685534592,0.4371069182389937,0.7150943396226415,0.041682876674262216,0.011690309186059247,0.005744721180587317,20.222770650224337
IND396580AAB,1,1,0.0,0.0,0.0,9,4.0,4.0,108.0,860.0,11.0,11.0,299.0,15.0,7.5,203.5,Vansda_CikhliRD_D (Gujarat),0.18930817610062894,0.18270440251572326,0.5411949685534592,0.3754716981132076,0.7150943396226415,0.041682876674262216,0.009690337757079661,0.005662335608262592,20.218651371608097
IND533401AAA,1,2,1.981506991549269e-07,0.0,0.8333333333333334,1263,12.0,12.0,1177.0,534.0,12.0,12.0,587.0,24.0,12.0,882.0,Tuni_Eaglvari_D (Andhra Pradesh),0.3808176100628931,0.18270440251572326,0.7855345911949686,0.8213836477987422,0.03647798742138365,0.06669260267881955,0.04199940000857131,0.010151149650398166,20.1946644007589
IND271210AAA,2,1,3.963013983098538e-07,3.963013983098538e-07,0.5,3,9.0,9.0,1052.0,1314.0,7.0,7.0,2648.0,16.0,8.0,1850.0,Tulsipur_Central_DPP_1 (Uttar Pradesh),0.3940251572327044,0.3767295597484277,0.5745283018867925,0.9176100628930818,0.13364779874213836,0.04446173511921303,0.0880939796098151,0.009242923392498839,20.094221641323056
IND700065AAA,2,1,0.0,0.0,1.0,1263,23.0,23.0,2915.0,3758.0,30.0,29.0,1792.0,53.0,26.0,2353.5,CCU_Beliaghata_DPC (West Bengal),0.18930817610062894,0.18270440251572326,0.9389937106918239,0.9308176100628931,0.017924528301886792,0.14450063913744235,0.1120698275738918,0.022862148427141044,20.073925031419943
IND332404AAA,1,1,0.0,0.0030568708358630573,0.5,1263,7.0,7.0,134.0,142.0,5.0,5.0,64.0,12.0,6.0,99.0,Reengus_Shop2DPP_D (Rajasthan),0.18930817610062894,0.9056603773584906,0.4380503144654088,0.20628930817610064,0.13364779874213836,0.03334630133940977,0.004714218368309024,0.004404720879126325,20.02369516345317
IND425401AAA,1,1,5.944520974647807e-06,5.944520974647807e-06,0.0,1263,1.0,1.0,17.0,40.0,1.0,1.0,27.0,2.0,1.0,22.0,Amalner_Murtingr_D (Maharashtra),0.4710691823899371,0.45849056603773586,0.07610062893081761,0.04465408805031446,0.7150943396226415,0.005557716889901629,0.00104760408184645,0.0007449087333731015,19.980641663083752
IND785112AAC,1,2,0.000409379344454079,0.000409379344454079,0.5,1263,4.0,4.0,677.0,643.0,2.0,2.0,50.0,6.0,3.0,363.5,Teok_Wardno3_D (Assam),0.6116352201257862,0.5839622641509434,0.23018867924528302,0.5776729559748428,0.13364779874213836,0.016673150669704886,0.01730927653414475,0.002818290670752771,19.944373653034493
IND473001AAA,1,1,3.963013983098538e-07,3.963013983098538e-07,0.5,1263,8.0,8.0,273.0,159.0,8.0,8.0,244.0,16.0,8.0,258.5,Guna_HnumnDPP_D (Madhya Pradesh),0.3940251572327044,0.3767295597484277,0.5745283018867925,0.45251572327044026,0.13364779874213836,0.04446173511921303,0.012309347961695786,0.006121098669765521,19.938130405186392
IND148101AAA,1,1,0.000409379344454079,0.000409379344454079,0.5,1263,2.0,2.0,16.0,53.0,4.0,4.0,115.0,6.0,3.0,65.5,Barnala_DC (Punjab),0.6116352201257862,0.5839622641509434,0.23018867924528302,0.14622641509433962,0.13364779874213836,0.016673150669704886,0.003119003061861021,0.002233745419496391,19.915146390471676
IND483770AAA,1,1,0.000808058551153792,0.0008080585511537919,0.5,1263,2.0,2.0,311.0,735.0,1.0,1.0,39.0,3.0,1.5,175.0,Barhi_Central_DPP_1 (Madhya Pradesh),0.6823899371069182,0.6474842767295598,0.11949685534591195,0.33962264150943394,0.13364779874213836,0.008336575334852443,0.008333214287414941,0.0013959047969670545,19.909417881357786
IND600076AAB,2,2,0.0,0.0,1.0,1263,14.0,14.0,382.0,234.0,39.0,38.0,939.0,53.0,26.0,660.5,Chennai_Madhavaram_DPC (Tamil Nadu),0.18930817610062894,0.18270440251572326,0.9389937106918239,0.759748427672956,0.017924528301886792,0.14450063913744235,0.031451931639071826,0.01954122523795631,19.90787887196071
IND770001AAA,1,1,3.963013983098538e-07,3.963013983098538e-07,0.0,3,3.0,3.0,90.0,46.0,2.0,2.0,79.0,5.0,2.5,84.5,Sundargarh_DiyoDPP_D (Orissa),0.3940251572327044,0.3767295597484277,0.19654088050314467,0.18679245283018867,0.7150943396226415,0.01389429222475407,0.0040237520416375,0.0019201378901846432,19.872736454257662
IND792121AAB,1,1,0.0,0.0,0.0,1263,7.0,7.0,3022.0,133.0,7.0,7.0,460.0,14.0,7.0,1741.0,Jairampur_Mdiclcly_D (Arunachal Pradesh),0.18930817610062894,0.18270440251572326,0.5078616352201258,0.9113207547169812,0.7150943396226415,0.0389040182293114,0.08290357756793951,0.008327358830738808,19.85190253273191
IND341503AAB,1,1,0.0,0.0016196838148923726,0.5,1263,7.0,7.0,335.0,212.0,6.0,6.0,427.0,13.0,6.5,381.0,Degana_BhukrdPP_D (Rajasthan),0.18930817610062894,0.8308176100628931,0.47232704402515724,0.5949685534591195,0.13364779874213836,0.03612515978436059,0.018142597962886243,0.005308758343431932,19.834620307108704
IND126112AAA,0,1,0.0,0.0,0.0,1263,14.0,13.0,1575.0,1996.0,0.0,0.0,0.0,14.0,6.5,787.5,Safidon_HatRDDPP_D (Haryana),0.18930817610062894,0.18270440251572326,0.5078616352201258,0.8018867924528302,0.7150943396226415,0.03612515978436059,0.037499464293367236,0.006106132989860518,19.740841240687995
IND332713AAA,1,2,7.926027966197076e-07,7.926027966197076e-07,0.0,4,3.0,3.0,267.0,55.0,1.0,1.0,36.0,4.0,2.0,151.5,NeemKaThana_War5DPP_D (Rajasthan),0.4110062893081761,0.3946540880503145,0.15943396226415094,0.29842767295597483,0.7150943396226415,0.011115433779803258,0.007214182654533507,0.0017006853006725816,19.739122315348094
IND444602AAA,0,1,0.0,0.0,0.0,1263,14.0,14.0,1138.0,994.0,0.0,0.0,0.0,14.0,7.0,569.0,Amravati_DC (Maharashtra),0.18930817610062894,0.18270440251572326,0.5078616352201258,0.7163522012578616,0.7150943396226415,0.0389040182293114,0.027094851025937724,0.0060284090506298234,19.73695504372646
IND635601AAB,1,1,0.0,0.0,0.0,1263,7.0,7.0,871.0,195.0,7.0,7.0,214.0,14.0,7.0,542.5,Tiruppattur_KoilStrt_D (Tamil Nadu),0.18930817610062894,0.18270440251572326,0.5078616352201258,0.7,0.7150943396226415,0.0389040182293114,0.02583296429098632,0.005976427677615413,19.73435597507574
IND679322AAA,1,1,7.926027966197076e-07,7.926027966197076e-07,0.0,5,1.0,1.0,48.0,2.0,3.0,3.0,56.0,4.0,2.0,52.0,Printhlmna_EmsPnmbi_D (Kerala),0.4110062893081761,0.3946540880503145,0.15943396226415094,0.12012578616352201,0.7150943396226415,0.011115433779803258,0.002476155102546154,0.0015055099567128172,19.729363548150108
IND500039AAD,1,1,0.0,0.0,0.0,1263,8.0,8.0,475.0,2682.0,6.0,6.0,291.0,14.0,7.0,383.0,Hyderabad_Uppal_L (Telangana),0.18930817610062894,0.18270440251572326,0.5078616352201258,0.5977987421383648,0.7150943396226415,0.0389040182293114,0.01823783469759956,0.0056635586589060425,19.718712524140273
IND132039AAA,1,0,0.0,0.0,0.0,1263,0.0,0.0,0.0,0.0,14.0,14.0,623.0,14.0,7.0,311.5,Assandh_MhrjaDPP_D (Haryana),0.18930817610062894,0.18270440251572326,0.5078616352201258,0.5261006289308177,0.7150943396226415,0.0389040182293114,0.014833121431598597,0.005523307029829428,19.71169994268644
IND271001AAA,1,2,3.963013983098538e-07,3.963013983098538e-07,0.5,3,6.0,6.0,5183.0,3334.0,9.0,9.0,1052.0,15.0,7.5,3117.5,Gonda_KotwaliN_D (Uttar Pradesh),0.3940251572327044,0.3767295597484277,0.5411949685534592,0.9515723270440252,0.13364779874213836,0.041682876674262216,0.1484502602343776,0.011378325078601825,19.700991725628207
IND480106AAA,1,0,0.0,0.0,0.0,4,0.0,0.0,0.0,0.0,14.0,14.0,281.0,14.0,7.0,140.5,Sausar_Central_DPP_1 (Madhya Pradesh),0.18930817610062894,0.18270440251572326,0.5078616352201258,0.2770440251572327,0.7150943396226415,0.0389040182293114,0.006690380613610282,0.005187880056793048,19.69492859403462
IND786125AAA,2,1,0.0008167771819166087,0.0,0.5,1263,5.0,5.0,182.0,92.0,5.0,5.0,155.0,10.0,5.0,168.5,Tinusukia_Chrwpaty_D (Assam),0.7251572327044025,0.18270440251572326,0.3632075471698113,0.3289308176100629,0.13364779874213836,0.02778858444950814,0.008023694899596673,0.0038392949997463734,19.680958460679143
IND000000AFJ,1,2,7.926027966197076e-07,7.926027966197076e-07,0.5,1263,14.0,2.0,59.0,536.0,1.0,1.0,18.0,15.0,1.5,38.5,Trivandrum_Pettah_D (Kerala),0.4110062893081761,0.3946540880503145,0.5411949685534592,0.0830188679245283,0.13364779874213836,0.008336575334852443,0.0018333071432312872,0.0011281516869116994,19.622445320194643
IND742148AAA,1,1,0.0,0.00040620893326760016,0.5,1263,9.0,9.0,431.0,191.0,9.0,9.0,308.0,18.0,9.0,369.5,Lalgola_KrsprDPP_D (West Bengal),0.18930817610062894,0.5622641509433962,0.6305031446540881,0.5839622641509434,0.13364779874213836,0.05001945200911465,0.01759498673828469,0.007040586354017205,19.608318625876965
IND784110AAA,1,2,0.0004042274262760509,0.0004042274262760509,0.3333333333333333,1263,3.0,3.0,333.0,70.0,3.0,3.0,237.0,6.0,3.0,285.0,Dhekiajuli_Wardno5_D (Assam),0.5550314465408805,0.5267295597484277,0.23018867924528302,0.48867924528301887,0.24213836477987422,0.016673150669704886,0.013571234696647191,0.002664308112955369,19.600196537723242
IND524003AAA,1,1,0.0,0.0,0.5,1263,14.0,14.0,3534.0,801.0,14.0,14.0,1326.0,28.0,14.0,2430.0,Nellore_DC (Andhra Pradesh),0.18930817610062894,0.18270440251572326,0.8559748427672956,0.9345911949685535,0.13364779874213836,0.0778080364586228,0.11571263267667604,0.014591155230867844,19.572325057140876
IND222001AAA,1,1,3.5667125847886842e-06,3.5667125847886842e-06,0.0,12,1.0,1.0,23.0,26.0,1.0,1.0,71.0,2.0,1.0,47.0,Jaunpur_Katghara_D (Uttar Pradesh),0.4518867924528302,0.44056603773584907,0.07610062893081761,0.10660377358490566,0.7150943396226415,0.005557716889901629,0.0022380632657628702,0.0007939477645187709,19.51611248256556
IND275503AAA,2,1,1.2285343347605469e-05,1.2285343347605469e-05,0.16666666666666666,12,4.0,4.0,168.0,128.0,3.0,3.0,172.0,7.0,3.5,170.0,Ghosi_Jamalpur_D (Uttar Pradesh),0.49150943396226415,0.48050314465408805,0.26069182389937107,0.3314465408805031,0.3238993710691824,0.0194520091146557,0.008095122450631658,0.0027896057626677455,19.466524313290616
IND233001AAA,1,2,9.907534957746346e-06,9.907534957746346e-06,0.16666666666666666,12,4.0,4.0,315.0,154.0,3.0,3.0,1613.0,7.0,3.5,964.0,Ghazipur_Kaithwal_D (Uttar Pradesh),0.48836477987421384,0.47641509433962265,0.26069182389937107,0.8352201257861636,0.3238993710691824,0.0194520091146557,0.04590410613181716,0.004347085391854208,19.456347980284534
IND788121AAA,1,1,0.000409379344454079,0.000409379344454079,0.5,1263,3.0,3.0,377.0,47.0,2.0,2.0,127.0,5.0,2.5,252.0,Kabuganj_Jantaclg_D (Assam),0.6116352201257862,0.5839622641509434,0.19654088050314467,0.4468553459119497,0.13364779874213836,0.01389429222475407,0.011999828573877516,0.0022486993988606284,19.41117710830781
IND829121AAA,1,1,0.0004042274262760508,0.0004042274262760509,0.5,1263,6.0,6.0,2248.0,154.0,2.0,2.0,67.0,8.0,4.0,1157.5,Peterbar_GagiDPP_D (Jharkhand),0.539937106918239,0.5267295597484277,0.2921383647798742,0.8610062893081761,0.13364779874213836,0.022230867559606515,0.055118260215330256,0.005077524685904146,19.338781894672568
IND533308AAB,2,2,1.981506991549269e-07,3.963013983098538e-07,0.7,1263,9.0,9.0,222.0,347.0,8.0,8.0,624.0,17.0,8.5,423.0,Mandapeta_Mainrd_D (Andhra Pradesh),0.3808176100628931,0.3767295597484277,0.6056603773584905,0.6204402515723271,0.03930817610062893,0.04724059356416384,0.02014256939186583,0.006794652687686481,19.297279804195643
IND177101AAA,1,1,3.963013983098538e-07,3.963013983098538e-07,0.0,3,2.0,2.0,83.0,69.0,2.0,2.0,34.0,4.0,2.0,58.5,DehraGopipur_Central_D_1 (Himachal Pradesh),0.3940251572327044,0.3767295597484277,0.15943396226415094,0.1330188679245283,0.7150943396226415,0.011115433779803258,0.0027856744903644232,0.0015182601048106912,19.296038791404058
IND576101AAA,2,1,0.001019287196452944,0.0,0.3333333333333333,1263,3.0,3.0,55.0,63.0,3.0,3.0,83.0,6.0,3.0,69.0,Udupi (Karnataka),0.7644654088050314,0.18270440251572326,0.23018867924528302,0.1550314465408805,0.24213836477987422,0.016673150669704886,0.0032856673476093197,0.0022406108838567843,19.28026953790353
IND845418AAB,2,2,1.981506991549269e-07,3.963013983098538e-07,0.5,1263,7.0,7.0,569.0,330.0,8.0,8.0,765.0,15.0,7.5,667.0,Dhaka_PchpkrRD_D (Bihar),0.3808176100628931,0.3767295597484277,0.5411949685534592,0.7610062893081762,0.13364779874213836,0.041682876674262216,0.03176145102689009,0.006571519245703304,19.26253822643611
IND143001AAA,3,1,0.0,0.0,1.0,1263,14.0,14.0,1054.0,1124.0,24.0,24.0,2468.0,38.0,19.0,1761.0,Amritsar_DPC (Punjab),0.18930817610062894,0.18270440251572326,0.9047169811320754,0.9132075471698113,0.017924528301886792,0.10559662090813093,0.08385594491507264,0.01678764268723429,19.25604880102838
IND560085AAA,3,1,0.0,0.0,1.0,1263,4.0,4.0,129.0,365.0,35.0,35.0,1187.0,39.0,19.5,658.0,Bengaluru_Banshkri_DC (Karnataka),0.18930817610062894,0.18270440251572326,0.9081761006289308,0.759119496855346,0.017924528301886792,0.10837547935308176,0.03133288572068018,0.01497491782606981,19.217299350422984
IND395009AAA,1,1,0.0,0.0,0.0,9,9.0,9.0,1307.0,524.0,4.0,4.0,103.0,13.0,6.5,705.0,Surat_Central_D_12 (Gujarat),0.18930817610062894,0.18270440251572326,0.47232704402515724,0.7773584905660378,0.7150943396226415,0.03612515978436059,0.03357094898644305,0.005944304187079809,19.19973093262443
IND431001AAA,1,0,0.0,0.0,0.0,1263,0.0,0.0,0.0,0.0,13.0,13.0,1079.0,13.0,6.5,539.5,Aurangabad (Maharashtra),0.18930817610062894,0.18270440251572326,0.47232704402515724,0.6962264150943396,0.7150943396226415,0.03612515978436059,0.02569010918891635,0.005619665800895478,19.183499013315213
IND261201AAB,0,1,0.0,0.0,0.0,5,13.0,13.0,727.0,338.0,0.0,0.0,0.0,13.0,6.5,363.5,Biswan_PatelNGR_D (Uttar Pradesh),0.18930817610062894,0.18270440251572326,0.47232704402515724,0.5776729559748428,0.7150943396226415,0.03612515978436059,0.01730927653414475,0.005274431021629965,19.16623727435194
IND461111AAA,0,1,0.0,0.0,0.0,4,13.0,13.0,686.0,224.0,0.0,0.0,0.0,13.0,6.5,343.0,Itarsi_DivrsnRd_D (Madhya Pradesh),0.18930817610062894,0.18270440251572326,0.47232704402515724,0.5613207547169812,0.7150943396226415,0.03612515978436059,0.016333100003333285,0.005234219016090515,19.164226674074968
IND203205AAA,1,0,0.0,0.0,0.0,1263,0.0,0.0,0.0,0.0,13.0,13.0,667.0,13.0,6.5,333.5,Sikandrabd_GTRoad_D (Uttar Pradesh),0.18930817610062894,0.18270440251572326,0.47232704402515724,0.5515723270440251,0.7150943396226415,0.03612515978436059,0.015880725513445045,0.005215584184255161,19.1632949324832
IND803108AAB,1,0,0.0,0.0,0.0,6,0.0,0.0,0.0,0.0,13.0,13.0,579.0,13.0,6.5,289.5,Chandi_SH78_D (Bihar),0.18930817610062894,0.18270440251572326,0.47232704402515724,0.4971698113207547,0.7150943396226415,0.03612515978436059,0.013785517349752146,0.005129275489438783,19.15897949774238
IND224122AAA,1,0,0.0,0.0,0.0,3,0.0,0.0,0.0,0.0,13.0,13.0,560.0,13.0,6.5,280.0,Akbarpur_Auliyapr_D (Uttar Pradesh),0.18930817610062894,0.18270440251572326,0.47232704402515724,0.48144654088050315,0.7150943396226415,0.03612515978436059,0.013333142859863907,0.005110640657603428,19.158047756150612
IND395004AAB,1,1,0.0,0.0,0.0,9,3.0,3.0,326.0,63.0,10.0,10.0,230.0,13.0,6.5,278.0,Surat_Central_D_3 (Gujarat),0.18930817610062894,0.18270440251572326,0.47232704402515724,0.47861635220125787,0.7150943396226415,0.03612515978436059,0.013237906125150594,0.0051067175351117745,19.157851600026028
IND500008AAF,0,1,0.0,0.0,0.0,1263,13.0,13.0,551.0,1070.0,0.0,0.0,0.0,13.0,6.5,275.5,Hyderabad_South_D_4 (Telangana),0.18930817610062894,0.18270440251572326,0.47232704402515724,0.4761006289308176,0.7150943396226415,0.03612515978436059,0.013118860206758952,0.005101813631997208,19.1576064048703
IND534001AAA,1,1,0.0,0.0012166452928112513,0.5,1263,10.0,10.0,255.0,254.0,3.0,3.0,46.0,13.0,6.5,150.5,Eluru_Agraharm_DC (Andhra Pradesh),0.18930817610062894,0.7647798742138365,0.47232704402515724,0.29465408805031446,0.13364779874213836,0.03612515978436059,0.00716656428717685,0.00485661847626886,19.151635955259984
IND507111AAA,0,1,0.0,0.0,0.0,1263,13.0,13.0,257.0,255.0,0.0,0.0,0.0,13.0,6.5,128.5,Bhadrachalam_ITDARd_D (Telangana),0.18930817610062894,0.18270440251572326,0.47232704402515724,0.2591194968553459,0.7150943396226415,0.03612515978436059,0.0061189602053304,0.004813464128860671,19.143188929713475
IND263139AAA,1,1,0.0,0.0,0.0,1263,6.0,4.0,205.0,4650.0,7.0,7.0,391.0,13.0,5.5,298.0,Haldwani_PiliKoti_D (Uttarakhand),0.18930817610062894,0.18270440251572326,0.47232704402515724,0.5125786163522013,0.7150943396226415,0.030567442894458955,0.01419027347228373,0.004444194374063397,19.12472544197361
IND201304AAA,2,1,0.0,0.0,0.5,1263,14.0,14.0,292.0,363.0,13.0,13.0,371.0,27.0,13.5,331.5,Noida_Sec-83_DC (Uttar Pradesh),0.18930817610062894,0.18270440251572326,0.8393081761006289,0.549685534591195,0.13364779874213836,0.07502917801367198,0.015785488778731732,0.010123941763517894,19.098964383773374
IND125033AAA,2,2,5.350068877183026e-06,0.00023282707150703913,0.5,1263,5.0,5.0,89.0,63.0,5.0,5.0,373.0,10.0,5.0,231.0,Hansi_DelRdDPP_D (Haryana),0.46635220125786164,0.5075471698113208,0.3632075471698113,0.42044025157232706,0.13364779874213836,0.02778858444950814,0.010999842859387723,0.003961892577610547,19.053440540830213
IND400015AAB,1,2,0.0,0.0,1.0,1263,19.0,19.0,1333.0,1943.0,16.0,16.0,778.0,35.0,17.5,1055.5,Mumbai_CotnGren_M (Maharashtra),0.18930817610062894,0.18270440251572326,0.8984276729559748,0.8528301886792453,0.017924528301886792,0.0972600455732785,0.05026118674495126,0.014351129649356129,19.03988352649296
IND160055AAA,2,1,0.0,0.0,1.0,1263,14.0,8.0,288.0,767.0,27.0,16.0,314.0,41.0,12.0,301.0,Chandigarh_Mohali (Chandigarh),0.18930817610062894,0.18270440251572326,0.9154088050314465,0.5160377358490567,0.017924528301886792,0.06669260267881955,0.0143331285743537,0.009011482566572807,19.02761815348587
IND454001AAA,0,1,0.0,0.0,0.0,1263,13.0,5.0,429.0,406.0,0.0,0.0,0.0,13.0,2.5,214.5,Dhar_Trimurti_D (Madhya Pradesh),0.18930817610062894,0.18270440251572326,0.47232704402515724,0.39213836477987424,0.7150943396226415,0.01389429222475407,0.010214139798002885,0.0021751408521421245,19.011272765877546
IND700026AAC,1,2,0.0,0.0,1.0,1263,5.0,4.0,549.0,692.0,29.0,29.0,1957.0,34.0,16.5,1253.0,CCU_Lake Avenue_DPC (West Bengal),0.18930817610062894,0.18270440251572326,0.8965408805031446,0.8723270440251573,0.017924528301886792,0.09170232868337687,0.05966581429789098,0.014036783609442006,18.995864337704802
IND627811AAA,1,1,2.377808389859123e-06,2.377808389859123e-06,0.5,10,6.0,6.0,144.0,125.0,6.0,5.0,173.0,12.0,5.5,158.5,Tenkasi_RailwyRd_D (Tamil Nadu),0.44056603773584907,0.42641509433962266,0.4380503144654088,0.30754716981132074,0.13364779874213836,0.030567442894458955,0.007547511226030104,0.004170556580270561,18.98840204285001
IND480886AAA,1,2,0.00020449152152788458,0.0,0.5,1263,7.0,7.0,330.0,21.0,7.0,7.0,599.0,14.0,7.0,464.5,Lakhnadon_Central_DPP_1 (Madhya Pradesh),0.5276729559748428,0.18270440251572326,0.5078616352201258,0.6509433962264151,0.13364779874213836,0.0389040182293114,0.02211873163716709,0.005823425900440925,18.987712175525193
IND767017AAA,1,1,1.5852055932394153e-06,1.5852055932394153e-06,0.0,5,1.0,1.0,101.0,643.0,1.0,1.0,41.0,2.0,1.0,71.0,Sonepur_BrezeDPP_D (Orissa),0.429874213836478,0.4160377358490566,0.07610062893081761,0.1591194968553459,0.7150943396226415,0.005557716889901629,0.0033809040823226336,0.0008410252344186137,18.942994657947345
IND401209AAB,0,3,0.0,0.0,0.3333333333333333,1263,23.0,23.0,1943.0,1316.0,0.0,0.0,0.0,23.0,11.5,971.5,Mumbai_Vasai_CP (Maharashtra),0.18930817610062894,0.18270440251572326,0.7566037735849057,0.8383647798742139,0.24213836477987422,0.06391374423386872,0.04626124388699209,0.009975832188917207,18.935898527684856
IND573103AAA,1,2,0.0002038970694304198,0.0004077941388608396,0.5,1263,4.0,4.0,47.0,33.0,3.0,3.0,260.0,7.0,3.5,153.5,Arsikere_HsnRdDPP_D (Karnataka),0.5245283018867924,0.5641509433962264,0.26069182389937107,0.3018867924528302,0.13364779874213836,0.0194520091146557,0.007309419389246821,0.0027572400021116036,18.89415130828168
IND515865AAB,1,1,0.0,0.0,0.5,1263,13.0,13.0,288.0,126.0,13.0,13.0,715.0,26.0,13.0,501.5,Rayadurgam_RailGate_D (Andhra Pradesh),0.18930817610062894,0.18270440251572326,0.8254716981132075,0.6783018867924528,0.13364779874213836,0.07225031956872117,0.02388061122936339,0.01010652998232599,18.89054662490246
IND523230AAA,1,1,0.0,0.0,0.5,1263,12.0,12.0,262.0,50.0,14.0,14.0,681.0,26.0,13.0,471.5,Kanigiri_Tiglgndi_D (Andhra Pradesh),0.18930817610062894,0.18270440251572326,0.8254716981132075,0.6540880503144654,0.13364779874213836,0.07225031956872117,0.022452060208663686,0.010047683144951186,18.88760428303372
IND303301AAB,1,1,0.0,1.9815069915492692e-05,0.5,18,10.0,10.0,125.0,58.0,8.0,4.0,90.0,18.0,7.0,107.5,Bassi_DmodrNGR_D (Rajasthan),0.18930817610062894,0.4981132075471698,0.6305031446540881,0.2210691823899371,0.13364779874213836,0.0389040182293114,0.005118974490840607,0.005123148535680765,18.870937300997873
IND814133AAA,1,1,0.0003038640971540804,0.0,0.0,1263,1.0,1.0,92.0,41.0,2.0,2.0,144.0,3.0,1.5,118.0,Godda_PushPlza_D (Jharkhand),0.5345911949685535,0.18270440251572326,0.11949685534591195,0.2371069182389937,0.7150943396226415,0.008336575334852443,0.005618967348085504,0.0012840958059549283,18.853512966398377
IND416606AAA,1,1,0.0,0.0,0.0,1263,4.0,4.0,4660.0,307.0,8.0,8.0,394.0,12.0,6.0,2527.0,Malvan_BllvMarg_D (Maharashtra),0.18930817610062894,0.18270440251572326,0.4380503144654088,0.9371069182389937,0.7150943396226415,0.03334630133940977,0.12033161431027176,0.009167391583993743,18.846734359073906
IND390020AAA,1,2,0.000409379344454079,0.000409379344454079,0.5,1263,3.0,3.0,138.0,56.0,1.0,1.0,87.0,4.0,2.0,112.5,Vadodara (Gujarat),0.6116352201257862,0.5839622641509434,0.15943396226415094,0.229874213836478,0.13364779874213836,0.011115433779803258,0.005357066327623891,0.0016241844120853373,18.82334758538414
IND415301AAB,1,1,0.000409379344454079,0.000409379344454079,0.5,1263,2.0,2.0,56.0,43.0,2.0,2.0,37.0,4.0,2.0,46.5,Atapadi_Vidyangr_D (Maharashtra),0.6116352201257862,0.5839622641509434,0.15943396226415094,0.10408805031446541,0.13364779874213836,0.011115433779803258,0.0022142540820845416,0.00149472136986077,18.81687443327291
IND768004AAD,1,1,1.1889041949295614e-06,1.1889041949295614e-06,0.0,5,1.0,1.0,53.0,148.0,1.0,1.0,101.0,2.0,1.0,77.0,Sambalpur_Central_H_2 (Orissa),0.42138364779874216,0.4069182389937107,0.07610062893081761,0.17672955974842766,0.7150943396226415,0.005557716889901629,0.0036666142864625745,0.0008527946018935743,18.725029667201596
IND400701AAB,2,1,0.0,0.0,1.0,1263,13.0,13.0,563.0,2770.0,17.0,17.0,827.0,30.0,15.0,695.0,Mumbai_Pawane_L (Maharashtra),0.18930817610062894,0.18270440251572326,0.8845911949685534,0.7742138364779875,0.017924528301886792,0.08336575334852443,0.03309476531287648,0.011889600855323297,18.70925991698
IND767001AAA,1,1,1.1889041949295614e-06,1.1889041949295614e-06,0.0,5,1.0,1.0,41.0,43.0,1.0,0.0,0.0,2.0,0.5,20.5,Balangir_Rjndpara_D (Orissa),0.42138364779874216,0.4069182389937107,0.07610062893081761,0.042767295597484274,0.7150943396226415,0.0027788584449508144,0.0009761765308114646,0.00039108919852190514,18.701944397033017
IND360311AAA,1,1,3.963013983098538e-07,3.963013983098538e-07,0.0,3,1.0,1.0,17.0,7.0,2.0,2.0,56.0,3.0,1.5,36.5,Gondal_DC (Gujarat),0.3940251572327044,0.3767295597484277,0.11949685534591195,0.07578616352201258,0.7150943396226415,0.008336575334852443,0.0017380704085179736,0.0011242285644200458,18.677280610610943
IND221303AAA,1,1,3.963013983098538e-07,3.963013983098538e-07,0.0,3,2.0,2.0,23.0,44.0,1.0,1.0,32.0,3.0,1.5,27.5,Gopiganj_Wardno13_D (Uttar Pradesh),0.3940251572327044,0.3767295597484277,0.11949685534591195,0.057547169811320756,0.7150943396226415,0.008336575334852443,0.0013095051023080623,0.0011065745132076048,18.67639790805032
IND110052AAA,1,1,0.0,0.0,0.0,1263,10.0,10.0,569.0,1314.0,2.0,2.0,68.0,12.0,6.0,318.5,Delhi_Wazirpur_L (Delhi),0.18930817610062894,0.18270440251572326,0.4380503144654088,0.5342767295597485,0.7150943396226415,0.03334630133940977,0.015166450003095194,0.004835283572585302,18.63012895850348
IND232104AAB,1,2,6.737123771267515e-06,6.737123771267515e-06,0.16666666666666666,12,2.0,2.0,128.0,163.0,4.0,4.0,88.0,6.0,3.0,108.0,Chandauli_ShubsNGR_D (Uttar Pradesh),0.4776729559748428,0.4650943396226415,0.23018867924528302,0.2229559748427673,0.3238993710691824,0.016673150669704886,0.005142783674518935,0.002317111772444029,18.623717223842327
IND400072AAC,0,1,0.0,0.0,0.0,1263,12.0,12.0,472.0,991.0,0.0,0.0,0.0,12.0,6.0,236.0,BOM_Sakinaka_RP (Maharashtra),0.18930817610062894,0.18270440251572326,0.4380503144654088,0.43018867924528303,0.7150943396226415,0.03334630133940977,0.011237934696171008,0.004673454769804593,18.622037518364447
IND302023AAA,1,0,0.0,0.0,0.0,18,0.0,0.0,0.0,0.0,12.0,12.0,467.0,12.0,6.0,233.5,Ambabadi_DC (Rajasthan),0.18930817610062894,0.18270440251572326,0.4380503144654088,0.4248427672955975,0.7150943396226415,0.03334630133940977,0.011118888777779366,0.004668550866690027,18.62179232320872
IND673573AAA,0,1,0.0,0.0,0.0,1263,12.0,12.0,464.0,257.0,0.0,0.0,0.0,12.0,6.0,232.0,Thamarassery_Chungam_D (Kerala),0.18930817610062894,0.18270440251572326,0.4380503144654088,0.4220125786163522,0.7150943396226415,0.03334630133940977,0.01104746122674438,0.004665608524821286,18.621645206115282
IND421302AAN,0,1,0.0,0.0,0.0,1263,12.0,12.0,385.0,766.0,0.0,0.0,0.0,12.0,6.0,192.5,GreaterThane_Anjur_C (Maharashtra),0.18930817610062894,0.18270440251572326,0.4380503144654088,0.36477987421383645,0.7150943396226415,0.03334630133940977,0.009166535716156436,0.0045881268556111285,18.617771122654773
IND121004AAC,1,1,0.0,0.0,0.0,1263,3.0,3.0,217.0,155.0,9.0,9.0,155.0,12.0,6.0,186.0,Faridabad_MohnVRTL_D (Haryana),0.18930817610062894,0.18270440251572326,0.4380503144654088,0.3531446540880503,0.7150943396226415,0.03334630133940977,0.008857016328338166,0.0045753767075132545,18.617133615249877
IND282001AAF,0,1,0.0,0.0,0.0,1263,12.0,12.0,356.0,554.0,0.0,0.0,0.0,12.0,6.0,178.0,Agra_Central_D_3 (Uttar Pradesh),0.18930817610062894,0.18270440251572326,0.4380503144654088,0.34371069182389935,0.7150943396226415,0.03334630133940977,0.008476069389484912,0.00455968421754664,18.61634899075155
IND441904AAB,0,1,0.0,0.0,0.0,3,12.0,12.0,331.0,284.0,0.0,0.0,0.0,12.0,6.0,165.5,Bhandara_RjnaiDPP_D (Maharashtra),0.18930817610062894,0.18270440251572326,0.4380503144654088,0.32075471698113206,0.7150943396226415,0.03334630133940977,0.007880839797526702,0.004535164701973805,18.615123014972905
IND303503AAA,1,1,0.0,2.7741097881689767e-05,0.5,18,8.0,8.0,359.0,109.0,9.0,9.0,223.0,17.0,8.5,291.0,Lalsot_NWclyDPP_D (Rajasthan),0.18930817610062894,0.5025157232704403,0.6056603773584905,0.5012578616352201,0.13364779874213836,0.04724059356416384,0.013856944900787132,0.006535726603237346,18.61294985217445
IND670643AAA,1,0,0.0,0.0,0.0,6,0.0,0.0,0.0,0.0,12.0,12.0,122.0,12.0,6.0,61.0,Kuthuparamba_IdstrlAr_D (Kerala),0.18930817610062894,0.18270440251572326,0.4380503144654088,0.13930817610062893,0.7150943396226415,0.03334630133940977,0.0029047204087560654,0.0043301815517849075,18.60487385746346
IND621306AAA,0,1,0.0,0.0,0.0,27,12.0,10.0,319.0,250.0,0.0,0.0,0.0,12.0,5.0,159.5,Manapparai_BypassRd_D (Tamil Nadu),0.18930817610062894,0.18270440251572326,0.4380503144654088,0.3110062893081761,0.7150943396226415,0.02778858444950814,0.0075951295933867615,0.0038216409485339322,18.579446827300913
IND679576AAA,1,0,0.0,0.0,0.0,1263,0.0,0.0,0.0,0.0,12.0,10.0,211.0,12.0,5.0,105.5,Edappal_PonaniRD_D (Kerala),0.18930817610062894,0.18270440251572326,0.4380503144654088,0.21540880503144655,0.7150943396226415,0.02778858444950814,0.005023737756127293,0.003715716641259286,18.57415061193718
IND841301AAC,1,1,7.926027966197076e-07,7.926027966197076e-07,0.0,5,1.0,1.0,48.0,97.0,1.0,1.0,96.0,2.0,1.0,72.0,IND841301AAC,0.4110062893081761,0.3946540880503145,0.07610062893081761,0.1610062893081761,0.7150943396226415,0.005557716889901629,0.00342852244967929,0.0008429867956644404,18.446237390097686
IND147101AAA,2,2,0.0,0.0008136067707301299,1.0,1263,7.0,7.0,402.0,137.0,8.0,8.0,516.0,15.0,7.5,459.0,Samana_PODPP_D (Punjab),0.18930817610062894,0.6952830188679245,0.5411949685534592,0.6459119496855346,0.017924528301886792,0.041682876674262216,0.021856830616705476,0.0061635145065713345,18.397798366838
IND144001AAA,1,1,0.0,0.00081321046933182,0.5,1263,11.0,11.0,248.0,386.0,2.0,2.0,33.0,13.0,6.5,140.5,Jalandhar_DC (Punjab),0.18930817610062894,0.6827044025157233,0.47232704402515724,0.2770440251572327,0.13364779874213836,0.03612515978436059,0.006690380613610282,0.0048370028638105925,18.32990045765594
IND577116AAA,3,1,1.5852055932394153e-06,1.5852055932394153e-06,0.1,1263,3.0,0.0,4.0,29.0,4.0,3.0,72.0,7.0,1.5,38.0,IND577116AAA,0.429874213836478,0.4160377358490566,0.26069182389937107,0.08113207547169811,0.3745283018867924,0.008336575334852443,0.0018094979595529588,0.001127170906288786,18.320509488710663
IND812002AAA,1,1,0.0,0.0,0.5,3,12.0,12.0,1090.0,680.0,12.0,12.0,567.0,24.0,12.0,828.5,Bhagalpur_Pbroad_DC (Bihar),0.18930817610062894,0.18270440251572326,0.7855345911949686,0.8138364779874214,0.13364779874213836,0.06669260267881955,0.03945181735499017,0.010046206123746433,18.2884738281999
IND247667AAA,1,1,0.0,0.001225760224972378,1.0,1263,10.0,10.0,537.0,357.0,3.0,3.0,357.0,13.0,6.5,447.0,Roorkee_Dc (Uttarakhand),0.18930817610062894,0.789308176100629,0.47232704402515724,0.6386792452830189,0.017924528301886792,0.03612515978436059,0.021285410208425594,0.0054382213856565,18.268766415194776
IND743235AAA,1,1,0.000409379344454079,0.000409379344454079,0.5,1263,2.0,2.0,43.0,73.0,1.0,1.0,119.0,3.0,1.5,81.0,Bongaon_SukntDPP_D (West Bengal),0.6116352201257862,0.5839622641509434,0.11949685534591195,0.18238993710691823,0.13364779874213836,0.008336575334852443,0.0038570877558892014,0.0012115180398593374,18.203657662999255
IND174307AAA,1,1,0.0,0.0,0.5,1263,11.0,5.0,169.0,245.0,13.0,13.0,926.0,24.0,9.0,547.5,Bangana_Bhaleti_D (Himachal Pradesh),0.18930817610062894,0.18270440251572326,0.7855345911949686,0.7037735849056603,0.13364779874213836,0.05001945200911465,0.026071056127769603,0.0073897442557743715,18.1556507348013
IND441107AAB,1,0,0.0,0.0,0.0,3,0.0,0.0,0.0,0.0,11.0,11.0,1609.0,11.0,5.5,804.5,Savner_Wagodha_D (Maharashtra),0.18930817610062894,0.18270440251572326,0.4037735849056604,0.8066037735849056,0.7150943396226415,0.030567442894458955,0.038308976538430406,0.005437725145074661,18.14610009373172
IND785690AAB,1,1,0.0,0.0,0.0,1263,10.0,10.0,1411.0,510.0,1.0,1.0,114.0,11.0,5.5,762.5,Sonari_Central_DPP_1 (Assam),0.18930817610062894,0.18270440251572326,0.4037735849056604,0.7940251572327044,0.7150943396226415,0.030567442894458955,0.036309005109450815,0.005355339572749936,18.14198081511548
IND110037AAB,1,0,0.0,0.0,0.0,3,0.0,0.0,0.0,0.0,11.0,11.0,1482.0,11.0,5.5,741.0,Del_B_RPC (Delhi),0.18930817610062894,0.18270440251572326,0.4037735849056604,0.7849056603773585,0.7150943396226415,0.030567442894458955,0.0352852102112827,0.00531316600596466,18.13987213677622
IND303002AAA,1,1,0.0,0.0008100400581453412,0.5,1263,7.0,7.0,248.0,116.0,6.0,6.0,65.0,13.0,6.5,156.5,Achrol_BgwriDPP_D (Rajasthan),0.18930817610062894,0.6625786163522013,0.47232704402515724,0.3050314465408805,0.13364779874213836,0.03612515978436059,0.007452274491316791,0.004868387843743821,18.13021184501738
IND629179AAA,0,1,0.0,0.0,0.0,10,11.0,11.0,1216.0,411.0,0.0,0.0,0.0,11.0,5.5,608.0,Marthandam_Nallur_D (Tamil Nadu),0.18930817610062894,0.18270440251572326,0.4037735849056604,0.7364779874213836,0.7150943396226415,0.030567442894458955,0.02895196735284734,0.005052278360269698,18.126827754491472
IND700065AAB,0,1,0.0,0.0,0.0,3,11.0,11.0,974.0,750.0,0.0,0.0,0.0,11.0,5.5,487.0,CCU_Beleghta_CP (West Bengal),0.18930817610062894,0.18270440251572326,0.4037735849056604,0.6676100628930818,0.7150943396226415,0.030567442894458955,0.023190144902691865,0.004814929449524658,18.11496030895422
IND110064AAB,1,0,0.0,0.0,0.0,3,0.0,0.0,0.0,0.0,11.0,11.0,613.0,11.0,5.5,306.5,KN_RPC (Delhi),0.18930817610062894,0.18270440251572326,0.4037735849056604,0.5220125786163522,0.7150943396226415,0.030567442894458955,0.014595029594815312,0.004460867644652925,18.097257218710634
IND636102AAA,1,1,0.0,0.0,0.0,1263,5.0,5.0,199.0,39.0,6.0,6.0,386.0,11.0,5.5,292.5,Attur_KaaduRd_D (Tamil Nadu),0.18930817610062894,0.18270440251572326,0.4037735849056604,0.5056603773584906,0.7150943396226415,0.030567442894458955,0.013928372451822118,0.0044334057872113496,18.095884125838555
IND600008AAA,0,1,0.0,0.0,0.0,4,11.0,11.0,584.0,543.0,0.0,0.0,0.0,11.0,5.5,292.0,Chennai_Egmore_C (Tamil Nadu),0.18930817610062894,0.18270440251572326,0.4037735849056604,0.5050314465408805,0.7150943396226415,0.030567442894458955,0.013904563268143788,0.004432425006588437,18.09583508680741
IND445001AAB,1,0,0.0,0.0,0.0,3,0.0,0.0,0.0,0.0,11.0,11.0,530.0,11.0,5.5,265.0,Yavatmal_JajuDPP_D (Maharashtra),0.18930817610062894,0.18270440251572326,0.4037735849056604,0.4606918238993711,0.7150943396226415,0.030567442894458955,0.012618867349514054,0.004379462852951113,18.09318697912554
IND148028AAA,0,2,0.0,0.0,0.0,1263,11.0,11.0,511.0,247.0,0.0,0.0,0.0,11.0,5.5,255.5,Sunam_DC (Punjab),0.18930817610062894,0.18270440251572326,0.4037735849056604,0.4506289308176101,0.7150943396226415,0.030567442894458955,0.012166492859625814,0.004360828021115759,18.092255237533774
IND000000ADV,0,1,0.0,0.0,0.0,4,11.0,11.0,429.0,481.0,0.0,0.0,0.0,11.0,5.5,214.5,Chennai_Mdhavram_C (Tamil Nadu),0.18930817610062894,0.18270440251572326,0.4037735849056604,0.39213836477987424,0.7150943396226415,0.030567442894458955,0.010214139798002885,0.004280404010036861,18.08823403697983
IND602001AAB,0,1,0.0,0.0,0.0,4,11.0,11.0,399.0,143.0,0.0,0.0,0.0,11.0,5.5,199.5,Kumbakonam_Mettu_DC (Tamil Nadu),0.18930817610062894,0.18270440251572326,0.4037735849056604,0.3720125786163522,0.7150943396226415,0.030567442894458955,0.009499864287653034,0.0042509805913494595,18.08676286604546
IND400016AAB,0,2,0.0,0.0,0.0,1263,11.0,11.0,378.0,703.0,0.0,0.0,0.0,11.0,5.5,189.0,Mumbai_MhimWest_C (Maharashtra),0.18930817610062894,0.18270440251572326,0.4037735849056604,0.360062893081761,0.7150943396226415,0.030567442894458955,0.008999871430408138,0.004230384198268279,18.0857330463914
IND801103AAA,0,1,0.0,0.0,0.0,3,11.0,11.0,349.0,573.0,0.0,0.0,0.0,11.0,5.5,174.5,Bihta_ShivNgar_D (Bihar),0.18930817610062894,0.18270440251572326,0.4037735849056604,0.3383647798742138,0.7150943396226415,0.030567442894458955,0.008309405103736614,0.00420194156020379,18.084310914488178
IND174021AAA,0,1,0.0,0.0,0.0,1263,11.0,11.0,336.0,120.0,0.0,0.0,0.0,11.0,5.5,168.0,Ghumarwin_Gndhichk_D (Himachal Pradesh),0.18930817610062894,0.18270440251572326,0.4037735849056604,0.3270440251572327,0.7150943396226415,0.030567442894458955,0.007999885715918344,0.004189191412105916,18.083673407083285
IND431001AAB,0,1,0.0,0.0,0.0,1263,11.0,11.0,329.0,731.0,0.0,0.0,0.0,11.0,5.5,164.5,Aurangabad_Pratpngr_D (Maharashtra),0.18930817610062894,0.18270440251572326,0.4037735849056604,0.3172955974842767,0.7150943396226415,0.030567442894458955,0.007833221430170045,0.0041823259477455224,18.083330133865264
IND562159AAA,0,1,0.0,0.0,0.0,1263,11.0,11.0,287.0,309.0,0.0,0.0,0.0,11.0,5.5,143.5,Ramanagara_BMRd_DC (Karnataka),0.18930817610062894,0.18270440251572326,0.4037735849056604,0.28553459119496855,0.7150943396226415,0.030567442894458955,0.006833235715680252,0.00414113316158316,18.081270494557145
IND210301AAA,1,0,0.0,0.0,0.0,1263,0.0,0.0,0.0,0.0,11.0,11.0,267.0,11.0,5.5,133.5,Hamirpur_KanpurRd_D (Uttar Pradesh),0.18930817610062894,0.18270440251572326,0.4037735849056604,0.26540880503144654,0.7150943396226415,0.030567442894458955,0.006357052042113684,0.004121517549124892,18.08028971393423
IND614602AAA,0,1,0.0,0.0,0.0,6,11.0,11.0,133.0,248.0,0.0,0.0,0.0,11.0,5.5,66.5,Pattukotai_anthniyr_D (Tamil Nadu),0.18930817610062894,0.18270440251572326,0.4037735849056604,0.14968553459119496,0.7150943396226415,0.030567442894458955,0.003166621429217678,0.003990092945654498,18.07371848376071
IND781005AAA,1,1,0.0,0.0,0.0,1263,6.0,5.0,193.0,423.0,5.0,3.0,111.0,11.0,4.0,152.0,Guwahati_North (Assam),0.18930817610062894,0.18270440251572326,0.4037735849056604,0.2993710691823899,0.7150943396226415,0.022230867559606515,0.007237991838211835,0.00310517485322532,18.029472579139252
IND733202AAB,1,1,3.963013983098538e-07,3.963013983098538e-07,0.0,3,1.0,1.0,10.0,19.0,1.0,1.0,42.0,2.0,1.0,26.0,Islampure_ShbdnDPP_D (West Bengal),0.3940251572327044,0.3767295597484277,0.07610062893081761,0.055031446540880505,0.7150943396226415,0.005557716889901629,0.001238077551273077,0.0007527549783564086,18.00776353508134
IND425406AAA,2,3,5.944520974647807e-07,7.926027966197076e-07,0.625,1263,5.0,5.0,153.0,12.0,8.0,8.0,368.0,13.0,6.5,260.5,Shindkheda_KakaCplx_D (Maharashtra),0.40534591194968556,0.3946540880503145,0.47232704402515724,0.4559748427672956,0.044968553459119494,0.03612515978436059,0.012404584696409099,0.005072390213309806,17.81494026538247
IND523226AAA,1,1,0.0,0.0012269491291673075,0.5,1263,6.0,6.0,346.0,100.0,4.0,4.0,69.0,10.0,5.0,207.5,Chimkurthy_MSRClgRd_D (Andhra Pradesh),0.18930817610062894,0.7990566037735849,0.3632075471698113,0.379874213836478,0.13364779874213836,0.02778858444950814,0.009880811226506287,0.003915795888333617,17.810569668630517
IND582209AAA,1,1,0.0,0.0,0.5,1263,11.0,11.0,426.0,129.0,12.0,12.0,689.0,23.0,11.5,557.5,Rona_GadagRD_D (Karnataka),0.18930817610062894,0.18270440251572326,0.7566037735849057,0.7088050314465408,0.13364779874213836,0.06391374423386872,0.02654723980133617,0.00916374583314492,17.810388549518883
IND410501AAF,1,1,0.00040422742627605087,0.0004042274262760509,0.5,1263,2.0,2.0,125.0,119.0,3.0,3.0,107.0,5.0,2.5,116.0,Talegaon_Central_DPP_4 (Maharashtra),0.5421383647798742,0.5267295597484277,0.19654088050314467,0.23459119496855346,0.13364779874213836,0.01389429222475407,0.00552373061337219,0.001981927069428187,17.783058617622352
IND500055AAA,1,2,0.00040898304305576915,0.00040898304305576915,0.5,1263,2.0,2.0,47.0,131.0,1.0,1.0,14.0,3.0,1.5,30.5,Hyd_Trimulgherry_Dc (Telangana),0.5955974842767295,0.5663522012578617,0.11949685534591195,0.06352201257861635,0.13364779874213836,0.008336575334852443,0.0014523602043780327,0.0011124591969450851,17.782038054186877
IND521301AAA,1,1,0.0,0.0,1.0,1263,13.0,13.0,329.0,238.0,13.0,13.0,763.0,26.0,13.0,546.0,Gudivada_GvrCompx_D (Andhra Pradesh),0.18930817610062894,0.18270440251572326,0.8254716981132075,0.7015723270440252,0.017924528301886792,0.07225031956872117,0.02599962857673462,0.010193819457765282,17.737678394271907
IND141109AAA,1,1,0.0,0.0,0.5,1263,11.0,6.0,300.0,481.0,12.0,12.0,184.0,23.0,9.0,242.0,Raikot_DC (Punjab),0.18930817610062894,0.18270440251572326,0.7566037735849057,0.43427672955974844,0.13364779874213836,0.05001945200911465,0.011523644900310949,0.006790487295174291,17.69172562262035
IND686540AAA,2,1,5.548219576337954e-06,5.548219576337954e-06,0.3333333333333333,1263,1.0,1.0,18.0,1160.0,5.0,5.0,223.0,6.0,3.0,120.5,Karukachal_MnimlaRd_D (Kerala),0.4679245283018868,0.4547169811320755,0.23018867924528302,0.24245283018867925,0.24213836477987422,0.016673150669704886,0.005738013266477145,0.0023416312880168637,17.557333136727888
IND577432AAA,1,1,0.000409379344454079,0.000409379344454079,0.5,1263,1.0,1.0,22.0,12.0,1.0,1.0,61.0,2.0,1.0,41.5,Thirthahalli_NadthiCx_D (Karnataka),0.6116352201257862,0.5839622641509434,0.07610062893081761,0.08993710691823899,0.13364779874213836,0.005557716889901629,0.0019761622453012577,0.0007831591776667236,17.531296323663213
IND210501AAB,0,1,0.0,0.0,0.0,1263,10.0,10.0,1494.0,337.0,0.0,0.0,0.0,10.0,5.0,747.0,Bewar_BndhuTRH_D (Uttar Pradesh),0.18930817610062894,0.18270440251572326,0.3632075471698113,0.7855345911949686,0.7150943396226415,0.02778858444950814,0.03557092041542264,0.004974058180457165,17.51442617946311
IND247667AAB,1,0,0.0,0.0,0.0,1263,0.0,0.0,0.0,0.0,10.0,10.0,1227.0,10.0,5.0,613.5,Roorkee_IOTCEncl_L (Uttarakhand),0.18930817610062894,0.18270440251572326,0.3632075471698113,0.740880503144654,0.7150943396226415,0.02778858444950814,0.029213868373308954,0.0047121897541392895,17.501332758147218
IND110020AAB,1,1,0.0,0.0,0.0,1263,4.0,4.0,657.0,1544.0,6.0,6.0,556.0,10.0,5.0,606.5,OK_RPC (Delhi),0.18930817610062894,0.18270440251572326,0.3632075471698113,0.7355345911949686,0.7150943396226415,0.02778858444950814,0.028880539801812356,0.004698458825418502,17.500646211711178
IND174101AAB,0,2,0.0,0.0,0.0,1263,10.0,10.0,1132.0,324.0,0.0,0.0,0.0,10.0,5.0,566.0,Nalagarh_Central_DPP_2 (Himachal Pradesh),0.18930817610062894,0.18270440251572326,0.3632075471698113,0.7150943396226415,0.7150943396226415,0.02778858444950814,0.026951995923867753,0.004619015594962517,17.49667405018838
IND581115AAC,1,1,0.0,0.0,1.0,1263,13.0,13.0,267.0,360.0,12.0,12.0,596.0,25.0,12.5,431.5,Ranebennur_SriRmNGR_D (Karnataka),0.18930817610062894,0.18270440251572326,0.810377358490566,0.6276729559748427,0.017924528301886792,0.06947146112377035,0.020547325514397412,0.009618343502135657,17.482489502150806
IND400705AAA,0,1,0.0,0.0,0.0,1263,10.0,10.0,815.0,1015.0,0.0,0.0,0.0,10.0,5.0,407.5,Mumbai_Sanpada_CP (Maharashtra),0.18930817610062894,0.18270440251572326,0.3632075471698113,0.6113207547169811,0.7150943396226415,0.02778858444950814,0.01940448469783765,0.004308108137498973,17.4811286773152
IND721507AAA,1,0,0.0,0.0,0.0,1263,0.0,0.0,0.0,0.0,10.0,10.0,626.0,10.0,5.0,313.0,Jhargram_UBamdDPP_D (West Bengal),0.18930817610062894,0.18270440251572326,0.3632075471698113,0.5270440251572327,0.7150943396226415,0.02778858444950814,0.014904548982633582,0.004122740599768342,17.47186030042867
IND613104AAA,1,0,0.0,0.0,0.0,4,0.0,0.0,0.0,0.0,10.0,10.0,602.0,10.0,5.0,301.0,Thirukkatupli_Poondi_D (Tamil Nadu),0.18930817610062894,0.18270440251572326,0.3632075471698113,0.5160377358490567,0.7150943396226415,0.02778858444950814,0.0143331285743537,0.004099201864818421,17.470683363681175
IND243002AAA,1,0,0.0,0.0,0.0,1263,0.0,0.0,0.0,0.0,10.0,10.0,593.0,10.0,5.0,296.5,Bareilly (Uttar Pradesh),0.18930817610062894,0.18270440251572326,0.3632075471698113,0.5110062893081762,0.7150943396226415,0.02778858444950814,0.014118845921248744,0.0040903748392122005,17.470242012400863
IND804401AAA,1,0,0.0,0.0,0.0,3,0.0,0.0,0.0,0.0,10.0,10.0,570.0,10.0,5.0,285.0,Arwal_Rozapar_D (Bihar),0.18930817610062894,0.18270440251572326,0.3632075471698113,0.48867924528301887,0.7150943396226415,0.02778858444950814,0.013571234696647191,0.004067816884885193,17.469114114684512
IND224001AAA,0,1,0.0,0.0,0.0,3,10.0,10.0,561.0,263.0,0.0,0.0,0.0,10.0,5.0,280.5,Faizabad_TrnspNgr_D (Uttar Pradesh),0.18930817610062894,0.18270440251572326,0.3632075471698113,0.48238993710691824,0.7150943396226415,0.02778858444950814,0.013356952043542236,0.0040589898592789725,17.468672763404204
IND110043AAC,1,1,0.0,0.0,0.0,1263,1.0,1.0,36.0,139.0,9.0,9.0,489.0,10.0,5.0,262.5,Delhi_Nangli_L (Delhi),0.18930817610062894,0.18270440251572326,0.3632075471698113,0.45660377358490567,0.7150943396226415,0.02778858444950814,0.012499821431122413,0.00402368175685409,17.466907358282956
IND123106AAB,1,0,0.0,0.0,0.0,1263,0.0,0.0,0.0,0.0,10.0,10.0,467.0,10.0,5.0,233.5,Dharuhera_Central_DPP_2 (Haryana),0.18930817610062894,0.18270440251572326,0.3632075471698113,0.4248427672955975,0.7150943396226415,0.02778858444950814,0.011118888777779366,0.003966796480725114,17.464063094476508
IND786602AAA,1,0,0.0,0.0,0.0,1263,0.0,0.0,0.0,0.0,10.0,10.0,278.0,10.0,5.0,139.0,Duliajan_StatonRd_D (Assam),0.18930817610062894,0.18270440251572326,0.3632075471698113,0.2748427672955975,0.7150943396226415,0.02778858444950814,0.006618953062575297,0.003781428942994483,17.454794717589976
IND637408AAA,0,1,0.0,0.0,0.0,2,10.0,10.0,214.0,107.0,0.0,0.0,0.0,10.0,5.0,107.0,Rasipurm_Knrpati_D (Tamil Nadu),0.18930817610062894,0.18270440251572326,0.3632075471698113,0.21855345911949686,0.7150943396226415,0.02778858444950814,0.005095165307162279,0.003718658983128026,17.451656219596654
IND637001AAA,1,0,0.0,0.0,0.0,2,0.0,0.0,0.0,0.0,10.0,10.0,214.0,10.0,5.0,107.0,Namakkal_Rkcomplx_DC (Tamil Nadu),0.18930817610062894,0.18270440251572326,0.3632075471698113,0.21855345911949686,0.7150943396226415,0.02778858444950814,0.005095165307162279,0.003718658983128026,17.451656219596654
IND637301AAA,0,1,0.0,0.0,0.0,3,10.0,10.0,162.0,80.0,0.0,0.0,0.0,10.0,5.0,81.0,Sankari_Trchngrd_D (Tamil Nadu),0.18930817610062894,0.18270440251572326,0.3632075471698113,0.18238993710691823,0.7150943396226415,0.02778858444950814,0.0038570877558892014,0.0036676583907365302,17.44910618997708
IND621211AAA,0,1,0.0,0.0,0.0,10,10.0,10.0,153.0,54.0,0.0,0.0,0.0,10.0,5.0,76.5,Musiri_ThryrRD_D (Tamil Nadu),0.18930817610062894,0.18270440251572326,0.3632075471698113,0.17452830188679244,0.7150943396226415,0.02778858444950814,0.003642805102784246,0.0036588313651303096,17.448664838696768
IND796081AAA,1,1,0.0004042274262760509,0.0004042274262760509,0.5,1263,1.0,1.0,118.0,807.0,3.0,3.0,377.0,4.0,2.0,247.5,Kolasib_Diakkawn_D (Mizoram),0.5550314465408805,0.5267295597484277,0.15943396226415094,0.44056603773584907,0.13364779874213836,0.011115433779803258,0.01178554592077256,0.0018889951802719524,17.41520447599473
IND147301AAA,2,1,0.00020449152152788458,0.00040898304305576915,0.5,1263,1.0,1.0,10.0,21.0,3.0,3.0,109.0,4.0,2.0,59.5,Mandi_Gobindgarh_DC (Punjab),0.5276729559748428,0.5663522012578617,0.15943396226415094,0.13553459119496855,0.13364779874213836,0.011115433779803258,0.00283329285772108,0.001520221666056518,17.38261485688773
IND731204AAB,1,1,0.0,0.0,0.5,1263,11.0,11.0,309.0,305.0,11.0,11.0,416.0,22.0,11.0,362.5,Bolpur_WebelDPP_D (West Bengal),0.18930817610062894,0.18270440251572326,0.7286163522012579,0.5761006289308176,0.13364779874213836,0.06113488578891791,0.017261658166788093,0.008430364197226242,17.35390814696823
IND627117AAA,1,1,0.0,0.0,0.5,10,11.0,11.0,359.0,317.0,11.0,11.0,327.0,22.0,11.0,343.0,Vallior_Radhaprm_D (Tamil Nadu),0.18930817610062894,0.18270440251572326,0.7286163522012579,0.5613207547169812,0.13364779874213836,0.06113488578891791,0.016333100003333285,0.008392113752932619,17.35199562475355
IND802119AAA,1,1,0.0,0.0,0.5,1263,12.0,12.0,392.0,392.0,10.0,10.0,236.0,22.0,11.0,314.0,Dumraon_Nishangr_D (Bihar),0.18930817610062894,0.18270440251572326,0.7286163522012579,0.5289308176100629,0.13364779874213836,0.06113488578891791,0.014952167349990239,0.008335228476803644,17.349151360947097
IND563131AAA,1,1,0.0,0.0,0.5,1263,11.0,11.0,388.0,146.0,11.0,11.0,186.0,22.0,11.0,287.0,Mulbagal_Sunku_D (Karnataka),0.18930817610062894,0.18270440251572326,0.7286163522012579,0.4921383647798742,0.13364779874213836,0.06113488578891791,0.013666471431360504,0.00828226632316632,17.346503253265233
IND477001AAA,1,1,0.00020191556243887062,0.000403831124877741,0.5,1263,1.0,1.0,130.0,493.0,4.0,4.0,166.0,5.0,2.5,148.0,Bhind_BhrolDPP_D (Madhya Pradesh),0.5223270440251573,0.5116352201257862,0.19654088050314467,0.2911949685534591,0.13364779874213836,0.01389429222475407,0.007047518368785208,0.002044697029294644,17.33808390806851
IND457226AAA,1,1,0.0,0.0,0.5,1263,11.0,11.0,2709.0,678.0,11.0,3.0,76.0,22.0,7.0,1392.5,Jaora_RtlamNka_D (Madhya Pradesh),0.18930817610062894,0.18270440251572326,0.7286163522012579,0.8849056603773585,0.13364779874213836,0.0389040182293114,0.06630857654414461,0.007643754736568175,17.31457767393533
IND141003AAB,0,2,0.0,0.0,0.5,1263,22.0,20.0,383.0,630.0,0.0,0.0,0.0,22.0,10.0,191.5,Ludhiana_GillChwk_DC (Punjab),0.18930817610062894,0.18270440251572326,0.7286163522012579,0.3622641509433962,0.13364779874213836,0.05557716889901628,0.00911891734879978,0.00739318283822495,17.302049079018165
IND382421AAA,1,2,0.0,0.0,0.6666666666666666,1263,19.0,15.0,1192.0,443.0,5.0,5.0,152.0,24.0,10.0,672.0,Gandhinagar_DC (Gujarat),0.18930817610062894,0.18270440251572326,0.7855345911949686,0.7641509433962265,0.04213836477987421,0.05557716889901628,0.031999542863673375,0.008335713016844716,17.287854833232174
IND562160AAB,1,0,0.0,0.0,0.0,3,0.0,0.0,0.0,0.0,10.0,0.0,2.0,10.0,0.0,1.0,Chanapatna_Central_D_2 (Karnataka),0.18930817610062894,0.18270440251572326,0.3632075471698113,0.002830188679245283,0.7150943396226415,0.0,4.761836735665681e-05,1.9615612458267786e-06,17.265821348502545
IND785621AAA,2,1,2.318363180112645e-05,4.63672636022529e-05,0.5,1263,3.0,3.0,85.0,131.0,2.0,2.0,243.0,5.0,2.5,164.0,Golaghat_BaruaRd_D (Assam),0.5119496855345912,0.5050314465408805,0.19654088050314467,0.3163522012578616,0.13364779874213836,0.01389429222475407,0.007809412246491717,0.0020760820092278723,17.11795504385762
IND401104AAB,1,2,0.0,0.0,1.0,1263,20.0,20.0,1207.0,1967.0,4.0,4.0,161.0,24.0,12.0,684.0,Mumbai_MiraRoad_M (Maharashtra),0.18930817610062894,0.18270440251572326,0.7855345911949686,0.7704402515723271,0.017924528301886792,0.06669260267881955,0.03257096327195326,0.009762760523724464,17.117068843796286
IND508206AAA,2,2,0.0,0.0,1.0,1263,12.0,11.0,202.0,1616.0,12.0,12.0,508.0,24.0,11.5,355.0,Kodad_VidyaNgr_D (Telangana),0.18930817610062894,0.18270440251572326,0.7855345911949686,0.5707547169811321,0.017924528301886792,0.06391374423386872,0.016904520411613166,0.008766529680864998,17.067257301653314
IND841226AAB,2,1,7.926027966197076e-07,1.1889041949295614e-06,0.16666666666666666,5,2.0,2.0,71.0,41.0,4.0,4.0,216.0,6.0,3.0,143.5,Siwan_HnmntNgr_D (Bihar),0.4110062893081761,0.4069182389937107,0.23018867924528302,0.28553459119496855,0.3238993710691824,0.016673150669704886,0.006833235715680252,0.0023867471966708795,17.045437988764363
IND134109AAA,0,1,0.0,0.0,0.0,1263,9.0,9.0,3614.0,1056.0,0.0,0.0,0.0,9.0,4.5,1807.0,Chandigarh_Panchkula (Chandigarh),0.18930817610062894,0.18270440251572326,0.32578616352201256,0.9138364779874214,0.7150943396226415,0.025009726004557326,0.08604638981347885,0.006702435908051094,17.039524311125824
IND000000ABG,0,1,0.0,0.0,0.0,5,9.0,9.0,1617.0,478.0,0.0,0.0,0.0,9.0,4.5,808.5,Hyderabad_Bownplly_C (Telangana),0.18930817610062894,0.18270440251572326,0.32578616352201256,0.8084905660377358,0.7150943396226415,0.025009726004557326,0.03849945000785703,0.004743817004093056,16.941593365927922
IND792130AAB,0,1,0.0,0.0,0.0,1263,9.0,9.0,1523.0,529.0,0.0,0.0,0.0,9.0,4.5,761.5,Khonsa_Central_D_1 (Arunachal Pradesh),0.18930817610062894,0.18270440251572326,0.32578616352201256,0.7930817610062894,0.7150943396226415,0.025009726004557326,0.036261386742094164,0.004651623625539197,16.93698369700023
IND281121AAB,0,1,0.0,0.0,0.0,1263,9.0,9.0,1200.0,213.0,0.0,0.0,0.0,9.0,4.5,600.0,Vrindavan_MathuraRD_D (Uttar Pradesh),0.18930817610062894,0.18270440251572326,0.32578616352201256,0.7292452830188679,0.7150943396226415,0.025009726004557326,0.028571020413994085,0.004334831484338172,16.921144089940178
IND792120AAB,1,1,0.0,0.0,0.0,1263,2.0,2.0,125.0,75.0,7.0,7.0,1001.0,9.0,4.5,563.0,Changlang_Central_D_1 (Arunachal Pradesh),0.18930817610062894,0.18270440251572326,0.32578616352201256,0.7138364779874213,0.7150943396226415,0.025009726004557326,0.026809140821797785,0.004262253718242581,16.9175152016354
IND494334AAB,0,1,0.0,0.0,0.0,2,9.0,9.0,950.0,203.0,0.0,0.0,0.0,9.0,4.5,475.0,Kanker_KrisnKunj_D (Chhattisgarh),0.18930817610062894,0.18270440251572326,0.32578616352201256,0.6556603773584906,0.7150943396226415,0.025009726004557326,0.022618724494411983,0.004089636328609825,16.90888433215376
IND493445AAB,1,0,0.0,0.0,0.0,2,0.0,0.0,0.0,0.0,9.0,9.0,950.0,9.0,4.5,475.0,Mahasamund_RajpurRD_D (Chhattisgarh),0.18930817610062894,0.18270440251572326,0.32578616352201256,0.6556603773584906,0.7150943396226415,0.025009726004557326,0.022618724494411983,0.004089636328609825,16.90888433215376
IND181201AAB,1,1,0.0,0.0,0.0,1263,6.0,6.0,651.0,549.0,3.0,3.0,149.0,9.0,4.5,400.0,Akhnoor_ThthiCwk_D (Jammu & Kashmir),0.18930817610062894,0.18270440251572326,0.32578616352201256,0.6075471698113207,0.7150943396226415,0.025009726004557326,0.019047346942662725,0.003942519235172816,16.90152847748191
IND248197AAA,0,1,0.0,0.0,0.0,1263,9.0,9.0,668.0,385.0,0.0,0.0,0.0,9.0,4.5,334.0,Dehradun_Selakui_D (Uttarakhand),0.18930817610062894,0.18270440251572326,0.32578616352201256,0.5525157232704403,0.7150943396226415,0.025009726004557326,0.015904534697123374,0.003813056192948249,16.895055325370684
IND637211AAA,1,1,0.0,0.0,0.5,5,11.0,11.0,346.0,162.0,10.0,10.0,237.0,21.0,10.5,291.5,Tirchngode_Mhdhvpur_D (Tamil Nadu),0.18930817610062894,0.18270440251572326,0.6993710691823899,0.5040880503144655,0.13364779874213836,0.058356027343967096,0.01388075408446546,0.007940216155790084,16.890721499613402
IND571602AAA,1,0,0.0,0.0,0.0,1263,0.0,0.0,0.0,0.0,9.0,9.0,439.0,9.0,4.5,219.5,Krishnarajngr_JublieRD_D (Karnataka),0.18930817610062894,0.18270440251572326,0.32578616352201256,0.4028301886792453,0.7150943396226415,0.025009726004557326,0.01045223163478617,0.003588457430301083,16.883825387238325
IND400037AAA,1,1,0.0,0.0,0.0,1263,7.0,7.0,221.0,434.0,2.0,2.0,192.0,9.0,4.5,206.5,Mumbai Antop Hill (Maharashtra),0.18930817610062894,0.18270440251572326,0.32578616352201256,0.37830188679245286,0.7150943396226415,0.025009726004557326,0.009833192859149631,0.0035629571341053348,16.882550372428536
IND421502AAA,0,1,0.0,0.0,0.0,1263,9.0,9.0,370.0,423.0,0.0,0.0,0.0,9.0,4.5,185.0,Mumbai_Ambernath_Dc (Maharashtra),0.18930817610062894,0.18270440251572326,0.32578616352201256,0.35157232704402513,0.7150943396226415,0.025009726004557326,0.00880939796098151,0.0035207835673200594,16.880441694089274
IND364710AAA,1,0,0.0,0.0,0.0,4,0.0,0.0,0.0,0.0,9.0,9.0,344.0,9.0,4.5,172.0,Botad_DC (Gujarat),0.18930817610062894,0.18270440251572326,0.32578616352201256,0.33364779874213835,0.7150943396226415,0.025009726004557326,0.008190359185344971,0.003495283271124311,16.879166679279486
IND639001AAA,0,1,0.0,0.0,0.0,27,9.0,9.0,337.0,183.0,0.0,0.0,0.0,9.0,4.5,168.5,Karur (Tamil Nadu),0.18930817610062894,0.18270440251572326,0.32578616352201256,0.3289308176100629,0.7150943396226415,0.025009726004557326,0.008023694899596673,0.0034884178067639176,16.878823406061468
IND441614AAA,0,1,0.0,0.0,0.0,2,9.0,9.0,302.0,272.0,0.0,0.0,0.0,9.0,4.5,151.0,Gondia_RamNgr_D (Maharashtra),0.18930817610062894,0.18270440251572326,0.32578616352201256,0.29654088050314464,0.7150943396226415,0.025009726004557326,0.0071903734708551785,0.0034540904849619486,16.877107039971367
IND481001AAA,1,0,0.0,0.0,0.0,2,0.0,0.0,0.0,0.0,9.0,9.0,302.0,9.0,4.5,151.0,Balaghat_Kosmi_D (Madhya Pradesh),0.18930817610062894,0.18270440251572326,0.32578616352201256,0.29654088050314464,0.7150943396226415,0.025009726004557326,0.0071903734708551785,0.0034540904849619486,16.877107039971367
IND410210AAA,1,0,0.0,0.0,0.0,1263,0.0,0.0,0.0,0.0,9.0,9.0,299.0,9.0,4.5,149.5,Mumbai_Kharghar_D (Maharashtra),0.18930817610062894,0.18270440251572326,0.32578616352201256,0.2930817610062893,0.7150943396226415,0.025009726004557326,0.007118945919820193,0.0034511481430932085,16.876959922877933
IND361001AAA,0,1,0.0,0.0,0.0,7,9.0,9.0,266.0,279.0,0.0,0.0,0.0,9.0,4.5,133.0,Jamnagar_Dc (Gujarat),0.18930817610062894,0.18270440251572326,0.32578616352201256,0.26446540880503144,0.7150943396226415,0.025009726004557326,0.006333242858435356,0.0034187823825370667,16.875341634850123
IND160102AAD,0,2,0.0,0.0,0.0,1263,9.0,9.0,250.0,411.0,0.0,0.0,0.0,9.0,4.5,125.0,Chandigarh_Raiprkln_C (Chandigarh),0.18930817610062894,0.18270440251572326,0.32578616352201256,0.2531446540880503,0.7150943396226415,0.025009726004557326,0.005952295919582101,0.0034030898925704526,16.874557010351793
IND380006AAA,0,1,0.0,0.0,0.0,1263,9.0,9.0,156.0,217.0,0.0,0.0,0.0,9.0,4.5,78.0,Ahmedabad_Paldi_D (Gujarat),0.18930817610062894,0.18270440251572326,0.32578616352201256,0.1792452830188679,0.7150943396226415,0.025009726004557326,0.003714232653819231,0.003310896514016594,16.8699473414241
IND622001AAA,1,0,0.0,0.0,0.0,6,0.0,0.0,0.0,0.0,9.0,9.0,148.0,9.0,4.5,74.0,Pudukkotti_Mrthndpr_D (Tamil Nadu),0.18930817610062894,0.18270440251572326,0.32578616352201256,0.16540880503144653,0.7150943396226415,0.025009726004557326,0.003523759184392604,0.0033030502690332866,16.869555029174936
IND500055AAC,0,1,0.0,0.0,0.0,1263,9.0,9.0,124.0,261.0,0.0,0.0,0.0,9.0,4.5,62.0,Hyderabad_North_D_2 (Telangana),0.18930817610062894,0.18270440251572326,0.32578616352201256,0.14088050314465408,0.7150943396226415,0.025009726004557326,0.0029523387761127224,0.0032795115340833654,16.868378092427438
IND695121AAA,1,1,0.0,0.0,1.0,1263,11.0,11.0,126.0,310.0,13.0,1.0,26.0,24.0,6.0,76.0,Neyatinkra_Arlumodu_D (Kerala),0.18930817610062894,0.18270440251572326,0.7855345911949686,0.17169811320754716,0.017924528301886792,0.03334630133940977,0.0036189959191059175,0.004359604970472309,16.84691106613368
IND743270AAA,1,1,0.0004042274262760509,0.0004042274262760509,0.5,1263,1.0,1.0,1052.0,2.0,2.0,2.0,43.0,3.0,1.5,547.5,Helencha_ColnyDPP_D (West Bengal),0.5550314465408805,0.5267295597484277,0.11949685534591195,0.7037735849056603,0.13364779874213836,0.008336575334852443,0.026071056127769603,0.0021265863610375295,16.828027431259425
IND571438AAB,0,1,0.0,0.0,0.0,3,9.0,6.0,68.0,111.0,0.0,0.0,0.0,9.0,3.0,34.0,Srirangapatna_Bburynkpl_D (Karnataka),0.18930817610062894,0.18270440251572326,0.32578616352201256,0.07169811320754717,0.7150943396226415,0.016673150669704886,0.0016190244901263316,0.002171956240252847,16.813000327735914
IND413307AAB,1,1,0.0004042274262760509,0.0004042274262760509,0.5,1263,1.0,1.0,29.0,19.0,2.0,2.0,56.0,3.0,1.5,42.5,Sangola_Central_DPP_2 (Maharashtra),0.5550314465408805,0.5267295597484277,0.11949685534591195,0.0930817610062893,0.13364779874213836,0.008336575334852443,0.0020237806126579146,0.0011359979318950064,16.7784980098023
IND148102AAA,1,1,0.0004042274262760509,0.0004042274262760509,0.5,1263,1.0,1.0,48.0,121.0,2.0,2.0,16.0,3.0,1.5,32.0,Bhadaur_BChwkDPP_D (Punjab),0.5550314465408805,0.5267295597484277,0.11949685534591195,0.06729559748427673,0.13364779874213836,0.008336575334852443,0.001523787755413018,0.0011154015388138254,16.77746819014824
IND176201AAA,1,1,0.0,1.1889041949295614e-06,0.5,4,9.0,9.0,410.0,95.0,6.0,6.0,119.0,15.0,7.5,264.5,Jassur_AadiDPP_D (Himachal Pradesh),0.18930817610062894,0.4069182389937107,0.5411949685534592,0.459748427672956,0.13364779874213836,0.041682876674262216,0.012595058165835726,0.005781990844258025,16.652307089382713
IND733140AAA,1,2,3.963013983098538e-07,3.963013983098538e-07,0.3333333333333333,1263,7.0,7.0,256.0,657.0,1.0,1.0,73.0,8.0,4.0,164.5,Gangarampr_FulbaDPP_D (West Bengal),0.3940251572327044,0.3767295597484277,0.2921383647798742,0.3172955974842767,0.24213836477987422,0.022230867559606515,0.007833221430170045,0.0031296943687981545,16.637616793911608
IND203396AAB,1,1,0.0,0.0,0.5,1263,11.0,10.0,190.0,202.0,9.0,9.0,377.0,20.0,9.5,283.5,Pahasu_Kanongyn_D (Uttar Pradesh),0.18930817610062894,0.18270440251572326,0.6729559748427673,0.4861635220125786,0.13364779874213836,0.05279831045406547,0.013499807145612205,0.007222769279858558,16.458622740722486
IND643231AAA,1,1,0.0,0.0,0.5,19,9.0,5.0,95.0,153.0,11.0,11.0,953.0,20.0,8.0,524.0,Coonoor_Fairybnk_D (Tamil Nadu),0.18930817610062894,0.18270440251572326,0.6729559748427673,0.6886792452830188,0.13364779874213836,0.04446173511921303,0.02495202449488817,0.006641893180532531,16.429578935756187
IND204101AAA,1,1,1.7138869884553178e-05,0.0004577281150478812,0.5,1263,1.0,1.0,25.0,30.0,1.0,1.0,91.0,2.0,1.0,58.0,Hathras (Uttar Pradesh),0.5037735849056604,0.6314465408805031,0.07610062893081761,0.13144654088050314,0.13364779874213836,0.005557716889901629,0.002761865306686095,0.0008155249382228655,16.389832850684726
IND457661AAA,1,0,0.0,0.0,0.0,1263,0.0,0.0,0.0,0.0,8.0,8.0,443.0,8.0,4.0,221.5,Jhabua_Ward11_D (Madhya Pradesh),0.18930817610062894,0.18270440251572326,0.2921383647798742,0.4056603773584906,0.7150943396226415,0.022230867559606515,0.010547468369499484,0.0032415033598102807,16.36176070258171
IND754022AAA,1,1,0.000403831124877741,0.000403831124877741,0.5,1263,2.0,2.0,128.0,28.0,1.0,1.0,132.0,3.0,1.5,130.0,Tangi_SriDPP_D (Orissa),0.5364779874213836,0.5116352201257862,0.11949685534591195,0.260062893081761,0.13364779874213836,0.008336575334852443,0.006190387756365386,0.0013076345409048496,16.357834557233918
IND673027AAB,1,2,1.5852055932394153e-06,1.5852055932394153e-06,0.16666666666666666,6,3.0,3.0,887.0,95.0,1.0,1.0,38.0,4.0,2.0,462.5,Kozhikode_Feroke_H (Kerala),0.429874213836478,0.4160377358490566,0.15943396226415094,0.64937106918239,0.3238993710691824,0.011115433779803258,0.022023494902453776,0.0023107308481247098,16.35453025309806
IND403601AAA,1,1,0.0,0.0,0.0,6,3.0,3.0,238.0,2630.0,5.0,5.0,38.0,8.0,4.0,138.0,Goa_Margao_Dc (Goa),0.18930817610062894,0.18270440251572326,0.2921383647798742,0.2720125786163522,0.7150943396226415,0.022230867559606515,0.0065713346952186395,0.0030777129957837448,16.35357118438038
IND571105AAA,0,1,0.0,0.0,0.0,1263,8.0,8.0,246.0,144.0,0.0,0.0,0.0,8.0,4.0,123.0,Hunsur_RatnaDPP_D (Karnataka),0.18930817610062894,0.18270440251572326,0.2921383647798742,0.24716981132075472,0.7150943396226415,0.022230867559606515,0.005857059184868787,0.003048289577096343,16.352100013446012
IND493118AAC,0,1,0.0,0.0,0.0,3,8.0,8.0,231.0,145.0,0.0,0.0,0.0,8.0,4.0,115.5,Bhatpara_TrengaRD_D (Chhattisgarh),0.18930817610062894,0.18270440251572326,0.2921383647798742,0.23333333333333334,0.7150943396226415,0.022230867559606515,0.005499921429693862,0.0030335778677526423,16.35136442797883
IND735224AAA,0,1,0.0,0.0,0.0,5,8.0,8.0,216.0,113.0,0.0,0.0,0.0,8.0,4.0,108.0,Mainaguri_MilpaDPP_D (West Bengal),0.18930817610062894,0.18270440251572326,0.2921383647798742,0.2229559748427673,0.7150943396226415,0.022230867559606515,0.005142783674518935,0.0030188661584089416,16.350628842511643
IND781014AAA,0,2,0.0,0.0,0.0,1263,8.0,8.0,204.0,337.0,0.0,0.0,0.0,8.0,4.0,102.0,Guwahati_Jalukbari (Assam),0.18930817610062894,0.18270440251572326,0.2921383647798742,0.21132075471698114,0.7150943396226415,0.022230867559606515,0.004857073470378994,0.0030070967909339805,16.350040374137894
IND491995AAB,1,0,0.0,0.0,0.0,3,0.0,0.0,0.0,0.0,8.0,8.0,193.0,8.0,4.0,96.5,Kawardha_TrnsptNGR_D (Chhattisgarh),0.18930817610062894,0.18270440251572326,0.2921383647798742,0.20157232704402517,0.7150943396226415,0.022230867559606515,0.004595172449917382,0.0029963082040819333,16.34950094479529
IND821307AAA,1,1,0.0,0.0,0.0,1263,5.0,5.0,107.0,191.0,3.0,3.0,61.0,8.0,4.0,84.0,DehriSone_Dilliyan_D (Bihar),0.18930817610062894,0.18270440251572326,0.2921383647798742,0.1861635220125786,0.7150943396226415,0.022230867559606515,0.003999942857959172,0.0029717886885090986,16.34827496901665
IND403507AAA,1,1,0.0,0.0,0.0,6,3.0,3.0,405.0,911.0,5.0,4.0,71.0,8.0,3.5,238.0,Panaji Goa (Goa),0.18930817610062894,0.18270440251572326,0.2921383647798742,0.4320754716981132,0.7150943396226415,0.0194520091146557,0.01133317143088432,0.0029229919273839663,16.345835130960396
IND625218AAA,1,0,0.0,0.0,0.0,27,0.0,0.0,0.0,0.0,8.0,8.0,98.0,8.0,4.0,49.0,Vadipatti_lalaNGR_D (Tamil Nadu),0.18930817610062894,0.18270440251572326,0.2921383647798742,0.11415094339622642,0.7150943396226415,0.022230867559606515,0.0023333000004761837,0.0029031340449051615,16.344842236836456
IND122050AAA,1,0,0.0,0.0,0.0,1263,0.0,0.0,0.0,0.0,8.0,7.0,196.0,8.0,3.5,98.0,Gurgaon_Manesar (Haryana),0.18930817610062894,0.18270440251572326,0.2921383647798742,0.2037735849056604,0.7150943396226415,0.0194520091146557,0.0046666000009523674,0.0026483733529682175,16.332104202239606
IND000000ADM,1,0,0.0,0.0,0.0,1263,0.0,0.0,0.0,0.0,8.0,7.0,144.0,8.0,3.5,72.0,Cochin_Kdvantra_D (Kerala),0.18930817610062894,0.18270440251572326,0.2921383647798742,0.1610062893081761,0.7150943396226415,0.0194520091146557,0.00342852244967929,0.002597372760576721,16.329554172620032
IND505425AAA,2,0,0.0,0.0,0.0,1263,0.0,0.0,0.0,0.0,8.0,7.0,133.0,8.0,3.5,66.5,DhrmpuriTS_HanumDPP_D (Telangana),0.18930817610062894,0.18270440251572326,0.2921383647798742,0.14968553459119496,0.7150943396226415,0.0194520091146557,0.003166621429217678,0.002586584173724674,16.32901474327743
IND335803AAA,1,1,0.0,0.0016351395694264568,0.5,1263,2.0,2.0,34.0,11.0,4.0,4.0,53.0,6.0,3.0,43.5,Pilibanga_BsstdDPP_D (Rajasthan),0.18930817610062894,0.8540880503144654,0.23018867924528302,0.09716981132075472,0.13364779874213836,0.016673150669704886,0.002071398980014571,0.0021905910720882017,16.27934087435913
IND363520AAC,0,1,0.0,0.0,0.0,4,8.0,4.0,96.0,277.0,0.0,0.0,0.0,8.0,2.0,48.0,Chotila_Central_D_2 (Gujarat),0.18930817610062894,0.18270440251572326,0.2921383647798742,0.11132075471698114,0.7150943396226415,0.011115433779803258,0.0022856816331195268,0.00149766371172951,16.27456872017767
IND577126AAA,1,1,0.0004042274262760509,0.0004042274262760509,0.5,1263,1.0,1.0,111.0,338.0,1.0,1.0,22.0,2.0,1.0,66.5,Koppa_Sangetha_D (Karnataka),0.5550314465408805,0.5267295597484277,0.07610062893081761,0.14968553459119496,0.13364779874213836,0.005557716889901629,0.003166621429217678,0.0008321982088123931,16.112364627421755
IND333042AAA,1,1,0.0,0.0,0.5,1263,8.0,8.0,383.0,211.0,11.0,9.0,362.0,19.0,8.5,372.5,Nawalgarh_NavldiDPP_D (Rajasthan),0.18930817610062894,0.18270440251572326,0.6509433962264151,0.5861635220125786,0.13364779874213836,0.04724059356416384,0.01773784184035466,0.006695593844772228,16.10207528972289
IND140406AAA,1,1,0.00020449152152788458,0.0,0.5,1263,7.0,5.0,75.0,156.0,2.0,2.0,56.0,9.0,3.5,65.5,SirhindFatehgarh_DC (Punjab),0.5276729559748428,0.18270440251572326,0.32578616352201256,0.14622641509433962,0.13364779874213836,0.0194520091146557,0.003119003061861021,0.002584622612478847,16.09463993565539
IND796009AAA,1,1,0.0,0.0,0.0,2,4.0,4.0,2159.0,1073.0,3.0,3.0,2633.0,7.0,3.5,2396.0,Aizawl_HunthrVg_I (Mizoram),0.18930817610062894,0.18270440251572326,0.26069182389937107,0.9330188679245283,0.7150943396226415,0.0194520091146557,0.11409360818654972,0.0071560410958781545,16.085789476177556
IND796321AAB,1,1,0.0,0.0,0.0,2,3.0,3.0,2633.0,1438.0,4.0,4.0,2159.0,7.0,3.5,2396.0,Champhai_AwmpiVng_D (Mizoram),0.18930817610062894,0.18270440251572326,0.26069182389937107,0.9330188679245283,0.7150943396226415,0.0194520091146557,0.11409360818654972,0.0071560410958781545,16.085789476177556
IND721602AAB,2,1,3.963013983098538e-07,3.963013983098538e-07,0.5,1263,4.0,4.0,273.0,80.0,5.0,3.0,246.0,9.0,3.5,259.5,Haldia_Central_D_2 (West Bengal),0.3940251572327044,0.3767295597484277,0.32578616352201256,0.45534591194968554,0.13364779874213836,0.0194520091146557,0.012356966329052442,0.002965165494169242,16.049201670934877
IND641001AAA,1,1,5.944520974647807e-06,5.944520974647807e-06,0.5,19,2.0,2.0,222.0,35.0,3.0,3.0,50.0,5.0,2.5,136.0,Coimbatore_Ukkadam_D (Tamil Nadu),0.4710691823899371,0.45849056603773586,0.19654088050314467,0.2688679245283019,0.13364779874213836,0.01389429222475407,0.006476097960505326,0.0020211582943447225,16.036592505912207
IND232101AAB,1,1,5.548219576337954e-06,5.548219576337954e-06,0.5,12,4.0,4.0,88.0,147.0,1.0,1.0,546.0,5.0,2.5,317.0,MughalSarai_Central_D_2 (Uttar Pradesh),0.4679245283018868,0.4547169811320755,0.19654088050314467,0.5333333333333333,0.13364779874213836,0.01389429222475407,0.015095022452060208,0.002376200879839369,15.96943897480958
IND403401AAA,1,1,0.0,0.0,0.0,6,2.0,2.0,518.0,243.0,5.0,5.0,137.0,7.0,3.5,327.5,Goa_Ponda_Dc (Goa),0.18930817610062894,0.18270440251572326,0.26069182389937107,0.5462264150943397,0.7150943396226415,0.0194520091146557,0.015595015309305104,0.003098551658885463,15.882915004327922
IND385320AAA,1,1,0.0,0.0,0.5,1263,12.0,0.0,6.0,103.0,7.0,6.0,157.0,19.0,3.0,81.5,Bhabhar_TirupDPP_D (Gujarat),0.18930817610062894,0.18270440251572326,0.6509433962264151,0.18396226415094338,0.13364779874213836,0.016673150669704886,0.00388089693956753,0.0022651303994296193,15.880552117455757
IND688524AAA,0,1,0.0,0.0,0.0,1263,7.0,7.0,455.0,611.0,0.0,0.0,0.0,7.0,3.5,227.5,Cherthala_Mulapali_D (Kerala),0.18930817610062894,0.18270440251572326,0.26069182389937107,0.41509433962264153,0.7150943396226415,0.0194520091146557,0.010833178573639425,0.002902395534302785,15.873107198098788
IND211013AAA,1,0,0.0,0.0,0.0,1263,0.0,0.0,0.0,0.0,7.0,7.0,446.0,7.0,3.5,223.0,Allahabad_Phaphamu_DC (Uttar Pradesh),0.18930817610062894,0.18270440251572326,0.26069182389937107,0.4069182389937107,0.7150943396226415,0.0194520091146557,0.010618895920534468,0.0028935685086965645,15.872665846818476
IND364290AAA,1,0,0.0,0.0,0.0,1263,0.0,0.0,0.0,0.0,7.0,7.0,352.0,7.0,3.5,176.0,Bhavnagar_Mahuva_DC (Gujarat),0.18930817610062894,0.18270440251572326,0.26069182389937107,0.34182389937106916,0.7150943396226415,0.0194520091146557,0.0083808326547716,0.002801375130142706,15.868056177890786
IND177001AAA,0,1,0.0,0.0,0.0,1263,7.0,7.0,142.0,175.0,0.0,0.0,0.0,7.0,3.5,71.0,Hamirpur_GutmgrCl_D (Himachal Pradesh),0.18930817610062894,0.18270440251572326,0.26069182389937107,0.1591194968553459,0.7150943396226415,0.0194520091146557,0.0033809040823226336,0.0025954111993308944,15.857757981350193
IND531162AAA,2,0,0.0,0.0,0.0,1263,0.0,0.0,0.0,0.0,7.0,7.0,108.0,7.0,3.5,54.0,Vishakhapatnam (Andhra Pradesh),0.18930817610062894,0.18270440251572326,0.26069182389937107,0.12547169811320755,0.7150943396226415,0.0194520091146557,0.0025713918372594676,0.002562064658151839,15.856090654291242
IND144001AAC,0,2,0.0,0.0,1.0,1263,21.0,21.0,2717.0,4097.0,0.0,0.0,0.0,21.0,10.5,1358.5,Jalandhar_Sodal Road (Punjab),0.18930817610062894,0.18270440251572326,0.6993710691823899,0.8830188679245283,0.017924528301886792,0.058356027343967096,0.06468955205401827,0.010033202005087257,15.838138087675746
IND683572AAA,0,1,0.0,0.0,0.0,1263,7.0,6.0,69.0,142.0,0.0,0.0,0.0,7.0,3.0,34.5,Angamaly_CivilStn_D (Kerala),0.18930817610062894,0.18270440251572326,0.26069182389937107,0.0729559748427673,0.7150943396226415,0.016673150669704886,0.0016428336738046599,0.0021729370208757605,15.836634272427439
IND110039AAA,1,1,0.0,0.0,0.0,1263,3.0,3.0,151.0,211.0,4.0,2.0,51.0,7.0,2.5,101.0,Delhi_Barwala (Delhi),0.18930817610062894,0.18270440251572326,0.26069182389937107,0.2088050314465409,0.7150943396226415,0.01389429222475407,0.004809455103022338,0.0019525036507407852,15.825612603920689
IND208006AAA,1,0,0.0,0.0,0.0,1263,0.0,0.0,0.0,0.0,7.0,4.0,170.0,7.0,2.0,85.0,Kanpur_GovndNgr_DC (Uttar Pradesh),0.18930817610062894,0.18270440251572326,0.26069182389937107,0.1877358490566038,0.7150943396226415,0.011115433779803258,0.004047561225315829,0.0015702414778251009,15.806499495274903
IND507159AAA,2,2,0.0,0.0,1.0,1263,10.0,10.0,1607.0,4464.0,11.0,10.0,165.0,21.0,10.0,886.0,Kusumnchi_SKRoad_D (Telangana),0.18930817610062894,0.18270440251572326,0.6993710691823899,0.8220125786163522,0.017924528301886792,0.05557716889901628,0.042189873477997936,0.008755487123451648,15.774252343593965
IND571432AAB,1,1,0.0,0.0,0.5,1263,11.0,9.0,194.0,193.0,7.0,7.0,249.0,18.0,8.0,221.5,Nagamangala_MandyaRD_D (Karnataka),0.18930817610062894,0.18270440251572326,0.6305031446540881,0.4056603773584906,0.13364779874213836,0.04446173511921303,0.010547468369499484,0.0060485209036699305,15.763117869082869
IND581119AAB,1,1,0.0,0.0,1.0,1263,10.0,10.0,408.0,145.0,11.0,11.0,388.0,21.0,10.5,398.0,Ukkadagatri_Tuminkte_D (Karnataka),0.18930817610062894,0.18270440251572326,0.6993710691823899,0.6062893081761006,0.017924528301886792,0.058356027343967096,0.01895211020794941,0.008149122428470636,15.743934108844915
IND580002AAA,2,1,0.0,0.0006069355915115411,0.5,1263,2.0,2.0,184.0,126.0,7.0,7.0,1768.0,9.0,4.5,976.0,Dharwad_Dc (Karnataka),0.18930817610062894,0.6358490566037736,0.32578616352201256,0.8389937106918239,0.13364779874213836,0.025009726004557326,0.04647552654009705,0.005072378512769041,15.675002573437194
IND843109AAB,2,2,0.0,0.0,1.0,1263,8.0,4.0,84.0,1091.0,13.0,13.0,351.0,21.0,8.5,217.5,Kanti_Central_DPP_2 (Bihar),0.18930817610062894,0.18270440251572326,0.6993710691823899,0.3987421383647799,0.017924528301886792,0.04724059356416384,0.010356994900072856,0.006391551851669078,15.656055580004836
IND465333AAA,2,1,0.0,0.0012103044704382935,0.5,1263,3.0,3.0,269.0,917.0,4.0,3.0,86.0,7.0,3.0,177.5,Shujalpur_AstrdDPP_D (Madhya Pradesh),0.18930817610062894,0.7433962264150943,0.26069182389937107,0.34276729559748426,0.13364779874213836,0.016673150669704886,0.008452260205806583,0.00245344027902899,15.64311226552378
IND641008AAA,1,1,6.737123771267515e-06,6.737123771267515e-06,0.5,19,3.0,3.0,50.0,11.0,1.0,1.0,77.0,4.0,2.0,63.5,Cjb_Kovaipudur_Dc (Tamil Nadu),0.4776729559748428,0.4650943396226415,0.15943396226415094,0.14245283018867924,0.13364779874213836,0.011115433779803258,0.0030237663271477076,0.001528067911039825,15.620428552784693
IND477001AAB,1,1,0.00020191556243887062,0.0,0.5,1263,7.0,7.0,1555.0,2683.0,1.0,1.0,64.0,8.0,4.0,809.5,Bhind_EtwahDPP_D (Madhya Pradesh),0.5223270440251573,0.18270440251572326,0.2921383647798742,0.809748427672956,0.13364779874213836,0.022230867559606515,0.03854706837521369,0.004394901372356427,15.60024821327191
IND211008AAA,0,1,0.0,0.0,0.0,1263,6.0,6.0,2559.0,401.0,0.0,0.0,0.0,6.0,3.0,1279.5,Allahabad_Central_D_3 (Uttar Pradesh),0.18930817610062894,0.18270440251572326,0.23018867924528302,0.8761006289308176,0.7150943396226415,0.016673150669704886,0.06092770103284239,0.0046150807719301,15.501194290168833
IND382721AAA,2,1,0.0,0.0,0.6666666666666666,1263,9.0,9.0,642.0,153.0,11.0,7.0,124.0,20.0,8.0,383.0,Gandhinagar_Kalol_DC (Gujarat),0.18930817610062894,0.18270440251572326,0.6729559748427673,0.5977987421383648,0.04213836477987421,0.04446173511921303,0.01823783469759956,0.006365313044870955,15.500655589350467
IND201204AAA,1,1,0.0,0.00040898304305576915,1.0,1263,5.0,5.0,92.0,40.0,7.0,7.0,360.0,12.0,6.0,226.0,Modinagar_SikriKla_DC (Uttar Pradesh),0.18930817610062894,0.5663522012578617,0.4380503144654088,0.4128930817610063,0.017924528301886792,0.03334630133940977,0.010761751022604439,0.004653839157346325,15.485836611955367
IND722143AAB,1,1,0.0,0.0,0.5,1263,9.0,9.0,235.0,301.0,8.0,8.0,677.0,17.0,8.5,456.0,Mejia_Central_D_1 (West Bengal),0.18930817610062894,0.18270440251572326,0.6056603773584905,0.6427672955974842,0.13364779874213836,0.04724059356416384,0.021713975514635504,0.006859384208798764,15.431019524905349
IND242221AAA,1,1,0.0,0.00040541633047098046,0.5,1263,5.0,5.0,855.0,133.0,5.0,5.0,110.0,10.0,5.0,482.5,Jalalabad_farukngr_D (Uttar Pradesh),0.18930817610062894,0.5581761006289309,0.3632075471698113,0.6622641509433962,0.13364779874213836,0.02778858444950814,0.02297586224958691,0.004455225230935981,15.428736104314094
IND384355AAB,1,2,0.0,0.0,0.5,1263,9.0,9.0,322.0,221.0,8.0,8.0,195.0,17.0,8.5,258.5,Vadnagar_BsstdDPP_D (Gujarat),0.18930817610062894,0.18270440251572326,0.6056603773584905,0.45251572327044026,0.13364779874213836,0.04724059356416384,0.012309347961695786,0.006471975862747976,15.411649107602809
IND721212AAA,0,1,0.0,0.0,0.0,1263,6.0,6.0,655.0,187.0,0.0,0.0,0.0,6.0,3.0,327.5,Ghatal_KrshDPP_D (West Bengal),0.18930817610062894,0.18270440251572326,0.23018867924528302,0.5462264150943397,0.7150943396226415,0.016673150669704886,0.015595015309305104,0.0027476744659030066,15.407823974867476
IND462042AAA,1,1,0.0,0.0,0.0,1263,5.0,5.0,420.0,114.0,1.0,1.0,70.0,6.0,3.0,245.0,Bhopal_Kolar Mandakni (Madhya Pradesh),0.18930817610062894,0.18270440251572326,0.23018867924528302,0.43647798742138366,0.7150943396226415,0.016673150669704886,0.011666500002380918,0.0025858456631222973,15.399732534728441
IND488001AAA,1,1,0.0,0.001238441869718293,0.5,1263,3.0,3.0,167.0,33.0,2.0,2.0,122.0,5.0,2.5,144.5,Panna_Mohnprwa_D (Madhya Pradesh),0.18930817610062894,0.8169811320754717,0.19654088050314467,0.28836477987421383,0.13364779874213836,0.01389429222475407,0.006880854083036909,0.00203783156493425,15.395916735479418
IND501359AAG,0,1,0.0,0.0,0.0,5,6.0,6.0,318.0,784.0,0.0,0.0,0.0,6.0,3.0,159.0,Hyderabad_South_R_11 (Telangana),0.18930817610062894,0.18270440251572326,0.23018867924528302,0.3091194968553459,0.7150943396226415,0.016673150669704886,0.007571320409708432,0.0024171513959811946,15.391297821371385
IND000000AFR,0,1,0.0,0.0,0.0,1263,6.0,6.0,287.0,81.0,0.0,0.0,0.0,6.0,3.0,143.5,Cochin_PanditRd_D (Kerala),0.18930817610062894,0.18270440251572326,0.23018867924528302,0.28553459119496855,0.7150943396226415,0.016673150669704886,0.006833235715680252,0.0023867471966708795,15.389777611405869
IND520011AAA,1,1,0.0,0.0,0.0,1263,5.0,5.0,255.0,233.0,1.0,1.0,21.0,6.0,3.0,138.0,Vijayawada (Andhra Pradesh),0.18930817610062894,0.18270440251572326,0.23018867924528302,0.2720125786163522,0.7150943396226415,0.016673150669704886,0.0065713346952186395,0.002375958609818832,15.389238182063266
IND828401AAB,0,1,0.0,0.0,0.0,1263,6.0,6.0,245.0,1479.0,0.0,0.0,0.0,6.0,3.0,122.5,Gomoh_KhsmiDPP_D (Jharkhand),0.18930817610062894,0.18270440251572326,0.23018867924528302,0.24654088050314465,0.7150943396226415,0.016673150669704886,0.005833250001190459,0.002345554410508517,15.387717972097754
IND400052AAA,1,0,0.0,0.0,0.0,1263,0.0,0.0,0.0,0.0,6.0,6.0,244.0,6.0,3.0,122.0,Mumbai_Khar West _Dc (Maharashtra),0.18930817610062894,0.18270440251572326,0.23018867924528302,0.24559748427672956,0.7150943396226415,0.016673150669704886,0.005809440817512131,0.0023445736298856037,15.387668933066607
IND625532AAA,0,2,0.0,0.0,0.0,27,6.0,6.0,203.0,63.0,0.0,0.0,0.0,6.0,3.0,101.5,Usilampatti_MrutiNGR_D (Tamil Nadu),0.18930817610062894,0.18270440251572326,0.23018867924528302,0.20974842767295598,0.7150943396226415,0.016673150669704886,0.004833264286700666,0.0023043616243461546,15.385658332789633
IND804452AAA,0,1,0.0,0.0,0.0,6,6.0,6.0,152.0,121.0,0.0,0.0,0.0,6.0,3.0,76.0,Masaurhi_Blockrd_D (Bihar),0.18930817610062894,0.18270440251572326,0.23018867924528302,0.17169811320754716,0.7150943396226415,0.016673150669704886,0.0036189959191059175,0.002254341812577572,15.383157342201203
IND736101AAA,1,0,0.0,0.0,0.0,5,0.0,0.0,0.0,0.0,6.0,6.0,149.0,6.0,3.0,74.5,CoochBehar_Psthrjhr_D (West Bengal),0.18930817610062894,0.18270440251572326,0.23018867924528302,0.16761006289308175,0.7150943396226415,0.016673150669704886,0.0035475683680709323,0.0022513994707088316,15.383010225107768
IND421302AAF,1,1,0.0,0.0,0.0,1263,5.0,5.0,87.0,643.0,1.0,1.0,55.0,6.0,3.0,71.0,Mumbai_Kalyan (Maharashtra),0.18930817610062894,0.18270440251572326,0.23018867924528302,0.1591194968553459,0.7150943396226415,0.016673150669704886,0.0033809040823226336,0.002244534006348438,15.382666951889748
IND231208AAA,0,1,0.0,0.0,0.0,7,6.0,6.0,132.0,231.0,0.0,0.0,0.0,6.0,3.0,66.0,Duddhi_MChwkDPP_D (Uttar Pradesh),0.18930817610062894,0.18270440251572326,0.23018867924528302,0.1481132075471698,0.7150943396226415,0.016673150669704886,0.0031428122455393493,0.002234726200119304,15.382176561578293
IND201001AAA,1,1,0.0,0.0,0.0,1263,4.0,4.0,115.0,94.0,2.0,2.0,15.0,6.0,3.0,65.0,Ghaziabad_Patel Nagar (Uttar Pradesh),0.18930817610062894,0.18270440251572326,0.23018867924528302,0.14433962264150943,0.7150943396226415,0.016673150669704886,0.003095193878182693,0.0022327646388734775,15.382078483515999
IND303108AAB,0,1,0.0,0.0,0.0,1263,6.0,6.0,120.0,171.0,0.0,0.0,0.0,6.0,3.0,60.0,Kotputli_LXngrDPP_D (Rajasthan),0.18930817610062894,0.18270440251572326,0.23018867924528302,0.13679245283018868,0.7150943396226415,0.016673150669704886,0.0028571020413994085,0.0022229568326443436,15.381588093204543
IND492001AAB,0,1,0.0,0.0,0.0,2,6.0,6.0,107.0,1259.0,0.0,0.0,0.0,6.0,3.0,53.5,Raipur_Katora_IP (Chhattisgarh),0.18930817610062894,0.18270440251572326,0.23018867924528302,0.12358490566037736,0.7150943396226415,0.016673150669704886,0.0025475826535811394,0.0022102066845464696,15.38095058579965
IND492007AAA,1,0,0.0,0.0,0.0,2,0.0,0.0,0.0,0.0,6.0,6.0,107.0,6.0,3.0,53.5,Raipur_Central_D_5 (Chhattisgarh),0.18930817610062894,0.18270440251572326,0.23018867924528302,0.12358490566037736,0.7150943396226415,0.016673150669704886,0.0025475826535811394,0.0022102066845464696,15.38095058579965
IND335703AAA,1,1,0.0,0.0008124178665352003,0.5,1263,4.0,2.0,42.0,50.0,4.0,2.0,33.0,8.0,2.0,37.5,Srivijaynagar_BhwanDPP_D (Rajasthan),0.18930817610062894,0.669496855345912,0.2921383647798742,0.07861635220125786,0.13364779874213836,0.011115433779803258,0.0017856887758746303,0.001477067318648329,15.326998020020465
IND341030AAA,1,1,0.0,0.004026818508226425,0.5,1263,2.0,2.0,43.0,14.0,1.0,1.0,19.0,3.0,1.5,31.0,Tarnau_BsstdDPP_D (Rajasthan),0.18930817610062894,0.929559748427673,0.11949685534591195,0.06415094339622641,0.13364779874213836,0.008336575334852443,0.0014761693880563612,0.0011134399775679985,15.319822942274627
IND686507AAA,1,2,0.0,3.1704111864788306e-06,0.5,1263,11.0,11.0,144.0,260.0,1.0,1.0,18.0,12.0,6.0,81.0,Parakkdavu_KeRoad_D (Kerala),0.18930817610062894,0.4349056603773585,0.4380503144654088,0.18238993710691823,0.13364779874213836,0.03334630133940977,0.0038570877558892014,0.004369412776701442,15.314382588520607
IND504201AAA,1,1,1.981506991549269e-07,3.963013983098538e-07,0.5,1263,4.0,1.0,65.0,74.0,4.0,4.0,112.0,8.0,2.5,88.5,Chinnur_AsnsdhRD_D (Telangana),0.3808176100628931,0.3767295597484277,0.2921383647798742,0.19371069182389938,0.13364779874213836,0.01389429222475407,0.004214225511064128,0.0019279841351679504,15.294512414305567
IND815301AAA,1,3,0.000238144115267696,0.0,0.5,1263,5.0,5.0,563.0,185.0,2.0,2.0,89.0,7.0,3.5,326.0,Giridih_Shivalya_D (Jharkhand),0.5327044025157233,0.18270440251572326,0.26069182389937107,0.5440251572327044,0.13364779874213836,0.0194520091146557,0.01552358775827012,0.003095609317016723,15.219245874655869
IND673305AAA,1,1,0.0,2.377808389859123e-06,0.5,6,10.0,7.0,61.0,115.0,2.0,2.0,593.0,12.0,4.5,327.0,Koyilandy_Pshrikvu_D (Kerala),0.18930817610062894,0.42641509433962266,0.4380503144654088,0.5449685534591195,0.13364779874213836,0.025009726004557326,0.015571206125626777,0.0037993252642274616,15.200972552519548
IND181152AAA,3,1,0.00020409522012957473,0.0,0.8,1263,4.0,4.0,60.0,101.0,5.0,5.0,612.0,9.0,4.5,336.0,Jammu_TrnptNgr_L (Jammu & Kashmir),0.5251572327044025,0.18270440251572326,0.32578616352201256,0.5547169811320755,0.03742138364779874,0.025009726004557326,0.015999771431836687,0.003816979315439903,15.15625777080344
IND243503AAB,1,1,0.0,0.0,0.5,1263,7.0,7.0,1291.0,2348.0,9.0,9.0,401.0,16.0,8.0,846.0,Faridpur_ShjnprRD_D (Uttar Pradesh),0.18930817610062894,0.18270440251572326,0.5745283018867925,0.8176100628930818,0.13364779874213836,0.04446173511921303,0.04028513878373166,0.007273515901688753,14.984744977474374
IND673121AAA,1,1,0.0,0.0,1.0,1263,8.0,8.0,336.0,114.0,11.0,11.0,223.0,19.0,9.5,279.5,Kalpetta_Ward19_D (Kerala),0.18930817610062894,0.18270440251572326,0.6509433962264151,0.48050314465408805,0.017924528301886792,0.05279831045406547,0.013309333676185578,0.007214923034875251,14.970809044825522
IND305901AAA,1,1,0.0,0.0,0.5,1263,4.0,4.0,184.0,239.0,12.0,12.0,1207.0,16.0,8.0,695.5,Beawar_DC (Rajasthan),0.18930817610062894,0.18270440251572326,0.5745283018867925,0.7748427672955975,0.13364779874213836,0.04446173511921303,0.03311857449655481,0.006978300934191823,14.969984229099529
IND757037AAA,2,2,3.963013983098538e-07,7.926027966197076e-07,0.6,1263,6.0,6.0,1049.0,1461.0,2.0,2.0,138.0,8.0,4.0,593.5,Karanjia_Sarubali_D (Orissa),0.3940251572327044,0.3946540880503145,0.2921383647798742,0.7254716981132076,0.04748427672955975,0.022230867559606515,0.028261501026175816,0.003971204143257842,14.912396685150314
IND208017AAA,0,1,0.0,0.0,0.0,1263,5.0,5.0,1142.0,1589.0,0.0,0.0,0.0,5.0,2.5,571.0,Kanpur_Central_D_5 (Uttar Pradesh),0.18930817610062894,0.18270440251572326,0.19654088050314467,0.7182389937106918,0.7150943396226415,0.01389429222475407,0.027190087760651037,0.002874437436279371,14.909445142254219
IND798601AAA,1,1,0.0,0.0,0.0,1263,4.0,4.0,881.0,1636.0,1.0,1.0,232.0,5.0,2.5,556.5,Mokokchung_Central_D_1 (Nagaland),0.18930817610062894,0.18270440251572326,0.19654088050314467,0.7081761006289308,0.7150943396226415,0.01389429222475407,0.026499621433979513,0.0028459947982148823,14.908023010350997
IND201301AAD,1,1,0.0,0.0,0.0,1263,2.0,2.0,305.0,83.0,3.0,3.0,337.0,5.0,2.5,321.0,NOI_RPC (Delhi),0.18930817610062894,0.18270440251572326,0.19654088050314467,0.5386792452830189,0.7150943396226415,0.01389429222475407,0.015285495921486836,0.0023840471248226763,14.884925626681383
IND495677AAA,0,1,0.0,0.0,0.0,2,5.0,5.0,642.0,294.0,0.0,0.0,0.0,5.0,2.5,321.0,Korba_Tilknagr_DC (Chhattisgarh),0.18930817610062894,0.18270440251572326,0.19654088050314467,0.5386792452830189,0.7150943396226415,0.01389429222475407,0.015285495921486836,0.0023840471248226763,14.884925626681383
IND496001AAA,1,0,0.0,0.0,0.0,2,0.0,0.0,0.0,0.0,5.0,5.0,642.0,5.0,2.5,321.0,Raigarh_MithmdRd_D (Chhattisgarh),0.18930817610062894,0.18270440251572326,0.19654088050314467,0.5386792452830189,0.7150943396226415,0.01389429222475407,0.015285495921486836,0.0023840471248226763,14.884925626681383
IND534260AAC,1,1,0.0,0.0,0.0,1263,2.0,2.0,166.0,75.0,3.0,3.0,405.0,5.0,2.5,285.5,Palakollu_CroadDPP_D (Andhra Pradesh),0.18930817610062894,0.18270440251572326,0.19654088050314467,0.49056603773584906,0.7150943396226415,0.01389429222475407,0.013595043880325518,0.002314411700595826,14.881443855470042
IND641011AAA,0,1,0.0,0.0,0.0,19,5.0,5.0,477.0,230.0,0.0,0.0,0.0,5.0,2.5,238.5,Cjb_West_Dc (Tamil Nadu),0.18930817610062894,0.18270440251572326,0.19654088050314467,0.4327044025157233,0.7150943396226415,0.01389429222475407,0.01135698061456265,0.002222218322041967,14.876834186542348
IND411043AAA,1,1,0.0,0.0,0.0,1263,2.0,2.0,109.0,54.0,3.0,3.0,359.0,5.0,2.5,234.0,Pune Balaji Nagar (Maharashtra),0.18930817610062894,0.18270440251572326,0.19654088050314467,0.4261006289308176,0.7150943396226415,0.01389429222475407,0.011142697961457693,0.0022133912964357465,14.87639283526204
IND500008AAD,0,1,0.0,0.0,0.0,1263,5.0,5.0,461.0,1130.0,0.0,0.0,0.0,5.0,2.5,230.5,Hyderabad_Tolichwk_L (Telangana),0.18930817610062894,0.18270440251572326,0.19654088050314467,0.41949685534591197,0.7150943396226415,0.01389429222475407,0.010976033675709394,0.002206525832075353,14.876049562044019
IND721501AAC,0,1,0.0,0.0,0.0,1263,5.0,5.0,407.0,48.0,0.0,0.0,0.0,5.0,2.5,203.5,AmaDubi_Bulabeda_D (West Bengal),0.18930817610062894,0.18270440251572326,0.19654088050314467,0.3754716981132076,0.7150943396226415,0.01389429222475407,0.009690337757079661,0.00215356367843803,14.873401454362153
IND441206AAB,0,1,0.0,0.0,0.0,3,5.0,5.0,384.0,84.0,0.0,0.0,0.0,5.0,2.5,192.0,Brahmapuri_DhnliRth_D (Maharashtra),0.18930817610062894,0.18270440251572326,0.19654088050314467,0.3635220125786163,0.7150943396226415,0.01389429222475407,0.009142726532478107,0.002131005724111022,14.872273556645801
IND284001AAA,0,1,0.0,0.0,0.0,1263,5.0,5.0,311.0,158.0,0.0,0.0,0.0,5.0,2.5,155.5,Jhansi_LVMColge_D (Uttar Pradesh),0.18930817610062894,0.18270440251572326,0.19654088050314467,0.30377358490566037,0.7150943396226415,0.01389429222475407,0.007404656123960134,0.0020594087386383445,14.868693707372168
IND226004AAA,0,2,0.0,0.0,0.0,3,5.0,5.0,286.0,142.0,0.0,0.0,0.0,5.0,2.5,143.0,Lucknow_Hub (Uttar Pradesh),0.18930817610062894,0.18270440251572326,0.19654088050314467,0.2830188679245283,0.7150943396226415,0.01389429222475407,0.006809426532001924,0.00203488922306551,14.867467731593525
IND736165AAA,1,0,0.0,0.0,0.0,5,0.0,0.0,0.0,0.0,5.0,5.0,285.0,5.0,2.5,142.5,Pundibari_StatonRD_D (West Bengal),0.18930817610062894,0.18270440251572326,0.19654088050314467,0.2811320754716981,0.7150943396226415,0.01389429222475407,0.0067856173483235955,0.0020339084424425965,14.867418692562381
IND133004AAA,0,1,0.0,0.0,0.0,1263,5.0,5.0,177.0,257.0,0.0,0.0,0.0,5.0,2.5,88.5,Ambala (Haryana),0.18930817610062894,0.18270440251572326,0.19654088050314467,0.19371069182389938,0.7150943396226415,0.01389429222475407,0.004214225511064128,0.0019279841351679504,14.862122477198646
IND500035AAD,1,0,0.0,0.0,0.0,1263,0.0,0.0,0.0,0.0,5.0,5.0,152.0,5.0,2.5,76.0,Hyderabad_South_D_12 (Telangana),0.18930817610062894,0.18270440251572326,0.19654088050314467,0.17169811320754716,0.7150943396226415,0.01389429222475407,0.0036189959191059175,0.0019034646195951158,14.860896501420006
IND423301AAB,1,0,0.0,0.0,0.0,1263,0.0,0.0,0.0,0.0,5.0,5.0,93.0,5.0,2.5,46.5,Satana_ThrbadRD_D (Maharashtra),0.18930817610062894,0.18270440251572326,0.19654088050314467,0.10408805031446541,0.7150943396226415,0.01389429222475407,0.0022142540820845416,0.0018455985628432257,14.858003198582411
IND636352AAA,0,1,0.0,0.0,0.0,1263,5.0,5.0,79.0,53.0,0.0,0.0,0.0,5.0,2.5,39.5,Thoppur_HghsclRD_D (Tamil Nadu),0.18930817610062894,0.18270440251572326,0.19654088050314467,0.08553459119496855,0.7150943396226415,0.01389429222475407,0.001880925510587944,0.0018318676341224382,14.857316652146373
IND505001AAA,0,1,0.0,0.0,0.0,1263,5.0,5.0,74.0,159.0,0.0,0.0,0.0,5.0,2.5,37.0,Karimnagar_DC (Telangana),0.18930817610062894,0.18270440251572326,0.19654088050314467,0.0770440251572327,0.7150943396226415,0.01389429222475407,0.001761879592196302,0.0018269637310078712,14.857071456990646
IND676306AAA,0,1,0.0,0.0,0.0,5,5.0,5.0,59.0,36.0,0.0,0.0,0.0,5.0,2.5,29.5,Tirurangadi_Kooriyad_D (Kerala),0.18930817610062894,0.18270440251572326,0.19654088050314467,0.061635220125786164,0.7150943396226415,0.01389429222475407,0.001404741837021376,0.0018122520216641705,14.85633587152346
IND508277AAB,1,1,0.0,0.0,0.5,1263,7.0,7.0,66.0,37.0,9.0,0.0,37.0,16.0,3.5,51.5,Mothkur_Mainroad_D (Telangana),0.18930817610062894,0.18270440251572326,0.5745283018867925,0.11886792452830189,0.13364779874213836,0.0194520091146557,0.002452345918867826,0.002557160755037272,14.7489272201418
IND486001AAA,2,1,0.0,0.0008726556790782981,0.5,1263,2.0,2.0,173.0,92.0,3.0,3.0,961.0,5.0,2.5,567.0,Rewa_Dc (Madhya Pradesh),0.18930817610062894,0.7415094339622641,0.19654088050314467,0.7157232704402515,0.13364779874213836,0.01389429222475407,0.02699961429122441,0.002866591191296064,14.682637735665432
IND843126AAA,2,2,0.0,0.0,1.0,1263,9.0,9.0,675.0,3430.0,9.0,5.0,282.0,18.0,7.0,478.5,Saraiya_Wardno4_D (Bihar),0.18930817610062894,0.18270440251572326,0.6305031446540881,0.6584905660377358,0.017924528301886792,0.0389040182293114,0.022785388780160284,0.0058508877578825,14.59600350739098
IND124112AAA,1,2,0.0,0.00040759598816168466,0.6666666666666666,1263,5.0,5.0,199.0,127.0,5.0,5.0,615.0,10.0,5.0,407.0,Meham_GModDPP_D (Haryana),0.18930817610062894,0.5635220125786163,0.3632075471698113,0.6103773584905661,0.04213836477987421,0.02778858444950814,0.019380675514159323,0.00430712735687606,14.559695990485313
IND243201AAA,2,1,0.0004087848923566142,0.0,0.5,1263,2.0,2.0,86.0,52.0,2.0,2.0,154.0,4.0,2.0,120.0,Baheri_HoliCDPP_D (Uttar Pradesh),0.5940251572327044,0.18270440251572326,0.15943396226415094,0.24025157232704403,0.13364779874213836,0.011115433779803258,0.005714204082798817,0.001638896121429038,14.547353611102897
IND851204AAA,2,0,0.0,0.0,0.5,1263,0.0,0.0,0.0,0.0,15.0,15.0,1149.0,15.0,7.5,574.5,Khagaria_GodamDPP_D (Bihar),0.18930817610062894,0.18270440251572326,0.5411949685534592,0.7188679245283018,0.13364779874213836,0.041682876674262216,0.027356752046399337,0.006390074830464327,14.440572923913154
IND505467AAA,1,1,0.0,0.0,0.5,1263,7.0,7.0,206.0,268.0,8.0,8.0,188.0,15.0,7.5,197.0,Husnabad_Greenmkt_D (Telangana),0.18930817610062894,0.18270440251572326,0.5411949685534592,0.370440251572327,0.13364779874213836,0.041682876674262216,0.009380818369261391,0.005649585460164718,14.403548455398171
IND686513AAA,1,2,0.0,0.0,0.5,1263,5.0,5.0,224.0,51.0,10.0,10.0,127.0,15.0,7.5,175.5,Mundakayam_Central_D_1 (Kerala),0.18930817610062894,0.18270440251572326,0.5411949685534592,0.34088050314465407,0.13364779874213836,0.041682876674262216,0.00835702347109327,0.005607411893379442,14.401439777058908
IND591115AAB,1,1,0.0,0.00040918119375492405,0.5,1263,4.0,4.0,102.0,127.0,4.0,4.0,136.0,8.0,4.0,119.0,Kittur_ColageRD_D (Karnataka),0.18930817610062894,0.5688679245283019,0.2921383647798742,0.2380503144654088,0.13364779874213836,0.022230867559606515,0.00566658571544216,0.003040443332113036,14.398877512517602
IND482002AAA,1,1,0.0,0.0,0.0,1263,2.0,2.0,201.0,674.0,2.0,2.0,230.0,4.0,2.0,215.5,Jabalpur (Madhya Pradesh),0.18930817610062894,0.18270440251572326,0.15943396226415094,0.3940251572327044,0.7150943396226415,0.011115433779803258,0.010261758165359543,0.0018262252204054954,14.30043075787562
IND781003AAA,1,1,0.0,0.0,0.0,1263,3.0,3.0,219.0,149.0,1.0,1.0,112.0,4.0,2.0,165.5,Guwahati_Chandmari (Assam),0.18930817610062894,0.18270440251572326,0.15943396226415094,0.32075471698113206,0.7150943396226415,0.011115433779803258,0.007880839797526702,0.0017281471581141565,14.295526854761054
IND791125AAB,0,1,0.0,0.0,0.0,1263,4.0,4.0,324.0,106.0,0.0,0.0,0.0,4.0,2.0,162.0,Likabali_ZoomCDPP_D (Arunachal Pradesh),0.18930817610062894,0.18270440251572326,0.15943396226415094,0.31446540880503143,0.7150943396226415,0.011115433779803258,0.007714175511778403,0.0017212816937537626,14.295183581543034
IND226016AAA,1,0,0.0,0.0,0.0,3,0.0,0.0,0.0,0.0,4.0,4.0,264.0,4.0,2.0,132.0,Lucknow_Indira Nagar (Uttar Pradesh),0.18930817610062894,0.18270440251572326,0.15943396226415094,0.26352201257861635,0.7150943396226415,0.011115433779803258,0.006285624491078699,0.0016624348563789595,14.292241239674293
IND530026AAA,0,1,0.0,0.0,0.0,1263,4.0,4.0,247.0,89.0,0.0,0.0,0.0,4.0,2.0,123.5,Vizag_Gajuwaka (Andhra Pradesh),0.18930817610062894,0.18270440251572326,0.15943396226415094,0.24874213836477987,0.7150943396226415,0.011115433779803258,0.005880868368547116,0.0016457615857894319,14.291407576144818
IND473443AAA,0,1,0.0,0.0,0.0,1263,4.0,4.0,203.0,27.0,0.0,0.0,0.0,4.0,2.0,101.5,Mungaoli_AshkngRd_D (Madhya Pradesh),0.18930817610062894,0.18270440251572326,0.15943396226415094,0.20974842767295598,0.7150943396226415,0.011115433779803258,0.004833264286700666,0.0016026072383812427,14.289249858774408
IND841207AAB,2,0,0.0,0.0,0.0,3,0.0,0.0,0.0,0.0,4.0,4.0,193.0,4.0,2.0,96.5,Dighwara_SadarHPL_D (Bihar),0.18930817610062894,0.18270440251572326,0.15943396226415094,0.20157232704402517,0.7150943396226415,0.011115433779803258,0.004595172449917382,0.0015927994321521088,14.288759468462953
IND507167AAA,1,0,0.0,0.0,0.0,1263,0.0,0.0,0.0,0.0,4.0,4.0,182.0,4.0,2.0,91.0,Tallada_PtrlBunk_D (Telangana),0.18930817610062894,0.18270440251572326,0.15943396226415094,0.1968553459119497,0.7150943396226415,0.011115433779803258,0.00433327142945577,0.0015820108453000615,14.28822003912035
IND500018AAA,0,1,0.0,0.0,0.0,1263,4.0,4.0,180.0,222.0,0.0,0.0,0.0,4.0,2.0,90.0,Hyderabad_PndrgNgr_DC (Telangana),0.18930817610062894,0.18270440251572326,0.15943396226415094,0.1959119496855346,0.7150943396226415,0.011115433779803258,0.004285653062099113,0.0015800492840542348,14.288121961058058
IND202001AAC,0,1,0.0,0.0,0.0,1263,4.0,4.0,175.0,37.0,0.0,0.0,0.0,4.0,2.0,87.5,Aligarh_Central_D_2 (Uttar Pradesh),0.18930817610062894,0.18270440251572326,0.15943396226415094,0.19056603773584907,0.7150943396226415,0.011115433779803258,0.0041666071437074705,0.0015751453809396678,14.287876765902329
IND110083AAA,1,1,0.0,0.0,0.0,1263,1.0,1.0,33.0,102.0,3.0,3.0,119.0,4.0,2.0,76.0,Delhi_Mangol_DC (Delhi),0.18930817610062894,0.18270440251572326,0.15943396226415094,0.17169811320754716,0.7150943396226415,0.011115433779803258,0.0036189959191059175,0.00155258742661266,14.286748868185981
IND442001AAA,0,1,0.0,0.0,0.0,3,4.0,4.0,140.0,72.0,0.0,0.0,0.0,4.0,2.0,70.0,Wardha_RamaNgr_D (Maharashtra),0.18930817610062894,0.18270440251572326,0.15943396226415094,0.15723270440251572,0.7150943396226415,0.011115433779803258,0.0033332857149659767,0.001540818059137699,14.286160399812232
IND851112AAB,1,0,0.0,0.0,0.0,1263,0.0,0.0,0.0,0.0,4.0,4.0,136.0,4.0,2.0,68.0,Barauni_Wardno10_D (Bihar),0.18930817610062894,0.18270440251572326,0.15943396226415094,0.15251572327044025,0.7150943396226415,0.011115433779803258,0.003238048980252663,0.0015368949366460457,14.28596424368765
IND600016AAA,0,1,0.0,0.0,0.0,1263,4.0,4.0,128.0,83.0,0.0,0.0,0.0,4.0,2.0,64.0,Airport (Tamil Nadu),0.18930817610062894,0.18270440251572326,0.15943396226415094,0.14339622641509434,0.7150943396226415,0.011115433779803258,0.003047575510826036,0.0015290486916627385,14.285571931438485
IND203001AAA,0,1,0.0,0.0,0.0,1263,4.0,4.0,127.0,8.0,0.0,0.0,0.0,4.0,2.0,63.5,Bulndshahr_Ymunpurm_D (Uttar Pradesh),0.18930817610062894,0.18270440251572326,0.15943396226415094,0.14245283018867924,0.7150943396226415,0.011115433779803258,0.0030237663271477076,0.001528067911039825,14.285522892407338
IND144527AAA,0,1,0.0,0.0,0.0,1263,4.0,4.0,118.0,22.0,0.0,0.0,0.0,4.0,2.0,59.0,Garhshnker_Jagrata_D (Punjab),0.18930817610062894,0.18270440251572326,0.15943396226415094,0.13427672955974843,0.7150943396226415,0.011115433779803258,0.002809483674042752,0.0015192408854336045,14.285081541127026
IND602105AAB,1,0,0.0,0.0,0.0,1263,0.0,0.0,0.0,0.0,4.0,4.0,107.0,4.0,2.0,53.5,Chennai_Sriperumbudur_Dc (Tamil Nadu),0.18930817610062894,0.18270440251572326,0.15943396226415094,0.12358490566037736,0.7150943396226415,0.011115433779803258,0.0025475826535811394,0.0015084522985815572,14.284542111784424
IND500032AAA,0,1,0.0,0.0,0.0,1263,4.0,4.0,95.0,58.0,0.0,0.0,0.0,4.0,2.0,47.5,Hyd_Chandanagar_Dc (Telangana),0.18930817610062894,0.18270440251572326,0.15943396226415094,0.10911949685534592,0.7150943396226415,0.011115433779803258,0.0022618724494411985,0.0014966829311065966,14.283953643410676
IND673639AAA,2,0,0.0,0.0,0.0,5,0.0,0.0,0.0,0.0,4.0,4.0,86.0,4.0,2.0,43.0,Areacode_Puthalam_D (Kerala),0.18930817610062894,0.18270440251572326,0.15943396226415094,0.09528301886792453,0.7150943396226415,0.011115433779803258,0.002047589796336243,0.0014878559055003762,14.283512292130366
IND751014AAA,0,1,0.0,0.0,0.0,1263,4.0,4.0,85.0,135.0,0.0,0.0,0.0,4.0,2.0,42.5,Bhubaneswar_BjbNgr_DC (Orissa),0.18930817610062894,0.18270440251572326,0.15943396226415094,0.0930817610062893,0.7150943396226415,0.011115433779803258,0.0020237806126579146,0.0014868751248774627,14.28346325309922
IND636005AAA,0,2,0.0,0.0,0.0,5,4.0,4.0,80.0,386.0,0.0,0.0,0.0,4.0,2.0,40.0,Salem_Kadtmpty_H (Tamil Nadu),0.18930817610062894,0.18270440251572326,0.15943396226415094,0.08773584905660377,0.7150943396226415,0.011115433779803258,0.0019047346942662725,0.0014819712217628957,14.283218057943492
IND781001AAA,0,1,0.0,0.0,0.0,1263,4.0,3.0,227.0,253.0,0.0,0.0,0.0,4.0,1.5,113.5,Guwahati_UzanBazr_DC (Assam),0.18930817610062894,0.18270440251572326,0.15943396226415094,0.23081761006289309,0.7150943396226415,0.008336575334852443,0.005404684694980548,0.0012752687803487077,14.272882935872783
IND722202AAA,1,2,0.0,0.00040977564585238885,0.5,1263,4.0,4.0,75.0,29.0,3.0,3.0,214.0,7.0,3.5,144.5,Barjora_Central_DPP_1 (West Bengal),0.18930817610062894,0.60062893081761,0.26069182389937107,0.28836477987421383,0.13364779874213836,0.0194520091146557,0.006880854083036909,0.0027395859508991625,14.229746593142442
IND732139AAA,1,0,0.0,0.0,0.0,1263,0.0,0.0,0.0,0.0,4.0,0.0,0.0,4.0,0.0,0.0,Samsi_RatuaDPP_D (West Bengal),0.18930817610062894,0.18270440251572326,0.15943396226415094,0.0012578616352201257,0.7150943396226415,0.0,0.0,0.0,14.209119496855346
IND764020AAC,1,1,0.0,0.0016355358708247667,0.5,1263,1.0,1.0,15.0,7.0,1.0,1.0,496.0,2.0,1.0,255.5,Koraput_GhtimDPP_D (Orissa),0.18930817610062894,0.8575471698113207,0.07610062893081761,0.4506289308176101,0.13364779874213836,0.005557716889901629,0.012166492859625814,0.0012029332842736543,13.953228425219974
IND509324AAA,1,1,0.0,0.0,0.5,1263,7.0,7.0,302.0,86.0,7.0,7.0,245.0,14.0,7.0,273.5,Kalwakurthy_VidyaNGR_D (Telangana),0.18930817610062894,0.18270440251572326,0.5078616352201258,0.4742138364779874,0.13364779874213836,0.0389040182293114,0.013023623472045637,0.00544876770248801,13.893507567514341
IND843329AAB,1,1,0.0,0.0,0.5,1263,7.0,7.0,313.0,130.0,7.0,7.0,147.0,14.0,7.0,230.0,Sheohar_Ward9DPP_D (Bihar),0.18930817610062894,0.18270440251572326,0.5078616352201258,0.41823899371069184,0.13364779874213836,0.0389040182293114,0.010952224492031067,0.005363439788294545,13.889241171804667
IND363330AAB,1,1,0.0,0.0,0.5,1263,7.0,6.0,164.0,163.0,7.0,7.0,449.0,14.0,6.5,306.5,Halvad_CrossRD_D (Gujarat),0.18930817610062894,0.18270440251572326,0.5078616352201258,0.5220125786163522,0.13364779874213836,0.03612515978436059,0.014595029594815312,0.005162622030617838,13.87920028392083
IND641654AAA,1,1,0.0,0.0,0.5,19,7.0,7.0,87.0,58.0,7.0,7.0,131.0,14.0,7.0,109.0,Avinashi_Valluvar_D (Tamil Nadu),0.18930817610062894,0.18270440251572326,0.5078616352201258,0.2248427672955975,0.13364779874213836,0.0389040182293114,0.005190402041875593,0.005126090877549505,13.877373726267415
IND142401AAA,2,1,0.0,0.0,0.5,1263,5.0,5.0,88.0,304.0,9.0,8.0,305.0,14.0,6.5,196.5,Khanna_DC (Punjab),0.18930817610062894,0.18270440251572326,0.5078616352201258,0.36981132075471695,0.13364779874213836,0.03612515978436059,0.009357009185583062,0.004946850293576892,13.868411697068783
IND761200AAA,1,1,0.0,0.0,0.5,1263,7.0,7.0,392.0,46.0,7.0,5.0,318.0,14.0,6.0,355.0,Paralakhemundi_Ward14_D (Orissa),0.18930817610062894,0.18270440251572326,0.5078616352201258,0.5707547169811321,0.13364779874213836,0.03334630133940977,0.016904520411613166,0.00490688055805798,13.866413210292839
IND370110AAA,1,2,0.0,0.0,1.0,1263,11.0,11.0,407.0,768.0,5.0,5.0,1154.0,16.0,8.0,780.5,Anjar_DC (Gujarat),0.18930817610062894,0.18270440251572326,0.5745283018867925,0.7987421383647799,0.017924528301886792,0.04446173511921303,0.03716613572187064,0.007145033640087099,13.821088159991776
IND483225AAA,1,1,0.0,0.0008183623875098481,0.5,1263,2.0,2.0,75.0,3.0,2.0,2.0,78.0,4.0,2.0,76.5,Sihora_KtnRdDPP_D (Madhya Pradesh),0.18930817610062894,0.7147798742138365,0.15943396226415094,0.17452830188679244,0.13364779874213836,0.011115433779803258,0.003642805102784246,0.0015535682072355733,13.793087215393227
IND757025AAA,1,1,0.0,0.00040977564585238885,0.5,1263,2.0,2.0,46.0,50.0,4.0,4.0,98.0,6.0,3.0,72.0,Betnoti_MhliaDPP_D (Orissa),0.18930817610062894,0.60062893081761,0.23018867924528302,0.1610062893081761,0.13364779874213836,0.016673150669704886,0.00342852244967929,0.002246495567594265,13.747544904165876
IND282005AAA,1,0,0.0,0.0,0.0,1263,0.0,0.0,0.0,0.0,3.0,3.0,1448.0,3.0,1.5,724.0,Agra (Uttar Pradesh),0.18930817610062894,0.18270440251572326,0.11949685534591195,0.7814465408805031,0.7150943396226415,0.008336575334852443,0.03447569796621953,0.002472801920925956,13.73370298912806
IND331507AAA,0,1,0.0,0.0,0.0,1263,3.0,3.0,694.0,66.0,0.0,0.0,0.0,3.0,1.5,347.0,Sujangarh_JngidDPP_D (Rajasthan),0.18930817610062894,0.18270440251572326,0.11949685534591195,0.5657232704402516,0.7150943396226415,0.008336575334852443,0.016523573472759914,0.0017332933312492606,13.696727559644225
IND207123AAA,1,1,0.0,0.0,0.0,1263,1.0,1.0,362.0,66.0,2.0,2.0,168.0,3.0,1.5,265.0,Kasganj_BnkrGate_D (Uttar Pradesh),0.18930817610062894,0.18270440251572326,0.11949685534591195,0.4606918238993711,0.7150943396226415,0.008336575334852443,0.012618867349514054,0.0015724453090914647,13.688685158536334
IND311301AAA,0,1,0.0,0.0,0.0,1263,3.0,3.0,376.0,78.0,0.0,0.0,0.0,3.0,1.5,188.0,Asind_BsStdDPP_D (Rajasthan),0.18930817610062894,0.18270440251572326,0.11949685534591195,0.35691823899371067,0.7150943396226415,0.008336575334852443,0.008952253063051481,0.0014214050931628027,13.681133147739901
IND470227AAB,1,0,0.0,0.0,0.0,1263,0.0,0.0,0.0,0.0,3.0,3.0,277.0,3.0,1.5,138.5,Rehli_Ward7DPP_D (Madhya Pradesh),0.18930817610062894,0.18270440251572326,0.11949685534591195,0.2738993710691824,0.7150943396226415,0.008336575334852443,0.006595143878896968,0.0013243078114943772,13.676278283656481
IND734214AAB,0,1,0.0,0.0,0.0,3,3.0,3.0,235.0,39.0,0.0,0.0,0.0,3.0,1.5,117.5,Mirik_WardNo3_D (West Bengal),0.18930817610062894,0.18270440251572326,0.11949685534591195,0.23647798742138365,0.7150943396226415,0.008336575334852443,0.005595158164407175,0.0012831150253320147,13.674218644348363
IND734203AAA,1,0,0.0,0.0,0.0,3,0.0,0.0,0.0,0.0,3.0,3.0,205.0,3.0,1.5,102.5,Kurseong_ABPath_D (West Bengal),0.18930817610062894,0.18270440251572326,0.11949685534591195,0.2128930817610063,0.7150943396226415,0.008336575334852443,0.004880882654057323,0.0012536916066446132,13.672747473413994
IND841101AAA,0,1,0.0,0.0,0.0,3,3.0,3.0,164.0,97.0,0.0,0.0,0.0,3.0,1.5,82.0,Sonepur_Sabalpur_D (Bihar),0.18930817610062894,0.18270440251572326,0.11949685534591195,0.18490566037735848,0.7150943396226415,0.008336575334852443,0.0039047061232458584,0.0012134796011051643,13.67073687313702
IND600004AAA,1,1,0.0,0.0,0.0,1263,2.0,2.0,130.0,310.0,1.0,1.0,19.0,3.0,1.5,74.5,Chennai_Mylapore (Tamil Nadu),0.18930817610062894,0.18270440251572326,0.11949685534591195,0.16761006289308175,0.7150943396226415,0.008336575334852443,0.0035475683680709323,0.0011987678917614634,13.670001287669836
IND758035AAA,1,1,0.0,0.0,0.0,1263,1.0,1.0,35.0,14.0,2.0,2.0,100.0,3.0,1.5,67.5,Barbil_PunjbiPd_D (Orissa),0.18930817610062894,0.18270440251572326,0.11949685534591195,0.15157232704402515,0.7150943396226415,0.008336575334852443,0.0032142397965743345,0.0011850369630406758,13.669314741233796
IND411048AAA,1,1,0.0,0.0,0.0,1263,1.0,1.0,64.0,64.0,2.0,2.0,67.0,3.0,1.5,65.5,Pune_East_D_8 (Maharashtra),0.18930817610062894,0.18270440251572326,0.11949685534591195,0.14622641509433962,0.7150943396226415,0.008336575334852443,0.003119003061861021,0.0011811138405490224,13.669118585109214
IND160002AAD,1,0,0.0,0.0,0.0,1263,0.0,0.0,0.0,0.0,3.0,3.0,126.0,3.0,1.5,63.0,Chandigarh_Mehmdpur_P (Punjab),0.18930817610062894,0.18270440251572326,0.11949685534591195,0.14150943396226415,0.7150943396226415,0.008336575334852443,0.002999957143469379,0.0011762099374344555,13.668873389953484
IND695012AAB,0,1,0.0,0.0,0.0,1263,3.0,3.0,118.0,792.0,0.0,0.0,0.0,3.0,1.5,59.0,Trivandrum_Mnanthla_D (Kerala),0.18930817610062894,0.18270440251572326,0.11949685534591195,0.13427672955974843,0.7150943396226415,0.008336575334852443,0.002809483674042752,0.0011683636924511482,13.66848107770432
IND201005AAA,1,1,0.0,0.0,0.0,1263,1.0,1.0,32.0,19.0,2.0,2.0,79.0,3.0,1.5,55.5,Ghaziabad_RjndrNgr_DC (Uttar Pradesh),0.18930817610062894,0.18270440251572326,0.11949685534591195,0.12861635220125786,0.7150943396226415,0.008336575334852443,0.002642819388294453,0.0011614982280907546,13.6681378044863
IND733124AAA,1,0,0.0,0.0,0.0,1263,0.0,0.0,0.0,0.0,3.0,3.0,104.0,3.0,1.5,52.0,Gangarmpur_KhdimDPP_D (West Bengal),0.18930817610062894,0.18270440251572326,0.11949685534591195,0.12012578616352201,0.7150943396226415,0.008336575334852443,0.002476155102546154,0.001154632763730361,13.66779453126828
IND272207AAB,0,1,0.0,0.0,0.0,2,3.0,3.0,102.0,36.0,0.0,0.0,0.0,3.0,1.5,51.0,Naugarh_Central_D_1 (Uttar Pradesh),0.18930817610062894,0.18270440251572326,0.11949685534591195,0.1179245283018868,0.7150943396226415,0.008336575334852443,0.002428536735189497,0.001152671202484534,13.667696453205988
IND272153AAC,1,0,0.0,0.0,0.0,2,0.0,0.0,0.0,0.0,3.0,3.0,102.0,3.0,1.5,51.0,Bansi_GangDPP_D (Uttar Pradesh),0.18930817610062894,0.18270440251572326,0.11949685534591195,0.1179245283018868,0.7150943396226415,0.008336575334852443,0.002428536735189497,0.001152671202484534,13.667696453205988
IND770017AAB,1,0,0.0,0.0,0.0,3,0.0,0.0,0.0,0.0,3.0,3.0,90.0,3.0,1.5,45.0,Rajgangpur_Central_D_2 (Orissa),0.18930817610062894,0.18270440251572326,0.11949685534591195,0.09968553459119497,0.7150943396226415,0.008336575334852443,0.0021428265310495563,0.0011409018350095734,13.667107984832242
IND222125AAB,1,0,0.0,0.0,0.0,4,0.0,0.0,0.0,0.0,3.0,3.0,88.0,3.0,1.5,44.0,Badlapur_Bhaluahi_D (Uttar Pradesh),0.18930817610062894,0.18270440251572326,0.11949685534591195,0.09811320754716982,0.7150943396226415,0.008336575334852443,0.0020952081636929,0.0011389402737637467,13.66700990676995
IND321408AAB,0,1,0.0,0.0,0.0,1263,3.0,3.0,86.0,80.0,0.0,0.0,0.0,3.0,1.5,43.0,Weir_BsstdDPP_D (Rajasthan),0.18930817610062894,0.18270440251572326,0.11949685534591195,0.09528301886792453,0.7150943396226415,0.008336575334852443,0.002047589796336243,0.00113697871251792,13.66691182870766
IND276128AAA,0,1,0.0,0.0,0.0,4,3.0,3.0,76.0,100.0,0.0,0.0,0.0,3.0,1.5,38.0,Azamgarh_ChtwrDPP_D (Uttar Pradesh),0.18930817610062894,0.18270440251572326,0.11949685534591195,0.08113207547169811,0.7150943396226415,0.008336575334852443,0.0018094979595529588,0.001127170906288786,13.6664214383962
IND500035AAA,1,1,0.0,0.0,0.0,1263,1.0,1.0,21.0,19.0,2.0,2.0,54.0,3.0,1.5,37.5,Hyd_LB-Nagar_Dc (Telangana),0.18930817610062894,0.18270440251572326,0.11949685534591195,0.07861635220125786,0.7150943396226415,0.008336575334852443,0.0017856887758746303,0.0011261901256658727,13.666372399365056
IND441603AAA,1,0,0.0,0.0,0.0,3,0.0,0.0,0.0,0.0,3.0,3.0,68.0,3.0,1.5,34.0,Chamorshi_Central_DPP_1 (Maharashtra),0.18930817610062894,0.18270440251572326,0.11949685534591195,0.07169811320754717,0.7150943396226415,0.008336575334852443,0.0016190244901263316,0.0011193246613054788,13.666029126147036
IND638052AAA,1,0,0.0,0.0,0.0,3,0.0,0.0,0.0,0.0,3.0,3.0,59.0,3.0,1.5,29.5,Perundurai_Viveka_DC (Tamil Nadu),0.18930817610062894,0.18270440251572326,0.11949685534591195,0.061635220125786164,0.7150943396226415,0.008336575334852443,0.001404741837021376,0.0011104976356992584,13.665587774866724
IND242001AAA,1,0,0.0,0.0,0.0,1263,0.0,0.0,0.0,0.0,3.0,3.0,55.0,3.0,1.5,27.5,Shahjhnpur_NavdaCln_D (Uttar Pradesh),0.18930817610062894,0.18270440251572326,0.11949685534591195,0.057547169811320756,0.7150943396226415,0.008336575334852443,0.0013095051023080623,0.0011065745132076048,13.665391618742143
IND403002AAA,1,0,0.0,0.0,0.0,6,0.0,0.0,0.0,0.0,3.0,3.0,39.0,3.0,1.5,19.5,Central Goa (Goa),0.18930817610062894,0.18270440251572326,0.11949685534591195,0.04182389937106918,0.7150943396226415,0.008336575334852443,0.0009285581634548077,0.0010908820232409906,13.664606994243812
IND679329AAA,0,1,0.0,0.0,0.0,5,3.0,3.0,38.0,15.0,0.0,0.0,0.0,3.0,1.5,19.0,Nilambur_StteHW28_D (Kerala),0.18930817610062894,0.18270440251572326,0.11949685534591195,0.040566037735849055,0.7150943396226415,0.008336575334852443,0.0009047489797764794,0.0010899012426180772,13.664557955212667
IND110087AAA,1,0,0.0,0.0,0.0,1263,0.0,0.0,0.0,0.0,3.0,2.0,45.0,3.0,1.0,22.5,Delhi_Paschim_DC (Delhi),0.18930817610062894,0.18270440251572326,0.11949685534591195,0.04622641509433962,0.7150943396226415,0.005557716889901629,0.0010714132655247782,0.0007458895139960148,13.647357368781563
IND147105AAA,2,2,0.0,0.0,1.0,1263,7.0,7.0,3677.0,1571.0,8.0,8.0,287.0,15.0,7.5,1982.0,Patran_MheshNGR_D (Punjab),0.18930817610062894,0.18270440251572326,0.5411949685534592,0.9207547169811321,0.017924528301886792,0.041682876674262216,0.0943796041008938,0.009150972283965518,13.421385092185695
IND262501AAA,1,1,0.0,0.0,0.5,1263,5.0,5.0,1099.0,132.0,8.0,8.0,937.0,13.0,6.5,1018.0,Pithorgarh_Kumud_D (Uttarakhand),0.18930817610062894,0.18270440251572326,0.47232704402515724,0.8452830188679246,0.13364779874213836,0.03612515978436059,0.04847549796907663,0.0065582728570235905,13.415963957316587
IND733134AAA,1,1,0.0,0.0008239106070861861,0.5,1263,1.0,1.0,11.0,41.0,2.0,2.0,39.0,3.0,1.5,25.0,Raiganj_SubrtDPP_D (West Bengal),0.18930817610062894,0.7371069182389937,0.11949685534591195,0.05377358490566038,0.13364779874213836,0.008336575334852443,0.0011904591839164203,0.0011016706100930378,13.394706172014088
IND132103AAB,1,1,0.0,0.000403831124877741,0.5,1263,5.0,5.0,625.0,601.0,2.0,2.0,494.0,7.0,3.5,559.5,Panipat_PC (Haryana),0.18930817610062894,0.5116352201257862,0.26069182389937107,0.710062893081761,0.13364779874213836,0.0194520091146557,0.026642476536049484,0.003553633867917276,13.38051188207511
IND813203AAA,2,0,0.0,0.0,0.5,3,0.0,0.0,0.0,0.0,13.0,13.0,1260.0,13.0,6.5,630.0,Kahalgaon_NdiaTola_D (Bihar),0.18930817610062894,0.18270440251572326,0.47232704402515724,0.7452830188679245,0.13364779874213836,0.03612515978436059,0.02999957143469379,0.005797187093642801,13.377909669147547
IND321022AAA,1,1,0.0,0.0,0.5,1263,7.0,7.0,1190.0,185.0,6.0,5.0,96.0,13.0,6.0,643.0,Kaman_BsstdDPP_D (Rajasthan),0.18930817610062894,0.18270440251572326,0.47232704402515724,0.7528301886792453,0.13364779874213836,0.03334630133940977,0.030618610210330327,0.005471810196856092,13.361640824308212
IND813102AAA,0,2,0.0,0.0,0.5,3,13.0,13.0,737.0,399.0,0.0,0.0,0.0,13.0,6.5,368.5,Banka_Wardno6_D (Bihar),0.18930817610062894,0.18270440251572326,0.47232704402515724,0.5827044025157233,0.13364779874213836,0.03612515978436059,0.017547368370928036,0.005284238827859098,13.352262255858363
IND431203AAA,1,2,0.0,0.0,1.0,1263,6.0,6.0,268.0,328.0,9.0,9.0,748.0,15.0,7.5,508.0,Jalna_BhgyaNgr_D (Maharashtra),0.18930817610062894,0.18270440251572326,0.5411949685534592,0.6811320754716981,0.017924528301886792,0.041682876674262216,0.02419013061718166,0.006259631007616846,13.276818028368261
IND695582AAA,0,2,0.0,0.0,0.5,1263,13.0,4.0,117.0,298.0,0.0,0.0,0.0,13.0,2.0,58.5,Kazhakkoottam_Rdiosttn_D (Kerala),0.18930817610062894,0.18270440251572326,0.47232704402515724,0.1330188679245283,0.13364779874213836,0.011115433779803258,0.0027856744903644232,0.0015182601048106912,13.163963319705942
IND671315AAA,0,1,0.0,0.0,0.0,1263,2.0,2.0,1095.0,398.0,0.0,0.0,0.0,2.0,1.0,547.5,Kanhangad_Arangadi_D (Kerala),0.18930817610062894,0.18270440251572326,0.07610062893081761,0.7037735849056603,0.7150943396226415,0.005557716889901629,0.026071056127769603,0.0017757091680550734,13.047904955258103
IND331304AAA,0,1,0.0,0.0,0.0,1263,2.0,2.0,665.0,93.0,0.0,0.0,0.0,2.0,1.0,332.5,Taranagar_RajRdDPP_D (Rajasthan),0.18930817610062894,0.18270440251572326,0.07610062893081761,0.5509433962264151,0.7150943396226415,0.005557716889901629,0.01583310714608839,0.0013539735002023163,13.026818171865465
IND262405AAA,0,1,0.0,0.0,0.0,1263,2.0,2.0,532.0,918.0,0.0,0.0,0.0,2.0,1.0,266.0,Sitarganj_SidculRd_D (Uttarakhand),0.18930817610062894,0.18270440251572326,0.07610062893081761,0.4619496855345912,0.7150943396226415,0.005557716889901629,0.012666485716870712,0.0012235296773548355,13.02029598072309
IND396191AAB,0,1,0.0,0.0,0.0,1263,2.0,2.0,287.0,187.0,0.0,0.0,0.0,2.0,1.0,143.5,Vapi_IndEstat_L (Gujarat),0.18930817610062894,0.18270440251572326,0.07610062893081761,0.28553459119496855,0.7150943396226415,0.005557716889901629,0.006833235715680252,0.000983238424741055,13.008281418092402
IND306116AAA,0,1,0.0,0.0,0.0,2,2.0,2.0,215.0,40.0,0.0,0.0,0.0,2.0,1.0,107.5,Falna_SbhRDDPP_D (Rajasthan),0.18930817610062894,0.18270440251572326,0.07610062893081761,0.2210691823899371,0.7150943396226415,0.005557716889901629,0.005118974490840607,0.000912622219891291,13.004750607849914
IND306001AAA,1,0,0.0,0.0,0.0,2,0.0,0.0,0.0,0.0,2.0,2.0,215.0,2.0,1.0,107.5,MarwarJn_SndbrDPP_D (Rajasthan),0.18930817610062894,0.18270440251572326,0.07610062893081761,0.2210691823899371,0.7150943396226415,0.005557716889901629,0.005118974490840607,0.000912622219891291,13.004750607849914
IND332709AAA,1,0,0.0,0.0,0.0,4,0.0,0.0,0.0,0.0,2.0,2.0,215.0,2.0,1.0,107.5,Khandela_PlsrdDPP_D (Rajasthan),0.18930817610062894,0.18270440251572326,0.07610062893081761,0.2210691823899371,0.7150943396226415,0.005557716889901629,0.005118974490840607,0.000912622219891291,13.004750607849914
IND461001AAA,1,0,0.0,0.0,0.0,1263,0.0,0.0,0.0,0.0,2.0,2.0,154.0,2.0,1.0,77.0,Hoshangabad_MnRDDPP_D (Madhya Pradesh),0.18930817610062894,0.18270440251572326,0.07610062893081761,0.17672955974842766,0.7150943396226415,0.005557716889901629,0.0036666142864625745,0.0008527946018935743,13.001759226950027
IND620012AAA,2,0,0.0,0.0,0.0,10,0.0,0.0,0.0,0.0,2.0,2.0,153.0,2.0,1.0,76.5,Tiruchi_Manikndm_H (Tamil Nadu),0.18930817610062894,0.18270440251572326,0.07610062893081761,0.17452830188679244,0.7150943396226415,0.005557716889901629,0.003642805102784246,0.0008518138212706608,13.00171018791888
IND400706AAA,1,1,0.0,0.0,0.0,1263,1.0,1.0,45.0,30.0,1.0,1.0,76.0,2.0,1.0,60.5,Mumbai_Nerul_D (Maharashtra),0.18930817610062894,0.18270440251572326,0.07610062893081761,0.1380503144654088,0.7150943396226415,0.005557716889901629,0.002880911225077737,0.0008204288413374324,13.00014093892222
IND560066AAB,1,0,0.0,0.0,0.0,1263,0.0,0.0,0.0,0.0,2.0,2.0,116.0,2.0,1.0,58.0,Bengaluru_Whitefld_L (Karnataka),0.18930817610062894,0.18270440251572326,0.07610062893081761,0.13144654088050314,0.7150943396226415,0.005557716889901629,0.002761865306686095,0.0008155249382228655,12.99989574376649
IND331023AAA,1,0,0.0,0.0,0.0,1263,0.0,0.0,0.0,0.0,2.0,2.0,111.0,2.0,1.0,55.5,Rajgarh_SadulDPP_D (Rajasthan),0.18930817610062894,0.18270440251572326,0.07610062893081761,0.12861635220125786,0.7150943396226415,0.005557716889901629,0.002642819388294453,0.0008106210351082985,12.999650548610763
IND783370AAB,0,1,0.0,0.0,0.0,1263,2.0,2.0,106.0,80.0,0.0,0.0,0.0,2.0,1.0,53.0,Kokrajhar_HplrdDPP_D (Assam),0.18930817610062894,0.18270440251572326,0.07610062893081761,0.1220125786163522,0.7150943396226415,0.005557716889901629,0.002523773469902811,0.0008057171319937315,12.999405353455035
IND122015AAC,1,0,0.0,0.0,0.0,1263,0.0,0.0,0.0,0.0,2.0,2.0,100.0,2.0,1.0,50.0,IND122015AAC,0.18930817610062894,0.18270440251572326,0.07610062893081761,0.11572327044025157,0.7150943396226415,0.005557716889901629,0.0023809183678328407,0.0007998324482562512,12.99911111926816
IND160003AAA,1,1,0.0,0.0,0.0,1263,1.0,1.0,68.0,382.0,1.0,1.0,31.0,2.0,1.0,49.5,Chandigarh (Chandigarh),0.18930817610062894,0.18270440251572326,0.07610062893081761,0.11509433962264151,0.7150943396226415,0.005557716889901629,0.002357109184154512,0.0007988516676333379,12.999062080237014
IND394221AAA,1,0,0.0,0.0,0.0,1263,0.0,0.0,0.0,0.0,2.0,2.0,97.0,2.0,1.0,48.5,Surat_Pandesra_Gateway (Gujarat),0.18930817610062894,0.18270440251572326,0.07610062893081761,0.11289308176100629,0.7150943396226415,0.005557716889901629,0.0023094908167978555,0.0007968901063875111,12.998964002174723
IND176215AAA,0,1,0.0,0.0,0.0,1263,2.0,2.0,84.0,124.0,0.0,0.0,0.0,2.0,1.0,42.0,Dharamshala_GrudwrRd_D (Himachal Pradesh),0.18930817610062894,0.18270440251572326,0.07610062893081761,0.09150943396226414,0.7150943396226415,0.005557716889901629,0.001999971428979586,0.000784139958289637,12.99832649476983
IND176001AAA,1,0,0.0,0.0,0.0,3,0.0,0.0,0.0,0.0,2.0,2.0,83.0,2.0,1.0,41.5,Kangra_Gurkhari_D (Himachal Pradesh),0.18930817610062894,0.18270440251572326,0.07610062893081761,0.08993710691823899,0.7150943396226415,0.005557716889901629,0.0019761622453012577,0.0007831591776667236,12.998277455738686
IND768216AAA,0,1,0.0,0.0,0.0,3,2.0,2.0,79.0,19.0,0.0,0.0,0.0,2.0,1.0,39.5,Brajrajnagar_LamtiDPP_D (Orissa),0.18930817610062894,0.18270440251572326,0.07610062893081761,0.08553459119496855,0.7150943396226415,0.005557716889901629,0.001880925510587944,0.0007792360551750701,12.9980812996141
IND304001AAA,1,0,0.0,0.0,0.0,18,0.0,0.0,0.0,0.0,2.0,2.0,78.0,2.0,1.0,39.0,Tonk_DC (Rajasthan),0.18930817610062894,0.18270440251572326,0.07610062893081761,0.08364779874213836,0.7150943396226415,0.005557716889901629,0.0018571163269096155,0.0007782552745521567,12.998032260582956
IND110093AAA,1,1,0.0,0.0,0.0,1263,1.0,1.0,40.0,30.0,1.0,1.0,36.0,2.0,1.0,38.0,Delhi_Shahdara (Delhi),0.18930817610062894,0.18270440251572326,0.07610062893081761,0.08113207547169811,0.7150943396226415,0.005557716889901629,0.0018094979595529588,0.00077629371330633,12.997934182520666
IND560027AAA,0,1,0.0,0.0,0.0,2,2.0,2.0,64.0,178.0,0.0,0.0,0.0,2.0,1.0,32.0,Blr_Domlur (Karnataka),0.18930817610062894,0.18270440251572326,0.07610062893081761,0.06729559748427673,0.7150943396226415,0.005557716889901629,0.001523787755413018,0.0007645243458313692,12.997345714146915
IND560099AAA,1,0,0.0,0.0,0.0,2,0.0,0.0,0.0,0.0,2.0,2.0,64.0,2.0,1.0,32.0,Bengaluru_Bomsndra_PC (Karnataka),0.18930817610062894,0.18270440251572326,0.07610062893081761,0.06729559748427673,0.7150943396226415,0.005557716889901629,0.001523787755413018,0.0007645243458313692,12.997345714146915
IND122002AAD,0,1,0.0,0.0,0.0,1263,2.0,2.0,57.0,48.0,0.0,0.0,0.0,2.0,1.0,28.5,Gurgaon_Central_D_15 (Haryana),0.18930817610062894,0.18270440251572326,0.07610062893081761,0.06037735849056604,0.7150943396226415,0.005557716889901629,0.001357123469664719,0.0007576588814709756,12.997002440928899
IND360003AAA,0,1,0.0,0.0,0.0,3,2.0,2.0,56.0,86.0,0.0,0.0,0.0,2.0,1.0,28.0,Rajkot_Kothriya_DC (Gujarat),0.18930817610062894,0.18270440251572326,0.07610062893081761,0.059433962264150944,0.7150943396226415,0.005557716889901629,0.0013333142859863908,0.0007566781008480621,12.996953401897752
IND583121AAA,1,0,0.0,0.0,0.0,1263,0.0,0.0,0.0,0.0,2.0,2.0,55.0,2.0,1.0,27.5,Siruguppa_Wrd12DPP_D (Karnataka),0.18930817610062894,0.18270440251572326,0.07610062893081761,0.057547169811320756,0.7150943396226415,0.005557716889901629,0.0013095051023080623,0.0007556973202251488,12.996904362866605
IND531116AAA,1,1,0.0,0.0,0.0,1263,1.0,1.0,23.0,28.0,1.0,1.0,23.0,2.0,1.0,23.0,Narsiptnm_Wardno8_D (Andhra Pradesh),0.18930817610062894,0.18270440251572326,0.07610062893081761,0.048427672955974846,0.7150943396226415,0.005557716889901629,0.0010952224492031066,0.0007468702946189283,12.996463011586295
IND764073AAA,1,0,0.0,0.0,0.0,1263,0.0,0.0,0.0,0.0,2.0,2.0,45.0,2.0,1.0,22.5,Umerkote_Central_DPP_1 (Orissa),0.18930817610062894,0.18270440251572326,0.07610062893081761,0.04622641509433962,0.7150943396226415,0.005557716889901629,0.0010714132655247782,0.0007458895139960148,12.996413972555148
IND110005AAA,1,0,0.0,0.0,0.0,1263,0.0,0.0,0.0,0.0,2.0,2.0,39.0,2.0,1.0,19.5,Delhi_Todapur_DC (Delhi),0.18930817610062894,0.18270440251572326,0.07610062893081761,0.04182389937106918,0.7150943396226415,0.005557716889901629,0.0009285581634548077,0.0007400048302585345,12.996119738368275
IND177203AAA,0,1,0.0,0.0,0.0,3,2.0,2.0,34.0,46.0,0.0,0.0,0.0,2.0,1.0,17.0,Amb_Adrshngr_D (Himachal Pradesh),0.18930817610062894,0.18270440251572326,0.07610062893081761,0.035849056603773584,0.7150943396226415,0.005557716889901629,0.0008095122450631658,0.0007351009271439675,12.995874543212546
IND826001AAC,0,1,0.0,0.0,0.0,1263,2.0,2.0,28.0,92.0,0.0,0.0,0.0,2.0,1.0,14.0,Dhanbad_Central_D_4 (Jharkhand),0.18930817610062894,0.18270440251572326,0.07610062893081761,0.028930817610062894,0.7150943396226415,0.005557716889901629,0.0006666571429931954,0.0007292162434064872,12.995580309025673
IND231001AAA,1,0,0.0,0.0,0.0,3,0.0,0.0,0.0,0.0,2.0,2.0,23.0,2.0,1.0,11.5,Mirzapur_JangiRd_D (Uttar Pradesh),0.18930817610062894,0.18270440251572326,0.07610062893081761,0.02610062893081761,0.7150943396226415,0.005557716889901629,0.0005476112246015533,0.0007243123402919203,12.995335113869944
IND148001AAA,1,0,0.0,0.0,0.0,1263,0.0,0.0,0.0,0.0,2.0,2.0,20.0,2.0,1.0,10.0,Sangrur_DC (Punjab),0.18930817610062894,0.18270440251572326,0.07610062893081761,0.023270440251572325,0.7150943396226415,0.005557716889901629,0.0004761836735665681,0.0007213699984231801,12.995187996776508
IND272155AAA,0,1,0.0,0.0,0.0,1263,2.0,2.0,16.0,42.0,0.0,0.0,0.0,2.0,1.0,8.0,Harraiya_MahuGDPP_D (Uttar Pradesh),0.18930817610062894,0.18270440251572326,0.07610062893081761,0.01729559748427673,0.7150943396226415,0.005557716889901629,0.0003809469388532545,0.0007174468759315266,12.994991840651924
IND403507AAB,1,1,0.0,0.0,0.0,6,1.0,1.0,159.0,179.0,1.0,0.0,0.0,2.0,0.5,79.5,Goa_Mapusa (Goa),0.18930817610062894,0.18270440251572326,0.07610062893081761,0.180188679245283,0.7150943396226415,0.0027788584449508144,0.003785660204854216,0.000506821312025685,12.984460562456631
IND244901AAC,1,0,0.0,0.0,0.0,1263,0.0,0.0,0.0,0.0,2.0,1.0,48.0,2.0,0.5,24.0,Rampur_ThanaDPP_D (Uttar Pradesh),0.18930817610062894,0.18270440251572326,0.07610062893081761,0.050628930817610066,0.7150943396226415,0.0027788584449508144,0.0011428408165597634,0.00039795466288229886,12.979017229999462
IND484224AAA,1,0,0.0,0.0,0.0,1263,0.0,0.0,0.0,0.0,2.0,1.0,17.0,2.0,0.5,8.5,Anuppur_JthriDPP_DC (Madhya Pradesh),0.18930817610062894,0.18270440251572326,0.07610062893081761,0.019182389937106917,0.7150943396226415,0.0027788584449508144,0.0004047561225315829,0.00036755046357198377,12.97749702003395
IND151103AAA,1,0,0.0,0.0,0.0,1263,0.0,0.0,0.0,0.0,2.0,1.0,12.0,2.0,0.5,6.0,RampuraPhul_DC (Punjab),0.18930817610062894,0.18270440251572326,0.07610062893081761,0.011949685534591196,0.7150943396226415,0.0027788584449508144,0.00028571020413994085,0.00036264656045741686,12.97725182487822
IND781018AAA,0,1,0.0,0.0,0.0,1263,2.0,1.0,9.0,2735.0,0.0,0.0,0.0,2.0,0.5,4.5,Guwahati_East (Assam),0.18930817610062894,0.18270440251572326,0.07610062893081761,0.009433962264150943,0.7150943396226415,0.0027788584449508144,0.00021428265310495563,0.00035970421858867664,12.97710470778478
IND396105AAA,1,1,0.0,0.0,0.0,1263,1.0,1.0,6.0,142.0,1.0,0.0,0.0,2.0,0.5,3.0,Bhilad_Umargaon_DC (Gujarat),0.18930817610062894,0.18270440251572326,0.07610062893081761,0.005345911949685534,0.7150943396226415,0.0027788584449508144,0.00014285510206997042,0.0003567618767199365,12.976957590691345
IND636402AAA,2,0,0.0,0.0,0.5,5,0.0,0.0,0.0,0.0,12.0,12.0,450.0,12.0,6.0,225.0,Mettur_RTOroad_D (Tamil Nadu),0.18930817610062894,0.18270440251572326,0.4380503144654088,0.4110062893081761,0.13364779874213836,0.03334630133940977,0.010714132655247783,0.004651877596100498,12.806493250874206
IND629001AAA,2,0,0.0,0.0,0.5,10,0.0,0.0,0.0,0.0,12.0,12.0,430.0,12.0,6.0,215.0,Nagarcoil_AsrplmRd_DC (Tamil Nadu),0.18930817610062894,0.18270440251572326,0.4380503144654088,0.39308176100628933,0.13364779874213836,0.03334630133940977,0.010237948981681214,0.0046322619836422305,12.805512470251296
IND583119AAA,1,1,0.0,0.0,1.0,1263,7.0,7.0,937.0,972.0,7.0,7.0,368.0,14.0,7.0,652.5,Sandur_WrdN1DPP_D (Karnataka),0.18930817610062894,0.18270440251572326,0.5078616352201258,0.7572327044025158,0.017924528301886792,0.0389040182293114,0.03107098470021857,0.006192199414656359,12.773446448720241
IND575014AAA,1,1,6.08983148736142e-05,0.0,0.5,1263,1.0,1.0,220.0,5.0,2.0,2.0,56.0,3.0,1.5,138.0,Surathkal_DC (Karnataka),0.5163522012578616,0.18270440251572326,0.11949685534591195,0.2720125786163522,0.13364779874213836,0.008336575334852443,0.0065713346952186395,0.0013233270308714638,12.767424213178794
IND751015AAA,0,4,0.0,0.0,0.3333333333333333,1263,10.0,10.0,160.0,360.0,0.0,0.0,0.0,10.0,5.0,80.0,Bhubaneshwar_Nayapalli (Orissa),0.18930817610062894,0.18270440251572326,0.3632075471698113,0.1811320754716981,0.24213836477987422,0.02778858444950814,0.003809469388532545,0.003665696829490703,12.719448363487112
IND176041AAA,2,0,0.0,0.0,0.5,1263,0.0,0.0,0.0,0.0,12.0,6.0,253.0,12.0,3.0,126.5,Bhota_BpassDPP_D (Himachal Pradesh),0.18930817610062894,0.18270440251572326,0.4380503144654088,0.25566037735849056,0.13364779874213836,0.016673150669704886,0.006023723470617086,0.0023534006554918243,12.691569403843776
IND412210AAC,1,1,0.0,0.0008080585511537919,0.5,1263,2.0,2.0,186.0,51.0,1.0,1.0,14.0,3.0,1.5,100.0,Shirur_Central_DPP_3 (Maharashtra),0.18930817610062894,0.6474842767295598,0.11949685534591195,0.2078616352201258,0.13364779874213836,0.008336575334852443,0.004761836735665681,0.0012487877035300462,12.505835611591598
IND504296AAA,1,2,1.981506991549269e-07,0.0,0.5,1263,3.0,1.0,21.0,33.0,3.0,1.0,28.0,6.0,1.0,24.5,Kaghaznagar_Central_DPP_1 (Telangana),0.3808176100628931,0.18270440251572326,0.23018867924528302,0.05220125786163522,0.13364779874213836,0.005557716889901629,0.0011666500002380919,0.0007498126364876684,12.36610698402564
IND125050AAA,1,1,0.0,0.0004184942766152056,0.5,1263,2.0,2.0,31.0,23.0,1.0,1.0,60.0,3.0,1.5,45.5,Fatehabad_SirsaDPP_D (Haryana),0.18930817610062894,0.6273584905660378,0.11949685534591195,0.10125786163522013,0.13364779874213836,0.008336575334852443,0.002166635714727885,0.0011418826156324867,12.2992324955615
IND504215AAA,0,2,0.0,0.0,0.5,1263,11.0,11.0,786.0,1030.0,0.0,0.0,0.0,11.0,5.5,393.0,Luxettipet_ShivaDPP_D (Telangana),0.18930817610062894,0.18270440251572326,0.4037735849056604,0.6028301886792453,0.13364779874213836,0.030567442894458955,0.018714018371166125,0.004630542692416941,12.291275562293803
IND741201AAC,0,1,0.0,0.0,0.0,1263,1.0,1.0,848.0,59.0,0.0,0.0,0.0,1.0,0.5,424.0,Ranaghat_ArickDPP_D (West Bengal),0.18930817610062894,0.18270440251572326,0.02610062893081761,0.6213836477987421,0.7150943396226415,0.0027788584449508144,0.02019018775922249,0.0011825791612130104,12.268248454915998
IND431131AAB,0,1,0.0,0.0,0.0,1263,1.0,1.0,792.0,59.0,0.0,0.0,0.0,1.0,0.5,396.0,Majalgaon_SmbjiCwk_D (Maharashtra),0.18930817610062894,0.18270440251572326,0.02610062893081761,0.6056603773584905,0.7150943396226415,0.0027788584449508144,0.018856873473236096,0.0011276554463298604,12.26550226917184
IND790001AAB,0,1,0.0,0.0,0.0,1263,1.0,1.0,726.0,63.0,0.0,0.0,0.0,1.0,0.5,363.0,Bomdila_CTRoad_D (Arunachal Pradesh),0.18930817610062894,0.18270440251572326,0.02610062893081761,0.5767295597484277,0.7150943396226415,0.0027788584449508144,0.017285467350466422,0.0010629239252175767,12.262265693116227
IND345021AAA,2,1,0.0,0.0,0.5,1263,6.0,5.0,125.0,113.0,5.0,5.0,207.0,11.0,5.0,166.0,Pokhran_SttinDPP_D (Rajasthan),0.18930817610062894,0.18270440251572326,0.4037735849056604,0.3229559748427673,0.13364779874213836,0.02778858444950814,0.00790464898120503,0.0038343910966318062,12.251467982504547
IND231205AAA,1,1,0.0,9.907534957746346e-07,0.5,7,3.0,3.0,130.0,47.0,4.0,4.0,292.0,7.0,3.5,211.0,Chopan_PreetDPP_D (Uttar Pradesh),0.18930817610062894,0.40125786163522015,0.26069182389937107,0.38522012578616355,0.13364779874213836,0.0194520091146557,0.010047475512254586,0.002870029773746643,12.242558092460918
IND226004AAC,1,0,0.0,0.0,0.0,1263,0.0,0.0,0.0,0.0,1.0,1.0,311.0,1.0,0.5,155.5,Lucknow_Pandriba_L (Uttar Pradesh),0.18930817610062894,0.18270440251572326,0.02610062893081761,0.30377358490566037,0.7150943396226415,0.0027788584449508144,0.007404656123960134,0.0006558999667085202,12.241914495190773
IND683511AAB,1,0,0.0,0.0,0.0,1263,0.0,0.0,0.0,0.0,1.0,1.0,277.0,1.0,0.5,138.5,Kerala_Cochin_L (Kerala),0.18930817610062894,0.18270440251572326,0.02610062893081761,0.2738993710691824,0.7150943396226415,0.0027788584449508144,0.006595143878896968,0.0006225534255294649,12.240247168131821
IND221313AAA,1,0,0.0,0.0,0.0,1263,0.0,0.0,0.0,0.0,1.0,1.0,241.0,1.0,0.5,120.5,Varanasi_Central_H_4 (Uttar Pradesh),0.18930817610062894,0.18270440251572326,0.02610062893081761,0.24245283018867925,0.7150943396226415,0.0027788584449508144,0.005738013266477145,0.0005872453231045829,12.238481763010576
IND722101AAB,1,0,0.0,0.0,0.0,1263,0.0,0.0,0.0,0.0,1.0,1.0,231.0,1.0,0.5,115.5,Bankura_NapitDPP_D (West Bengal),0.18930817610062894,0.18270440251572326,0.02610062893081761,0.23333333333333334,0.7150943396226415,0.0027788584449508144,0.005499921429693862,0.0005774375168754491,12.23799137269912
IND799008AAA,1,0,0.0,0.0,0.0,1263,0.0,0.0,0.0,0.0,1.0,1.0,214.0,1.0,0.5,107.0,Agartala_Chmpmura_I (Tripura),0.18930817610062894,0.18270440251572326,0.02610062893081761,0.21855345911949686,0.7150943396226415,0.0027788584449508144,0.005095165307162279,0.0005607642462859214,12.237157709169644
IND431401AAA,1,0,0.0,0.0,0.0,1263,0.0,0.0,0.0,0.0,1.0,1.0,149.0,1.0,0.5,74.5,Parbhani_Rjndrngr_D (Maharashtra),0.18930817610062894,0.18270440251572326,0.02610062893081761,0.16761006289308175,0.7150943396226415,0.0027788584449508144,0.0035475683680709323,0.0004970135057965512,12.233970172145176
IND562125AAA,0,1,0.0,0.0,0.0,1263,1.0,1.0,147.0,57.0,0.0,0.0,0.0,1.0,0.5,73.5,Bengaluru_Sarjapur_D (Karnataka),0.18930817610062894,0.18270440251572326,0.02610062893081761,0.16352201257861634,0.7150943396226415,0.0027788584449508144,0.0034999500007142754,0.0004950519445507244,12.233872094082884
IND413307AAC,0,1,0.0,0.0,0.0,1263,1.0,1.0,116.0,11.0,0.0,0.0,0.0,1.0,0.5,58.0,Sangola_Central_DPP_3 (Maharashtra),0.18930817610062894,0.18270440251572326,0.02610062893081761,0.13144654088050314,0.7150943396226415,0.0027788584449508144,0.002761865306686095,0.0004646477452404093,12.232351884117367
IND475661AAB,1,0,0.0,0.0,0.0,1263,0.0,0.0,0.0,0.0,1.0,1.0,115.0,1.0,0.5,57.5,Datia_TownDPP_D (Madhya Pradesh),0.18930817610062894,0.18270440251572326,0.02610062893081761,0.129874213836478,0.7150943396226415,0.0027788584449508144,0.0027380561230077667,0.00046366696461749596,12.232302845086222
IND560077AAA,0,1,0.0,0.0,0.0,1263,1.0,1.0,108.0,114.0,0.0,0.0,0.0,1.0,0.5,54.0,Bengaluru_ Kothanur_L (Karnataka),0.18930817610062894,0.18270440251572326,0.02610062893081761,0.12547169811320755,0.7150943396226415,0.0027788584449508144,0.0025713918372594676,0.0004568015002571022,12.231959571868202
IND400072AAI,0,1,0.0,0.0,0.0,2,1.0,1.0,101.0,1280.0,0.0,0.0,0.0,1.0,0.5,50.5,Mumbai_Chndivli_D (Maharashtra),0.18930817610062894,0.18270440251572326,0.02610062893081761,0.11666666666666667,0.7150943396226415,0.0027788584449508144,0.002404727551511169,0.00044993603589670847,12.231616298650183
IND000000AFS,1,0,0.0,0.0,0.0,2,0.0,0.0,0.0,0.0,1.0,1.0,101.0,1.0,0.5,50.5,Mumbai_Skynet_INT (Maharashtra),0.18930817610062894,0.18270440251572326,0.02610062893081761,0.11666666666666667,0.7150943396226415,0.0027788584449508144,0.002404727551511169,0.00044993603589670847,12.231616298650183
IND841405AAA,0,1,0.0,0.0,0.0,5,1.0,1.0,96.0,558.0,0.0,0.0,0.0,1.0,0.5,48.0,Barauli_SiwanRd_D (Bihar),0.18930817610062894,0.18270440251572326,0.02610062893081761,0.11132075471698114,0.7150943396226415,0.0027788584449508144,0.0022856816331195268,0.00044503213278214156,12.231371103494453
IND131028AAE,1,0,0.0,0.0,0.0,1263,0.0,0.0,0.0,0.0,1.0,1.0,89.0,1.0,0.5,44.5,Sonipat_Central_D_2 (Haryana),0.18930817610062894,0.18270440251572326,0.02610062893081761,0.09874213836477988,0.7150943396226415,0.0027788584449508144,0.002119017347371228,0.0004381666684217478,12.231027830276435
IND232327AAA,1,0,0.0,0.0,0.0,12,0.0,0.0,0.0,0.0,1.0,1.0,86.0,1.0,0.5,43.0,Gahmar_Wardnor4_D (Uttar Pradesh),0.18930817610062894,0.18270440251572326,0.02610062893081761,0.09528301886792453,0.7150943396226415,0.0027788584449508144,0.002047589796336243,0.0004352243265530076,12.230880713182998
IND791110AAA,0,1,0.0,0.0,0.0,1263,1.0,1.0,86.0,37.0,0.0,0.0,0.0,1.0,0.5,43.0,Naharlagun_JmpuCntr_D (Arunachal Pradesh),0.18930817610062894,0.18270440251572326,0.02610062893081761,0.09528301886792453,0.7150943396226415,0.0027788584449508144,0.002047589796336243,0.0004352243265530076,12.230880713182998
IND791109AAA,0,1,0.0,0.0,0.0,1263,1.0,1.0,85.0,44.0,0.0,0.0,0.0,1.0,0.5,42.5,Nirjuli_BageDPP_D (Arunachal Pradesh),0.18930817610062894,0.18270440251572326,0.02610062893081761,0.0930817610062893,0.7150943396226415,0.0027788584449508144,0.0020237806126579146,0.00043424354593009427,12.230831674151853
IND201001AAC,1,0,0.0,0.0,0.0,1263,0.0,0.0,0.0,0.0,1.0,1.0,83.0,1.0,0.5,41.5,Ghaziabad_Central_L_8 (Uttar Pradesh),0.18930817610062894,0.18270440251572326,0.02610062893081761,0.08993710691823899,0.7150943396226415,0.0027788584449508144,0.0019761622453012577,0.00043228198468426746,12.23073359608956
IND331022A1B,0,1,0.0,0.0,0.0,2,1.0,1.0,79.0,0.0,0.0,0.0,0.0,1.0,0.5,39.5,IND331022A1B,0.18930817610062894,0.18270440251572326,0.02610062893081761,0.08553459119496855,0.7150943396226415,0.0027788584449508144,0.001880925510587944,0.0004283588621926139,12.230537439964978
IND331001A1C,1,0,0.0,0.0,0.0,2,0.0,0.0,0.0,0.0,1.0,1.0,79.0,1.0,0.5,39.5,IND331001A1C,0.18930817610062894,0.18270440251572326,0.02610062893081761,0.08553459119496855,0.7150943396226415,0.0027788584449508144,0.001880925510587944,0.0004283588621926139,12.230537439964978
IND495004AAA,0,1,0.0,0.0,0.0,2,1.0,1.0,67.0,5.0,0.0,0.0,0.0,1.0,0.5,33.5,Bilaspur_Torwa_DC (Chhattisgarh),0.18930817610062894,0.18270440251572326,0.02610062893081761,0.06981132075471698,0.7150943396226415,0.0027788584449508144,0.0015952153064480031,0.0004165894947176532,12.229948971591229
IND495671AAA,1,0,0.0,0.0,0.0,2,0.0,0.0,0.0,0.0,1.0,1.0,67.0,1.0,0.5,33.5,Champa_Brplicwk_D (Chhattisgarh),0.18930817610062894,0.18270440251572326,0.02610062893081761,0.06981132075471698,0.7150943396226415,0.0027788584449508144,0.0015952153064480031,0.0004165894947176532,12.229948971591229
IND754211AAA,1,0,0.0,0.0,0.0,1263,0.0,0.0,0.0,0.0,1.0,1.0,67.0,1.0,0.5,33.5,Kendrpara_Kapleswr_D (Orissa),0.18930817610062894,0.18270440251572326,0.02610062893081761,0.06981132075471698,0.7150943396226415,0.0027788584449508144,0.0015952153064480031,0.0004165894947176532,12.229948971591229
IND505326AAA,0,1,0.0,0.0,0.0,1263,1.0,1.0,64.0,5.0,0.0,0.0,0.0,1.0,0.5,32.0,Koratla_BhemuDPP_D (Telangana),0.18930817610062894,0.18270440251572326,0.02610062893081761,0.06729559748427673,0.7150943396226415,0.0027788584449508144,0.001523787755413018,0.00041364715284891306,12.229801854497794
IND462021AAA,0,1,0.0,0.0,0.0,1263,1.0,1.0,63.0,6.0,0.0,0.0,0.0,1.0,0.5,31.5,Bhopal_Indrapri_DC (Madhya Pradesh),0.18930817610062894,0.18270440251572326,0.02610062893081761,0.06509433962264151,0.7150943396226415,0.0027788584449508144,0.0014999785717346894,0.0004126663722259997,12.229752815466648
IND473551AAA,1,0,0.0,0.0,0.0,1263,0.0,0.0,0.0,0.0,1.0,1.0,59.0,1.0,0.5,29.5,Shivpuri_BypassRD_D (Madhya Pradesh),0.18930817610062894,0.18270440251572326,0.02610062893081761,0.061635220125786164,0.7150943396226415,0.0027788584449508144,0.001404741837021376,0.00040874324973434614,12.229556659342064
IND768028AAA,1,0,0.0,0.0,0.0,5,0.0,0.0,0.0,0.0,1.0,1.0,53.0,1.0,0.5,26.5,Bargarh_JJCpxDPP_D (Orissa),0.18930817610062894,0.18270440251572326,0.02610062893081761,0.0559748427672956,0.7150943396226415,0.0027788584449508144,0.0012618867349514055,0.0004028585659968658,12.229262425155191
IND332715AAB,1,0,0.0,0.0,0.0,4,0.0,0.0,0.0,0.0,1.0,1.0,52.0,1.0,0.5,26.0,Shrimadhopur_RLSTNDPP_D (Rajasthan),0.18930817610062894,0.18270440251572326,0.02610062893081761,0.055031446540880505,0.7150943396226415,0.0027788584449508144,0.001238077551273077,0.0004018777853739524,12.229213386124044
IND506164AAA,1,0,0.0,0.0,0.0,1263,0.0,0.0,0.0,0.0,1.0,1.0,50.0,1.0,0.5,25.0,Parkal_AmbedDPP_D (Telangana),0.18930817610062894,0.18270440251572326,0.02610062893081761,0.05377358490566038,0.7150943396226415,0.0027788584449508144,0.0011904591839164203,0.0003999162241281256,12.229115308061754
IND636005AAC,1,0,0.0,0.0,0.0,5,0.0,0.0,0.0,0.0,1.0,1.0,49.0,1.0,0.5,24.5,Salem_Kadtmpty_D (Tamil Nadu),0.18930817610062894,0.18270440251572326,0.02610062893081761,0.05220125786163522,0.7150943396226415,0.0027788584449508144,0.0011666500002380919,0.00039893544350521227,12.229066269030609
IND600056AAD,1,0,0.0,0.0,0.0,1263,0.0,0.0,0.0,0.0,1.0,1.0,48.0,1.0,0.5,24.0,Chennai_Poonamallee_L (Tamil Nadu),0.18930817610062894,0.18270440251572326,0.02610062893081761,0.050628930817610066,0.7150943396226415,0.0027788584449508144,0.0011428408165597634,0.00039795466288229886,12.229017229999464
IND700136AAB,1,0,0.0,0.0,0.0,1263,0.0,0.0,0.0,0.0,1.0,1.0,45.0,1.0,0.5,22.5,CCU_Hub (West Bengal),0.18930817610062894,0.18270440251572326,0.02610062893081761,0.04622641509433962,0.7150943396226415,0.0027788584449508144,0.0010714132655247782,0.0003950123210135587,12.228870112906025
IND250609AAA,1,0,0.0,0.0,0.0,1263,0.0,0.0,0.0,0.0,1.0,1.0,43.0,1.0,0.5,21.5,Baghpat_Barout_D (Uttar Pradesh),0.18930817610062894,0.18270440251572326,0.02610062893081761,0.0440251572327044,0.7150943396226415,0.0027788584449508144,0.0010237948981681214,0.0003930507597677319,12.228772034843734
IND733201AAA,0,1,0.0,0.0,0.0,3,1.0,1.0,42.0,15.0,0.0,0.0,0.0,1.0,0.5,21.0,Dalkhola_DltprDPP_D (West Bengal),0.18930817610062894,0.18270440251572326,0.02610062893081761,0.04339622641509434,0.7150943396226415,0.0027788584449508144,0.000999985714489793,0.0003920699791448185,12.228722995812587
IND000000AFG,0,1,0.0,0.0,0.0,6,1.0,1.0,38.0,23.0,0.0,0.0,0.0,1.0,0.5,19.0,Tirur_PmthuKlm_D (Kerala),0.18930817610062894,0.18270440251572326,0.02610062893081761,0.040566037735849055,0.7150943396226415,0.0027788584449508144,0.0009047489797764794,0.000388146856653165,12.228526839688007
IND251201AAA,0,1,0.0,0.0,0.0,1263,1.0,1.0,37.0,301.0,0.0,0.0,0.0,1.0,0.5,18.5,Khatauli_TilakNgr_D (Uttar Pradesh),0.18930817610062894,0.18270440251572326,0.02610062893081761,0.038679245283018866,0.7150943396226415,0.0027788584449508144,0.000880939796098151,0.0003871660760302516,12.22847780065686
IND464001AAA,0,1,0.0,0.0,0.0,1263,1.0,1.0,37.0,18.0,0.0,0.0,0.0,1.0,0.5,18.5,Vidisha_ShrprDPP_D (Madhya Pradesh),0.18930817610062894,0.18270440251572326,0.02610062893081761,0.038679245283018866,0.7150943396226415,0.0027788584449508144,0.000880939796098151,0.0003871660760302516,12.22847780065686
IND517325AAA,0,1,0.0,0.0,0.0,2,1.0,1.0,37.0,44.0,0.0,0.0,0.0,1.0,0.5,18.5,Madnapalle_PngnrRd_D (Andhra Pradesh),0.18930817610062894,0.18270440251572326,0.02610062893081761,0.038679245283018866,0.7150943396226415,0.0027788584449508144,0.000880939796098151,0.0003871660760302516,12.22847780065686
IND517408AAA,1,0,0.0,0.0,0.0,2,0.0,0.0,0.0,0.0,1.0,1.0,37.0,1.0,0.5,18.5,Palamaner_Lakshmi_D (Andhra Pradesh),0.18930817610062894,0.18270440251572326,0.02610062893081761,0.038679245283018866,0.7150943396226415,0.0027788584449508144,0.000880939796098151,0.0003871660760302516,12.22847780065686
IND333504AAA,0,1,0.0,0.0,0.0,4,1.0,1.0,36.0,0.0,0.0,0.0,0.0,1.0,0.5,18.0,Khetri_NagarDPP_D (Rajasthan),0.18930817610062894,0.18270440251572326,0.02610062893081761,0.03710691823899371,0.7150943396226415,0.0027788584449508144,0.0008571306124198225,0.0003861852954073382,12.228428761625715
IND152123AAA,1,0,0.0,0.0,0.0,1263,0.0,0.0,0.0,0.0,1.0,1.0,33.0,1.0,0.5,16.5,Fazilka_GndhiChk_D (Punjab),0.18930817610062894,0.18270440251572326,0.02610062893081761,0.03490566037735849,0.7150943396226415,0.0027788584449508144,0.0007857030613848373,0.000383242953538598,12.228281644532277
IND500084AAB,1,0,0.0,0.0,0.0,1263,0.0,0.0,0.0,0.0,1.0,1.0,33.0,1.0,0.5,16.5,Hyderabad_Kondapur_D (Telangana),0.18930817610062894,0.18270440251572326,0.02610062893081761,0.03490566037735849,0.7150943396226415,0.0027788584449508144,0.0007857030613848373,0.000383242953538598,12.228281644532277
IND221401AAA,0,1,0.0,0.0,0.0,3,1.0,1.0,32.0,12.0,0.0,0.0,0.0,1.0,0.5,16.0,Bhadohi_Rajpura_D (Uttar Pradesh),0.18930817610062894,0.18270440251572326,0.02610062893081761,0.033962264150943396,0.7150943396226415,0.0027788584449508144,0.000761893877706509,0.0003822621729156846,12.22823260550113
IND110046AAA,1,0,0.0,0.0,0.0,1263,0.0,0.0,0.0,0.0,1.0,1.0,30.0,1.0,0.5,15.0,Delhi_Lajwanti (Delhi),0.18930817610062894,0.18270440251572326,0.02610062893081761,0.03207547169811321,0.7150943396226415,0.0027788584449508144,0.0007142755103498521,0.00038030061166985786,12.22813452743884
IND686141AAA,1,0,0.0,0.0,0.0,1263,0.0,0.0,0.0,0.0,1.0,1.0,30.0,1.0,0.5,15.0,Vaikom_KotyamRD_D (Kerala),0.18930817610062894,0.18270440251572326,0.02610062893081761,0.03207547169811321,0.7150943396226415,0.0027788584449508144,0.0007142755103498521,0.00038030061166985786,12.22813452743884
IND690537AAA,0,1,0.0,0.0,0.0,1263,1.0,1.0,30.0,33.0,0.0,0.0,0.0,1.0,0.5,15.0,Kayamkulam_Bhrnikvu_D (Kerala),0.18930817610062894,0.18270440251572326,0.02610062893081761,0.03207547169811321,0.7150943396226415,0.0027788584449508144,0.0007142755103498521,0.00038030061166985786,12.22813452743884
IND844101AAB,0,1,0.0,0.0,0.0,3,1.0,1.0,29.0,32.0,0.0,0.0,0.0,1.0,0.5,14.5,Hajipur_ThaneDPP_D (Bihar),0.18930817610062894,0.18270440251572326,0.02610062893081761,0.03050314465408805,0.7150943396226415,0.0027788584449508144,0.0006904663266715237,0.00037931983104694445,12.228085488407695
IND530018AAA,0,1,0.0,0.0,0.0,1263,1.0,1.0,27.0,196.0,0.0,0.0,0.0,1.0,0.5,13.5,Vizag _NAD (Andhra Pradesh),0.18930817610062894,0.18270440251572326,0.02610062893081761,0.027672955974842768,0.7150943396226415,0.0027788584449508144,0.0006428479593148669,0.0003773582698011177,12.227987410345403
IND222136AAA,1,0,0.0,0.0,0.0,12,0.0,0.0,0.0,0.0,1.0,1.0,23.0,1.0,0.5,11.5,Jalalpur_Mhimapur_D (Uttar Pradesh),0.18930817610062894,0.18270440251572326,0.02610062893081761,0.02610062893081761,0.7150943396226415,0.0027788584449508144,0.0005476112246015533,0.00037343514730946414,12.227791254220822
IND226024AAA,1,0,0.0,0.0,0.0,3,0.0,0.0,0.0,0.0,1.0,1.0,22.0,1.0,0.5,11.0,Lucknow_Aliganj (Uttar Pradesh),0.18930817610062894,0.18270440251572326,0.02610062893081761,0.024842767295597486,0.7150943396226415,0.0027788584449508144,0.000523802040923225,0.00037245436668655073,12.227742215189675
IND751021AAA,0,1,0.0,0.0,0.0,1263,1.0,1.0,22.0,542.0,0.0,0.0,0.0,1.0,0.5,11.0,Bhubaneswar_Patia (Orissa),0.18930817610062894,0.18270440251572326,0.02610062893081761,0.024842767295597486,0.7150943396226415,0.0027788584449508144,0.000523802040923225,0.00037245436668655073,12.227742215189675
IND761020AAA,1,0,0.0,0.0,0.0,1263,0.0,0.0,0.0,0.0,1.0,1.0,21.0,1.0,0.5,10.5,Berhampur_Chatrpr_DC (Orissa),0.18930817610062894,0.18270440251572326,0.02610062893081761,0.02389937106918239,0.7150943396226415,0.0027788584449508144,0.0004999928572448965,0.00037147358606363733,12.227693176158528
IND591126AAA,0,1,0.0,0.0,0.0,1263,1.0,1.0,19.0,6.0,0.0,0.0,0.0,1.0,0.5,9.5,Saundatti_ShanthiS_D (Karnataka),0.18930817610062894,0.18270440251572326,0.02610062893081761,0.022641509433962263,0.7150943396226415,0.0027788584449508144,0.0004523744898882397,0.0003695120248178106,12.227595098096238
IND148024AAB,1,0,0.0,0.0,0.0,1263,0.0,0.0,0.0,0.0,1.0,1.0,18.0,1.0,0.5,9.0,Dhuri_DMComDPP_D (Punjab),0.18930817610062894,0.18270440251572326,0.02610062893081761,0.021383647798742137,0.7150943396226415,0.0027788584449508144,0.00042856530620991127,0.00036853124419489717,12.227546059065093
IND000000ACO,1,0,0.0,0.0,0.0,1263,0.0,0.0,0.0,0.0,1.0,1.0,18.0,1.0,0.5,9.0,Kasaragod_Nullipad_D (Kerala),0.18930817610062894,0.18270440251572326,0.02610062893081761,0.021383647798742137,0.7150943396226415,0.0027788584449508144,0.00042856530620991127,0.00036853124419489717,12.227546059065093
IND360050AAA,1,0,0.0,0.0,0.0,3,0.0,0.0,0.0,0.0,1.0,1.0,17.0,1.0,0.5,8.5,Jasdan_MotiDPP_D (Gujarat),0.18930817610062894,0.18270440251572326,0.02610062893081761,0.019182389937106917,0.7150943396226415,0.0027788584449508144,0.0004047561225315829,0.00036755046357198377,12.227497020033946
IND476001AAA,1,0,0.0,0.0,0.0,1263,0.0,0.0,0.0,0.0,1.0,1.0,17.0,1.0,0.5,8.5,Morena_Prjapati_D (Madhya Pradesh),0.18930817610062894,0.18270440251572326,0.02610062893081761,0.019182389937106917,0.7150943396226415,0.0027788584449508144,0.0004047561225315829,0.00036755046357198377,12.227497020033946
IND505172AAA,1,0,0.0,0.0,0.0,1263,0.0,0.0,0.0,0.0,1.0,1.0,17.0,1.0,0.5,8.5,Peddapalli_UdaynDPP_D (Telangana),0.18930817610062894,0.18270440251572326,0.02610062893081761,0.019182389937106917,0.7150943396226415,0.0027788584449508144,0.0004047561225315829,0.00036755046357198377,12.227497020033946
IND281004AAA,1,0,0.0,0.0,0.0,1263,0.0,0.0,0.0,0.0,1.0,1.0,16.0,1.0,0.5,8.0,Mathura_DC (Uttar Pradesh),0.18930817610062894,0.18270440251572326,0.02610062893081761,0.01729559748427673,0.7150943396226415,0.0027788584449508144,0.0003809469388532545,0.0003665696829490704,12.2274479810028
IND335501AAA,0,1,0.0,0.0,0.0,1263,1.0,1.0,15.0,24.0,0.0,0.0,0.0,1.0,0.5,7.5,Bhadra_GMndiDPP_D (Rajasthan),0.18930817610062894,0.18270440251572326,0.02610062893081761,0.015408805031446541,0.7150943396226415,0.0027788584449508144,0.00035713775517492606,0.000365588902326157,12.227398941971655
IND431103AAA,1,0,0.0,0.0,0.0,1263,0.0,0.0,0.0,0.0,1.0,1.0,15.0,1.0,0.5,7.5,Kannad_KolheDPP_D (Maharashtra),0.18930817610062894,0.18270440251572326,0.02610062893081761,0.015408805031446541,0.7150943396226415,0.0027788584449508144,0.00035713775517492606,0.000365588902326157,12.227398941971655
IND600083AAA,0,1,0.0,0.0,0.0,1263,1.0,1.0,15.0,451.0,0.0,0.0,0.0,1.0,0.5,7.5,Chennai_AshokNagar_DC (Tamil Nadu),0.18930817610062894,0.18270440251572326,0.02610062893081761,0.015408805031446541,0.7150943396226415,0.0027788584449508144,0.00035713775517492606,0.000365588902326157,12.227398941971655
IND641006AAD,0,1,0.0,0.0,0.0,19,1.0,1.0,15.0,51.0,0.0,0.0,0.0,1.0,0.5,7.5,Coimbatore_ElngoNgr_C (Tamil Nadu),0.18930817610062894,0.18270440251572326,0.02610062893081761,0.015408805031446541,0.7150943396226415,0.0027788584449508144,0.00035713775517492606,0.000365588902326157,12.227398941971655
IND110085AAA,1,0,0.0,0.0,0.0,1263,0.0,0.0,0.0,0.0,1.0,1.0,14.0,1.0,0.5,7.0,North Delhi (Delhi),0.18930817610062894,0.18270440251572326,0.02610062893081761,0.013522012578616353,0.7150943396226415,0.0027788584449508144,0.0003333285714965977,0.0003646081217032436,12.22734990294051
IND500039AAB,0,1,0.0,0.0,0.0,1263,1.0,1.0,14.0,9.0,0.0,0.0,0.0,1.0,0.5,7.0,Hyd_Uppal_Dc (Telangana),0.18930817610062894,0.18270440251572326,0.02610062893081761,0.013522012578616353,0.7150943396226415,0.0027788584449508144,0.0003333285714965977,0.0003646081217032436,12.22734990294051
IND712612AAA,0,1,0.0,0.0,0.0,1263,1.0,1.0,13.0,31.0,0.0,0.0,0.0,1.0,0.5,6.5,Kamarpukur_ChatiDPP_D (West Bengal),0.18930817610062894,0.18270440251572326,0.02610062893081761,0.012578616352201259,0.7150943396226415,0.0027788584449508144,0.00030951938781826927,0.0003636273410803302,12.227300863909365
IND421302AAS,1,0,0.0,0.0,0.0,1263,0.0,0.0,0.0,0.0,1.0,1.0,11.0,1.0,0.5,5.5,Mumbai_East_L_23 (Maharashtra),0.18930817610062894,0.18270440251572326,0.02610062893081761,0.011320754716981131,0.7150943396226415,0.0027788584449508144,0.0002619010204616125,0.00036166577983450345,12.227202785847073
IND733210AAA,1,0,0.0,0.0,0.0,3,0.0,0.0,0.0,0.0,1.0,1.0,10.0,1.0,0.5,5.0,Lodhan_GoalpDPP_D (West Bengal),0.18930817610062894,0.18270440251572326,0.02610062893081761,0.010691823899371069,0.7150943396226415,0.0027788584449508144,0.00023809183678328406,0.00036068499921159005,12.227153746815928
IND141010AAA,0,1,0.0,0.0,0.0,1263,1.0,1.0,9.0,3.0,0.0,0.0,0.0,1.0,0.5,4.5,Ludhiana_DC (Punjab),0.18930817610062894,0.18270440251572326,0.02610062893081761,0.009433962264150943,0.7150943396226415,0.0027788584449508144,0.00021428265310495563,0.00035970421858867664,12.22710470778478
IND741316AAA,1,0,0.0,0.0,0.0,1263,0.0,0.0,0.0,0.0,1.0,1.0,9.0,1.0,0.5,4.5,Nabadwip_Srirmpur_D (West Bengal),0.18930817610062894,0.18270440251572326,0.02610062893081761,0.009433962264150943,0.7150943396226415,0.0027788584449508144,0.00021428265310495563,0.00035970421858867664,12.22710470778478
IND306902AAA,1,0,0.0,0.0,0.0,1263,0.0,0.0,0.0,0.0,1.0,1.0,8.0,1.0,0.5,4.0,Sumerpur_BazarDPP_D (Rajasthan),0.18930817610062894,0.18270440251572326,0.02610062893081761,0.007861635220125786,0.7150943396226415,0.0027788584449508144,0.00019047346942662724,0.0003587234379657633,12.227055668753636
IND400016AAA,0,1,0.0,0.0,0.0,1263,1.0,1.0,8.0,64.0,0.0,0.0,0.0,1.0,0.5,4.0,Mumbai Mahim (Maharashtra),0.18930817610062894,0.18270440251572326,0.02610062893081761,0.007861635220125786,0.7150943396226415,0.0027788584449508144,0.00019047346942662724,0.0003587234379657633,12.227055668753636
IND395010AAB,0,1,0.0,0.0,0.0,1263,1.0,1.0,7.0,63.0,0.0,0.0,0.0,1.0,0.5,3.5,Surat_Brpc (Gujarat),0.18930817610062894,0.18270440251572326,0.02610062893081761,0.006603773584905661,0.7150943396226415,0.0027788584449508144,0.00016666428574829884,0.0003577426573428499,12.227006629722489
IND122101AAC,1,0,0.0,0.0,0.0,1263,0.0,0.0,0.0,0.0,1.0,1.0,6.0,1.0,0.5,3.0,Gurgaon_SohnaRd_D (Haryana),0.18930817610062894,0.18270440251572326,0.02610062893081761,0.005345911949685534,0.7150943396226415,0.0027788584449508144,0.00014285510206997042,0.0003567618767199365,12.226957590691343
IND560099AAG,0,1,0.0,0.0,0.0,1263,1.0,1.0,2.0,332.0,0.0,0.0,0.0,1.0,0.5,1.0,Bengaluru_Bomsndra_L (Karnataka),0.18930817610062894,0.18270440251572326,0.02610062893081761,0.002830188679245283,0.7150943396226415,0.0027788584449508144,4.761836735665681e-05,0.0003528387542282829,12.226761434566761
IND333502AAA,1,0,0.0,0.0,0.0,1263,0.0,0.0,0.0,0.0,1.0,0.0,7.0,1.0,0.0,3.5,Buhana_CourtDPP_D (Rajasthan),0.18930817610062894,0.18270440251572326,0.02610062893081761,0.006603773584905661,0.7150943396226415,0.0,0.00016666428574829884,6.865464360393725e-06,12.209462770073367
IND690573AAA,1,0,0.0,0.0,0.0,1263,0.0,0.0,0.0,0.0,1.0,0.0,3.0,1.0,0.0,1.5,Karungaply_Mrtrklgr_D (Kerala),0.18930817610062894,0.18270440251572326,0.02610062893081761,0.004088050314465409,0.7150943396226415,0.0,7.142755103498521e-05,2.9423418687401675e-06,12.209266613948785
IND711409AAA,1,0,0.0,0.0,0.0,1263,0.0,0.0,0.0,0.0,1.0,0.0,3.0,1.0,0.0,1.5,Howrah_Salap_DC (West Bengal),0.18930817610062894,0.18270440251572326,0.02610062893081761,0.004088050314465409,0.7150943396226415,0.0,7.142755103498521e-05,2.9423418687401675e-06,12.209266613948785
IND768028AAB,0,1,0.0,0.0,0.0,5,1.0,0.0,0.0,4.0,0.0,0.0,0.0,1.0,0.0,0.0,Bargarh_GurpdDPP_D (Orissa),0.18930817610062894,0.18270440251572326,0.02610062893081761,0.0012578616352201257,0.7150943396226415,0.0,0.0,0.0,12.209119496855347
IND345001AAA,1,2,0.0,0.0,0.5,1263,5.0,5.0,191.0,51.0,6.0,0.0,3.0,11.0,2.5,97.0,Jaisalmer_Gopa3PL_D (Rajasthan),0.18930817610062894,0.18270440251572326,0.4037735849056604,0.20251572327044026,0.13364779874213836,0.01389429222475407,0.004618981633595711,0.001944657405757478,12.15698129796083
IND275101AAA,1,1,0.0,1.1096439152675908e-05,0.5,12,2.0,2.0,69.0,72.0,3.0,3.0,212.0,5.0,2.5,140.5,Mau_BaliaMod_D (Uttar Pradesh),0.18930817610062894,0.47861635220125787,0.19654088050314467,0.2770440251572327,0.13364779874213836,0.01389429222475407,0.006690380613610282,0.0020299853199509427,12.011876624488114
IND243001AAA,0,2,0.0,0.0,0.5,1263,10.0,10.0,439.0,1196.0,0.0,0.0,0.0,10.0,5.0,219.5,Bareilly_Central_D_2 (Uttar Pradesh),0.18930817610062894,0.18270440251572326,0.3632075471698113,0.4028301886792453,0.13364779874213836,0.02778858444950814,0.01045223163478617,0.0039393346232835386,11.648224592799398
IND742149AAA,0,2,0.0,0.0,0.5,1263,10.0,10.0,432.0,408.0,0.0,0.0,0.0,10.0,5.0,216.0,Murshidabad_Sirjudol_D (West Bengal),0.18930817610062894,0.18270440251572326,0.3632075471698113,0.3955974842767296,0.13364779874213836,0.02778858444950814,0.01028556734903787,0.0039324691589231455,11.647881319581376
IND680712AAA,1,1,0.0,0.0,0.5,1263,6.0,6.0,190.0,124.0,4.0,4.0,57.0,10.0,5.0,123.5,Irinjlkuda_Greens_D (Kerala),0.18930817610062894,0.18270440251572326,0.3632075471698113,0.24874213836477987,0.13364779874213836,0.02778858444950814,0.005880868368547116,0.003751024743684168,11.638809098819427
IND423106AAA,2,1,0.0,0.0,0.5,1263,6.0,6.0,154.0,117.0,4.0,4.0,77.0,10.0,5.0,115.5,Manmad_Malegaon_D (Maharashtra),0.18930817610062894,0.18270440251572326,0.3632075471698113,0.23333333333333334,0.13364779874213836,0.02778858444950814,0.005499921429693862,0.003735332253717554,11.638024474321098
IND509216AAC,1,1,0.0,0.0,0.5,1263,6.0,6.0,126.0,757.0,4.0,3.0,86.0,10.0,4.5,106.0,Shadnagar_Central_D_1 (Telangana),0.18930817610062894,0.18270440251572326,0.3632075471698113,0.21635220125786164,0.13364779874213836,0.025009726004557326,0.005047546939805622,0.0033658202288997436,11.619548873080207
IND784101AAA,1,1,0.0,0.0004101719472506987,0.5,1263,1.0,1.0,9.0,47.0,1.0,1.0,98.0,2.0,1.0,53.5,Balipara_EragnDPP_D (Assam),0.18930817610062894,0.6072327044025158,0.07610062893081761,0.12358490566037736,0.13364779874213836,0.005557716889901629,0.0025475826535811394,0.000806697912616645,11.430272002549072
IND271201AAA,1,1,0.0,0.0,1.0,3,6.0,6.0,162.0,147.0,5.0,5.0,2697.0,11.0,5.5,1429.5,Balrampur_PBRDDPP_D (Uttar Pradesh),0.18930817610062894,0.18270440251572326,0.4037735849056604,0.889937106918239,0.017924528301886792,0.030567442894458955,0.06807045613634091,0.006663700923716397,11.235700769456262
IND335524AAA,2,1,0.0,0.0,0.3333333333333333,1263,1.0,0.0,7.0,38.0,6.0,6.0,827.0,7.0,3.0,417.0,Rawatsar_ShivmDPP_D (Rajasthan),0.18930817610062894,0.18270440251572326,0.26069182389937107,0.6157232704402515,0.24213836477987422,0.016673150669704886,0.019856859187725888,0.002923234197404503,11.144589382826199
IND431112AAB,2,1,0.0,0.0,1.0,1263,5.0,5.0,582.0,99.0,6.0,6.0,382.0,11.0,5.5,482.0,Sillod_ZebaTWR_D (Maharashtra),0.18930817610062894,0.18270440251572326,0.4037735849056604,0.6616352201257861,0.017924528301886792,0.030567442894458955,0.02295205306590858,0.004805121643295524,11.142771805435217
IND841424AAA,0,2,0.0,0.0,0.5,5,9.0,9.0,1217.0,595.0,0.0,0.0,0.0,9.0,4.5,608.5,Chhapra_Prbhunth_D (Bihar),0.18930817610062894,0.18270440251572326,0.32578616352201256,0.7371069182389937,0.13364779874213836,0.025009726004557326,0.02897577653652567,0.0043515047549277,11.107512344664624
IND000000ACS,4,0,0.0,0.0,0.5,1263,0.0,0.0,0.0,0.0,9.0,9.0,384.0,9.0,4.5,192.0,BLR_HSR_Layout_PC (Karnataka),0.18930817610062894,0.18270440251572326,0.32578616352201256,0.3635220125786163,0.13364779874213836,0.025009726004557326,0.009142726532478107,0.0035345144960408467,11.06666283172028
IND506001AAC,0,2,0.0,0.0,0.5,1263,9.0,9.0,213.0,125.0,0.0,0.0,0.0,9.0,4.5,106.5,Warangal_Central_D_2 (Telangana),0.18930817610062894,0.18270440251572326,0.32578616352201256,0.2169811320754717,0.13364779874213836,0.025009726004557326,0.0050713561234839504,0.003366801009522657,11.058277157394372
IND363621AAB,1,1,0.0,3.963013983098538e-07,0.5,7,2.0,2.0,50.0,29.0,3.0,2.0,40.0,5.0,2.0,45.0,Wankaner_JivanDPP_D (Gujarat),0.18930817610062894,0.3767295597484277,0.19654088050314467,0.09968553459119497,0.13364779874213836,0.011115433779803258,0.0021428265310495563,0.0014917790279920296,10.966098385361867
IND451666AAA,0,2,0.0,0.0,0.5,1263,8.0,8.0,1335.0,339.0,0.0,0.0,0.0,8.0,4.0,667.5,Sendhwa_VishnuVhr_D (Madhya Pradesh),0.18930817610062894,0.18270440251572326,0.2921383647798742,0.7619496855345912,0.13364779874213836,0.022230867559606515,0.03178526021056842,0.004116359675449024,10.591038109558614
IND841428AAA,2,0,0.0,0.0,0.5,5,0.0,0.0,0.0,0.0,8.0,8.0,1120.0,8.0,4.0,560.0,Gopalganj_GopalDPP_D (Bihar),0.18930817610062894,0.18270440251572326,0.2921383647798742,0.710691823899371,0.13364779874213836,0.022230867559606515,0.026666285719727813,0.0039054918415226455,10.580494717862294
IND758034AAA,1,2,0.0,0.0,1.0,1263,2.0,2.0,255.0,159.0,8.0,8.0,1789.0,10.0,5.0,1022.0,Joda_Central_D_1 (Orissa),0.18930817610062894,0.18270440251572326,0.3632075471698113,0.8477987421383648,0.017924528301886792,0.02778858444950814,0.04866597143850326,0.005513487523059529,10.56969953338568
IND301019AAA,0,2,0.0,0.0,0.5,1263,8.0,8.0,860.0,317.0,0.0,0.0,0.0,8.0,4.0,430.0,Bhiwadi DC (Rajasthan),0.18930817610062894,0.18270440251572326,0.2921383647798742,0.6251572327044025,0.13364779874213836,0.022230867559606515,0.020475897963362428,0.003650488879565164,10.56774456976442
IND733102AAA,2,0,0.0,0.0,0.5,1263,0.0,0.0,0.0,0.0,8.0,8.0,287.0,8.0,4.0,143.5,Balurghat_AkhirDPP_D (West Bengal),0.18930817610062894,0.18270440251572326,0.2921383647798742,0.28553459119496855,0.13364779874213836,0.022230867559606515,0.006833235715680252,0.003088501582635792,10.539645204917953
IND209721AAB,1,1,0.0,0.0,0.5,1263,4.0,4.0,67.0,71.0,4.0,4.0,207.0,8.0,4.0,137.0,Chhibramau_Bhainpura_D (Uttar Pradesh),0.18930817610062894,0.18270440251572326,0.2921383647798742,0.270125786163522,0.13364779874213836,0.022230867559606515,0.006523716327861983,0.003075751434537918,10.539007697513059
IND281401AAA,0,2,0.0,0.0,0.5,1263,8.0,7.0,247.0,106.0,0.0,0.0,0.0,8.0,3.5,123.5,Chhata_GvrdnDPP_D (Uttar Pradesh),0.18930817610062894,0.18270440251572326,0.2921383647798742,0.24874213836477987,0.13364779874213836,0.0194520091146557,0.005880868368547116,0.0026983931647368,10.520139784023003
IND370615AAB,2,1,0.0,0.0,1.0,1263,3.0,3.0,707.0,321.0,7.0,7.0,276.0,10.0,5.0,491.5,Nakhatrana_ClgRDDPP_D (Gujarat),0.18930817610062894,0.18270440251572326,0.3632075471698113,0.6716981132075471,0.017924528301886792,0.02778858444950814,0.02340442755579682,0.004472879282148423,10.517669121340125
IND713103AAA,1,1,0.0,0.0,1.0,1263,4.0,4.0,202.0,35.0,6.0,6.0,400.0,10.0,5.0,301.0,Bardhaman_Bankura_D (West Bengal),0.18930817610062894,0.18270440251572326,0.3632075471698113,0.5160377358490567,0.017924528301886792,0.02778858444950814,0.0143331285743537,0.004099201864818421,10.498985250473625
IND631003AAA,1,1,0.0,0.0,1.0,1263,5.0,5.0,358.0,575.0,5.0,5.0,238.0,10.0,5.0,298.0,Arakkonam_HousngBd_D (Tamil Nadu),0.18930817610062894,0.18270440251572326,0.3632075471698113,0.5125786163522013,0.017924528301886792,0.02778858444950814,0.01419027347228373,0.004093317181080941,10.49869101628675
IND603203AAA,1,2,0.0,0.0,1.0,1263,8.0,8.0,302.0,221.0,2.0,2.0,88.0,10.0,5.0,195.0,Chennai_Potheri (Tamil Nadu),0.18930817610062894,0.18270440251572326,0.3632075471698113,0.36792452830188677,0.017924528301886792,0.02778858444950814,0.009285581634548078,0.0038912763727607827,10.488588975870744
IND600048AAA,2,1,0.0,0.0,1.0,1263,1.0,1.0,14.0,3.0,9.0,9.0,333.0,10.0,5.0,173.5,Chennai_Vandalur_Dc (Tamil Nadu),0.18930817610062894,0.18270440251572326,0.3632075471698113,0.3374213836477987,0.017924528301886792,0.02778858444950814,0.008261786736379957,0.003849102805975507,10.486480297531479
IND400701AAA,1,1,0.0,0.0,1.0,1263,9.0,9.0,231.0,232.0,1.0,1.0,37.0,10.0,5.0,134.0,Mumbai_Ghansoli_DC (Maharashtra),0.18930817610062894,0.18270440251572326,0.3632075471698113,0.2660377358490566,0.017924528301886792,0.02778858444950814,0.0063808612257920125,0.0037716211367653492,10.482606214070971
IND360002AAB,3,0,0.0,0.0,0.16666666666666666,7,0.0,0.0,0.0,0.0,4.0,4.0,167.0,4.0,2.0,83.5,Rajkot_PedakRd_P (Gujarat),0.18930817610062894,0.18270440251572326,0.15943396226415094,0.18553459119496854,0.3238993710691824,0.011115433779803258,0.003976133674280844,0.0015672991359563606,10.375534768118573
IND852118A1B,3,0,0.0,0.0,0.3333333333333333,1263,0.0,0.0,0.0,0.0,5.0,4.0,95.0,5.0,2.0,47.5,IND852118A1B,0.18930817610062894,0.18270440251572326,0.19654088050314467,0.10911949685534592,0.24213836477987422,0.011115433779803258,0.0022618724494411985,0.0014966829311065966,10.110997668567908
IND533242AAA,2,1,0.0,0.0,0.5,1263,2.0,2.0,36.0,39.0,5.0,5.0,514.0,7.0,3.5,275.0,Razole_Shanthi_D (Andhra Pradesh),0.18930817610062894,0.18270440251572326,0.26069182389937107,0.4748427672955975,0.13364779874213836,0.0194520091146557,0.013095051023080622,0.002995569693479557,10.063300497252593
IND321401AAB,2,0,0.0,0.0,0.5,1263,0.0,0.0,0.0,0.0,7.0,6.0,119.0,7.0,3.0,59.5,Bayana_LalBagh_D (Rajasthan),0.18930817610062894,0.18270440251572326,0.26069182389937107,0.13553459119496855,0.13364779874213836,0.016673150669704886,0.00283329285772108,0.00222197605202143,10.024620815179688
IND505325AAA,1,1,0.0,0.0,0.5,1263,2.0,2.0,19.0,22.0,5.0,1.0,54.0,7.0,1.5,36.5,Metpally_GunjRDPP_D (Telangana),0.18930817610062894,0.18270440251572326,0.26069182389937107,0.07578616352201258,0.13364779874213836,0.008336575334852443,0.0017380704085179736,0.0011242285644200458,9.969733440799617
IND282001AAA,2,1,0.0,0.0,1.0,1263,5.0,5.0,683.0,534.0,4.0,4.0,856.0,9.0,4.5,769.5,Agra_Idgah_P (Uttar Pradesh),0.18930817610062894,0.18270440251572326,0.32578616352201256,0.7955974842767296,0.017924528301886792,0.025009726004557326,0.036642333680947416,0.004667316115505811,9.966070208291013
IND752050AAA,1,2,0.0,3.963013983098538e-07,0.5,1263,2.0,2.0,28.0,24.0,1.0,1.0,7.0,3.0,1.5,17.5,Khurdha_JatniDPP_D (Orissa),0.18930817610062894,0.3767295597484277,0.11949685534591195,0.03647798742138365,0.13364779874213836,0.008336575334852443,0.0008333214287414942,0.001086958900749337,9.790197001641241
IND231216AAA,2,0,0.0,0.0,0.5,7,0.0,0.0,0.0,0.0,6.0,6.0,582.0,6.0,3.0,291.0,Robertsganj_ArtoDPP_D (Uttar Pradesh),0.18930817610062894,0.18270440251572326,0.23018867924528302,0.5012578616352201,0.13364779874213836,0.016673150669704886,0.013856944900787132,0.0026760774804303294,9.589778716788812
IND262122AAB,1,1,0.0,0.0,0.5,1263,2.0,2.0,344.0,346.0,4.0,4.0,114.0,6.0,3.0,229.0,Puranpur_MdothdRD_D (Uttar Pradesh),0.18930817610062894,0.18270440251572326,0.23018867924528302,0.41635220125786165,0.13364779874213836,0.016673150669704886,0.010904606124674409,0.002554460683189069,9.583697876926749
IND242307AAB,0,2,0.0,0.0,0.5,1263,6.0,6.0,244.0,109.0,0.0,0.0,0.0,6.0,3.0,122.0,Tilhar_SingCLNY_D (Uttar Pradesh),0.18930817610062894,0.18270440251572326,0.23018867924528302,0.24559748427672956,0.13364779874213836,0.016673150669704886,0.005809440817512131,0.0023445736298856037,9.573203524261576
IND752056AAA,2,1,0.0,0.0,0.5,1263,1.0,1.0,17.0,6.0,5.0,5.0,106.0,6.0,3.0,61.5,Khurdha_MdhsnDPP_D (Orissa),0.18930817610062894,0.18270440251572326,0.23018867924528302,0.14025157232704402,0.13364779874213836,0.016673150669704886,0.0029285295924343937,0.0022258991745130836,9.567269801492948
IND335523AAB,3,0,0.0,0.0,0.3333333333333333,1263,0.0,0.0,0.0,0.0,4.0,3.0,693.0,4.0,1.5,346.5,Nohar_Central_DPP_2 (Rajasthan),0.18930817610062894,0.18270440251572326,0.15943396226415094,0.5647798742138365,0.24213836477987422,0.008336575334852443,0.016499764289081585,0.0017323125506263472,9.566175375958991
IND413531AAA,1,1,0.0,0.0,1.0,1263,4.0,4.0,273.0,55.0,4.0,4.0,655.0,8.0,4.0,464.0,Latur_Srnwsngr_D (Maharashtra),0.18930817610062894,0.18270440251572326,0.2921383647798742,0.650314465408805,0.017924528301886792,0.022230867559606515,0.02209492245348876,0.0037171819619232745,9.413846519479812
IND201306AAA,0,2,0.0,0.0,1.0,1263,8.0,8.0,428.0,843.0,0.0,0.0,0.0,8.0,4.0,214.0,Noida_Surajpur_DC (Uttar Pradesh),0.18930817610062894,0.18270440251572326,0.2921383647798742,0.3908805031446541,0.017924528301886792,0.022230867559606515,0.010190330614324557,0.00322679165046658,9.389327003906976
IND581343AAC,1,1,0.0,0.0,1.0,1263,6.0,5.0,133.0,53.0,2.0,2.0,50.0,8.0,3.5,91.5,Kumta_Central_DPP_2 (Karnataka),0.18930817610062894,0.18270440251572326,0.2921383647798742,0.19748427672955976,0.017924528301886792,0.0194520091146557,0.004357080613134098,0.0026356232048703435,9.359768581627165
IND485771AAA,1,2,0.0,0.0,0.5,1263,2.0,2.0,441.0,41.0,3.0,3.0,514.0,5.0,2.5,477.5,Maihar_MngalDPP_D (Madhya Pradesh),0.18930817610062894,0.18270440251572326,0.19654088050314467,0.6569182389937107,0.13364779874213836,0.01389429222475407,0.022737770412803626,0.002691031459794567,9.085809434624949
IND791111AAC,2,0,0.0,0.0,0.5,1263,0.0,0.0,0.0,0.0,5.0,5.0,618.0,5.0,2.5,309.0,Itanagar_WageDPP_D (Arunachal Pradesh),0.18930817610062894,0.18270440251572326,0.19654088050314467,0.5235849056603774,0.13364779874213836,0.01389429222475407,0.014714075513206954,0.002360508389872755,9.069283281128858
IND803213AAA,0,2,0.0,0.0,0.5,3,5.0,5.0,373.0,421.0,0.0,0.0,0.0,5.0,2.5,186.5,Barh_Malahi_D (Bihar),0.18930817610062894,0.18270440251572326,0.19654088050314467,0.35471698113207545,0.13364779874213836,0.01389429222475407,0.008880825512016495,0.0021202171372589748,9.057268718498168
IND811105AAA,1,1,0.0,0.0,0.5,3,2.0,2.0,166.0,74.0,3.0,3.0,170.0,5.0,2.5,168.0,Sheikhpura_Bgwtichk_D (Bihar),0.18930817610062894,0.18270440251572326,0.19654088050314467,0.3270440251572327,0.13364779874213836,0.01389429222475407,0.007999885715918344,0.002083928254211179,9.055454274345779
IND722101AAC,2,0,0.0,0.0,1.0,1263,0.0,0.0,0.0,0.0,7.0,7.0,433.0,7.0,3.5,216.5,Bankura_BhowmDPP_D (West Bengal),0.18930817610062894,0.18270440251572326,0.26069182389937107,0.3968553459119497,0.017924528301886792,0.0194520091146557,0.0103093765327162,0.0028808183605986905,8.900330226206036
IND602001AAA,1,1,0.0,0.0,1.0,1263,1.0,1.0,45.0,369.0,6.0,6.0,103.0,7.0,3.5,74.0,Chennai_Thiruvlr_DC (Tamil Nadu),0.18930817610062894,0.18270440251572326,0.26069182389937107,0.16540880503144653,0.017924528301886792,0.0194520091146557,0.003523759184392604,0.0026012958830683745,8.88635410232952
IND803212AAB,2,0,0.0,0.0,0.5,3,0.0,0.0,0.0,0.0,4.0,4.0,369.0,4.0,2.0,184.5,Bakhtiarpur_BypassRD_D (Bihar),0.18930817610062894,0.18270440251572326,0.15943396226415094,0.350314465408805,0.13364779874213836,0.011115433779803258,0.00878558877730318,0.0017654168217848653,8.482924929139557
IND757001AAA,3,0,0.0,0.0,0.5,1263,0.0,0.0,0.0,0.0,4.0,4.0,152.0,4.0,2.0,76.0,Baripada_KalikDPP_D (Orissa),0.18930817610062894,0.18270440251572326,0.15943396226415094,0.17169811320754716,0.13364779874213836,0.011115433779803258,0.0036189959191059175,0.00155258742661266,8.472283459380947
IND363641AAA,0,2,0.0,0.0,0.5,7,4.0,3.0,94.0,83.0,0.0,0.0,0.0,4.0,1.5,47.0,Morbi_DC (Gujarat),0.18930817610062894,0.18270440251572326,0.15943396226415094,0.10660377358490566,0.13364779874213836,0.008336575334852443,0.0022380632657628702,0.001144824957501227,8.451895335925377
IND757041AAA,1,2,0.0,0.0,0.5,1263,3.0,3.0,82.0,915.0,1.0,0.0,9.0,4.0,1.5,45.5,Udala_NagplDPP_D (Orissa),0.18930817610062894,0.18270440251572326,0.15943396226415094,0.10125786163522013,0.13364779874213836,0.008336575334852443,0.002166635714727885,0.0011418826156324867,8.45174821883194
IND465333A1B,1,2,0.0,0.0,0.5,1263,2.0,1.0,26.0,55.0,2.0,1.0,30.0,4.0,1.0,28.0,IND465333A1B,0.18930817610062894,0.18270440251572326,0.15943396226415094,0.059433962264150944,0.13364779874213836,0.005557716889901629,0.0013333142859863908,0.0007566781008480621,8.432487993092717
IND509103AAC,1,1,0.0,0.0,1.0,1263,5.0,5.0,355.0,132.0,1.0,1.0,16.0,6.0,3.0,185.5,IND509103AAC,0.18930817610062894,0.18270440251572326,0.23018867924528302,0.3522012578616352,0.017924528301886792,0.016673150669704886,0.008833207144659839,0.0024691327689956044,8.422198776814561
IND785634AAA,1,1,0.0,0.0,1.0,1263,3.0,3.0,1415.0,1084.0,2.0,2.0,132.0,5.0,2.5,773.5,Mariani_Mainroad_D (Assam),0.18930817610062894,0.18270440251572326,0.19654088050314467,0.7971698113207547,0.017924528301886792,0.01389429222475407,0.03683280715037404,0.0032716535885592936,7.95760783666067
IND530012AAC,0,2,0.0,0.0,1.0,1263,5.0,5.0,994.0,196.0,0.0,0.0,0.0,5.0,2.5,497.0,Vizag_Gajuwaka_L (Andhra Pradesh),0.18930817610062894,0.18270440251572326,0.19654088050314467,0.6754716981132075,0.017924528301886792,0.01389429222475407,0.023666328576258434,0.0027292819040881894,7.9304892524371144
IND282001AAC,1,1,0.0,0.0,0.5,1263,2.0,2.0,225.0,175.0,1.0,1.0,167.0,3.0,1.5,196.0,Agra_Idgah_L (Uttar Pradesh),0.18930817610062894,0.18270440251572326,0.11949685534591195,0.36886792452830186,0.13364779874213836,0.008336575334852443,0.009333200001904735,0.001437097583129417,7.8674523634332
IND792110AAA,1,1,0.0,0.0,0.5,1263,2.0,2.0,305.0,37.0,1.0,1.0,28.0,3.0,1.5,166.5,Roing_DibngVly_D (Arunachal Pradesh),0.18930817610062894,0.18270440251572326,0.11949685534591195,0.3242138364779874,0.13364779874213836,0.008336575334852443,0.007928458164883358,0.001379231526377527,7.864559060595607
IND444303AAA,1,1,0.0,0.0,0.5,1263,2.0,2.0,51.0,71.0,1.0,1.0,120.0,3.0,1.5,85.5,Khamgaon_WamanDPP_D (Maharashtra),0.18930817610062894,0.18270440251572326,0.11949685534591195,0.18867924528301888,0.13364779874213836,0.008336575334852443,0.0040713704089941575,0.001220345065465558,7.856614737550008
IND274402AAA,0,2,0.0,0.0,0.5,1263,3.0,3.0,136.0,34.0,0.0,0.0,0.0,3.0,1.5,68.0,Kushinagar_JiswlDPP_D (Uttar Pradesh),0.18930817610062894,0.18270440251572326,0.11949685534591195,0.15251572327044025,0.13364779874213836,0.008336575334852443,0.003238048980252663,0.0011860177436635894,7.854898371459909
IND431717AAA,1,1,0.0,0.0,1.0,1263,2.0,2.0,736.0,671.0,2.0,2.0,158.0,4.0,2.0,447.0,Degloor_Busstand_D (Maharashtra),0.18930817610062894,0.18270440251572326,0.15943396226415094,0.6386792452830189,0.017924528301886792,0.011115433779803258,0.021285410208425594,0.0022803266488143946,7.351437716088519
IND501218AAC,2,0,0.0,0.0,1.0,1263,0.0,0.0,0.0,0.0,4.0,4.0,399.0,4.0,2.0,199.5,Shamshabad_Lngrguda_D (Telangana),0.18930817610062894,0.18270440251572326,0.15943396226415094,0.3720125786163522,0.017924528301886792,0.011115433779803258,0.009499864287653034,0.001794840240472267,7.327163395671413
IND721636AAB,1,1,0.0,0.0,1.0,1263,3.0,1.0,29.0,82.0,1.0,1.0,65.0,4.0,1.0,47.0,Tamluk_Central_DPP_2 (West Bengal),0.18930817610062894,0.18270440251572326,0.15943396226415094,0.10660377358490566,0.017924528301886792,0.005557716889901629,0.0022380632657628702,0.0007939477645187709,7.277118771873738
IND505326AAB,1,1,0.0,0.0,0.5,1263,1.0,1.0,200.0,44.0,1.0,1.0,99.0,2.0,1.0,149.5,IND505326AAB,0.18930817610062894,0.18270440251572326,0.07610062893081761,0.2930817610062893,0.13364779874213836,0.005557716889901629,0.007118945919820193,0.0009950077922160157,7.194404477661115
IND790114AAA,2,0,0.0,0.0,0.5,1263,0.0,0.0,0.0,0.0,2.0,2.0,104.0,2.0,1.0,52.0,Bhalukpong_Khenewa_D (Arunachal Pradesh),0.18930817610062894,0.18270440251572326,0.07610062893081761,0.12012578616352201,0.13364779874213836,0.005557716889901629,0.002476155102546154,0.0008037555707479048,7.1848418665877105
IND414203AAB,1,1,0.0,0.0,0.5,1263,1.0,1.0,58.0,22.0,1.0,1.0,35.0,2.0,1.0,46.5,Ashti_SavtaHTL_D (Maharashtra),0.18930817610062894,0.18270440251572326,0.07610062893081761,0.10408805031446541,0.13364779874213836,0.005557716889901629,0.0022142540820845416,0.0007929669838958576,7.184302437245107
IND306304AAB,1,1,0.0,0.0,0.5,1263,1.0,1.0,42.0,9.0,1.0,1.0,50.0,2.0,1.0,46.0,Raipur_BypRDDPP_D (Rajasthan),0.18930817610062894,0.18270440251572326,0.07610062893081761,0.10251572327044026,0.13364779874213836,0.005557716889901629,0.0021904448984062133,0.0007919862032729441,7.184253398213962
IND484551AAA,1,1,0.0,0.0,0.5,1263,1.0,1.0,27.0,3.0,1.0,1.0,49.0,2.0,1.0,38.0,PaliBirsighpr_CtyLgDPP_D (Madhya Pradesh),0.18930817610062894,0.18270440251572326,0.07610062893081761,0.08113207547169811,0.13364779874213836,0.005557716889901629,0.0018094979595529588,0.00077629371330633,7.1834687737156315
IND752055AAA,1,1,0.0,0.0,0.5,1263,1.0,1.0,24.0,31.0,1.0,1.0,22.0,2.0,1.0,23.0,Khurdha_MunplDPP_D (Orissa),0.18930817610062894,0.18270440251572326,0.07610062893081761,0.048427672955974846,0.13364779874213836,0.005557716889901629,0.0010952224492031066,0.0007468702946189283,7.18199760278126
IND333001AAA,1,1,0.0,0.0,0.5,1263,1.0,1.0,18.0,14.0,1.0,0.0,10.0,2.0,0.5,14.0,Jhunjhunu_DC (Rajasthan),0.18930817610062894,0.18270440251572326,0.07610062893081761,0.028930817610062894,0.13364779874213836,0.0027788584449508144,0.0006666571429931954,0.00037833905042403105,7.163571040571516
IND689650AAA,1,1,0.0,0.0,0.5,1263,1.0,1.0,23.0,11.0,1.0,0.0,1.0,2.0,0.5,12.0,Kozhenchery_Cherukole_D (Kerala),0.18930817610062894,0.18270440251572326,0.07610062893081761,0.027044025157232705,0.13364779874213836,0.0027788584449508144,0.0005714204082798817,0.0003744159279323775,7.163374884446934
IND521165AAA,2,1,0.0,0.0,1.0,1263,1.0,1.0,249.0,19.0,2.0,2.0,211.0,3.0,1.5,230.0,Vuyyuru_BhogdDPP_D (Andhra Pradesh),0.18930817610062894,0.18270440251572326,0.11949685534591195,0.41823899371069184,0.017924528301886792,0.008336575334852443,0.010952224492031067,0.0015037906654875276,6.713554313148591
IND793150AAA,1,1,0.0,0.0,1.0,1263,1.0,1.0,129.0,68.0,2.0,2.0,120.0,3.0,1.5,124.5,Jowai_Ldthlabh_D (Meghalaya),0.18930817610062894,0.18270440251572326,0.11949685534591195,0.2512578616352201,0.017924528301886792,0.008336575334852443,0.005928486735903773,0.0012968459540528023,6.703207077576854
IND391110AAD,1,1,0.0,0.0,1.0,1263,1.0,1.0,98.0,230.0,2.0,2.0,51.0,3.0,1.5,74.5,Dabhoi_Central_DPP_3 (Gujarat),0.18930817610062894,0.18270440251572326,0.11949685534591195,0.16761006289308175,0.017924528301886792,0.008336575334852443,0.0035475683680709323,0.0011987678917614634,6.698303174462287
