source_center,destination_center,route_type,time_bucket,observation_count,median_osrm_time_min,median_actual_movement_min,median_actual_elapsed_min,median_movement_delay_ratio,median_excess_min,breach_rate,chronic_delay
IND000000AAL,IND411033AAA,Carting,afternoon,7,27.0,72.0,162.0,2.6,47.0,1.0,True
IND000000AAL,IND411033AAA,Carting,evening,5,27.0,56.0,135.0,2.0833333333333335,26.0,1.0,True
IND000000AAL,IND411033AAA,Carting,morning,1,26.0,88.0,118.0,3.3846153846153846,62.0,1.0,False
IND000000AAL,IND411033AAA,Carting,night,1,25.0,52.0,108.0,2.08,27.0,1.0,False
IND000000AAS,IND783370AAC,FTL,afternoon,8,30.0,53.0,90.0,1.7666666666666666,23.0,1.0,True
IND000000AAS,IND783370AAC,FTL,evening,1,30.0,80.0,118.0,2.6666666666666665,50.0,1.0,False
IND000000AAZ,IND444203AAA,FTL,night,1,48.0,289.0,322.0,6.020833333333333,241.0,1.0,False
IND000000AAZ,IND444303AAA,FTL,morning,1,40.0,160.0,174.0,4.0,120.0,1.0,False
IND000000ABA,IND683565AAA,Carting,night,5,21.0,22.0,59.0,1.0,0.0,0.2,False
IND000000ABD,IND562132AAA,FTL,morning,1,371.0,624.0,672.0,1.6819407008086253,253.0,1.0,False
IND000000ABD,IND562132AAA,FTL,night,11,370.0,632.0,757.0,1.7081081081081082,262.0,1.0,True
IND000000ABG,IND501359AAF,Carting,afternoon,9,28.0,211.0,263.0,7.535714285714286,183.0,1.0,True
IND000000ACA,IND140406AAA,FTL,evening,2,37.0,65.0,274.0,1.7567567567567568,28.0,1.0,False
IND000000ACA,IND142001AAB,FTL,afternoon,8,56.5,99.0,186.5,1.6520737327188941,40.0,1.0,True
IND000000ACA,IND142401AAA,FTL,evening,6,25.5,54.5,237.5,2.35,28.5,0.8333333333333334,True
IND000000ACA,IND143001AAA,FTL,afternoon,1,111.0,189.0,226.0,1.7027027027027026,78.0,1.0,False
IND000000ACA,IND144001AAB,FTL,afternoon,14,50.0,82.5,148.0,1.6020408163265305,30.5,1.0,True
IND000000ACA,IND144514AAA,FTL,evening,12,63.0,114.5,264.5,1.8174603174603174,51.5,0.8333333333333334,True
IND000000ACA,IND147301AAA,FTL,evening,2,32.0,81.0,192.5,2.4144144144144146,49.0,1.0,False
IND000000ACA,IND152026AAA,FTL,afternoon,1,117.0,179.0,321.0,1.5299145299145298,62.0,1.0,False
IND000000ACA,IND160002AAC,Carting,morning,1,71.0,130.0,257.0,1.8309859154929577,59.0,1.0,False
IND000000ACA,IND160002AAC,FTL,afternoon,11,62.0,149.0,343.0,2.370967741935484,85.0,1.0,True
IND000000ACA,IND160002AAC,FTL,evening,12,66.0,127.5,236.0,1.9837387625594922,63.0,1.0,True
IND000000ACA,IND160002AAC,FTL,morning,17,62.0,121.0,228.0,1.935483870967742,58.0,1.0,True
IND000000ACA,IND160002AAC,FTL,night,19,62.0,132.0,215.0,2.0952380952380953,69.0,1.0,True
IND000000ACB,IND000000AEL,Carting,afternoon,2,63.5,121.0,234.0,1.9048859126984126,57.5,1.0,False
IND000000ACB,IND000000AEL,Carting,evening,10,63.0,97.5,142.5,1.5723393182409575,35.5,1.0,True
IND000000ACB,IND000000AEL,Carting,night,5,62.0,236.0,392.0,3.7936507936507935,174.0,1.0,True
IND000000ACB,IND110024AAA,Carting,afternoon,6,66.5,138.0,266.0,2.07658371040724,71.5,1.0,True
IND000000ACB,IND110030AAD,Carting,afternoon,15,50.0,79.0,203.0,1.58,29.0,0.9333333333333333,True
IND000000ACB,IND110030AAD,Carting,evening,3,52.0,94.0,162.0,1.8076923076923077,42.0,1.0,False
IND000000ACB,IND110030AAD,Carting,night,4,50.5,127.0,197.5,2.5227450980392154,76.5,1.0,False
IND000000ACB,IND110037AAK,Carting,afternoon,10,38.0,79.0,178.5,2.0,40.0,1.0,True
IND000000ACB,IND110037AAK,Carting,evening,16,38.0,63.0,216.5,1.7128378378378377,26.0,1.0,True
IND000000ACB,IND110043AAA,Carting,afternoon,6,37.5,79.5,236.5,2.1212660028449504,42.0,1.0,True
IND000000ACB,IND110043AAA,Carting,evening,2,40.0,103.5,145.5,2.5875000000000004,63.5,1.0,False
IND000000ACB,IND110043AAA,Carting,night,2,39.0,93.0,154.0,2.3846153846153846,54.0,1.0,False
IND000000ACB,IND110043AAC,Carting,afternoon,2,55.0,146.5,266.5,2.6636363636363636,91.5,1.0,False
IND000000ACB,IND110043AAC,Carting,evening,7,55.0,100.0,131.0,1.7857142857142858,44.0,1.0,True
IND000000ACB,IND110052AAA,Carting,evening,2,68.0,102.0,208.5,1.500324464633355,34.0,1.0,False
IND000000ACB,IND110064AAA,Carting,afternoon,14,58.0,98.5,189.5,1.6757744009351256,39.5,1.0,True
IND000000ACB,IND110064AAA,Carting,evening,11,58.0,75.0,192.0,1.293103448275862,17.0,0.6363636363636364,True
IND000000ACB,IND110064AAA,Carting,night,13,57.0,127.0,225.0,2.189655172413793,69.0,1.0,True
IND000000ACB,IND110085AAB,Carting,afternoon,11,67.0,110.0,246.0,1.6417910447761195,43.0,1.0,True
IND000000ACB,IND110085AAB,Carting,evening,3,69.0,102.0,194.0,1.4782608695652173,33.0,1.0,False
IND000000ACB,IND110085AAB,Carting,night,4,68.5,159.0,180.5,2.3043478260869565,90.0,1.0,False
IND000000ACB,IND110092AAC,Carting,afternoon,2,73.0,128.0,283.5,1.7534246575342465,55.0,1.0,False
IND000000ACB,IND110092AAC,Carting,evening,3,74.0,112.0,184.0,1.5135135135135136,38.0,1.0,False
IND000000ACB,IND110095AAB,Carting,afternoon,4,77.0,81.5,319.5,1.0584415584415585,4.5,0.25,False
IND000000ACB,IND110095AAB,Carting,evening,9,77.0,84.0,238.0,1.0909090909090908,7.0,0.1111111111111111,False
IND000000ACB,IND110095AAB,Carting,night,13,77.0,286.0,410.0,3.763157894736842,210.0,1.0,True
IND000000ACB,IND121002AAB,Carting,afternoon,10,66.0,169.5,244.0,2.5681818181818183,103.5,1.0,True
IND000000ACB,IND121002AAB,Carting,evening,14,68.0,111.5,180.0,1.6470588235294117,44.0,1.0,True
IND000000ACB,IND121002AAB,Carting,night,14,65.0,151.5,323.5,2.2956371986222734,85.5,1.0,True
IND000000ACB,IND121004AAB,Carting,afternoon,1,64.0,110.0,250.0,1.71875,46.0,1.0,False
IND000000ACB,IND121004AAB,Carting,evening,13,65.0,113.0,186.0,1.71875,47.0,1.0,True
IND000000ACB,IND121004AAB,Carting,night,9,66.0,142.0,200.0,2.169230769230769,76.0,1.0,True
IND000000ACB,IND122001AAA,Carting,afternoon,11,35.0,66.0,307.0,1.9411764705882353,32.0,1.0,True
IND000000ACB,IND122001AAA,Carting,evening,13,35.0,51.0,104.0,1.4444444444444444,16.0,0.9230769230769231,True
IND000000ACB,IND122001AAA,Carting,morning,2,34.5,62.0,373.5,1.7945378151260505,27.5,1.0,False
IND000000ACB,IND122001AAA,Carting,night,13,35.0,68.0,124.0,1.9714285714285715,34.0,1.0,True
IND000000ACB,IND122015AAC,Carting,night,2,34.5,84.5,245.0,2.4449579831932775,50.0,1.0,False
IND000000ACB,IND124103AAA,FTL,afternoon,8,46.5,83.0,261.5,1.8043478260869565,37.0,1.0,True
IND000000ACB,IND124103AAA,FTL,evening,2,48.5,86.0,232.0,1.7738095238095237,37.5,1.0,False
IND000000ACB,IND124112AAA,FTL,morning,5,90.0,188.0,283.0,2.065934065934066,97.0,1.0,True
IND000000ACB,IND125001AAA,FTL,afternoon,2,135.5,241.5,347.5,1.7827342047930284,106.0,1.0,False
IND000000ACB,IND125001AAA,FTL,morning,12,135.0,298.5,438.5,2.219264787175235,164.0,1.0,True
IND000000ACB,IND125005AAA,FTL,afternoon,4,135.5,265.5,407.5,1.9522058823529411,129.5,1.0,False
IND000000ACB,IND125033AAA,FTL,morning,2,119.0,272.0,373.0,2.286087570621469,153.0,1.0,False
IND000000ACB,IND127021AAA,FTL,afternoon,1,101.0,184.0,318.0,1.8217821782178218,83.0,1.0,False
IND000000ACB,IND131028AAB,Carting,afternoon,19,97.0,231.0,475.0,2.3333333333333335,132.0,1.0,True
IND000000ACB,IND131028AAB,Carting,evening,16,101.0,211.0,410.0,2.103523587652883,110.0,1.0,True
IND000000ACB,IND131028AAB,Carting,morning,13,98.0,197.0,351.0,2.0309278350515463,100.0,1.0,True
IND000000ACB,IND131028AAB,Carting,night,25,97.0,202.0,374.0,2.082474226804124,105.0,1.0,True
IND000000ACB,IND160002AAC,FTL,afternoon,9,211.0,431.0,877.0,2.042654028436019,220.0,1.0,True
IND000000ACB,IND160002AAC,FTL,evening,6,211.0,453.0,838.0,2.146919431279621,242.0,1.0,True
IND000000ACB,IND160002AAC,FTL,morning,13,211.0,513.0,852.0,2.4312796208530805,302.0,1.0,True
IND000000ACB,IND160002AAC,FTL,night,13,212.0,611.0,828.0,2.8820754716981134,399.0,1.0,True
IND000000ACB,IND201007AAA,Carting,afternoon,2,76.0,130.0,259.0,1.7148302148302148,54.0,1.0,False
IND000000ACB,IND201007AAA,Carting,evening,3,77.0,89.0,171.0,1.155844155844156,12.0,0.3333333333333333,False
IND000000ACB,IND201007AAA,Carting,night,4,77.0,133.5,186.5,1.7221112221112223,56.0,1.0,False
IND000000ACB,IND201301AAF,Carting,afternoon,2,78.0,130.5,256.0,1.6730769230769231,52.5,1.0,False
IND000000ACB,IND201301AAF,Carting,evening,3,79.0,94.0,180.0,1.205128205128205,16.0,0.6666666666666666,False
IND000000ACB,IND201301AAF,Carting,night,4,79.0,156.5,174.5,1.9780448717948718,77.5,1.0,False
IND000000ACB,IND201301AAM,Carting,afternoon,8,82.0,275.0,405.5,3.347560975609756,192.5,1.0,True
IND000000ACB,IND201301AAM,Carting,evening,10,84.0,210.0,308.0,2.518154761904762,125.5,1.0,True
IND000000ACB,IND201301AAM,Carting,night,9,81.0,210.0,362.0,2.625,130.0,1.0,True
IND000000ACB,IND209304AAA,FTL,evening,7,321.0,726.0,928.0,2.2429906542056073,399.0,1.0,True
IND000000ACB,IND209304AAA,FTL,night,3,321.0,735.0,928.0,2.289719626168224,414.0,1.0,False
IND000000ACB,IND282002AAD,FTL,morning,3,137.0,282.0,457.0,2.073529411764706,146.0,1.0,False
IND000000ACB,IND301001AAB,FTL,afternoon,4,91.5,156.0,288.5,1.7142857142857144,65.0,1.0,False
IND000000ACB,IND301001AAB,FTL,morning,2,93.5,169.5,376.5,1.8137725920841912,76.0,1.0,False
IND000000ACB,IND301705AAA,FTL,evening,1,56.0,210.0,417.0,3.75,154.0,1.0,False
IND000000ACB,IND302014AAA,FTL,afternoon,1,169.0,357.0,534.0,2.1124260355029585,188.0,1.0,False
IND000000ACB,IND302014AAA,FTL,morning,11,169.0,321.0,693.0,1.8994082840236686,152.0,1.0,True
IND000000ACB,IND302014AAA,FTL,night,12,168.0,321.0,469.0,1.8938739993038636,151.5,1.0,True
IND000000ACB,IND302022AAD,FTL,afternoon,12,169.0,285.0,416.5,1.6834319526627217,115.5,1.0,True
IND000000ACB,IND302022AAD,FTL,evening,2,168.0,298.0,406.5,1.77376607731283,130.0,1.0,False
IND000000ACB,IND328001AAA,FTL,morning,5,198.0,360.0,544.0,1.8181818181818181,162.0,1.0,True
IND000000ACB,IND382430AAB,FTL,afternoon,1,631.0,1128.0,1516.0,1.7876386687797148,497.0,1.0,False
IND000000ACB,IND382430AAB,FTL,evening,12,632.0,1158.0,1362.5,1.8322784810126582,526.0,1.0,True
IND000000ACB,IND390022AAA,FTL,evening,8,695.0,1245.0,1399.5,1.792660626541994,550.5,1.0,True
IND000000ACB,IND411033AAA,FTL,evening,14,1011.0,1765.5,1933.0,1.7488960717818285,756.0,1.0,True
IND000000ACB,IND411033AAA,FTL,night,1,1010.0,1670.0,1758.0,1.6534653465346534,660.0,1.0,False
IND000000ACB,IND421302AAG,FTL,afternoon,10,963.0,1844.0,2162.5,1.9148494288681204,881.0,1.0,True
IND000000ACB,IND421302AAG,FTL,evening,13,963.0,1879.0,2112.0,1.9511941848390446,916.0,1.0,True
IND000000ACB,IND421302AAG,FTL,morning,3,963.0,1922.0,2306.0,1.9958463136033229,959.0,1.0,False
IND000000ACB,IND462022AAA,FTL,night,12,588.5,1088.0,1265.5,1.8471986417657045,499.0,1.0,True
IND000000ACB,IND474003AAA,FTL,morning,2,253.0,1134.5,1371.0,4.475174978127734,881.5,1.0,False
IND000000ACB,IND501359AAE,FTL,afternoon,9,1166.0,2432.0,2782.0,2.085763293310463,1266.0,1.0,True
IND000000ACB,IND501359AAE,FTL,evening,4,1165.5,2207.0,2412.0,1.8935975677088317,1041.5,1.0,False
IND000000ACB,IND501359AAE,FTL,night,8,1165.5,2192.5,2430.5,1.8803590145304896,1026.5,1.0,True
IND000000ACB,IND521225AAB,FTL,night,5,1283.0,2606.0,2867.0,2.0327613104524183,1324.0,1.0,True
IND000000ACB,IND562132AAA,FTL,afternoon,6,1536.0,2934.5,3238.5,1.9032319928940566,1392.5,1.0,True
IND000000ACB,IND562132AAA,FTL,evening,8,1536.0,2878.5,3077.0,1.8740234375,1342.5,1.0,True
IND000000ACB,IND562132AAA,FTL,morning,20,1550.0,2841.0,3013.0,1.844062587029339,1293.5,1.0,True
IND000000ACB,IND562132AAA,FTL,night,10,1547.5,2875.0,3126.0,1.856036152356359,1326.0,1.0,True
IND000000ACB,IND600056AAB,FTL,morning,5,1610.0,3045.0,3251.0,1.891304347826087,1435.0,1.0,True
IND000000ACB,IND600056AAB,FTL,night,5,1610.0,3031.0,3341.0,1.8814400993171942,1420.0,1.0,True
IND000000ACB,IND712311AAA,FTL,afternoon,12,1016.0,2259.0,2478.5,2.2234753744017293,1243.5,1.0,True
IND000000ACB,IND712311AAA,FTL,evening,12,1016.0,1926.0,2198.0,1.8966011791629493,910.5,1.0,True
IND000000ACB,IND712311AAA,FTL,night,10,1017.0,2069.5,2263.0,2.035906324762502,1053.0,1.0,True
IND000000ACB,IND751002AAB,FTL,evening,2,1167.0,2338.5,2591.5,2.003887250640288,1171.5,1.0,False
IND000000ACB,IND751002AAB,FTL,night,11,1167.0,2404.0,2508.0,2.0599828620394174,1237.0,1.0,True
IND000000ACB,IND821115AAB,FTL,night,14,646.0,1341.0,1535.0,2.074260339456697,694.5,1.0,True
IND000000ACB,IND834002AAB,FTL,evening,1,851.0,1539.0,1939.0,1.808460634547591,688.0,1.0,False
IND000000ACB,IND834002AAB,FTL,night,8,851.0,1616.5,1748.0,1.8989962099270121,765.5,1.0,True
IND000000ACB,IND842001AAA,FTL,night,12,737.5,1515.0,1721.5,2.051457510515565,776.5,1.0,True
IND000000ACK,IND501359AAF,Carting,afternoon,22,21.0,64.5,125.5,3.0811688311688314,44.0,1.0,True
IND000000ACN,IND501359AAF,Carting,afternoon,5,17.0,35.0,99.0,2.0588235294117645,18.0,1.0,True
IND000000ACN,IND501359AAF,Carting,evening,6,18.0,33.5,87.5,1.8611111111111112,15.5,1.0,True
IND000000ACT,IND000000ACB,Carting,afternoon,2,41.0,115.0,154.5,2.8048780487804876,74.0,1.0,False
IND000000ACT,IND000000ACB,Carting,evening,17,43.0,65.0,146.0,1.5238095238095237,23.0,0.8235294117647058,True
IND000000ACT,IND000000ACB,Carting,morning,5,41.0,72.0,128.0,1.8461538461538463,33.0,1.0,True
IND000000ACT,IND000000ACB,Carting,night,9,40.0,69.0,164.0,1.675,27.0,1.0,True
IND000000ACT,IND000000ACB,FTL,evening,38,42.5,50.0,246.0,1.186046511627907,8.0,0.4473684210526316,False
IND000000ACT,IND131028AAB,Carting,afternoon,16,56.0,102.5,197.5,1.8392857142857144,47.0,1.0,True
IND000000ACT,IND131028AAB,Carting,evening,14,56.0,80.0,167.5,1.407878217200251,23.0,0.8571428571428571,True
IND000000ACT,IND131028AAB,Carting,morning,2,57.0,126.0,230.5,2.207820197044335,69.0,1.0,False
IND000000ACT,IND160002AAC,FTL,morning,2,187.5,400.0,438.5,2.13349072704517,212.5,1.0,False
IND000000ACT,IND160002AAC,FTL,night,12,188.0,383.0,464.5,2.031844534504109,194.5,1.0,True
IND000000ADV,IND600044AAC,Carting,afternoon,9,37.0,76.0,119.0,2.027027027027027,38.0,1.0,True
IND000000ADV,IND600044AAC,Carting,evening,2,37.5,79.0,126.0,2.1073968705547657,41.5,1.0,False
IND000000AEL,IND000000ACB,Carting,afternoon,2,58.5,104.0,257.0,1.777323202805377,45.5,1.0,False
IND000000AEL,IND000000ACB,Carting,evening,10,58.0,108.0,269.5,1.8461426066627702,49.5,1.0,True
IND000000AEL,IND000000ACB,Carting,morning,3,59.0,108.0,579.0,1.8305084745762712,49.0,1.0,False
IND000000AEM,IND110037AAB,Carting,evening,3,42.0,89.0,209.0,2.0697674418604652,46.0,1.0,False
IND000000AEM,IND110037AAB,Carting,morning,4,40.5,185.0,279.5,4.4523809523809526,145.0,1.0,False
IND000000AEM,IND110037AAB,Carting,night,4,40.0,207.5,329.0,5.1875,167.5,1.0,False
IND000000AEM,IND110064AAB,Carting,morning,1,55.0,89.0,180.0,1.6181818181818182,34.0,1.0,False
IND000000AEM,IND110064AAB,Carting,night,10,55.0,115.0,250.0,2.0998677248677247,60.5,1.0,True
IND000000AET,IND000000AAS,FTL,afternoon,8,48.5,119.0,154.0,2.4646938775510203,71.5,1.0,True
IND000000AFF,IND734203AAA,FTL,afternoon,3,19.0,92.0,100.0,4.842105263157895,73.0,1.0,False
IND000000AFG,IND673027AAB,FTL,night,1,46.0,84.0,107.0,1.826086956521739,38.0,1.0,False
IND000000AFJ,IND695121AAA,Carting,evening,2,27.0,27.0,78.0,1.0,1.0,0.0,False
IND000000AFJ,IND695121AAA,Carting,night,11,26.0,28.0,64.0,1.0769230769230769,2.0,0.09090909090909091,False
IND000000AFJ,IND695572AAB,Carting,evening,1,27.0,60.0,103.0,2.2222222222222223,33.0,1.0,False
IND000000AFR,IND683511AAA,Carting,night,6,32.0,70.5,84.0,2.171875,38.0,1.0,True
IND000000AFT,IND400072AAB,Carting,evening,6,19.0,36.0,99.0,1.9236842105263157,17.0,1.0,True
IND000000AFT,IND400701AAA,Carting,night,1,19.0,56.0,514.0,2.9473684210526314,37.0,1.0,False
IND000000AFT,IND400706AAA,Carting,night,1,18.0,94.0,96.0,5.222222222222222,76.0,1.0,False
IND000000AFT,IND410206AAA,Carting,morning,1,15.0,46.0,109.0,3.066666666666667,31.0,1.0,False
IND000000AFT,IND410206AAB,Carting,morning,1,17.0,53.0,68.0,3.1176470588235294,36.0,1.0,False
IND000000AFT,IND410209AAA,Carting,evening,1,15.0,71.0,75.0,4.733333333333333,56.0,1.0,False
IND000000AFT,IND410209AAA,Carting,morning,9,14.0,31.0,51.0,2.25,16.0,1.0,True
IND000000AFT,IND410209AAA,Carting,night,12,15.0,32.5,56.0,2.2404761904761905,18.0,1.0,True
IND000000AFT,IND410210AAA,Carting,evening,5,14.0,52.0,97.0,3.8461538461538463,38.0,1.0,True
IND000000AFT,IND410210AAA,Carting,night,4,18.5,37.5,53.0,2.0204678362573096,19.0,1.0,False
IND000000AFT,IND421302AAG,Carting,evening,6,21.5,47.5,119.5,2.20995670995671,26.0,1.0,True
IND000000AFT,IND421302AAG,Carting,morning,1,20.0,61.0,149.0,3.05,41.0,1.0,False
IND000000AFT,IND421302AAG,Carting,night,2,20.0,58.0,266.5,2.823232323232323,38.0,1.0,False
IND110014AAA,IND110024AAA,Carting,morning,5,8.0,24.0,57.0,3.4285714285714284,17.0,1.0,True
IND110014AAA,IND110024AAA,Carting,night,4,11.0,35.0,145.0,3.3636363636363638,24.0,1.0,False
IND110020AAB,IND110037AAM,Carting,morning,4,23.5,88.0,565.0,3.937747035573123,65.5,1.0,False
IND110024AAA,IND110014AAA,Carting,evening,1,7.0,14.0,44.0,2.0,7.0,1.0,False
IND110024AAA,IND110014AAA,Carting,morning,3,7.0,22.0,53.0,3.142857142857143,15.0,1.0,False
IND110024AAA,IND110014AAA,Carting,night,5,8.0,12.0,42.0,1.7142857142857142,5.0,1.0,True
IND110030AAD,IND000000ACB,Carting,evening,3,48.0,78.0,206.0,1.6595744680851063,31.0,1.0,False
IND110030AAD,IND000000ACB,Carting,morning,2,48.0,279.5,303.0,5.766608771168041,231.5,1.0,False
IND110030AAD,IND000000ACB,Carting,night,2,46.0,217.5,247.5,4.7643026004728135,171.5,1.0,False
IND110035AAC,IND110037AAM,Carting,evening,1,20.0,27.0,196.0,1.35,7.0,1.0,False
IND110035AAC,IND110037AAM,Carting,morning,1,18.0,30.0,415.0,1.6666666666666667,12.0,1.0,False
IND110037AAK,IND000000ACB,Carting,afternoon,1,40.0,56.0,243.0,1.4,16.0,1.0,False
IND110037AAK,IND000000ACB,Carting,evening,19,38.0,64.0,217.0,1.6842105263157894,26.0,1.0,True
IND110037AAK,IND000000ACB,Carting,morning,1,38.0,70.0,172.0,1.8421052631578947,32.0,1.0,False
IND110037AAK,IND000000ACB,Carting,night,13,38.0,108.0,340.0,2.918918918918919,71.0,1.0,True
IND110037AAM,IND000000ACB,FTL,night,12,43.0,66.5,324.5,1.5424418604651162,23.0,1.0,True
IND110037AAM,IND110020AAB,Carting,morning,6,25.5,100.5,211.5,3.880740740740741,74.5,1.0,True
IND110037AAM,IND110024AAA,Carting,night,11,24.0,66.0,221.0,2.72,42.0,1.0,True
IND110037AAM,IND110035AAC,Carting,evening,12,21.0,31.5,124.5,1.6171052631578946,12.0,0.75,True
IND110037AAM,IND110035AAC,Carting,morning,12,20.5,57.5,221.0,3.045238095238095,39.0,1.0,True
IND110037AAM,IND110035AAC,Carting,night,1,27.0,210.0,233.0,7.777777777777778,183.0,1.0,False
IND110037AAM,IND110064AAA,Carting,night,1,16.0,35.0,222.0,2.1875,19.0,1.0,False
IND110037AAM,IND110085AAB,Carting,night,14,24.5,49.5,215.0,2.0384615384615383,25.0,1.0,True
IND110037AAM,IND110092AAC,Carting,night,1,31.0,68.0,211.0,2.193548387096774,37.0,1.0,False
IND110037AAM,IND121004AAB,Carting,afternoon,10,26.5,65.5,114.5,2.3293650793650795,36.5,1.0,True
IND110037AAM,IND121004AAB,Carting,evening,13,26.0,45.0,111.0,1.793103448275862,20.0,1.0,True
IND110037AAM,IND121004AAB,Carting,night,12,30.0,104.5,139.0,3.3833333333333333,72.5,1.0,True
IND110037AAM,IND125001AAA,FTL,night,1,133.0,534.0,840.0,4.015037593984962,401.0,1.0,False
IND110037AAM,IND131028AAB,Carting,morning,1,57.0,126.0,315.0,2.210526315789474,69.0,1.0,False
IND110037AAM,IND201001AAC,Carting,evening,1,46.0,129.0,188.0,2.8043478260869565,83.0,1.0,False
IND110037AAM,IND201007AAA,Carting,night,6,34.5,88.0,253.0,2.492016806722689,52.5,1.0,True
IND110037AAM,IND201301AAD,Carting,morning,1,37.0,169.0,257.0,4.5675675675675675,132.0,1.0,False
IND110037AAM,IND201301AAD,Carting,night,2,36.0,138.5,263.0,3.877606177606178,102.5,1.0,False
IND110037AAM,IND201301AAF,Carting,night,5,39.0,84.0,240.0,2.1538461538461537,45.0,1.0,True
IND110037AAM,IND202001AAB,FTL,afternoon,10,129.0,225.0,518.0,1.737298747763864,95.5,1.0,True
IND110037AAM,IND202001AAB,FTL,morning,1,129.0,235.0,378.0,1.821705426356589,106.0,1.0,False
IND110037AAM,IND202001AAB,FTL,night,9,130.0,258.0,438.0,1.9846153846153847,128.0,1.0,True
IND110037AAM,IND209304AAA,FTL,evening,3,335.0,700.0,754.0,2.095808383233533,366.0,1.0,False
IND110037AAM,IND209304AAA,FTL,morning,1,333.0,702.0,1143.0,2.108108108108108,369.0,1.0,False
IND110037AAM,IND209304AAA,FTL,night,14,335.5,727.0,1032.0,2.1669065387348967,391.5,1.0,True
IND110037AAM,IND226004AAC,FTL,evening,1,375.0,686.0,1041.0,1.8293333333333333,311.0,1.0,False
IND110037AAM,IND282001AAA,FTL,morning,1,151.0,563.0,718.0,3.728476821192053,412.0,1.0,False
IND110037AAM,IND282001AAA,FTL,night,1,148.0,298.0,456.0,2.0135135135135136,150.0,1.0,False
IND110037AAM,IND282001AAC,FTL,night,1,151.0,318.0,459.0,2.1059602649006623,167.0,1.0,False
IND110037AAM,IND282002AAD,FTL,afternoon,1,151.0,297.0,555.0,1.966887417218543,146.0,1.0,False
IND110037AAM,IND421302AAG,FTL,evening,2,997.5,2013.0,2410.5,2.0179788221956896,1015.5,1.0,False
IND110037AAM,IND421302AAG,FTL,night,11,997.0,2009.0,2315.0,2.0150451354062184,1012.0,1.0,True
IND110037AAM,IND811399AAA,FTL,afternoon,4,36.0,95.5,286.5,2.684984520123839,59.5,0.75,False
IND110037AAM,IND811399AAA,FTL,evening,3,37.0,41.0,173.0,1.1081081081081081,4.0,0.3333333333333333,False
IND110039AAA,IND110085AAB,Carting,morning,2,15.5,53.0,109.0,3.4291666666666667,37.5,1.0,False
IND110039AAA,IND110085AAB,Carting,night,1,14.0,90.0,189.0,6.428571428571429,76.0,1.0,False
IND110043AAA,IND000000ACB,Carting,evening,2,39.0,126.5,212.0,3.1960526315789473,87.5,1.0,False
IND110043AAA,IND000000ACB,Carting,morning,1,40.0,345.0,392.0,8.625,305.0,1.0,False
IND110043AAA,IND000000ACB,Carting,night,2,40.0,172.5,208.5,4.3125,132.5,1.0,False
IND110043AAA,IND110078AAA,Carting,morning,11,22.0,39.0,74.0,1.7,16.0,1.0,True
IND110043AAA,IND110078AAA,Carting,night,11,21.0,35.0,78.0,1.6666666666666667,14.0,0.9090909090909091,True
IND110043AAC,IND000000ACB,Carting,evening,1,58.0,94.0,233.0,1.6206896551724137,36.0,1.0,False
IND110044AAB,IND000000ACB,Carting,afternoon,26,61.0,112.0,190.5,1.7633928571428572,48.5,1.0,True
IND110044AAB,IND000000ACB,Carting,evening,25,61.0,102.0,192.0,1.6885245901639345,42.0,1.0,True
IND110044AAB,IND000000ACB,Carting,morning,8,61.0,128.0,206.5,2.0983606557377046,67.0,1.0,True
IND110044AAB,IND110030AAD,Carting,afternoon,3,16.0,25.0,113.0,1.5555555555555556,9.0,1.0,False
IND110044AAB,IND110030AAD,Carting,evening,19,15.0,25.0,86.0,1.7333333333333334,11.0,1.0,True
IND110044AAB,IND110037AAM,Carting,night,3,23.0,43.0,132.0,2.0476190476190474,22.0,1.0,False
IND110044AAB,IND131028AAB,Carting,afternoon,15,53.0,114.0,168.0,2.111111111111111,60.0,1.0,True
IND110044AAB,IND131028AAB,Carting,evening,13,53.0,72.0,243.0,1.3584905660377358,19.0,1.0,True
IND110044AAB,IND201007AAA,Carting,afternoon,4,23.0,65.0,157.5,2.8260869565217392,42.0,1.0,False
IND110044AAB,IND201007AAA,Carting,evening,7,23.0,54.0,145.0,2.347826086956522,31.0,1.0,True
IND110044AAB,IND201301AAF,Carting,afternoon,4,14.0,34.5,77.5,2.4642857142857144,20.5,1.0,False
IND110044AAB,IND201301AAF,Carting,evening,3,15.0,29.0,75.0,1.6111111111111112,11.0,1.0,False
IND110052AAA,IND000000ACB,Carting,evening,9,64.0,107.0,228.0,1.646153846153846,42.0,1.0,True
IND110052AAA,IND000000ACB,Carting,night,1,62.0,117.0,377.0,1.8870967741935485,55.0,1.0,False
IND110064AAA,IND000000ACB,Carting,evening,14,54.0,76.0,122.0,1.3703703703703702,20.5,1.0,True
IND110064AAA,IND000000ACB,Carting,morning,10,54.0,644.5,676.0,11.935185185185185,590.5,1.0,True
IND110064AAA,IND000000ACB,Carting,night,2,55.5,736.5,784.5,13.281493506493508,681.0,1.0,False
IND110064AAA,IND110005AAA,Carting,evening,1,13.0,30.0,100.0,2.3076923076923075,17.0,1.0,False
IND110064AAA,IND110005AAA,Carting,night,1,11.0,33.0,78.0,3.0,22.0,1.0,False
IND110064AAA,IND110046AAA,Carting,morning,1,15.0,45.0,137.0,3.0,30.0,1.0,False
IND110078AAA,IND110043AAA,Carting,morning,5,21.0,67.0,103.0,3.1904761904761907,46.0,1.0,True
IND110078AAA,IND110043AAA,Carting,night,3,21.0,52.0,168.0,2.4,30.0,1.0,False
IND110083AAA,IND110085AAB,Carting,night,1,17.0,50.0,152.0,2.9411764705882355,33.0,1.0,False
IND110085AAB,IND000000ACB,Carting,evening,3,64.0,140.0,193.0,2.1875,76.0,1.0,False
IND110085AAB,IND000000ACB,Carting,morning,3,62.0,282.0,297.0,4.40625,218.0,1.0,False
IND110085AAB,IND000000ACB,Carting,night,1,65.0,155.0,165.0,2.3846153846153846,90.0,1.0,False
IND110085AAB,IND110039AAA,Carting,morning,2,17.0,40.5,56.0,2.385416666666667,23.5,1.0,False
IND110085AAB,IND110039AAA,Carting,night,2,15.0,17.0,45.0,1.1339285714285714,2.0,0.0,False
IND110085AAB,IND110083AAA,Carting,night,3,15.0,56.0,65.0,4.0,42.0,1.0,False
IND110085AAB,IND110085AAA,Carting,afternoon,1,13.0,27.0,726.0,2.076923076923077,14.0,1.0,False
IND110085AAB,IND110087AAA,Carting,morning,2,13.0,35.0,49.0,2.6923076923076925,22.0,1.0,False
IND110085AAB,IND110087AAA,Carting,night,1,13.0,14.0,41.0,1.0769230769230769,1.0,0.0,False
IND110092AAC,IND000000ACB,Carting,evening,3,68.0,132.0,189.0,1.9411764705882353,64.0,1.0,False
IND110092AAC,IND000000ACB,Carting,morning,2,68.5,180.5,195.0,2.632992327365729,112.0,1.0,False
IND110092AAC,IND000000ACB,Carting,night,1,61.0,128.0,153.0,2.098360655737705,67.0,1.0,False
IND110092AAC,IND110093AAA,Carting,evening,1,16.0,52.0,99.0,3.25,36.0,1.0,False
IND110093AAA,IND110092AAC,Carting,night,1,18.0,58.0,88.0,3.2222222222222223,40.0,1.0,False
IND110095AAB,IND000000ACB,Carting,evening,1,71.0,108.0,165.0,1.5211267605633803,37.0,1.0,False
IND121001AAA,IND121004AAB,Carting,morning,11,11.0,24.0,37.0,2.0,12.0,0.9090909090909091,True
IND121001AAA,IND121004AAB,Carting,night,11,11.0,20.0,39.0,1.8181818181818181,9.0,1.0,True
IND121002AAB,IND000000ACB,Carting,afternoon,2,65.5,98.5,364.5,1.5045454545454546,33.0,1.0,False
IND121002AAB,IND000000ACB,Carting,evening,15,66.0,152.0,225.0,2.417910447761194,89.0,1.0,True
IND121002AAB,IND000000ACB,Carting,morning,4,65.5,173.0,636.0,2.629971590909091,107.0,1.0,False
IND121002AAB,IND000000ACB,Carting,night,3,65.0,134.0,180.0,2.09375,70.0,1.0,False
IND121004AAA,IND121004AAB,Carting,morning,1,16.0,31.0,71.0,1.9375,15.0,1.0,False
IND121004AAA,IND121004AAB,Carting,night,8,13.5,33.0,123.5,2.3833333333333333,19.5,1.0,True
IND121004AAB,IND000000ACB,Carting,evening,10,65.0,121.5,255.5,1.8692307692307693,56.5,1.0,True
IND121004AAB,IND000000ACB,Carting,morning,11,65.0,120.0,137.0,1.8181818181818181,54.0,1.0,True
IND121004AAB,IND110037AAM,Carting,evening,13,26.0,50.0,82.0,1.8518518518518519,23.0,1.0,True
IND121004AAB,IND110037AAM,Carting,morning,5,25.0,69.0,119.0,2.8333333333333335,44.0,1.0,True
IND121004AAB,IND110037AAM,Carting,night,8,26.5,70.0,100.5,2.8,44.5,1.0,True
IND121004AAB,IND121001AAA,Carting,morning,12,10.5,18.5,72.5,1.606060606060606,6.5,1.0,True
IND121004AAB,IND121001AAA,Carting,night,7,11.0,21.0,42.0,1.9333333333333333,11.0,1.0,True
IND121004AAB,IND121004AAA,Carting,evening,3,13.0,23.0,101.0,1.9166666666666667,11.0,1.0,False
IND121004AAB,IND121004AAA,Carting,morning,8,12.5,24.0,55.0,1.8461538461538463,10.5,1.0,True
IND121004AAB,IND121004AAA,Carting,night,3,12.0,18.0,68.0,1.5,6.0,1.0,False
IND121004AAB,IND121004AAC,Carting,evening,1,13.0,76.0,128.0,5.846153846153846,63.0,1.0,False
IND121004AAB,IND121004AAC,Carting,morning,6,12.5,26.0,50.0,1.9615384615384615,12.5,1.0,True
IND121004AAB,IND121004AAC,Carting,night,2,12.5,23.0,47.0,1.8397435897435899,10.5,1.0,False
IND121004AAB,IND121102AAA,Carting,morning,15,29.0,62.0,86.0,1.9642857142857142,30.0,1.0,True
IND121004AAB,IND121102AAA,Carting,night,13,29.0,52.0,91.0,1.6666666666666667,20.0,1.0,True
IND121004AAC,IND121004AAB,Carting,morning,1,10.0,87.0,99.0,8.7,77.0,1.0,False
IND121004AAC,IND121004AAB,Carting,night,2,12.5,82.5,154.0,6.471153846153846,70.0,1.0,False
IND121102AAA,IND121004AAB,Carting,night,11,29.0,124.0,185.0,4.2,96.0,1.0,True
IND122001AAA,IND000000ACB,Carting,evening,13,34.0,52.0,96.0,1.5294117647058822,18.0,0.9230769230769231,True
IND122001AAA,IND110037AAM,Carting,evening,1,15.0,58.0,91.0,3.8666666666666667,43.0,1.0,False
IND122001AAA,IND122001AAD,Carting,morning,2,11.5,37.5,57.5,3.253846153846154,26.0,1.0,False
IND122001AAA,IND122001AAD,Carting,night,1,13.0,41.0,62.0,3.1538461538461537,28.0,1.0,False
IND122001AAA,IND122101AAC,Carting,morning,1,16.0,22.0,53.0,1.375,6.0,1.0,False
IND122001AAD,IND122050AAA,Carting,morning,6,20.0,52.5,59.5,2.5630952380952383,32.0,1.0,True
IND122001AAD,IND122050AAA,Carting,night,2,20.0,23.5,51.5,1.1791979949874687,3.5,0.5,False
IND122001AAJ,IND507123AAA,FTL,night,9,58.0,45.0,57.0,0.7758620689655172,0.0,0.0,False
IND122002AAD,IND122503AAA,Carting,morning,2,22.5,51.0,75.0,2.285,28.5,1.0,False
IND122004AAA,IND000000ACB,Carting,evening,1,34.0,55.0,196.0,1.6176470588235294,21.0,1.0,False
IND122004AAA,IND122413AAE,Carting,afternoon,15,35.0,63.0,106.0,1.8,28.0,1.0,True
IND122004AAA,IND122413AAE,Carting,evening,16,35.0,63.0,121.5,1.8252100840336134,28.5,1.0,True
IND122004AAA,IND122413AAE,Carting,night,1,34.0,54.0,185.0,1.588235294117647,20.0,1.0,False
IND122503AAA,IND122001AAA,Carting,morning,2,26.5,121.5,226.0,4.5997150997151,95.0,1.0,False
IND123001AAA,IND123401AAB,FTL,night,10,34.5,67.5,91.5,1.9558823529411766,33.0,1.0,True
IND123401AAB,IND123106AAB,FTL,night,10,50.0,98.0,131.5,1.96,48.0,1.0,True
IND124001AAB,IND126102AAA,FTL,night,2,43.5,99.0,136.0,2.281712473572939,55.5,1.0,False
IND124103AAA,IND127021AAA,FTL,evening,6,52.0,100.0,121.0,1.9230769230769231,48.0,1.0,True
IND124112AAA,IND125005AAA,FTL,afternoon,2,45.5,111.5,131.5,2.4507246376811596,66.0,1.0,False
IND124112AAA,IND125033AAA,FTL,afternoon,3,29.0,54.0,81.0,1.8,24.0,1.0,False
IND124141AAA,IND000000ACB,FTL,night,7,79.0,156.0,168.0,1.9746835443037976,77.0,1.0,True
IND124507AAA,IND131028AAB,FTL,night,9,45.0,104.0,141.0,2.260869565217391,58.0,1.0,True
IND124507AAA,IND131028AAE,FTL,night,1,45.0,134.0,345.0,2.977777777777778,89.0,1.0,False
IND125001AAA,IND000000ACB,FTL,afternoon,1,135.0,269.0,345.0,1.9925925925925927,134.0,1.0,False
IND125001AAA,IND000000ACB,FTL,evening,5,137.0,271.0,388.0,2.014925373134328,136.0,1.0,True
IND125001AAA,IND110037AAM,FTL,afternoon,5,132.0,471.0,559.0,3.514925373134328,337.0,1.0,True
IND125001AAA,IND110037AAM,FTL,morning,1,132.0,649.0,833.0,4.916666666666667,517.0,1.0,False
IND125001AAA,IND125047AAB,FTL,evening,6,35.0,72.5,147.0,2.0424603174603173,37.0,1.0,True
IND125001AAA,IND125051AAA,FTL,evening,1,63.0,211.0,304.0,3.3492063492063493,148.0,1.0,False
IND125001AAA,IND335513AAA,FTL,afternoon,1,150.0,244.0,350.0,1.6266666666666667,94.0,1.0,False
IND125001AAA,IND335513AAA,FTL,evening,4,150.5,270.0,349.0,1.800485651214128,120.5,1.0,False
IND125001AAA,IND335523AAB,FTL,evening,2,118.5,366.0,437.0,3.0882352941176467,247.5,1.0,False
IND125001AAA,IND335524AAA,FTL,afternoon,1,165.0,310.0,413.0,1.878787878787879,145.0,1.0,False
IND125001AAA,IND335524AAA,FTL,evening,3,164.0,312.0,382.0,1.9024390243902438,148.0,1.0,False
IND125005AAA,IND000000ACB,FTL,evening,5,137.0,264.0,367.0,1.927007299270073,127.0,1.0,True
IND125005AAA,IND125047AAB,FTL,evening,3,35.0,74.0,136.0,2.1714285714285713,40.0,1.0,False
IND125005AAA,IND335513AAA,FTL,evening,3,150.0,266.0,333.0,1.7733333333333334,116.0,1.0,False
IND125005AAA,IND335523AAB,FTL,evening,1,119.0,310.0,388.0,2.6050420168067228,191.0,1.0,False
IND125005AAA,IND335524AAA,FTL,evening,2,166.5,280.0,376.5,1.6818181818181819,113.5,1.0,False
IND125033AAA,IND125001AAA,FTL,afternoon,3,17.0,34.0,44.0,2.0,17.0,1.0,False
IND125033AAA,IND125005AAA,FTL,afternoon,2,17.5,36.0,50.0,2.0620915032679736,18.5,1.0,False
IND125047AAB,IND125050AAA,FTL,night,1,35.0,95.0,113.0,2.7142857142857144,60.0,1.0,False
IND125047AAB,IND125051AAA,FTL,evening,6,58.0,129.0,143.0,2.2490336009515315,72.5,1.0,True
IND125047AAB,IND125051AAA,FTL,night,2,57.5,124.5,135.0,2.165305505142166,67.0,1.0,False
IND125050AAA,IND125051AAA,FTL,night,2,21.5,37.0,48.5,1.7186147186147185,15.5,1.0,False
IND125051AAA,IND125111AAA,FTL,night,4,31.0,32.0,48.0,1.0489583333333332,1.5,0.0,False
IND125104AAA,IND125005AAA,FTL,morning,1,109.0,282.0,447.0,2.5871559633027523,173.0,1.0,False
IND125111AAA,IND125121AAA,FTL,night,2,33.0,103.5,128.5,3.1820276497695854,70.5,1.0,False
IND125121AAA,IND125001AAA,FTL,morning,1,30.0,122.0,374.0,4.066666666666666,92.0,1.0,False
IND125121AAA,IND125001AAA,FTL,night,2,29.5,88.0,512.5,2.9672413793103445,58.5,1.0,False
IND126102AAA,IND131301AAA,FTL,night,2,35.0,75.5,99.5,2.1571428571428575,40.5,1.0,False
IND126112AAA,IND131028AAB,FTL,morning,14,73.0,171.5,318.5,2.3768075117370895,99.5,0.9285714285714286,True
IND127021AAA,IND127201AAA,FTL,evening,1,39.0,68.0,122.0,1.7435897435897436,29.0,1.0,False
IND127021AAA,IND127201AAA,FTL,night,2,38.5,83.0,123.0,2.1551956815114712,44.5,1.0,False
IND127201AAA,IND124141AAA,FTL,night,2,37.0,90.0,95.5,2.424264705882353,53.0,1.0,False
IND131021AAA,IND131028AAA,Carting,afternoon,13,11.0,16.0,39.0,1.5,6.0,0.6923076923076923,True
IND131021AAA,IND131028AAA,Carting,evening,15,12.0,19.0,46.0,1.9166666666666667,8.0,0.9333333333333333,True
IND131021AAA,IND131028AAA,Carting,morning,14,12.0,18.5,43.5,1.8472222222222223,8.0,1.0,True
IND131028AAB,IND000000ACB,Carting,afternoon,32,97.0,183.0,346.5,1.9210526315789473,87.5,1.0,True
IND131028AAB,IND000000ACB,Carting,evening,13,94.0,190.0,300.0,2.0,97.0,1.0,True
IND131028AAB,IND000000ACB,Carting,morning,14,97.5,170.5,331.5,1.739795918367347,72.5,0.9285714285714286,True
IND131028AAB,IND000000ACB,Carting,night,15,95.0,218.0,362.0,2.2244897959183674,120.0,1.0,True
IND131028AAB,IND110037AAM,Carting,night,6,57.5,132.5,307.5,2.2650496785505556,74.0,1.0,True
IND131028AAB,IND124001AAB,FTL,evening,3,55.0,98.0,217.0,1.75,42.0,1.0,False
IND131028AAB,IND124507AAA,FTL,evening,10,42.0,83.0,184.0,1.9404761904761905,39.5,1.0,True
IND131028AAB,IND132103AAA,FTL,evening,2,46.0,256.0,450.0,5.326923076923077,210.0,1.0,False
IND131028AAB,IND136118AAA,FTL,evening,15,95.0,187.0,412.0,1.9893617021276595,93.0,1.0,True
IND131028AAB,IND160002AAC,FTL,afternoon,6,129.5,225.0,348.0,1.7239577216676454,94.5,1.0,True
IND131028AAB,IND160002AAC,FTL,morning,8,129.0,217.5,489.5,1.6860465116279069,88.5,1.0,True
IND131028AAB,IND160002AAC,FTL,night,12,130.0,234.5,346.0,1.7900763358778626,103.5,1.0,True
IND131028AAB,IND201204AAA,FTL,evening,7,47.0,94.0,300.0,2.0,47.0,1.0,True
IND131028AAB,IND244001AAA,FTL,morning,1,161.0,313.0,602.0,1.9440993788819876,152.0,1.0,False
IND131028AAB,IND244001AAA,FTL,night,12,159.0,349.0,622.5,2.1949685534591197,190.0,1.0,True
IND131028AAB,IND244235AAA,FTL,morning,15,122.0,223.0,399.0,1.824,102.0,1.0,True
IND131028AAB,IND247667AAA,FTL,afternoon,3,140.0,255.0,504.0,1.8214285714285714,115.0,1.0,False
IND131028AAB,IND247667AAB,FTL,afternoon,10,140.0,264.0,442.5,1.879078014184397,123.5,1.0,True
IND131028AAB,IND248001AAD,FTL,afternoon,1,212.0,397.0,673.0,1.8726415094339623,185.0,1.0,False
IND131028AAB,IND249407AAA,FTL,afternoon,1,180.0,336.0,555.0,1.8666666666666667,156.0,1.0,False
IND131028AAB,IND250002AAA,FTL,evening,1,73.0,132.0,1126.0,1.8082191780821917,59.0,1.0,False
IND131028AAB,IND250609AAA,FTL,evening,1,22.0,65.0,188.0,2.9545454545454546,43.0,1.0,False
IND131028AAB,IND250611AAA,FTL,evening,2,35.5,124.5,203.0,3.50436507936508,89.0,1.0,False
IND131028AAB,IND251001AAA,FTL,afternoon,9,95.0,182.0,361.0,1.946236559139785,88.0,1.0,True
IND131028AAB,IND251001AAA,FTL,morning,1,97.0,172.0,634.0,1.7731958762886597,75.0,1.0,False
IND131301AAA,IND131028AAB,FTL,night,2,39.5,120.0,365.5,3.0358974358974358,80.5,1.0,False
IND132001AAA,IND131028AAB,FTL,night,2,76.0,278.5,412.5,3.664473684210526,202.5,1.0,False
IND132001AAA,IND132103AAA,FTL,night,1,34.0,107.0,306.0,3.1470588235294117,73.0,1.0,False
IND132001AAA,IND132103AAB,FTL,night,2,29.5,276.5,492.0,9.939814814814815,247.0,1.0,False
IND132103AAA,IND131028AAB,FTL,afternoon,3,45.0,169.0,297.0,2.913793103448276,111.0,1.0,False
IND132103AAA,IND132001AAA,FTL,night,4,35.5,63.5,83.5,1.8440476190476192,29.5,1.0,False
IND132103AAB,IND131028AAB,FTL,afternoon,2,44.0,93.5,154.5,2.125,49.5,1.0,False
IND132103AAB,IND131028AAB,FTL,morning,3,44.0,215.0,403.0,4.673913043478261,169.0,1.0,False
IND133004AAA,IND135001AAA,FTL,night,5,54.0,90.0,147.0,1.6363636363636365,35.0,1.0,True
IND134102AAA,IND174103AAA,FTL,morning,1,13.0,51.0,77.0,3.923076923076923,38.0,1.0,False
IND134102AAA,IND174103AAA,FTL,night,10,14.0,37.5,73.0,2.678571428571429,23.5,1.0,True
IND134109AAA,IND160002AAC,Carting,morning,8,36.5,463.0,641.5,12.99563492063492,427.0,1.0,True
IND134109AAA,IND160002AAC,Carting,night,1,36.0,56.0,86.0,1.5555555555555556,20.0,1.0,False
IND134203AAA,IND140501AAA,Carting,night,10,40.5,63.5,105.0,1.5875,23.5,1.0,True
IND135001AAA,IND173025AAA,FTL,morning,1,46.0,111.0,147.0,2.4130434782608696,65.0,1.0,False
IND135001AAA,IND173025AAA,FTL,night,8,45.0,103.5,136.0,2.2666666666666666,57.5,1.0,True
IND136027AAA,IND132039AAA,FTL,night,14,35.0,66.0,134.5,1.9264705882352942,31.5,1.0,True
IND136118AAA,IND136128AAA,FTL,night,15,28.0,38.0,70.0,1.3703703703703705,10.0,1.0,True
IND136128AAA,IND136027AAA,FTL,night,15,20.0,42.0,58.0,2.1,22.0,1.0,True
IND140001AAA,IND140118AAA,FTL,morning,1,33.0,65.0,98.0,1.9696969696969697,32.0,1.0,False
IND140001AAA,IND140118AAA,FTL,night,11,33.0,58.0,86.0,1.7575757575757576,25.0,1.0,True
IND140118AAA,IND160002AAC,FTL,morning,5,105.0,186.0,235.0,1.723809523809524,78.0,1.0,True
IND140118AAA,IND160002AAC,FTL,night,8,104.0,160.0,197.0,1.5055440055440055,54.0,1.0,True
IND140301AAA,IND140001AAA,FTL,night,13,24.0,40.0,74.0,1.6666666666666667,16.0,1.0,True
IND140301AAA,IND140901AAA,Carting,morning,12,15.0,32.0,51.5,2.133928571428571,17.0,1.0,True
IND140401AAA,IND000000ACA,FTL,night,2,52.5,127.5,168.0,2.417211328976035,75.0,1.0,False
IND140401AAA,IND142401AAA,FTL,night,3,33.0,51.0,77.0,1.5757575757575757,18.0,1.0,False
IND140401AAA,IND147301AAA,FTL,night,1,23.0,34.0,69.0,1.4782608695652173,11.0,1.0,False
IND140406AAA,IND140401AAA,FTL,night,7,28.0,38.0,59.0,1.5833333333333333,14.0,0.7142857142857143,True
IND140501AAA,IND160002AAC,Carting,morning,3,17.0,43.0,66.0,2.5294117647058822,26.0,1.0,False
IND140501AAA,IND160002AAC,Carting,night,8,16.5,37.5,63.0,2.2095588235294117,20.5,1.0,True
IND140901AAA,IND160002AAC,Carting,morning,13,47.0,86.0,107.0,1.8085106382978724,38.0,1.0,True
IND140901AAA,IND160055AAA,Carting,night,13,14.0,26.0,64.0,1.8571428571428572,12.0,1.0,True
IND141003AAB,IND000000ACA,Carting,morning,7,11.0,20.0,46.0,1.8181818181818181,9.0,0.7142857142857143,True
IND141003AAB,IND142026AAA,FTL,night,15,33.0,56.0,83.0,1.6774193548387097,22.0,1.0,True
IND141010AAA,IND000000ACA,Carting,morning,1,11.0,20.0,23.0,1.8181818181818181,9.0,1.0,False
IND141109AAA,IND000000ACA,FTL,night,11,56.0,77.0,120.0,1.375,21.0,0.5454545454545454,True
IND141115AAA,IND000000ACA,FTL,night,14,30.0,42.0,52.5,1.4474358974358974,13.0,0.8571428571428571,True
IND142001AAB,IND151001AAA,FTL,evening,1,66.0,175.0,203.0,2.6515151515151514,109.0,1.0,False
IND142001AAB,IND152026AAA,FTL,evening,20,62.0,103.5,147.0,1.6693548387096775,42.0,1.0,True
IND142026AAA,IND000000ACA,FTL,night,1,40.0,110.0,204.0,2.75,70.0,1.0,False
IND142026AAA,IND141109AAA,FTL,night,12,35.5,49.5,76.5,1.3797619047619047,13.5,1.0,True
IND142401AAA,IND000000ACA,FTL,morning,2,22.5,37.5,74.5,1.6875,15.0,1.0,False
IND142401AAA,IND000000ACA,FTL,night,3,20.0,35.0,87.0,1.75,15.0,1.0,False
IND143001AAA,IND144001AAB,FTL,evening,14,65.0,131.0,216.5,2.0327868852459017,65.5,1.0,True
IND144001AAA,IND144040AAA,FTL,night,11,20.0,36.0,71.0,1.85,17.0,1.0,True
IND144001AAB,IND000000ACA,FTL,evening,1,53.0,151.0,496.0,2.849056603773585,98.0,1.0,False
IND144001AAB,IND000000ACA,FTL,night,15,53.0,112.0,133.0,2.188679245283019,63.0,1.0,True
IND144001AAB,IND143001AAA,FTL,evening,12,64.5,97.5,112.0,1.503129513721714,32.5,1.0,True
IND144001AAB,IND144401AAB,Carting,morning,2,14.0,25.5,49.0,1.8214285714285712,11.5,1.0,False
IND144001AAB,IND144401AAB,Carting,night,9,14.0,18.0,34.0,1.5,8.0,0.7777777777777778,True
IND144001AAB,IND144601AAA,FTL,evening,1,16.0,59.0,120.0,3.6875,43.0,1.0,False
IND144001AAB,IND144601AAA,FTL,night,2,17.0,75.0,112.5,4.354166666666666,58.0,1.0,False
IND144001AAB,IND160002AAC,FTL,evening,1,116.0,674.0,865.0,5.810344827586207,558.0,1.0,False
IND144001AAC,IND000000ACA,Carting,evening,1,57.0,94.0,423.0,1.6491228070175439,37.0,1.0,False
IND144001AAC,IND000000ACA,FTL,evening,4,55.5,126.5,368.5,2.2719298245614037,70.5,1.0,False
IND144001AAC,IND000000ACA,FTL,night,4,51.0,99.0,379.5,1.94185598767809,48.0,1.0,False
IND144001AAC,IND160002AAC,Carting,afternoon,11,116.0,285.0,407.0,2.544642857142857,173.0,1.0,True
IND144001AAC,IND160002AAC,Carting,evening,1,112.0,295.0,396.0,2.6339285714285716,183.0,1.0,False
IND144040AAA,IND144001AAB,FTL,night,7,19.0,44.0,57.0,2.25,22.0,1.0,True
IND144401AAB,IND144001AAB,Carting,morning,8,11.5,21.5,35.0,1.9583333333333335,10.0,1.0,True
IND144401AAB,IND144001AAB,Carting,night,5,11.0,27.0,34.0,2.0714285714285716,15.0,1.0,True
IND144514AAA,IND000000ACA,FTL,night,1,58.0,100.0,118.0,1.7241379310344827,42.0,1.0,False
IND144514AAA,IND141115AAA,FTL,night,5,28.0,49.0,56.0,1.75,21.0,1.0,True
IND144527AAA,IND141115AAA,FTL,night,4,34.0,63.5,69.5,1.8676470588235294,29.5,1.0,False
IND144601AAA,IND144001AAA,FTL,night,2,16.5,33.0,54.0,2.0018382352941178,16.5,1.0,False
IND144601AAA,IND144040AAA,FTL,night,1,38.0,51.0,61.0,1.3421052631578947,13.0,1.0,False
IND145001AAA,IND176201AAA,FTL,morning,1,21.0,31.0,68.0,1.4761904761904763,10.0,1.0,False
IND145001AAA,IND176201AAA,FTL,night,5,22.0,43.0,70.0,1.7916666666666667,19.0,1.0,True
IND145001AAA,IND176303AAA,FTL,night,1,103.0,122.0,164.0,1.1844660194174756,19.0,0.0,False
IND147001AAB,IND147201AAA,FTL,night,6,28.0,36.0,78.0,1.3205619412515963,9.0,0.8333333333333334,True
IND147001AAB,IND160002AAC,FTL,morning,7,59.0,234.0,294.0,3.5384615384615383,175.0,1.0,True
IND147001AAD,IND147201AAA,FTL,night,1,28.0,42.0,49.0,1.5,14.0,1.0,False
IND147001AAD,IND148023AAA,FTL,night,1,63.0,79.0,119.0,1.253968253968254,16.0,1.0,False
IND147001AAD,IND160002AAC,FTL,morning,5,34.0,130.0,210.0,4.193548387096774,99.0,1.0,True
IND147101AAA,IND147105AAA,FTL,night,6,23.0,32.0,51.5,1.4078674948240164,9.0,1.0,True
IND147101AAA,IND160002AAC,FTL,night,1,58.0,407.0,429.0,7.017241379310345,349.0,1.0,False
IND147105AAA,IND147101AAA,FTL,night,1,26.0,37.0,111.0,1.4230769230769231,11.0,1.0,False
IND147105AAA,IND160002AAC,FTL,night,6,85.0,766.5,1106.5,9.01764705882353,681.5,1.0,True
IND147201AAA,IND148023AAA,FTL,night,7,33.0,36.0,68.0,1.0909090909090908,3.0,0.14285714285714285,False
IND147301AAA,IND140401AAA,FTL,night,1,30.0,40.0,61.0,1.3333333333333333,10.0,1.0,False
IND148023AAA,IND148001AAA,FTL,night,2,29.5,39.5,56.5,1.3408045977011493,10.0,1.0,False
IND148023AAA,IND148024AAB,FTL,night,1,18.0,36.0,70.0,2.0,18.0,1.0,False
IND148028AAA,IND147001AAB,FTL,night,9,53.0,98.0,121.0,1.849056603773585,45.0,1.0,True
IND148028AAA,IND147001AAD,FTL,night,2,51.5,92.5,110.5,1.7980769230769231,41.0,1.0,False
IND148101AAA,IND148102AAA,FTL,night,2,22.0,30.0,56.5,1.3636363636363635,8.0,1.0,False
IND148102AAA,IND151001AAA,FTL,night,1,58.0,106.0,227.0,1.8275862068965518,48.0,1.0,False
IND151001AAA,IND148101AAA,FTL,night,4,58.5,81.0,111.0,1.396551724137931,23.0,1.0,False
IND151001AAA,IND151103AAA,FTL,night,2,24.5,30.0,66.0,1.1904761904761905,6.0,0.5,False
IND151001AAA,IND151302AAA,FTL,night,14,41.0,33.0,93.0,0.8248905565978737,0.0,0.07142857142857142,False
IND151001AAA,IND160002AAC,FTL,evening,15,159.0,254.0,375.0,1.5875,94.0,1.0,True
IND151302AAA,IND151505AAA,FTL,night,13,38.0,35.0,51.0,0.8947368421052632,0.0,0.07692307692307693,False
IND151505AAA,IND151506AAA,FTL,night,5,27.0,46.0,55.0,1.7692307692307692,20.0,0.6,True
IND151506AAA,IND151001AAA,FTL,night,11,74.0,108.0,359.0,1.4594594594594594,34.0,0.9090909090909091,True
IND152024AAA,IND152123AAA,FTL,night,1,31.0,64.0,80.0,2.064516129032258,33.0,1.0,False
IND152026AAA,IND000000ACA,FTL,evening,13,121.0,570.0,633.0,4.710743801652892,449.0,1.0,True
IND152026AAA,IND151001AAA,FTL,evening,6,54.0,55.5,72.0,1.0276157804459691,1.5,0.16666666666666666,False
IND152026AAA,IND152024AAA,FTL,night,1,21.0,43.0,62.0,2.0476190476190474,22.0,1.0,False
IND152026AAA,IND160002AAC,FTL,evening,1,180.0,811.0,975.0,4.5055555555555555,631.0,1.0,False
IND160002AAC,IND000000ACA,FTL,afternoon,1,69.0,111.0,395.0,1.608695652173913,42.0,1.0,False
IND160002AAC,IND000000ACA,FTL,morning,10,63.0,127.0,660.5,1.8918067226890756,60.5,1.0,True
IND160002AAC,IND000000ACA,FTL,night,14,63.0,127.0,256.5,2.007936507936508,64.0,1.0,True
IND160002AAC,IND000000ACB,FTL,afternoon,4,211.0,415.0,706.0,1.971767095463778,204.5,1.0,False
IND160002AAC,IND000000ACB,FTL,evening,23,212.0,419.0,628.0,1.9764150943396226,207.0,1.0,True
IND160002AAC,IND000000ACB,FTL,morning,13,212.0,403.0,878.0,1.900943396226415,191.0,1.0,True
IND160002AAC,IND000000ACB,FTL,night,14,211.0,458.0,668.5,2.170616113744076,247.0,1.0,True
IND160002AAC,IND110037AAM,FTL,afternoon,7,185.0,334.0,505.0,1.8054054054054054,149.0,1.0,True
IND160002AAC,IND131028AAB,FTL,evening,12,129.5,249.0,385.5,1.9154387833599622,119.0,1.0,True
IND160002AAC,IND134203AAA,Carting,night,1,47.0,104.0,168.0,2.2127659574468086,57.0,1.0,False
IND160002AAC,IND135001AAA,FTL,night,1,61.0,114.0,149.0,1.8688524590163935,53.0,1.0,False
IND160002AAC,IND140301AAA,FTL,night,14,47.0,68.0,139.0,1.4468085106382977,21.0,0.9285714285714286,True
IND160002AAC,IND140603AAA,Carting,morning,6,29.0,37.0,93.0,1.2758620689655173,8.0,1.0,True
IND160002AAC,IND140603AAA,Carting,night,11,29.0,36.0,126.0,1.2413793103448276,7.0,0.6363636363636364,True
IND160002AAC,IND140901AAA,Carting,night,15,47.0,78.0,127.0,1.6595744680851063,31.0,1.0,True
IND160002AAC,IND142001AAB,FTL,afternoon,12,119.5,221.0,361.0,1.8272542372881357,101.0,1.0,True
IND160002AAC,IND143001AAA,FTL,morning,11,177.0,354.0,792.0,1.9830508474576272,177.0,1.0,True
IND160002AAC,IND144001AAB,FTL,afternoon,1,112.0,228.0,469.0,2.0357142857142856,116.0,1.0,False
IND160002AAC,IND144001AAB,FTL,morning,8,118.0,247.0,582.0,2.178538708199725,133.5,1.0,True
IND160002AAC,IND147001AAB,FTL,evening,3,35.0,74.0,223.0,2.0555555555555554,38.0,1.0,False
IND160002AAC,IND147001AAD,FTL,evening,7,38.0,71.0,204.0,2.0526315789473686,36.0,1.0,True
IND160002AAC,IND147101AAA,FTL,evening,7,59.0,132.0,218.0,2.176470588235294,73.0,1.0,True
IND160002AAC,IND147105AAA,FTL,evening,2,88.0,205.0,272.0,2.3427278603749193,117.0,1.0,False
IND160002AAC,IND151001AAA,FTL,afternoon,1,158.0,246.0,591.0,1.5569620253164558,88.0,1.0,False
IND160002AAC,IND151001AAA,FTL,morning,11,158.0,274.0,824.0,1.7341772151898733,117.0,1.0,True
IND160002AAC,IND151001AAA,FTL,night,1,164.0,283.0,1049.0,1.725609756097561,119.0,1.0,False
IND160002AAC,IND160003AAA,Carting,morning,1,31.0,62.0,107.0,2.0,31.0,1.0,False
IND160002AAC,IND160055AAA,Carting,morning,9,42.0,45.0,109.0,1.0975609756097562,4.0,0.3333333333333333,False
IND160002AAC,IND160055AAA,Carting,night,5,43.0,43.0,144.0,1.0,0.0,0.0,False
IND160002AAC,IND160102AAC,Carting,afternoon,4,35.5,56.5,215.5,1.6357142857142857,22.0,1.0,False
IND160002AAC,IND160102AAC,Carting,evening,7,35.0,52.0,194.0,1.5294117647058822,18.0,1.0,True
IND160002AAC,IND160102AAC,Carting,night,13,35.0,72.0,247.0,2.057142857142857,37.0,1.0,True
IND160002AAC,IND173212AAA,FTL,evening,13,88.0,191.0,340.0,2.1704545454545454,103.0,1.0,True
IND160002AAC,IND174001AAA,FTL,evening,11,139.0,286.0,369.0,2.0431654676258995,146.0,1.0,True
IND160002AAC,IND174103AAA,FTL,evening,1,65.0,85.0,346.0,1.3076923076923077,20.0,1.0,False
IND160002AAC,IND174307AAA,FTL,evening,12,181.0,245.5,321.5,1.3583333333333334,64.5,1.0,True
IND160002AAC,IND174307AAA,FTL,night,1,180.0,236.0,311.0,1.3111111111111111,56.0,1.0,False
IND160002AAC,IND176041AAA,FTL,evening,1,206.0,290.0,314.0,1.4077669902912622,84.0,1.0,False
IND160002AAC,IND181152AAA,FTL,morning,2,309.0,573.0,962.5,1.8546606619187265,264.0,1.0,False
IND160002AAC,IND184104AAA,FTL,morning,5,249.0,459.0,946.0,1.8433734939759037,210.0,1.0,True
IND160002AAC,IND562132AAA,FTL,evening,1,1686.0,3784.0,3802.0,2.244365361803084,2098.0,1.0,False
IND160003AAA,IND160002AAC,Carting,morning,1,34.0,102.0,484.0,3.0,68.0,1.0,False
IND160055AAA,IND160002AAC,Carting,night,14,41.0,56.0,113.5,1.3510452961672472,14.5,0.5714285714285714,True
IND160102AAC,IND160002AAC,Carting,afternoon,9,34.0,76.0,169.0,2.2,42.0,1.0,True
IND160102AAC,IND160002AAC,Carting,evening,9,34.0,56.0,195.0,1.6470588235294117,22.0,1.0,True
IND160102AAC,IND160002AAC,Carting,morning,2,34.0,84.5,565.0,2.485294117647059,50.5,1.0,False
IND160102AAC,IND160002AAC,Carting,night,4,34.5,67.5,122.0,1.9379084967320261,33.0,1.0,False
IND160102AAD,IND160002AAC,Carting,night,6,33.5,56.0,84.5,1.6617647058823528,22.5,1.0,True
IND160102AAD,IND160002AAD,Carting,afternoon,3,34.0,72.0,147.0,2.1176470588235294,38.0,1.0,False
IND173025AAA,IND160002AAC,FTL,morning,2,100.5,210.0,289.5,2.0890099009900993,109.5,1.0,False
IND173025AAA,IND160002AAC,FTL,night,6,100.0,245.5,299.5,2.46,146.0,1.0,True
IND173212AAA,IND134102AAA,FTL,morning,1,33.0,125.0,159.0,3.787878787878788,92.0,1.0,False
IND173212AAA,IND134102AAA,FTL,night,1,33.0,129.0,174.0,3.909090909090909,96.0,1.0,False
IND173212AAA,IND160002AAC,FTL,morning,1,95.0,191.0,233.0,2.0105263157894737,96.0,1.0,False
IND173212AAA,IND173220AAA,FTL,night,5,28.0,86.0,133.0,3.3076923076923075,60.0,1.0,True
IND173220AAA,IND173212AAA,FTL,night,1,32.0,113.0,127.0,3.53125,81.0,1.0,False
IND173220AAA,IND174103AAA,FTL,morning,1,21.0,67.0,98.0,3.1904761904761907,46.0,1.0,False
IND173220AAA,IND174103AAA,FTL,night,1,15.0,31.0,48.0,2.066666666666667,16.0,1.0,False
IND174001AAA,IND175018AAA,FTL,night,10,27.0,68.0,108.5,2.566951566951567,41.5,1.0,True
IND174021AAA,IND176048AAA,FTL,morning,2,28.0,68.0,73.5,2.4512820512820515,40.0,1.0,False
IND174021AAA,IND176048AAA,FTL,night,9,27.0,51.0,65.0,2.04,26.0,1.0,True
IND174101AAB,IND134102AAA,FTL,night,1,21.0,56.0,72.0,2.6666666666666665,35.0,1.0,False
IND174101AAB,IND160002AAC,FTL,morning,8,77.0,194.5,232.5,2.5592105263157894,118.5,1.0,True
IND174101AAB,IND160002AAC,FTL,night,1,77.0,228.0,252.0,2.961038961038961,151.0,1.0,False
IND174103AAA,IND160002AAC,FTL,morning,1,66.0,133.0,157.0,2.015151515151515,67.0,1.0,False
IND174103AAA,IND160002AAC,FTL,night,1,65.0,222.0,251.0,3.4153846153846152,157.0,1.0,False
IND174307AAA,IND176041AAA,FTL,morning,1,56.0,68.0,77.0,1.2142857142857142,12.0,1.0,False
IND174307AAA,IND176041AAA,FTL,night,10,54.0,65.5,78.5,1.1801948051948052,10.0,0.4,False
IND175001AAA,IND175101AAA,FTL,morning,4,74.0,139.0,180.0,1.8774429223744291,65.0,1.0,False
IND175001AAA,IND175101AAA,FTL,night,6,74.5,148.0,207.0,1.9740398293029873,73.0,1.0,True
IND175015AAA,IND174001AAA,FTL,morning,13,133.0,966.0,1019.0,7.2631578947368425,833.0,1.0,True
IND175018AAA,IND175001AAA,FTL,morning,2,16.0,47.0,70.0,2.9254901960784316,31.0,1.0,False
IND175018AAA,IND175001AAA,FTL,night,7,15.0,45.0,68.0,3.2142857142857144,31.0,1.0,True
IND175101AAA,IND160002AAC,FTL,morning,1,264.0,639.0,656.0,2.4204545454545454,375.0,1.0,False
IND176048AAA,IND175015AAA,FTL,morning,4,94.0,173.0,189.0,1.842331635540464,79.0,1.0,False
IND176048AAA,IND175015AAA,FTL,night,7,95.0,195.0,199.0,2.0526315789473686,100.0,1.0,True
IND176061AAA,IND160002AAC,FTL,afternoon,1,280.0,1121.0,1144.0,4.003571428571429,841.0,1.0,False
IND176110AAB,IND177033AAA,FTL,morning,9,30.0,63.0,80.0,2.1,33.0,1.0,True
IND176201AAA,IND176303AAA,FTL,morning,9,74.0,117.0,128.0,1.6027397260273972,44.0,1.0,True
IND176215AAA,IND176061AAA,FTL,afternoon,1,46.0,86.0,144.0,1.8695652173913044,40.0,1.0,False
IND176215AAA,IND176061AAA,FTL,morning,1,46.0,90.0,156.0,1.9565217391304348,44.0,1.0,False
IND176303AAA,IND176310AAA,FTL,morning,10,69.0,90.0,110.5,1.335704291044776,22.0,0.8,True
IND176310AAA,IND145001AAA,FTL,afternoon,3,172.0,984.0,1000.0,5.788235294117647,814.0,1.0,False
IND176310AAA,IND145001AAA,FTL,morning,10,171.0,1066.0,1100.0,6.203699925185337,894.0,1.0,True
IND177001AAA,IND176110AAB,FTL,morning,2,26.0,47.5,65.0,1.8136363636363635,21.5,1.0,False
IND177001AAA,IND176110AAB,FTL,night,5,21.0,38.0,68.0,1.8095238095238095,19.0,1.0,True
IND177033AAA,IND160002AAC,FTL,morning,12,202.0,458.0,806.5,2.2345211740341355,253.0,1.0,True
IND177101AAA,IND176001AAA,FTL,morning,2,59.5,101.0,135.5,1.6966101694915254,41.5,1.0,False
IND177203AAA,IND177101AAA,FTL,morning,1,37.0,52.0,74.0,1.4054054054054055,15.0,1.0,False
IND177203AAA,IND177101AAA,FTL,night,1,37.0,56.0,80.0,1.5135135135135136,19.0,1.0,False
IND181152AAA,IND184121AAA,FTL,morning,4,32.5,46.0,70.0,1.4586693548387095,14.5,1.0,False
IND181152AAB,IND160002AAC,FTL,morning,1,298.0,591.0,773.0,1.983221476510067,293.0,1.0,False
IND181152AAB,IND181201AAB,Carting,night,3,23.0,74.0,104.0,3.217391304347826,51.0,1.0,False
IND181152AAB,IND184121AAA,FTL,morning,2,32.0,58.0,182.5,1.8125,26.0,1.0,False
IND181152AAB,IND184121AAA,FTL,night,1,32.0,50.0,327.0,1.5625,18.0,1.0,False
IND181201AAB,IND181152AAB,Carting,morning,5,26.0,136.0,235.0,5.130434782608695,110.0,1.0,True
IND181201AAB,IND181152AAB,Carting,night,1,24.0,126.0,224.0,5.25,102.0,1.0,False
IND184104AAA,IND160002AAC,FTL,morning,3,229.0,426.0,442.0,1.868421052631579,198.0,1.0,False
IND184104AAA,IND181152AAA,FTL,night,2,71.0,107.0,141.0,1.5067460317460317,36.0,1.0,False
IND184104AAA,IND181152AAB,FTL,night,1,71.0,106.0,123.0,1.4929577464788732,35.0,1.0,False
IND184104AAA,IND184121AAA,FTL,night,2,39.5,51.5,68.5,1.3003205128205129,12.0,0.5,False
IND184121AAA,IND160002AAC,FTL,afternoon,1,265.0,473.0,503.0,1.7849056603773585,208.0,1.0,False
IND184121AAA,IND160002AAC,FTL,morning,3,266.0,509.0,565.0,1.913533834586466,243.0,1.0,False
IND184121AAA,IND181152AAA,FTL,night,1,32.0,44.0,47.0,1.375,12.0,1.0,False
IND184121AAA,IND184104AAA,FTL,morning,2,38.5,62.0,78.0,1.6157219973009447,23.5,1.0,False
IND201001AAA,IND201007AAA,Carting,morning,2,13.0,43.0,63.0,3.3076923076923075,30.0,1.0,False
IND201001AAA,IND201007AAA,Carting,night,2,14.0,41.5,68.5,2.9642857142857144,27.5,1.0,False
IND201005AAA,IND201007AAA,Carting,night,1,14.0,46.0,65.0,3.2857142857142856,32.0,1.0,False
IND201007AAA,IND201001AAA,Carting,night,2,11.5,19.0,44.0,1.6553030303030303,7.5,1.0,False
IND201007AAA,IND201005AAA,Carting,evening,2,14.5,54.0,119.5,3.5697115384615383,39.5,1.0,False
IND201007AAA,IND201007AAB,Carting,morning,1,19.0,102.0,115.0,5.368421052631579,83.0,1.0,False
IND201007AAA,IND245304AAA,Carting,evening,8,38.0,85.0,147.0,2.266002844950213,47.5,1.0,True
IND201007AAA,IND245304AAA,Carting,night,3,38.0,74.0,126.0,1.9473684210526316,36.0,1.0,False
IND201007AAB,IND110044AAB,Carting,afternoon,8,33.5,54.0,176.0,1.7543103448275863,23.0,1.0,True
IND201007AAB,IND110044AAB,Carting,evening,2,31.5,48.0,123.5,1.475,16.5,0.5,False
IND201007AAB,IND201007AAA,Carting,afternoon,2,14.0,56.5,84.5,4.035714285714286,42.5,1.0,False
IND201007AAB,IND201301AAF,Carting,afternoon,4,16.0,50.5,110.0,3.247916666666667,35.0,1.0,False
IND201007AAB,IND201301AAF,Carting,evening,1,15.0,37.0,119.0,2.466666666666667,22.0,1.0,False
IND201204AAA,IND250002AAA,FTL,night,5,21.0,37.0,47.0,1.7619047619047619,16.0,1.0,True
IND201301AAD,IND110037AAM,Carting,morning,2,36.0,188.5,230.0,5.252123552123551,152.5,1.0,False
IND201301AAF,IND201304AAA,Carting,evening,5,16.0,24.0,115.0,1.3333333333333333,6.0,1.0,True
IND201301AAF,IND201304AAA,Carting,morning,6,15.5,29.0,59.5,1.8395833333333333,13.0,1.0,True
IND201301AAF,IND201304AAA,Carting,night,1,18.0,32.0,129.0,1.7777777777777777,14.0,1.0,False
IND201301AAF,IND203205AAA,FTL,evening,11,45.0,91.0,138.0,2.0,45.0,1.0,True
IND201301AAF,IND203205AAA,FTL,night,2,45.0,99.5,154.0,2.2111111111111112,54.5,1.0,False
IND201301AAL,IND201301AAF,Carting,morning,3,26.0,40.0,93.0,1.56,14.0,1.0,False
IND201301AAL,IND201301AAF,Carting,night,4,26.0,39.5,65.5,1.511574074074074,13.0,1.0,False
IND201301AAL,IND201307AAA,Carting,morning,1,21.0,30.0,97.0,1.4285714285714286,9.0,1.0,False
IND201301AAL,IND201307AAA,Carting,night,4,20.5,25.5,165.0,1.25062656641604,5.0,0.75,False
IND201301AAM,IND000000ACB,Carting,afternoon,1,78.0,159.0,373.0,2.0384615384615383,81.0,1.0,False
IND201301AAM,IND000000ACB,Carting,evening,14,79.5,237.0,338.0,1.8918997668997668,95.5,1.0,True
IND201301AAM,IND000000ACB,Carting,night,6,139.0,236.5,333.5,1.9100719424460433,125.5,1.0,True
IND201304AAA,IND201301AAF,Carting,morning,7,14.0,29.0,55.0,2.2142857142857144,16.0,1.0,True
IND201304AAA,IND201301AAF,Carting,night,7,13.0,31.0,48.0,2.3076923076923075,18.0,1.0,True
IND201306AAA,IND201301AAF,Carting,morning,4,19.0,52.5,128.0,2.693421052631579,33.0,1.0,False
IND201306AAA,IND201301AAF,Carting,night,3,19.0,62.0,270.0,3.263157894736842,43.0,1.0,False
IND201306AAA,IND201304AAA,Carting,night,1,15.0,174.0,216.0,11.6,159.0,1.0,False
IND201307AAA,IND201301AAL,Carting,morning,9,20.0,38.0,52.0,1.9523809523809523,19.0,0.8888888888888888,True
IND201307AAA,IND201301AAL,Carting,night,11,23.0,28.0,73.0,1.1666666666666667,4.0,0.45454545454545453,False
IND202001AAB,IND110037AAM,FTL,night,1,130.0,271.0,356.0,2.0846153846153848,141.0,1.0,False
IND202001AAB,IND205001AAB,FTL,afternoon,8,104.0,264.5,336.0,2.543269230769231,160.5,1.0,True
IND202001AAB,IND207123AAA,FTL,evening,2,60.5,144.5,343.5,2.376114827201784,84.0,1.0,False
IND202001AAB,IND282002AAD,FTL,afternoon,1,74.0,183.0,227.0,2.472972972972973,109.0,1.0,False
IND202001AAB,IND282002AAD,FTL,evening,2,76.5,129.0,180.0,1.6856630211893369,52.5,1.0,False
IND202001AAC,IND204215AAA,Carting,night,4,24.0,68.5,76.0,2.8001672240802673,44.0,1.0,False
IND203001AAA,IND203131AAA,FTL,night,4,12.0,46.0,49.0,3.6826923076923075,33.5,1.0,False
IND203131AAA,IND203135AAA,FTL,night,11,38.0,58.0,75.0,1.5675675675675675,21.0,1.0,True
IND203135AAA,IND203390AAA,FTL,night,2,92.5,160.5,198.0,1.7361500701262274,68.0,1.0,False
IND203135AAA,IND203396AAB,FTL,night,9,58.0,90.0,153.0,1.5517241379310345,32.0,1.0,True
IND203390AAA,IND201301AAF,FTL,morning,14,96.0,247.0,452.0,2.5729166666666665,151.0,1.0,True
IND203396AAB,IND203390AAA,FTL,morning,11,39.0,53.0,72.0,1.358974358974359,14.0,0.9090909090909091,True
IND204101AAA,IND202001AAB,FTL,night,1,29.0,54.0,84.0,1.8620689655172413,25.0,1.0,False
IND204215AAA,IND207001AAA,Carting,night,6,22.5,70.5,113.5,3.1363636363636367,48.0,1.0,True
IND205001AAB,IND110037AAM,FTL,evening,1,232.0,770.0,950.0,3.3189655172413794,538.0,1.0,False
IND205001AAB,IND205135AAA,Carting,evening,1,40.0,81.0,321.0,2.025,41.0,1.0,False
IND205001AAB,IND205135AAA,FTL,afternoon,1,40.0,78.0,401.0,1.95,38.0,1.0,False
IND205001AAB,IND205135AAA,FTL,evening,5,40.0,189.0,381.0,4.609756097560975,148.0,1.0,True
IND205001AAB,IND209625AAA,FTL,evening,1,59.0,158.0,203.0,2.6779661016949152,99.0,1.0,False
IND205001AAB,IND209721AAB,FTL,evening,4,41.0,94.0,187.5,2.2665505226480835,52.5,1.0,False
IND205135AAA,IND283203AAA,Carting,night,1,20.0,44.0,101.0,2.2,24.0,1.0,False
IND205135AAA,IND283203AAA,FTL,night,7,19.0,44.0,75.0,2.3157894736842106,25.0,1.0,True
IND206001AAA,IND000000ACB,FTL,night,13,232.0,457.0,501.0,1.9446808510638298,222.0,1.0,True
IND206122AAA,IND206001AAA,FTL,night,11,47.0,73.0,93.0,1.4893617021276595,25.0,0.7272727272727273,True
IND207001AAA,IND207302AAA,Carting,night,6,42.0,67.5,106.5,1.6024970963995355,25.0,1.0,True
IND207123AAA,IND202001AAB,FTL,night,1,51.0,413.0,479.0,8.098039215686274,362.0,1.0,False
IND207247AAB,IND205001AAB,FTL,afternoon,1,54.0,96.0,129.0,1.7777777777777777,42.0,1.0,False
IND207247AAB,IND205001AAB,FTL,morning,4,54.0,128.0,270.5,2.3703703703703702,74.0,1.0,False
IND207302AAA,IND202001AAB,Carting,morning,2,90.5,100.5,367.5,1.1106227106227107,10.0,0.0,False
IND207302AAA,IND202001AAB,Carting,night,4,51.0,326.5,413.0,6.529611844737895,276.5,1.0,False
IND208012AAA,IND209304AAA,Carting,night,8,17.0,608.0,1219.0,35.859649122807014,591.0,1.0,True
IND208017AAA,IND209304AAA,Carting,afternoon,4,12.0,231.0,462.5,14.632575757575758,219.0,1.0,False
IND208017AAA,IND209304AAA,Carting,night,1,22.0,357.0,789.0,16.227272727272727,335.0,1.0,False
IND208019AAA,IND209304AAA,Carting,afternoon,3,16.0,155.0,189.0,9.125,139.0,1.0,False
IND209101AAA,IND209111AAA,FTL,morning,1,46.0,56.0,56.0,1.2173913043478262,10.0,1.0,False
IND209101AAA,IND209111AAA,FTL,night,9,46.0,35.0,45.0,1.0888888888888888,4.0,0.3333333333333333,False
IND209111AAA,IND285001AAD,FTL,morning,1,36.0,92.0,103.0,2.5555555555555554,56.0,1.0,False
IND209111AAA,IND285001AAD,FTL,night,14,36.0,80.5,115.5,2.2523809523809524,44.5,1.0,True
IND209206AAB,IND210301AAA,Carting,night,11,15.0,31.0,55.0,2.2,17.0,1.0,True
IND209304AAA,IND000000ACB,FTL,afternoon,7,328.0,628.0,870.0,1.9263803680981595,302.0,1.0,True
IND209304AAA,IND000000ACB,FTL,morning,9,328.0,743.0,831.0,2.2652439024390243,415.0,1.0,True
IND209304AAA,IND000000ACB,FTL,night,8,334.0,651.5,843.0,1.954119445943515,318.0,1.0,True
IND209304AAA,IND110037AAM,FTL,morning,4,347.5,957.5,1066.5,2.7606646455610226,610.0,1.0,False
IND209304AAA,IND206122AAA,FTL,afternoon,10,49.5,83.0,540.5,1.6546556122448979,32.5,0.9,True
IND209304AAA,IND206122AAA,FTL,evening,2,49.0,75.0,430.5,1.5306122448979593,26.0,1.0,False
IND209304AAA,IND208006AAA,Carting,evening,4,52.5,84.0,205.0,2.08,32.5,0.5,False
IND209304AAA,IND208006AAA,Carting,night,3,25.0,47.0,111.0,1.44,11.0,0.6666666666666666,False
IND209304AAA,IND208012AAA,Carting,evening,1,70.0,34.0,175.0,0.4857142857142857,0.0,0.0,False
IND209304AAA,IND208012AAA,Carting,night,12,18.5,35.5,144.0,1.7619047619047619,13.0,0.5833333333333334,True
IND209304AAA,IND208019AAA,Carting,evening,8,16.0,93.5,212.5,5.6875,72.5,1.0,True
IND209304AAA,IND208019AAA,Carting,night,5,16.0,67.0,122.0,4.466666666666667,52.0,1.0,True
IND209304AAA,IND209101AAA,FTL,evening,9,15.0,65.0,142.0,2.5714285714285716,30.0,0.7777777777777778,True
IND209304AAA,IND209101AAA,FTL,night,2,16.5,169.5,222.0,9.63888888888889,153.0,1.0,False
IND209304AAA,IND209206AAB,Carting,evening,10,58.0,47.0,162.0,0.8103448275862069,0.0,0.1,False
IND209304AAA,IND209206AAB,Carting,night,2,57.5,46.5,104.0,0.809134906231095,0.0,0.0,False
IND209304AAA,IND209801AAA,Carting,night,13,36.0,126.0,178.0,2.3636363636363638,66.0,0.7692307692307693,True
IND209304AAA,IND211002AAB,FTL,afternoon,6,139.0,251.0,461.5,1.6390626629131477,88.5,1.0,True
IND209304AAA,IND211002AAB,FTL,evening,8,139.0,238.5,427.5,1.577442393910958,83.0,0.875,True
IND209304AAA,IND212601AAA,FTL,evening,9,68.0,158.0,272.0,2.2238805970149254,82.0,1.0,True
IND209304AAA,IND212601AAA,FTL,night,3,68.0,146.0,235.0,1.9852941176470589,67.0,0.6666666666666666,False
IND209304AAA,IND221313AAA,FTL,afternoon,1,231.0,472.0,1090.0,2.0432900432900434,241.0,1.0,False
IND209304AAA,IND282001AAA,FTL,afternoon,1,196.0,297.0,369.0,1.5153061224489797,101.0,1.0,False
IND209304AAA,IND282001AAA,FTL,morning,1,182.0,375.0,433.0,2.0604395604395602,193.0,1.0,False
IND209625AAA,IND241124AAB,FTL,night,6,66.0,89.0,132.5,1.3587412587412588,23.5,0.6666666666666666,True
IND209721AAB,IND209625AAA,FTL,evening,3,32.0,47.0,68.0,1.46875,15.0,1.0,False
IND209721AAB,IND209625AAA,FTL,night,1,35.0,62.0,74.0,1.7714285714285714,27.0,1.0,False
IND209801AAA,IND209304AAA,Carting,night,4,32.5,736.0,850.0,22.67566287878788,703.5,1.0,False
IND210001AAA,IND210427AAA,FTL,morning,7,40.0,147.0,195.0,3.675,107.0,1.0,True
IND210001AAA,IND210427AAA,FTL,night,2,38.5,154.0,194.0,3.997638326585695,115.5,1.0,False
IND210427AAA,IND209304AAA,FTL,afternoon,1,122.0,635.0,671.0,5.204918032786885,513.0,1.0,False
IND210427AAA,IND209304AAA,FTL,morning,7,118.0,360.0,463.0,2.9915254237288136,235.0,1.0,True
IND210431AAA,IND209304AAA,FTL,afternoon,1,112.0,519.0,544.0,4.633928571428571,407.0,1.0,False
IND210431AAA,IND209304AAA,FTL,morning,3,110.0,253.0,712.0,2.3,143.0,1.0,False
IND210501AAB,IND209304AAA,Carting,night,10,91.0,244.0,267.5,2.6671046344959386,152.5,1.0,True
IND211002AAB,IND209304AAA,FTL,night,10,138.0,253.5,310.0,1.8152173913043477,112.5,1.0,True
IND211002AAB,IND211011AAA,Carting,night,7,7.0,35.0,102.0,4.714285714285714,28.0,1.0,True
IND211002AAB,IND211013AAA,Carting,night,7,15.0,74.0,138.0,5.071428571428571,58.0,1.0,True
IND211002AAB,IND485001AAC,FTL,night,13,133.0,329.0,467.0,2.473684210526316,196.0,1.0,True
IND211008AAA,IND211002AAB,Carting,morning,5,16.0,139.0,214.0,8.6875,123.0,1.0,True
IND211008AAA,IND211002AAB,Carting,night,1,16.0,158.0,183.0,9.875,142.0,1.0,False
IND211011AAA,IND212501AAA,Carting,morning,1,21.0,81.0,107.0,3.857142857142857,60.0,1.0,False
IND211011AAA,IND212501AAA,Carting,night,7,21.0,83.0,109.0,3.9523809523809526,62.0,1.0,True
IND212402AAA,IND211002AAB,Carting,morning,7,36.0,1047.0,1121.0,29.083333333333332,1011.0,1.0,True
IND212501AAA,IND212402AAA,Carting,morning,8,25.0,43.0,73.0,1.72,18.0,1.0,True
IND212601AAA,IND210001AAA,FTL,morning,1,58.0,138.0,167.0,2.3793103448275863,80.0,1.0,False
IND212601AAA,IND210001AAA,FTL,night,11,65.0,135.0,171.0,2.3076923076923075,77.0,1.0,True
IND221010AAB,IND222001AAA,FTL,morning,1,41.0,112.0,789.0,2.731707317073171,71.0,1.0,False
IND221010AAB,IND232101AAB,Carting,afternoon,1,21.0,567.0,697.0,27.0,546.0,1.0,False
IND221010AAB,IND233001AAA,FTL,afternoon,2,55.0,543.0,699.5,9.847883597883598,488.0,1.0,False
IND221010AAB,IND233001AAA,FTL,morning,1,56.0,693.0,809.0,12.375,637.0,1.0,False
IND221303AAA,IND231001AAA,FTL,night,2,23.5,35.0,57.0,1.4864130434782608,11.5,1.0,False
IND221401AAA,IND221303AAA,FTL,night,1,16.0,48.0,60.0,3.0,32.0,1.0,False
IND221706AAA,IND273014AAB,FTL,morning,8,88.0,341.5,412.0,3.92534355179704,254.5,1.0,True
IND222001AAA,IND222136AAA,FTL,evening,1,12.0,35.0,61.0,2.9166666666666665,23.0,1.0,False
IND223101AAB,IND222125AAB,FTL,morning,3,28.0,59.0,83.0,2.107142857142857,31.0,1.0,False
IND224001AAA,IND224141AAB,Carting,morning,10,25.5,77.5,108.5,3.037962962962963,50.5,1.0,True
IND224141AAB,IND224122AAA,Carting,afternoon,2,19.5,64.5,123.0,3.318421052631579,45.0,1.0,False
IND224141AAB,IND224122AAA,Carting,morning,11,20.0,55.0,92.0,2.8666666666666667,35.0,1.0,True
IND226004AAA,IND226016AAA,Carting,night,4,20.0,86.5,100.0,3.901656314699793,64.5,1.0,False
IND226004AAA,IND226024AAA,Carting,night,1,13.0,35.0,132.0,2.6923076923076925,22.0,1.0,False
IND231205AAA,IND231216AAA,FTL,morning,3,21.0,66.0,84.0,3.3,46.0,1.0,False
IND231208AAA,IND231217AAA,FTL,evening,5,24.0,45.0,92.0,1.875,21.0,1.0,True
IND231208AAA,IND231217AAA,FTL,night,1,23.0,36.0,49.0,1.565217391304348,13.0,1.0,False
IND231217AAA,IND231225AAB,FTL,night,7,26.0,61.0,95.0,2.4,35.0,1.0,True
IND231225AAB,IND486886AAA,FTL,night,7,27.0,44.0,71.0,1.6296296296296295,17.0,1.0,True
IND232101AAB,IND232104AAB,Carting,night,4,12.0,35.0,74.5,2.5487179487179485,21.0,1.0,False
IND232104AAB,IND221010AAB,Carting,night,1,30.0,72.0,219.0,2.4,42.0,1.0,False
IND232104AAB,IND232327AAA,Carting,night,1,76.0,162.0,178.0,2.1315789473684212,86.0,1.0,False
IND233001AAA,IND275101AAA,FTL,night,3,29.0,100.0,138.0,3.4482758620689653,71.0,1.0,False
IND233001AAA,IND275503AAA,FTL,night,1,42.0,145.0,184.0,3.4523809523809526,103.0,1.0,False
IND241124AAB,IND242001AAA,FTL,night,3,17.0,35.0,56.0,2.0588235294117645,18.0,1.0,False
IND242221AAA,IND207247AAB,FTL,morning,1,90.0,289.0,323.0,3.2111111111111112,199.0,1.0,False
IND242221AAA,IND207247AAB,FTL,night,4,90.0,256.0,278.5,2.827167277167277,165.5,1.0,False
IND242307AAB,IND207247AAB,FTL,morning,1,132.0,266.0,288.0,2.015151515151515,134.0,1.0,False
IND242307AAB,IND242221AAA,FTL,night,5,41.0,60.0,82.0,1.4634146341463414,19.0,1.0,True
IND243001AAA,IND243503AAB,FTL,night,9,27.0,62.0,135.0,2.3846153846153846,36.0,1.0,True
IND243001AAA,IND244901AAB,FTL,night,1,45.0,83.0,677.0,1.8444444444444446,38.0,1.0,False
IND243201AAA,IND262001AAA,Carting,night,2,44.5,87.5,113.5,1.9636363636363638,43.0,1.0,False
IND243301AAB,IND244901AAB,FTL,morning,1,87.0,126.0,524.0,1.4482758620689655,39.0,1.0,False
IND243301AAB,IND244901AAB,FTL,night,6,85.0,109.0,610.5,1.2823529411764705,24.0,0.6666666666666666,True
IND243301AAB,IND244901AAC,FTL,morning,1,85.0,116.0,162.0,1.3647058823529412,31.0,1.0,False
IND243301AAB,IND244901AAC,FTL,night,1,85.0,102.0,538.0,1.2,17.0,0.0,False
IND243503AAB,IND244901AAB,FTL,morning,1,66.0,183.0,462.0,2.772727272727273,117.0,1.0,False
IND243503AAB,IND244901AAB,FTL,night,6,66.0,233.5,567.0,3.517526006331977,167.0,1.0,True
IND244001AAA,IND263153AAB,FTL,afternoon,9,91.0,183.0,221.0,2.010989010989011,92.0,1.0,True
IND244221AAA,IND131028AAB,FTL,evening,1,127.0,190.0,248.0,1.4960629921259843,63.0,1.0,False
IND244221AAA,IND131028AAB,FTL,night,14,128.0,252.5,306.0,1.9409839527027026,125.0,1.0,True
IND244235AAA,IND244901AAB,FTL,afternoon,14,103.0,90.5,198.0,0.8786407766990292,0.0,0.21428571428571427,False
IND244301AAA,IND244412AAA,FTL,night,8,31.0,48.0,70.5,1.5727370689655173,17.5,1.0,True
IND244412AAA,IND243301AAB,FTL,night,8,88.0,66.0,93.5,0.75,0.0,0.0,False
IND244412AAA,IND244901AAB,FTL,night,2,79.5,129.5,682.5,1.6266613924050635,50.0,1.0,False
IND244501AAA,IND244601AAB,FTL,morning,8,71.5,93.0,108.0,1.309920634920635,22.0,0.75,True
IND244601AAB,IND244901AAB,FTL,morning,8,81.5,98.0,277.5,1.188234419158114,15.5,0.5,False
IND244713AAA,IND263401AAA,FTL,night,11,23.0,44.0,75.0,2.0,22.0,1.0,True
IND244715AAA,IND244713AAA,FTL,night,11,39.0,36.0,72.0,0.9230769230769231,0.0,0.0,False
IND244901AAB,IND243002AAA,FTL,afternoon,3,46.0,104.0,556.0,2.217391304347826,57.0,1.0,False
IND244901AAB,IND243002AAA,FTL,evening,7,45.0,102.0,420.0,2.2666666666666666,57.0,1.0,True
IND244901AAB,IND243201AAA,Carting,evening,1,64.0,185.0,430.0,2.890625,121.0,1.0,False
IND244901AAB,IND244221AAA,FTL,afternoon,4,99.0,93.5,458.5,0.9444444444444444,0.0,0.25,False
IND244901AAB,IND244221AAA,FTL,evening,10,99.0,101.0,304.0,0.9901960784313726,0.5,0.3,False
IND244901AAB,IND244301AAA,FTL,evening,6,109.5,92.0,181.5,0.8362674601206712,0.0,0.16666666666666666,False
IND244901AAB,IND244301AAA,FTL,night,1,109.0,79.0,176.0,0.7247706422018348,0.0,0.0,False
IND244901AAB,IND244921AAB,Carting,evening,4,23.0,70.0,296.5,3.0434782608695654,47.0,1.0,False
IND244901AAB,IND246725AAB,FTL,evening,4,126.0,154.0,235.0,1.2079847440944882,26.5,0.5,False
IND244901AAB,IND246725AAB,FTL,night,5,125.0,147.0,196.0,1.176,22.0,0.2,False
IND244921AAB,IND243201AAA,Carting,night,1,39.0,72.0,90.0,1.8461538461538463,33.0,1.0,False
IND244921AAB,IND262001AAA,Carting,night,1,83.0,168.0,177.0,2.0240963855421685,85.0,1.0,False
IND245101AAA,IND245304AAA,Carting,night,15,18.0,42.0,95.0,2.3333333333333335,25.0,1.0,True
IND245304AAA,IND201007AAA,Carting,night,13,35.0,90.0,129.0,2.6470588235294117,56.0,1.0,True
IND245304AAA,IND245101AAA,Carting,night,14,16.0,26.5,54.5,1.7104166666666667,11.0,1.0,True
IND246149AAA,IND249407AAA,FTL,morning,1,57.0,172.0,534.0,3.017543859649123,115.0,1.0,False
IND246149AAA,IND249407AAA,FTL,night,10,57.0,154.5,648.0,2.6869328493647915,97.0,1.0,True
IND246174AAA,IND246444AAB,FTL,afternoon,2,91.5,115.0,924.5,1.2572861920688008,23.5,0.5,False
IND246174AAA,IND246444AAB,FTL,morning,9,94.0,110.0,155.0,1.1956521739130435,18.0,0.4444444444444444,False
IND246424AAA,IND246174AAA,FTL,afternoon,7,138.0,172.0,1173.0,1.2,29.0,0.42857142857142855,False
IND246424AAA,IND246174AAA,FTL,morning,3,138.0,198.0,513.0,1.434782608695652,60.0,1.0,False
IND246444AAB,IND246424AAA,FTL,afternoon,3,43.0,62.0,64.0,1.4186046511627908,18.0,1.0,False
IND246444AAB,IND246424AAA,FTL,morning,6,42.0,57.0,65.5,1.340531561461794,14.5,1.0,True
IND246444AAB,IND246424AAA,FTL,night,2,42.5,66.0,71.0,1.555094130675526,23.5,1.0,False
IND246701AAA,IND246763AAA,FTL,night,9,25.0,50.0,68.0,2.0,25.0,1.0,True
IND246725AAB,IND246701AAA,FTL,night,7,35.0,53.0,63.0,1.5142857142857142,18.0,1.0,True
IND246761AAA,IND244501AAA,FTL,morning,8,98.5,46.0,73.5,0.4669140383426098,0.0,0.0,False
IND246761AAA,IND244501AAA,FTL,night,2,100.0,46.0,63.5,0.4598459845984598,0.0,0.0,False
IND246761AAA,IND244901AAB,FTL,morning,1,122.0,149.0,399.0,1.221311475409836,27.0,1.0,False
IND246763AAA,IND246761AAA,FTL,morning,4,31.0,72.5,86.0,2.338709677419355,41.5,1.0,False
IND246763AAA,IND246761AAA,FTL,night,7,31.0,78.0,94.0,2.566666666666667,47.0,1.0,True
IND247554AAA,IND248001AAA,FTL,evening,8,129.0,155.0,211.0,1.2015503875968991,26.0,0.5,True
IND247554AAA,IND248001AAA,FTL,night,1,128.0,137.0,181.0,1.0703125,9.0,0.0,False
IND247554AAA,IND248001AAD,FTL,evening,2,128.0,180.5,227.0,1.408258560703168,52.5,0.5,False
IND247667AAA,IND249407AAA,FTL,evening,7,38.0,94.0,138.0,2.473684210526316,56.0,1.0,True
IND247667AAA,IND249407AAA,FTL,night,3,38.0,74.0,120.0,1.85,34.0,1.0,False
IND247776AAA,IND251309AAB,FTL,night,9,18.0,32.0,46.0,1.7777777777777777,14.0,1.0,True
IND248001AAA,IND131028AAB,FTL,afternoon,1,216.0,396.0,579.0,1.8333333333333333,180.0,1.0,False
IND248001AAA,IND131028AAB,FTL,morning,5,214.0,430.0,938.0,2.0,215.0,1.0,True
IND248001AAA,IND131028AAB,FTL,night,5,216.0,449.0,1288.0,2.0787037037037037,233.0,1.0,True
IND248001AAD,IND131028AAB,Carting,morning,2,213.0,508.5,1248.0,2.389106859460413,295.5,1.0,False
IND248001AAD,IND131028AAB,Carting,night,3,212.0,449.0,1171.0,2.0787037037037037,233.0,1.0,False
IND248001AAD,IND131028AAB,FTL,afternoon,2,215.0,403.5,441.5,1.877966725081673,188.5,1.0,False
IND248001AAD,IND131028AAB,FTL,night,2,212.0,569.5,1332.0,2.686320754716981,357.5,1.0,False
IND248122AAB,IND248001AAA,FTL,morning,7,37.0,73.0,190.0,2.27027027027027,34.0,1.0,True
IND248122AAB,IND248001AAA,FTL,night,1,39.0,72.0,187.0,1.8461538461538463,33.0,1.0,False
IND248197AAA,IND248122AAB,FTL,morning,1,42.0,93.0,126.0,2.2142857142857144,51.0,1.0,False
IND248197AAA,IND248122AAB,FTL,night,8,46.5,122.5,144.0,2.7053763440860212,75.0,1.0,True
IND249201AAA,IND249407AAA,FTL,morning,1,27.0,159.0,471.0,5.888888888888889,132.0,1.0,False
IND249201AAA,IND249407AAA,FTL,night,11,27.0,264.0,775.0,9.777777777777779,237.0,1.0,True
IND249407AAA,IND131028AAB,FTL,afternoon,12,178.5,496.5,526.0,2.7582487113799807,316.5,1.0,True
IND249407AAA,IND131028AAB,FTL,morning,1,178.0,485.0,898.0,2.7247191011235956,307.0,1.0,False
IND249407AAA,IND246149AAA,FTL,night,13,58.0,136.0,180.0,2.3859649122807016,79.0,1.0,True
IND249407AAA,IND249201AAA,FTL,night,11,26.0,54.0,86.0,2.0384615384615383,28.0,1.0,True
IND250002AAA,IND131028AAB,FTL,afternoon,4,66.5,131.0,366.0,1.9850746268656716,65.0,1.0,False
IND250002AAA,IND131028AAB,FTL,morning,1,68.0,167.0,443.0,2.4558823529411766,99.0,1.0,False
IND250611AAA,IND247776AAA,FTL,night,8,32.5,63.0,77.5,1.90282131661442,30.0,1.0,True
IND251001AAA,IND247554AAA,FTL,evening,10,24.0,46.0,92.0,1.8958333333333335,21.5,1.0,True
IND251201AAA,IND250002AAA,FTL,night,1,41.0,78.0,379.0,1.9024390243902438,37.0,1.0,False
IND251309AAB,IND131028AAB,FTL,night,6,70.5,140.0,166.0,1.971825396825397,69.0,1.0,True
IND261001AAA,IND262701AAA,FTL,morning,14,50.0,116.5,136.0,2.322962962962963,66.5,1.0,True
IND261201AAB,IND261001AAA,FTL,morning,12,32.0,85.5,112.5,2.6407624633431084,53.0,1.0,True
IND261201AAB,IND261001AAA,FTL,night,1,33.0,81.0,110.0,2.4545454545454546,48.0,1.0,False
IND262001AAA,IND244901AAB,Carting,night,1,81.0,148.0,622.0,1.8271604938271604,67.0,1.0,False
IND262001AAA,IND262122AAB,Carting,morning,2,37.0,67.5,73.0,1.8976348854397633,30.5,1.0,False
IND262001AAA,IND262122AAB,Carting,night,2,37.0,63.5,85.0,1.6995565410199558,26.5,1.0,False
IND262122AAB,IND244901AAB,Carting,morning,2,101.5,273.5,446.5,2.6949136090079593,172.0,1.0,False
IND262405AAA,IND263153AAB,FTL,night,2,41.0,307.0,766.0,7.487804878048781,266.0,1.0,False
IND262501AAA,IND263153AAB,FTL,morning,5,215.0,433.0,454.0,2.013953488372093,218.0,1.0,True
IND262701AAA,IND262802AAA,FTL,afternoon,3,24.0,55.0,83.0,2.2916666666666665,31.0,1.0,False
IND262701AAA,IND262802AAA,FTL,morning,11,24.0,50.0,80.0,2.0833333333333335,26.0,1.0,True
IND262802AAA,IND262723AAB,FTL,afternoon,13,69.0,175.0,218.0,2.536231884057971,106.0,1.0,True
IND262802AAA,IND262723AAB,FTL,morning,2,69.5,194.5,222.5,2.7959627329192545,125.0,1.0,False
IND263002AAA,IND263645AAA,FTL,night,11,84.0,103.0,127.0,1.1645569620253164,13.0,0.36363636363636365,False
IND263139AAA,IND263153AAB,FTL,night,6,41.5,56.5,847.5,1.3617886178861789,15.0,0.6666666666666666,True
IND263153AAB,IND131028AAB,FTL,evening,10,228.0,456.0,607.0,2.0087719298245617,229.0,1.0,True
IND263153AAB,IND244715AAA,FTL,evening,11,93.0,144.0,234.0,1.5483870967741935,51.0,1.0,True
IND263153AAB,IND263002AAA,FTL,evening,10,99.0,148.5,241.0,1.5091117359158597,50.0,1.0,True
IND263153AAB,IND263139AAA,FTL,evening,6,41.5,95.5,200.5,2.2738095238095237,53.5,1.0,True
IND263153AAB,IND263139AAA,FTL,night,1,41.0,57.0,109.0,1.3902439024390243,16.0,1.0,False
IND263153AAB,IND263401AAA,FTL,night,1,39.0,99.0,156.0,2.5384615384615383,60.0,1.0,False
IND263401AAA,IND244713AAA,FTL,night,1,22.0,53.0,89.0,2.409090909090909,31.0,1.0,False
IND263401AAA,IND263153AAB,FTL,night,9,39.0,71.0,693.0,1.8205128205128205,32.0,1.0,True
IND263601AAA,IND262501AAA,FTL,morning,3,121.0,227.0,250.0,1.8760330578512396,106.0,1.0,False
IND263601AAA,IND262501AAA,FTL,night,5,122.0,238.0,255.0,1.9669421487603307,117.0,1.0,True
IND263601AAA,IND263153AAB,FTL,morning,1,164.0,328.0,440.0,2.0,164.0,1.0,False
IND263601AAA,IND263645AAA,FTL,night,1,52.0,105.0,188.0,2.019230769230769,53.0,1.0,False
IND263645AAA,IND263601AAA,FTL,morning,1,45.0,137.0,138.0,3.0444444444444443,92.0,1.0,False
IND263645AAA,IND263601AAA,FTL,night,10,51.0,102.0,128.5,2.046634870164282,51.0,1.0,True
IND271001AAA,IND271201AAA,Carting,afternoon,2,36.0,131.5,891.0,3.6583011583011587,95.5,1.0,False
IND271001AAA,IND271201AAA,Carting,morning,3,31.0,112.0,1016.0,3.5,80.0,1.0,False
IND271001AAA,IND271210AAA,Carting,morning,1,50.0,2536.0,2559.0,50.72,2486.0,1.0,False
IND271201AAA,IND271210AAA,Carting,night,6,21.0,48.5,70.5,2.3666666666666667,28.0,1.0,True
IND271210AAA,IND271001AAA,Carting,night,9,47.0,150.0,306.0,3.125,102.0,1.0,True
IND272001AAA,IND273014AAB,FTL,afternoon,4,76.0,129.0,153.0,1.707967707967708,53.5,0.75,False
IND272155AAA,IND272001AAA,FTL,afternoon,1,24.0,31.0,56.0,1.2916666666666667,7.0,1.0,False
IND272155AAA,IND272001AAA,FTL,morning,1,25.0,34.0,51.0,1.36,9.0,1.0,False
IND272207AAB,IND272153AAC,Carting,night,3,17.0,52.0,60.0,3.0588235294117645,35.0,1.0,False
IND273014AAB,IND209304AAA,FTL,afternoon,3,289.0,676.0,751.0,2.339100346020761,387.0,1.0,False
IND273014AAB,IND273155AAA,Carting,evening,2,35.5,159.0,196.5,4.250801282051282,123.5,1.0,False
IND273014AAB,IND273155AAA,Carting,night,1,33.0,63.0,132.0,1.9090909090909092,30.0,1.0,False
IND273014AAB,IND274001AAA,FTL,evening,10,41.0,129.0,219.0,3.1865853658536585,88.5,1.0,True
IND273014AAB,IND274301AAB,FTL,evening,1,41.0,98.0,203.0,2.3902439024390243,57.0,1.0,False
IND273014AAB,IND277303AAC,FTL,evening,13,101.0,198.0,254.0,1.98,98.0,1.0,True
IND273014AAB,IND277303AAC,FTL,night,1,101.0,206.0,232.0,2.0396039603960396,105.0,1.0,False
IND273155AAA,IND273303AAA,Carting,night,1,15.0,23.0,47.0,1.5333333333333334,8.0,1.0,False
IND273303AAA,IND273304AAA,Carting,night,1,24.0,97.0,107.0,4.041666666666667,73.0,1.0,False
IND273304AAA,IND273014AAB,Carting,morning,1,61.0,375.0,491.0,6.147540983606557,314.0,1.0,False
IND273304AAA,IND273014AAB,Carting,night,11,64.0,255.0,632.0,3.9365079365079363,190.0,1.0,True
IND274001AAA,IND273014AAB,FTL,morning,1,42.0,237.0,315.0,5.642857142857143,195.0,1.0,False
IND274001AAA,IND274509AAB,FTL,night,8,24.0,48.0,111.0,1.94,23.5,1.0,True
IND274301AAB,IND273014AAB,FTL,afternoon,1,36.0,147.0,172.0,4.083333333333333,111.0,1.0,False
IND274301AAB,IND273014AAB,FTL,morning,9,37.0,171.0,395.0,4.666666666666667,133.0,1.0,True
IND274304AAA,IND274304AAB,FTL,morning,2,13.0,59.5,84.5,4.576923076923077,46.5,1.0,False
IND274304AAA,IND274304AAB,FTL,night,2,12.5,65.0,90.0,5.1923076923076925,52.5,1.0,False
IND274304AAB,IND274301AAB,FTL,morning,7,17.0,41.0,70.0,2.411764705882353,24.0,1.0,True
IND274304AAB,IND274301AAB,FTL,night,1,18.0,31.0,59.0,1.7222222222222223,13.0,1.0,False
IND274304AAB,IND274304AAA,FTL,night,1,11.0,32.0,60.0,2.909090909090909,21.0,1.0,False
IND274402AAA,IND274301AAB,FTL,morning,1,30.0,100.0,110.0,3.3333333333333335,70.0,1.0,False
IND274402AAA,IND274304AAB,FTL,night,2,13.0,46.0,58.0,3.5384615384615383,33.0,1.0,False
IND274509AAB,IND274001AAA,FTL,morning,1,24.0,53.0,78.0,2.2083333333333335,29.0,1.0,False
IND274509AAB,IND274304AAA,FTL,night,1,47.0,94.0,104.0,2.0,47.0,1.0,False
IND275101AAA,IND275503AAA,FTL,night,2,11.0,45.5,81.5,4.136363636363637,34.5,1.0,False
IND275303AAA,IND276140AAA,FTL,night,4,16.0,35.5,62.5,2.1525735294117645,19.0,1.0,False
IND275503AAA,IND275303AAA,FTL,night,4,13.0,55.5,85.0,4.26923076923077,42.5,1.0,False
IND276128AAA,IND276305AAA,FTL,morning,1,34.0,56.0,80.0,1.6470588235294117,22.0,1.0,False
IND276128AAA,IND276305AAA,FTL,night,2,33.0,60.0,98.0,1.8143382352941178,27.0,1.0,False
IND276129AAA,IND221010AAB,FTL,morning,1,75.0,278.0,1145.0,3.7066666666666666,203.0,1.0,False
IND276140AAA,IND276129AAA,FTL,morning,1,37.0,88.0,145.0,2.3783783783783785,51.0,1.0,False
IND276305AAA,IND223101AAB,FTL,morning,1,27.0,68.0,98.0,2.5185185185185186,41.0,1.0,False
IND276305AAA,IND223101AAB,FTL,night,2,25.0,53.0,104.5,2.12,28.0,1.0,False
IND277201AAA,IND221706AAA,FTL,morning,1,63.0,142.0,187.0,2.253968253968254,79.0,1.0,False
IND277201AAA,IND221706AAA,FTL,night,4,61.5,149.5,170.0,2.5069444444444446,90.0,1.0,False
IND277211AAA,IND277201AAA,FTL,night,4,21.0,51.5,71.5,2.4523809523809526,30.5,1.0,False
IND277303AAC,IND277211AAA,FTL,night,6,37.0,52.0,80.0,1.4142156862745099,15.0,1.0,True
IND281121AAB,IND110037AAM,FTL,night,9,119.0,247.0,275.0,2.0756302521008405,128.0,1.0,True
IND281401AAA,IND121004AAB,Carting,night,2,65.5,141.0,153.5,2.1534965034965037,75.5,1.0,False
IND281401AAA,IND321022AAA,Carting,night,6,38.0,50.5,65.5,1.3669590643274854,13.5,0.8333333333333334,True
IND282001AAA,IND110037AAM,Carting,afternoon,1,193.0,322.0,377.0,1.6683937823834196,129.0,1.0,False
IND282001AAA,IND110037AAM,Carting,evening,1,193.0,314.0,408.0,1.6269430051813472,121.0,1.0,False
IND282001AAA,IND110037AAM,Carting,morning,1,193.0,461.0,625.0,2.38860103626943,268.0,1.0,False
IND282001AAA,IND110037AAM,FTL,evening,2,190.0,272.5,383.0,1.4342105263157894,82.5,1.0,False
IND282001AAC,IND000000ACB,FTL,afternoon,1,179.0,262.0,327.0,1.4636871508379887,83.0,1.0,False
IND282001AAC,IND000000ACB,FTL,evening,1,178.0,320.0,430.0,1.797752808988764,142.0,1.0,False
IND282001AAF,IND283122AAB,Carting,night,11,19.0,49.0,102.0,2.5789473684210527,30.0,1.0,True
IND282001AAF,IND283122AAB,FTL,night,1,19.0,42.0,89.0,2.210526315789474,23.0,1.0,False
IND282002AAD,IND204101AAA,FTL,evening,1,44.0,135.0,227.0,3.0681818181818183,91.0,1.0,False
IND282002AAD,IND205001AAB,FTL,afternoon,2,234.0,245.5,252.0,1.0491452991452992,12.0,0.0,False
IND282002AAD,IND281004AAA,FTL,night,1,77.0,93.0,177.0,1.2077922077922079,16.0,1.0,False
IND282002AAD,IND474003AAA,FTL,afternoon,3,121.0,196.0,276.0,1.6333333333333333,76.0,1.0,False
IND283122AAB,IND282005AAA,Carting,night,3,22.0,401.0,1262.0,16.708333333333332,377.0,1.0,False
IND283122AAB,IND328001AAA,FTL,night,1,60.0,72.0,100.0,1.2,12.0,0.0,False
IND283203AAA,IND110037AAM,Carting,night,1,196.0,434.0,492.0,2.2142857142857144,238.0,1.0,False
IND283203AAA,IND110037AAM,FTL,night,9,196.0,437.0,476.0,2.229591836734694,241.0,1.0,True
IND284001AAA,IND284403AAA,FTL,night,5,78.0,122.0,173.0,1.5263157894736843,40.0,1.0,True
IND284403AAA,IND472001AAA,FTL,morning,1,74.0,131.0,173.0,1.7702702702702702,57.0,1.0,False
IND284403AAA,IND474003AAA,FTL,morning,1,208.0,521.0,580.0,2.5048076923076925,313.0,1.0,False
IND285001AAD,IND285205AAB,FTL,morning,1,32.0,43.0,71.0,1.34375,11.0,1.0,False
IND285001AAD,IND285205AAB,FTL,night,13,32.0,50.0,87.0,1.5625,18.0,0.9230769230769231,True
IND285205AAB,IND210431AAA,FTL,morning,3,80.0,175.0,237.0,2.1875,95.0,1.0,False
IND285205AAB,IND210431AAA,FTL,night,1,80.0,206.0,252.0,2.575,126.0,1.0,False
IND301001AAB,IND302014AAA,FTL,evening,2,114.5,306.5,508.5,2.6730769230769234,192.0,1.0,False
IND301001AAB,IND321001AAB,FTL,evening,8,65.0,108.0,171.0,1.695852534562212,44.5,1.0,True
IND301001AAB,IND321606AAA,FTL,evening,2,67.5,195.5,263.5,2.881752305665349,128.0,1.0,False
IND301019AAA,IND123001AAA,FTL,evening,2,64.0,156.5,214.5,2.4550671550671552,92.5,1.0,False
IND301019AAA,IND301705AAA,FTL,evening,6,47.5,156.0,190.0,3.276595744680851,108.0,1.0,True
IND301705AAA,IND123001AAA,FTL,night,1,31.0,80.0,92.0,2.5806451612903225,49.0,1.0,False
IND302004AAA,IND302014AAB,Carting,night,8,15.0,41.5,178.0,2.758928571428571,26.5,1.0,True
IND302006AAA,IND302014AAB,Carting,night,9,12.0,54.0,74.0,4.583333333333333,43.0,1.0,True
IND302014AAA,IND000000ACB,FTL,afternoon,5,166.0,340.0,479.0,2.0606060606060606,175.0,1.0,True
IND302014AAA,IND000000ACB,FTL,night,8,164.5,323.0,538.5,1.9636178861788618,158.5,1.0,True
IND302014AAA,IND110037AAM,FTL,evening,2,204.0,373.0,570.0,1.8288838159317553,169.0,1.0,False
IND302014AAA,IND110037AAM,FTL,night,5,206.0,382.0,586.0,1.891089108910891,180.0,1.0,True
IND302014AAA,IND301001AAB,FTL,afternoon,14,117.0,214.0,294.0,1.8212733594089525,96.5,1.0,True
IND302014AAA,IND303702AAB,FTL,afternoon,6,38.0,83.5,237.0,2.1842105263157894,45.0,1.0,True
IND302014AAA,IND305001AAC,FTL,morning,11,108.0,275.0,482.0,2.5233644859813085,164.0,1.0,True
IND302014AAA,IND306401AAB,FTL,morning,2,220.5,495.0,729.5,2.2460691500308707,274.5,1.0,False
IND302014AAA,IND313001AAB,FTL,evening,8,287.5,567.0,856.0,1.9655532860747327,278.5,1.0,True
IND302014AAB,IND302004AAA,Carting,evening,3,19.0,61.0,193.0,3.210526315789474,42.0,0.6666666666666666,False
IND302014AAB,IND302004AAA,Carting,morning,11,17.0,39.0,62.0,2.4375,23.0,1.0,True
IND302014AAB,IND302004AAA,Carting,night,6,16.0,27.5,70.5,1.5460526315789473,10.0,1.0,True
IND302014AAB,IND302006AAA,Carting,morning,11,16.0,31.0,65.0,1.9411764705882353,16.0,1.0,True
IND302014AAB,IND302006AAA,Carting,night,1,18.0,29.0,151.0,1.6111111111111112,11.0,1.0,False
IND302014AAB,IND302006AAC,Carting,morning,11,20.0,43.0,76.0,2.588235294117647,27.0,1.0,True
IND302014AAB,IND302006AAC,Carting,night,4,19.5,80.5,114.5,4.138888888888889,61.0,1.0,False
IND302014AAB,IND302020AAA,Carting,morning,13,12.0,24.0,56.0,2.0833333333333335,13.0,1.0,True
IND302014AAB,IND302023AAA,Carting,morning,12,23.0,60.0,90.0,2.694508009153318,37.0,1.0,True
IND302014AAB,IND302026AAA,Carting,evening,4,17.5,85.0,213.0,4.852941176470589,67.5,1.0,False
IND302014AAB,IND302026AAA,Carting,night,9,19.0,50.0,90.0,2.6315789473684212,31.0,1.0,True
IND302014AAB,IND303008AAB,Carting,evening,5,55.0,103.0,173.0,1.8727272727272728,48.0,1.0,True
IND302014AAB,IND303301AAB,Carting,evening,8,32.0,42.0,93.0,1.3125,10.0,0.5,True
IND302014AAB,IND303303AAA,Carting,evening,1,56.0,70.0,136.0,1.25,14.0,1.0,False
IND302014AAB,IND303603AAB,Carting,evening,1,72.0,122.0,149.0,1.6944444444444444,50.0,1.0,False
IND302014AAB,IND303901AAA,Carting,evening,6,20.0,63.5,129.0,3.119047619047619,43.5,1.0,True
IND302020AAA,IND302014AAB,Carting,night,13,11.0,26.0,49.0,2.888888888888889,17.0,1.0,True
IND302022AAD,IND000000ACB,Carting,evening,7,165.0,314.0,692.0,1.9090909090909092,150.0,1.0,True
IND302026AAA,IND302014AAB,Carting,morning,2,17.0,258.0,515.0,14.972222222222221,241.0,1.0,False
IND303002AAA,IND302014AAA,FTL,morning,1,36.0,60.0,69.0,1.6666666666666667,24.0,1.0,False
IND303002AAA,IND302014AAA,FTL,night,6,35.0,65.5,82.5,1.8571428571428572,30.0,1.0,True
IND303008AAB,IND303338AAB,Carting,night,5,30.0,44.0,78.0,1.5333333333333334,16.0,0.8,True
IND303106AAA,IND302014AAA,FTL,night,1,60.0,125.0,165.0,2.0833333333333335,65.0,1.0,False
IND303106AAA,IND303002AAA,FTL,night,6,20.0,30.0,53.5,1.5108695652173914,10.0,1.0,True
IND303108AAB,IND303106AAA,FTL,night,6,31.0,47.5,70.0,1.5408602150537636,16.5,1.0,True
IND303301AAB,IND303303AAA,Carting,evening,5,23.0,36.0,50.0,1.6363636363636365,14.0,1.0,True
IND303301AAB,IND303303AAA,Carting,night,5,21.0,30.0,34.0,1.3636363636363635,8.0,1.0,True
IND303303AAA,IND322230AAA,Carting,night,13,77.0,104.0,120.0,1.3506493506493507,27.0,0.9230769230769231,True
IND303338AAB,IND303603AAB,Carting,night,5,57.0,54.0,75.0,0.9473684210526315,0.0,0.4,False
IND303503AAA,IND302014AAB,Carting,morning,7,57.0,95.0,110.0,1.7241379310344827,40.0,1.0,True
IND303503AAA,IND302014AAB,Carting,night,1,59.0,107.0,117.0,1.8135593220338984,48.0,1.0,False
IND303603AAB,IND302014AAB,Carting,night,5,74.0,183.0,203.0,2.472972972972973,109.0,1.0,True
IND303603AAB,IND303338AAB,Carting,night,1,57.0,50.0,66.0,0.8771929824561403,0.0,0.0,False
IND303702AAB,IND332001AAB,FTL,afternoon,3,62.0,104.0,123.0,1.6774193548387097,42.0,1.0,False
IND303702AAB,IND332404AAA,FTL,afternoon,5,25.0,37.0,61.0,1.5416666666666667,13.0,1.0,True
IND303901AAA,IND304001AAA,Carting,night,2,42.0,81.0,95.0,1.9285714285714284,39.0,1.0,False
IND305001AAC,IND305802AAA,FTL,evening,6,26.0,57.0,320.5,2.197037037037037,31.0,1.0,True
IND305001AAC,IND305901AAA,FTL,evening,12,44.0,93.0,185.0,2.1136363636363633,49.0,1.0,True
IND305001AAC,IND306401AAB,FTL,afternoon,12,123.0,245.5,292.0,2.004032258064516,123.0,1.0,True
IND305001AAC,IND342602AAC,FTL,evening,1,96.0,196.0,302.0,2.0416666666666665,100.0,1.0,False
IND305404AAA,IND305601AAC,FTL,afternoon,7,55.0,74.0,99.0,1.3518518518518519,19.0,1.0,True
IND305404AAA,IND305601AAC,FTL,morning,2,56.5,119.0,143.0,2.1008771929824563,62.5,1.0,False
IND305601AAC,IND305001AAC,FTL,afternoon,13,34.0,68.0,88.0,1.9705882352941178,34.0,1.0,True
IND305624AAA,IND305404AAA,FTL,morning,4,74.0,133.5,162.5,1.804054054054054,59.5,1.0,False
IND305802AAA,IND341512AAA,FTL,night,4,35.0,70.0,91.0,2.090017825311943,36.5,1.0,False
IND305901AAA,IND342602AAC,FTL,evening,4,54.0,98.0,165.0,1.8686502177068216,45.5,1.0,False
IND306116AAA,IND306001AAA,FTL,morning,2,80.5,188.0,208.0,2.3429299166409385,107.5,1.0,False
IND306304AAB,IND311302AAA,FTL,night,1,46.0,88.0,97.0,1.9130434782608696,42.0,1.0,False
IND306401AAB,IND302014AAA,FTL,morning,11,216.0,431.0,518.0,2.0046082949308754,217.0,1.0,True
IND306401AAB,IND305001AAC,Carting,afternoon,1,123.0,309.0,352.0,2.5121951219512195,186.0,1.0,False
IND306401AAB,IND305001AAC,Carting,morning,14,123.0,370.5,429.5,3.0002622606871228,247.0,1.0,True
IND306401AAB,IND342005AAD,FTL,evening,15,54.0,92.0,155.0,1.6923076923076923,37.0,1.0,True
IND306401AAB,IND343001AAA,FTL,evening,2,86.0,175.5,197.0,2.0407707910750505,89.5,1.0,False
IND306401AAB,IND343001AAA,FTL,night,1,87.0,146.0,177.0,1.6781609195402298,59.0,1.0,False
IND307001AAA,IND306902AAA,FTL,morning,1,26.0,34.0,56.0,1.3076923076923077,8.0,1.0,False
IND311001AAA,IND313324AAA,FTL,night,5,65.0,120.0,124.0,1.8461538461538463,55.0,1.0,True
IND311301AAA,IND305624AAA,FTL,night,3,35.0,145.0,182.0,4.142857142857143,110.0,1.0,False
IND311302AAA,IND305624AAA,FTL,morning,1,33.0,234.0,249.0,7.090909090909091,201.0,1.0,False
IND311302AAA,IND305624AAA,FTL,night,2,33.5,231.5,248.5,6.903297682709447,198.0,1.0,False
IND312001AAA,IND311001AAA,FTL,evening,3,46.0,72.0,110.0,1.565217391304348,26.0,1.0,False
IND312001AAA,IND311001AAA,FTL,night,10,46.5,71.0,110.5,1.5921325051759836,26.0,1.0,True
IND312001AAA,IND312601AAA,FTL,night,4,73.5,83.0,92.0,1.3509316770186335,21.0,0.5,False
IND312403AAA,IND312001AAA,FTL,morning,1,76.0,98.0,124.0,1.2894736842105263,22.0,1.0,False
IND312403AAA,IND312001AAA,FTL,night,2,76.5,118.0,149.0,1.543403964456596,41.5,1.0,False
IND312601AAA,IND458664AAA,FTL,night,4,40.5,51.0,70.0,1.2591463414634148,10.5,0.75,False
IND312605AAB,IND313001AAB,FTL,night,5,137.0,308.0,331.0,2.2481751824817517,171.0,1.0,True
IND312605AAB,IND458001AAB,FTL,night,7,32.0,60.0,109.0,1.8214285714285714,27.0,1.0,True
IND313001AAB,IND306401AAB,FTL,night,11,141.0,291.0,327.0,2.0492957746478875,149.0,1.0,True
IND313001AAB,IND311001AAA,FTL,afternoon,1,110.0,291.0,686.0,2.6454545454545455,181.0,1.0,False
IND313001AAB,IND312001AAA,FTL,afternoon,13,79.0,164.0,598.0,2.0759493670886076,85.0,1.0,True
IND313001AAB,IND327001AAB,FTL,afternoon,4,151.0,510.0,686.5,3.377483443708609,359.0,1.0,False
IND313001AAB,IND382430AAB,FTL,morning,7,191.0,409.0,503.0,2.141361256544503,218.0,1.0,True
IND313324AAA,IND313001AAB,FTL,night,14,48.0,85.5,125.5,1.7987588652482271,38.0,1.0,True
IND321001AAA,IND301001AAB,FTL,night,2,96.5,614.0,790.0,6.366408934707904,517.5,1.0,False
IND321001AAA,IND321401AAB,FTL,night,6,38.5,49.5,58.0,1.259485924112607,10.5,0.8333333333333334,True
IND321001AAB,IND321001AAA,FTL,night,3,31.0,40.0,67.0,1.3103448275862069,9.0,1.0,False
IND321001AAB,IND321401AAB,FTL,night,1,65.0,125.0,134.0,1.9230769230769231,60.0,1.0,False
IND321022AAA,IND121004AAB,Carting,night,7,83.0,264.0,290.0,3.180722891566265,181.0,1.0,True
IND321408AAB,IND321606AAA,FTL,night,3,35.0,63.0,97.0,1.8,28.0,1.0,False
IND321606AAA,IND301001AAB,FTL,morning,1,69.0,449.0,656.0,6.507246376811594,380.0,1.0,False
IND321606AAA,IND301001AAB,FTL,night,3,69.0,549.0,711.0,7.956521739130435,480.0,1.0,False
IND321606AAA,IND321001AAA,FTL,night,2,48.5,91.5,112.5,1.8896683673469388,43.0,1.0,False
IND322201AAA,IND302014AAB,Carting,night,1,89.0,173.0,188.0,1.9438202247191012,84.0,1.0,False
IND322201AAA,IND303503AAA,Carting,night,9,30.0,53.0,63.0,1.7666666666666666,23.0,1.0,True
IND322230AAA,IND322241AAA,Carting,night,13,28.0,45.0,62.0,1.6071428571428572,17.0,1.0,True
IND322241AAA,IND322201AAA,Carting,night,12,23.0,53.5,75.5,2.3363636363636364,30.5,1.0,True
IND327001AAB,IND312605AAB,FTL,night,1,63.0,90.0,101.0,1.4285714285714286,27.0,1.0,False
IND328001AAA,IND000000ACB,FTL,evening,1,198.0,305.0,314.0,1.5404040404040404,107.0,1.0,False
IND328001AAA,IND282002AAD,FTL,night,1,66.0,178.0,217.0,2.696969696969697,112.0,1.0,False
IND328001AAA,IND474003AAA,FTL,afternoon,3,58.0,97.0,143.0,1.6724137931034482,39.0,1.0,False
IND328001AAA,IND474003AAA,FTL,evening,3,59.0,88.0,101.0,1.4915254237288136,29.0,0.6666666666666666,False
IND331022A1B,IND331001A1C,FTL,night,1,49.0,128.0,128.0,2.6122448979591835,79.0,1.0,False
IND331304AAA,IND332001AAB,FTL,morning,1,104.0,414.0,452.0,3.980769230769231,310.0,1.0,False
IND331304AAA,IND332001AAB,FTL,night,1,110.0,465.0,520.0,4.2272727272727275,355.0,1.0,False
IND331507AAA,IND302014AAA,FTL,morning,3,166.0,401.0,420.0,2.4011976047904193,234.0,1.0,False
IND331701AAA,IND125001AAA,FTL,morning,1,64.0,351.0,631.0,5.484375,287.0,1.0,False
IND332001AAB,IND333001AAA,FTL,evening,1,57.0,67.0,90.0,1.1754385964912282,10.0,0.0,False
IND332001AAB,IND333028AAA,FTL,evening,2,92.0,134.0,161.0,1.4531046717918392,42.0,1.0,False
IND332001AAB,IND333031AAA,FTL,evening,2,95.0,215.0,262.0,2.267508865248227,120.0,1.0,False
IND332001AAB,IND333042AAA,FTL,evening,11,39.0,56.0,104.0,1.3658536585365855,15.0,0.8181818181818182,True
IND332001AAB,IND334001AAB,FTL,evening,7,154.0,253.0,348.0,1.65359477124183,100.0,1.0,True
IND332001AAB,IND334001AAC,FTL,evening,2,154.0,248.5,333.5,1.6136363636363638,94.5,1.0,False
IND332404AAA,IND332001AAB,FTL,evening,7,37.0,52.0,77.0,1.4054054054054055,15.0,1.0,True
IND332713AAA,IND332709AAA,FTL,night,2,36.5,144.0,168.5,3.9489489489489493,107.5,1.0,False
IND332713AAA,IND332715AAB,FTL,night,1,49.0,101.0,107.0,2.061224489795918,52.0,1.0,False
IND333001AAA,IND333028AAA,FTL,night,1,43.0,61.0,75.0,1.4186046511627908,18.0,1.0,False
IND333028AAA,IND333502AAA,FTL,night,1,47.0,54.0,54.0,1.148936170212766,7.0,0.0,False
IND333031AAA,IND331023AAA,FTL,night,2,28.0,83.5,102.5,2.982142857142857,55.5,1.0,False
IND333042AAA,IND333031AAA,FTL,evening,1,73.0,103.0,123.0,1.4109589041095891,30.0,1.0,False
IND333042AAA,IND333031AAA,FTL,night,7,74.0,120.0,153.0,1.6111111111111112,46.0,1.0,True
IND333504AAA,IND332713AAA,FTL,night,1,39.0,75.0,75.0,1.9230769230769231,36.0,1.0,False
IND334001AAB,IND334803AAA,FTL,night,2,48.0,91.5,110.5,1.8986105080330005,43.5,1.0,False
IND334001AAC,IND334803AAA,FTL,night,3,45.0,73.0,89.0,1.6222222222222222,28.0,1.0,False
IND334001AAC,IND341001AAC,FTL,night,1,84.0,136.0,159.0,1.619047619047619,52.0,1.0,False
IND334803AAA,IND341001AAC,FTL,night,3,37.0,79.0,83.0,1.975,39.0,1.0,False
IND335001AAA,IND125104AAA,FTL,night,6,80.0,149.5,189.5,1.824264705882353,68.0,1.0,True
IND335051AAA,IND335513AAA,Carting,morning,5,100.0,214.0,337.0,2.118811881188119,113.0,1.0,True
IND335501AAA,IND331701AAA,FTL,night,1,21.0,36.0,60.0,1.7142857142857142,15.0,1.0,False
IND335513AAA,IND335001AAA,FTL,night,6,50.0,89.5,160.0,1.790516206482593,39.5,1.0,True
IND335513AAA,IND335803AAA,Carting,night,4,29.5,37.5,80.5,1.293103448275862,8.5,1.0,False
IND335513AAA,IND335804AAD,Carting,night,1,54.0,81.0,138.0,1.5,27.0,1.0,False
IND335524AAA,IND335523AAB,FTL,night,1,47.0,54.0,92.0,1.148936170212766,7.0,0.0,False
IND335701AAA,IND335051AAA,Carting,morning,2,48.0,88.0,105.0,1.8333333333333335,40.0,1.0,False
IND335703AAA,IND335701AAA,Carting,morning,3,32.0,37.0,47.0,1.15625,5.0,0.3333333333333333,False
IND335703AAA,IND335701AAA,Carting,night,1,33.0,58.0,71.0,1.7575757575757576,25.0,1.0,False
IND335803AAA,IND335804AAD,Carting,night,2,24.0,41.0,46.5,1.7008695652173913,17.0,1.0,False
IND335804AAD,IND335701AAA,Carting,night,2,70.0,83.0,96.0,1.1851398244539701,13.0,0.5,False
IND335804AAD,IND335703AAA,Carting,morning,2,39.0,48.5,65.0,1.2361842105263157,10.5,0.5,False
IND335804AAD,IND335703AAA,Carting,night,2,38.0,44.0,74.5,1.1578947368421053,6.0,0.5,False
IND341001AAC,IND341030AAA,FTL,night,1,39.0,58.0,98.0,1.4871794871794872,19.0,1.0,False
IND341001AAC,IND341303AAA,FTL,night,4,84.0,132.5,168.5,1.5681372549019608,48.0,1.0,False
IND341030AAA,IND341303AAA,FTL,morning,2,44.5,66.0,73.0,1.4855915065722953,21.5,1.0,False
IND341303AAA,IND341306AAA,FTL,morning,8,24.5,42.0,62.0,1.6733333333333333,17.0,1.0,True
IND341306AAA,IND302014AAA,FTL,morning,3,171.0,400.0,436.0,2.3529411764705883,230.0,1.0,False
IND341503AAB,IND341510AAB,FTL,morning,7,33.0,81.0,104.0,2.4545454545454546,48.0,1.0,True
IND341505AAA,IND341503AAB,FTL,morning,1,68.0,165.0,205.0,2.426470588235294,97.0,1.0,False
IND341505AAA,IND341503AAB,FTL,night,5,68.0,137.0,175.0,1.9855072463768115,68.0,1.0,True
IND341505AAA,IND341510AAB,FTL,night,1,107.0,215.0,243.0,2.0093457943925235,108.0,1.0,False
IND341510AAB,IND305001AAC,FTL,morning,8,55.0,128.5,346.0,2.3363636363636364,73.5,1.0,True
IND341512AAA,IND341505AAA,FTL,night,3,23.0,42.0,63.0,1.826086956521739,19.0,1.0,False
IND342005AAD,IND342601AAA,FTL,evening,1,49.0,108.0,336.0,2.204081632653061,59.0,1.0,False
IND342005AAD,IND342601AAA,FTL,night,5,50.0,105.0,282.0,2.142857142857143,56.0,1.0,True
IND342005AAD,IND342902A1B,FTL,night,1,94.0,158.0,351.0,1.6808510638297873,64.0,1.0,False
IND342005AAD,IND342902AAA,FTL,night,5,94.0,207.0,377.0,2.202127659574468,113.0,1.0,True
IND342005AAD,IND344022AAB,FTL,night,3,75.0,142.0,151.0,1.8933333333333333,67.0,1.0,False
IND342301AAA,IND342005AAD,FTL,afternoon,10,127.0,718.0,812.0,5.63099778543307,590.5,1.0,True
IND342601AAA,IND342902A1B,FTL,night,3,43.0,84.0,105.0,1.9534883720930232,41.0,1.0,False
IND342601AAA,IND342902AAA,FTL,night,3,41.0,68.0,84.0,1.9142857142857144,32.0,1.0,False
IND342602AAC,IND306304AAB,FTL,night,1,43.0,93.0,108.0,2.1627906976744184,50.0,1.0,False
IND342602AAC,IND311302AAA,FTL,night,2,76.0,142.0,162.5,1.8684210526315788,66.0,1.0,False
IND342902A1B,IND302014AAA,FTL,morning,6,185.0,464.5,538.0,2.4972539384304087,278.5,1.0,True
IND342902AAA,IND302014AAA,FTL,morning,5,186.0,458.0,545.0,2.3870967741935485,266.0,1.0,True
IND343001AAA,IND343029AAB,FTL,night,2,65.0,85.5,106.5,1.3153846153846154,20.5,0.5,False
IND343029AAB,IND307001AAA,FTL,night,2,70.0,98.0,112.5,1.4,28.0,1.0,False
IND344001AAA,IND342301AAA,FTL,morning,3,199.0,333.0,364.0,1.6485148514851484,131.0,1.0,False
IND344001AAA,IND345001AAA,FTL,morning,6,194.5,149.5,162.0,0.7725949468511297,0.0,0.0,False
IND344001AAA,IND345021AAA,FTL,morning,1,160.0,266.0,270.0,1.6625,106.0,1.0,False
IND344022AAB,IND342301AAA,FTL,night,1,199.0,497.0,514.0,2.4974874371859297,298.0,1.0,False
IND344022AAB,IND344001AAA,FTL,morning,1,69.0,100.0,110.0,1.4492753623188406,31.0,1.0,False
IND344022AAB,IND344001AAA,FTL,night,3,68.0,99.0,121.0,1.4558823529411764,31.0,1.0,False
IND345001AAA,IND342301AAA,FTL,morning,1,120.0,210.0,213.0,1.75,90.0,1.0,False
IND345001AAA,IND345021AAA,FTL,morning,4,77.0,103.0,117.0,1.3376623376623376,26.0,1.0,False
IND345021AAA,IND342301AAA,FTL,afternoon,6,45.0,67.5,86.0,1.4818840579710144,22.0,0.8333333333333334,True
IND360003AAA,IND360311AAA,Carting,night,2,25.5,53.5,96.5,2.102307692307692,28.0,1.0,False
IND360311AAA,IND360050AAA,Carting,night,1,45.0,62.0,69.0,1.3777777777777778,17.0,1.0,False
IND360370AAA,IND360410AAA,FTL,night,1,13.0,32.0,37.0,2.4615384615384617,19.0,1.0,False
IND360410AAA,IND360490AAA,FTL,night,1,13.0,40.0,45.0,3.076923076923077,27.0,1.0,False
IND360490AAA,IND362001AAA,FTL,night,7,36.0,80.0,97.0,2.1621621621621623,43.0,1.0,True
IND360510AAB,IND360530AAB,Carting,morning,3,25.0,42.0,46.0,1.6153846153846154,16.0,0.6666666666666666,False
IND360510AAB,IND360530AAB,Carting,night,5,26.0,37.0,52.0,1.4230769230769231,11.0,1.0,True
IND360530AAB,IND362001AAA,Carting,morning,9,69.0,136.0,152.0,1.9710144927536233,67.0,1.0,True
IND360530AAB,IND362001AAA,Carting,night,2,69.5,125.5,218.5,1.8056935817805382,56.0,1.0,False
IND360575AAA,IND360510AAB,Carting,night,8,40.0,69.5,91.5,1.7375,29.5,1.0,True
IND361001AAA,IND361305AAC,FTL,night,9,39.0,65.0,105.0,1.6666666666666667,26.0,1.0,True
IND361305AAC,IND361315AAA,FTL,night,8,32.0,55.5,61.5,1.723908918406072,23.5,1.0,True
IND361315AAA,IND361335AAA,FTL,night,9,28.0,43.0,46.0,1.5555555555555556,15.0,1.0,True
IND361335AAA,IND360002AAB,FTL,night,1,187.0,250.0,283.0,1.3368983957219251,63.0,1.0,False
IND362001AAA,IND360370AAA,FTL,night,8,23.0,45.5,70.5,1.9782608695652175,22.5,1.0,True
IND362001AAA,IND360575AAA,Carting,night,7,84.0,118.0,141.0,1.4216867469879517,35.0,1.0,True
IND362001AAA,IND362220AAA,Carting,night,10,24.0,49.0,75.5,2.0416666666666665,25.0,1.0,True
IND362001AAA,IND362265AAA,Carting,morning,1,56.0,120.0,160.0,2.142857142857143,64.0,1.0,False
IND362150AAA,IND362001AAA,Carting,morning,8,67.0,110.5,118.5,1.6492537313432836,43.5,1.0,True
IND362220AAA,IND362225AAA,Carting,night,5,25.0,48.0,63.0,1.9230769230769231,24.0,1.0,True
IND362225AAA,IND362265AAA,Carting,night,5,27.0,49.0,54.0,1.75,21.0,1.0,True
IND362265AAA,IND362720AAA,Carting,night,11,35.0,87.0,103.0,2.4444444444444446,52.0,1.0,True
IND362560AAA,IND362150AAA,Carting,morning,8,61.0,109.5,122.0,1.8101092896174862,49.0,1.0,True
IND362720AAA,IND362560AAA,Carting,morning,10,28.0,58.5,68.5,2.0892857142857144,30.5,1.0,True
IND362720AAA,IND362560AAA,Carting,night,2,27.0,49.5,67.5,1.8333333333333335,22.5,1.0,False
IND363001AAA,IND363421AAB,FTL,night,9,33.0,38.0,56.0,1.1515151515151516,5.0,0.2222222222222222,False
IND363310AAB,IND382430AAB,FTL,morning,9,143.0,203.0,216.0,1.4097222222222223,59.0,1.0,True
IND363330AAB,IND363310AAB,FTL,morning,5,36.0,56.0,85.0,1.5555555555555556,20.0,0.8,True
IND363330AAB,IND363310AAB,FTL,night,2,37.5,68.0,84.0,1.8175675675675675,30.5,1.0,False
IND363421AAB,IND364710AAA,FTL,night,9,38.0,74.0,94.0,1.8974358974358974,35.0,1.0,True
IND363520AAC,IND363001AAA,FTL,night,8,49.0,58.0,91.5,1.196003401360544,9.5,0.5,False
IND363621AAB,IND360002AAB,Carting,night,2,34.0,59.0,73.5,1.7352941176470589,25.0,1.0,False
IND363641AAA,IND360002AAB,Carting,night,1,68.0,122.0,137.0,1.7941176470588236,54.0,1.0,False
IND363641AAA,IND363621AAB,Carting,night,3,33.0,49.0,63.0,1.4411764705882353,15.0,0.6666666666666666,False
IND364004AAB,IND365560AAA,FTL,evening,5,78.0,148.0,237.0,1.9473684210526316,72.0,1.0,True
IND365560AAA,IND365560AAB,FTL,night,5,59.0,100.0,121.0,1.7142857142857142,41.0,1.0,True
IND365560AAB,IND364290AAA,FTL,night,7,29.0,74.0,97.0,2.4827586206896552,43.0,1.0,True
IND370001AAA,IND370110AAA,FTL,afternoon,3,30.0,181.0,203.0,5.838709677419355,150.0,1.0,False
IND370001AAA,IND370110AAA,FTL,morning,2,27.5,385.0,644.5,14.159391534391535,357.5,1.0,False
IND370001AAA,IND370201AAA,FTL,afternoon,1,44.0,285.0,332.0,6.4772727272727275,241.0,1.0,False
IND370001AAA,IND370615AAB,FTL,morning,1,44.0,76.0,119.0,1.7272727272727273,32.0,1.0,False
IND370001AAA,IND370615AAB,FTL,night,5,43.0,80.0,96.0,1.8181818181818181,36.0,1.0,True
IND370110AAA,IND370001AAA,FTL,night,10,31.5,62.0,78.5,2.0339366515837103,31.5,1.0,True
IND370110AAA,IND370615AAB,FTL,afternoon,1,73.0,153.0,786.0,2.095890410958904,80.0,1.0,False
IND370201AAA,IND363310AAB,FTL,night,1,171.0,289.0,402.0,1.6900584795321638,118.0,1.0,False
IND370201AAA,IND363330AAB,FTL,night,7,135.0,190.0,285.0,1.4074074074074074,55.0,1.0,True
IND370615AAB,IND370001AAA,FTL,morning,2,47.0,195.5,353.5,4.118206521739131,148.5,1.0,False
IND370615AAB,IND370001AAA,FTL,night,1,39.0,449.0,454.0,11.512820512820513,410.0,1.0,False
IND380005AAA,IND382421AAA,Carting,morning,2,10.0,20.5,77.0,2.05,10.5,1.0,False
IND380005AAA,IND382421AAA,Carting,night,3,9.0,32.0,55.0,3.5555555555555554,23.0,1.0,False
IND380005AAA,IND382430AAB,Carting,night,1,23.0,69.0,73.0,3.0,46.0,1.0,False
IND380005AAA,IND382721AAA,Carting,night,2,19.0,61.0,104.5,3.2,42.0,1.0,False
IND380006AAA,IND382430AAB,Carting,morning,3,10.0,20.0,47.0,2.0,10.0,1.0,False
IND380006AAA,IND382430AAB,Carting,night,6,10.0,30.0,50.0,3.188888888888889,20.5,1.0,True
IND380006AAB,IND382430AAB,Carting,morning,13,11.0,42.0,64.0,3.5,30.0,1.0,True
IND380006AAB,IND382430AAB,Carting,night,2,12.0,67.5,84.0,5.625,55.5,1.0,False
IND380021AAA,IND382430AAB,Carting,morning,10,12.5,40.0,163.5,3.358974358974359,28.5,1.0,True
IND380021AAA,IND382430AAB,Carting,night,11,13.0,54.0,100.0,4.153846153846154,41.0,1.0,True
IND380054AAA,IND382430AAB,Carting,evening,1,14.0,25.0,52.0,1.7857142857142858,11.0,1.0,False
IND380054AAA,IND382430AAB,Carting,morning,9,17.0,40.0,66.0,2.3529411764705883,23.0,1.0,True
IND380054AAA,IND382430AAB,Carting,night,4,17.0,48.0,64.5,2.8235294117647056,31.0,1.0,False
IND382421AAA,IND382430AAB,Carting,morning,10,34.0,147.0,162.5,4.083333333333334,111.0,1.0,True
IND382421AAA,IND382721AAA,Carting,night,9,17.0,20.0,42.0,1.2941176470588236,5.0,0.5555555555555556,True
IND382430AAB,IND000000ACB,FTL,afternoon,6,630.0,1141.5,1723.0,1.81472550803761,512.5,1.0,True
IND382430AAB,IND000000ACB,FTL,morning,5,629.0,1619.0,1815.0,2.573926868044515,990.0,1.0,True
IND382430AAB,IND313001AAB,FTL,afternoon,1,195.0,388.0,657.0,1.9897435897435898,193.0,1.0,False
IND382430AAB,IND313001AAB,FTL,evening,10,195.0,388.5,599.5,1.9872448979591837,193.0,1.0,True
IND382430AAB,IND364004AAB,FTL,afternoon,11,131.0,214.0,476.0,1.633587786259542,83.0,1.0,True
IND382430AAB,IND370201AAA,FTL,afternoon,12,320.5,478.0,728.5,1.49375,158.0,1.0,True
IND382430AAB,IND380005AAA,Carting,evening,13,22.0,37.0,108.0,1.6521739130434783,14.0,1.0,True
IND382430AAB,IND380005AAA,Carting,night,10,24.0,57.0,118.0,2.4266304347826084,33.5,1.0,True
IND382430AAB,IND380015AAB,Carting,evening,10,12.0,29.0,94.5,2.380952380952381,17.0,1.0,True
IND382430AAB,IND380015AAB,Carting,night,13,12.0,29.0,150.0,2.3333333333333335,17.0,1.0,True
IND382430AAB,IND380054AAA,Carting,evening,12,17.0,31.0,105.5,1.7951388888888888,13.5,1.0,True
IND382430AAB,IND380054AAA,Carting,night,14,17.0,40.0,159.5,2.45,23.0,1.0,True
IND382430AAB,IND382345AAA,Carting,evening,12,16.0,34.0,94.0,2.1333333333333333,18.0,1.0,True
IND382430AAB,IND382345AAA,Carting,night,12,15.5,34.0,159.5,2.2509803921568627,18.5,1.0,True
IND382430AAB,IND384205AAA,FTL,afternoon,1,84.0,128.0,383.0,1.5238095238095237,44.0,1.0,False
IND382430AAB,IND384205AAA,FTL,evening,12,85.0,112.5,275.0,1.3313725490196078,28.0,1.0,True
IND382430AAB,IND388320AAA,FTL,afternoon,9,77.0,79.0,230.0,1.025974025974026,2.0,0.1111111111111111,False
IND382430AAB,IND389001AAA,FTL,afternoon,4,98.0,158.0,563.5,1.6122448979591837,60.0,1.0,False
IND382430AAB,IND389001AAA,FTL,evening,11,98.0,166.0,402.0,1.6938775510204083,68.0,1.0,True
IND382430AAB,IND395023AAA,FTL,afternoon,12,205.0,374.5,760.0,1.8495731707317074,172.0,1.0,True
IND382430AAB,IND395023AAA,FTL,evening,13,201.0,372.0,631.0,1.8507462686567164,171.0,1.0,True
IND382715AAA,IND382430AAB,FTL,night,12,54.0,110.0,132.0,2.0,55.0,1.0,True
IND382721AAA,IND382430AAB,Carting,night,9,41.0,112.0,128.0,2.763157894736842,71.0,1.0,True
IND383001AAA,IND383315AAC,FTL,night,8,41.0,52.0,64.0,1.2526132404181185,10.5,0.625,True
IND383255AAB,IND384205AAA,FTL,morning,7,104.0,146.0,267.0,1.3904761904761904,41.0,0.7142857142857143,True
IND383315AAC,IND383255AAB,FTL,night,8,91.0,109.0,118.0,1.1980676328502415,18.0,0.5,False
IND384170AAA,IND384265AAB,FTL,night,7,22.0,29.0,33.0,1.28125,7.0,0.5714285714285714,True
IND384205AAA,IND382715AAA,FTL,evening,1,40.0,52.0,87.0,1.3,12.0,1.0,False
IND384205AAA,IND382715AAA,FTL,night,11,40.0,56.0,98.0,1.425,17.0,1.0,True
IND384205AAA,IND383001AAA,FTL,night,8,59.0,89.5,104.0,1.5046610169491526,30.0,1.0,True
IND384205AAA,IND384170AAA,FTL,night,4,28.0,33.0,55.0,1.1785714285714284,5.0,0.5,False
IND384205AAA,IND384355AAB,FTL,night,8,33.0,54.0,80.5,1.5882352941176472,20.0,1.0,True
IND384205AAA,IND385001AAA,FTL,evening,1,62.0,170.0,184.0,2.7419354838709675,108.0,1.0,False
IND384265AAB,IND385320AAA,FTL,night,7,76.0,98.0,108.0,1.2933333333333332,22.0,0.8571428571428571,True
IND384265AAB,IND385340AAB,FTL,night,1,46.0,140.0,147.0,3.0434782608695654,94.0,1.0,False
IND384355AAB,IND384205AAA,FTL,morning,1,31.0,71.0,246.0,2.2903225806451615,40.0,1.0,False
IND384355AAB,IND385001AAA,FTL,night,8,65.0,96.0,104.0,1.5038461538461538,31.5,1.0,True
IND385001AAA,IND385535AAA,FTL,night,10,18.0,31.0,44.5,1.7777777777777777,14.0,1.0,True
IND385320AAA,IND385340AAB,FTL,night,12,34.0,28.0,39.0,0.7995391705069124,0.0,0.0,False
IND385340AAB,IND384205AAA,FTL,morning,1,92.0,129.0,282.0,1.4021739130434783,37.0,1.0,False
IND385340AAB,IND384205AAA,FTL,night,3,92.0,130.0,278.0,1.4130434782608696,38.0,0.6666666666666666,False
IND385535AAA,IND384205AAA,FTL,night,12,79.5,157.5,319.5,1.9809335443037974,78.0,1.0,True
IND387001AAA,IND388220AAA,Carting,night,9,25.0,44.0,77.0,1.76,19.0,1.0,True
IND388121AAA,IND388620AAB,Carting,night,6,44.0,67.5,94.0,1.5517970401691332,24.0,1.0,True
IND388220AAA,IND388320AAA,Carting,night,9,25.0,46.0,90.0,1.7692307692307692,20.0,1.0,True
IND388320AAA,IND387001AAA,Carting,night,6,14.5,24.5,55.5,1.712820512820513,10.0,1.0,True
IND388320AAA,IND388121AAA,Carting,night,1,12.0,51.0,83.0,4.25,39.0,1.0,False
IND388320AAA,IND390022AAA,FTL,evening,6,31.0,61.0,98.5,2.091578947368421,31.5,1.0,True
IND388620AAB,IND388320AAA,Carting,night,8,46.0,78.0,107.5,1.6956521739130435,31.5,1.0,True
IND389001AAA,IND389151AAA,FTL,night,15,50.0,89.0,114.0,1.7,36.0,1.0,True
IND389151AAA,IND457661AAA,FTL,night,8,31.5,87.5,116.5,2.7162298387096775,55.0,1.0,True
IND390020AAA,IND390022AAA,Carting,morning,1,14.0,101.0,112.0,7.214285714285714,87.0,1.0,False
IND390020AAA,IND391110AAD,Carting,night,2,34.0,59.5,82.0,1.7554112554112553,25.5,1.0,False
IND390022AAA,IND382430AAB,FTL,evening,8,70.0,111.0,199.0,1.5857142857142859,41.0,1.0,True
IND390022AAA,IND388320AAA,Carting,evening,8,36.0,49.0,95.0,1.3853383458646618,14.0,1.0,True
IND390022AAA,IND388320AAA,Carting,night,4,37.5,54.0,79.0,1.4446428571428571,16.5,1.0,False
IND390022AAA,IND390020AAA,Carting,morning,1,15.0,102.0,160.0,6.8,87.0,1.0,False
IND390022AAA,IND395023AAA,FTL,evening,14,121.0,227.5,300.0,1.8879820936639118,107.0,1.0,True
IND390022AAA,IND395023AAA,FTL,night,1,121.0,216.0,266.0,1.7851239669421488,95.0,1.0,False
IND391110AAD,IND390022AAA,Carting,night,1,34.0,132.0,362.0,3.8823529411764706,98.0,1.0,False
IND395001AAA,IND395023AAD,Carting,night,9,14.0,146.0,216.0,10.533333333333333,133.0,1.0,True
IND395004AAB,IND395023AAD,Carting,morning,1,17.0,73.0,80.0,4.294117647058823,56.0,1.0,False
IND395004AAB,IND395023AAD,Carting,night,2,16.0,151.0,179.0,9.505882352941176,135.0,1.0,False
IND395006AAA,IND395023AAD,Carting,morning,1,11.0,770.0,817.0,70.0,759.0,1.0,False
IND395006AAA,IND395023AAD,Carting,night,2,15.5,128.5,197.5,8.335416666666667,113.0,1.0,False
IND395009AAA,IND395023AAD,Carting,night,9,16.0,159.0,212.0,9.88888888888889,143.0,1.0,True
IND395010AAB,IND395023AAA,Carting,morning,1,16.0,23.0,86.0,1.4375,7.0,1.0,False
IND395023AAA,IND110037AAM,FTL,afternoon,13,842.0,1541.0,1950.0,1.83115338882283,699.0,1.0,True
IND395023AAA,IND382430AAB,FTL,morning,11,187.0,345.0,504.0,1.8288770053475936,156.0,1.0,True
IND395023AAA,IND382430AAB,FTL,night,4,187.0,339.0,548.5,1.8233848822084116,153.0,1.0,False
IND395023AAA,IND390022AAA,FTL,afternoon,8,122.5,213.5,401.5,1.735854045478583,90.5,1.0,True
IND395023AAA,IND394221AAA,Carting,afternoon,1,11.0,21.0,371.0,1.9090909090909092,10.0,1.0,False
IND395023AAA,IND394221AAA,Carting,morning,1,17.0,104.0,806.0,6.117647058823529,87.0,1.0,False
IND395023AAA,IND396191AAC,FTL,evening,6,76.0,151.0,449.0,1.986842105263158,75.0,1.0,True
IND395023AAA,IND396191AAC,FTL,morning,3,76.0,177.0,301.0,2.36,102.0,1.0,False
IND395023AAA,IND396191AAC,FTL,night,1,77.0,175.0,311.0,2.272727272727273,98.0,1.0,False
IND395023AAA,IND411033AAA,FTL,morning,1,291.0,749.0,937.0,2.5738831615120277,458.0,1.0,False
IND395023AAA,IND411033AAA,FTL,night,5,291.0,830.0,995.0,2.852233676975945,539.0,1.0,True
IND395023AAA,IND421302AAG,FTL,morning,1,201.0,494.0,661.0,2.45771144278607,293.0,1.0,False
IND395023AAA,IND421302AAG,FTL,night,2,196.5,484.0,681.0,2.466424870466321,287.5,1.0,False
IND395023AAA,IND562132AAA,FTL,morning,14,863.5,1679.0,1855.5,1.94386499574679,815.5,1.0,True
IND395023AAD,IND395001AAA,Carting,morning,5,12.0,33.0,71.0,2.5384615384615383,20.0,1.0,True
IND395023AAD,IND395001AAA,Carting,night,2,13.5,52.0,105.5,3.928571428571429,38.5,1.0,False
IND395023AAD,IND395004AAB,Carting,night,10,15.0,38.0,78.0,2.3529411764705883,20.5,1.0,True
IND395023AAD,IND395006AAA,Carting,morning,4,13.5,26.0,54.0,1.9615384615384617,12.5,1.0,False
IND395023AAD,IND395006AAA,Carting,night,10,14.0,24.0,79.5,1.7512820512820513,10.0,1.0,True
IND395023AAD,IND395009AAA,Carting,morning,2,16.0,47.0,96.0,2.9375,31.0,1.0,False
IND395023AAD,IND395009AAA,Carting,night,2,15.0,35.5,92.0,2.3666666666666667,20.5,1.0,False
IND395023AAD,IND396445AAA,Carting,evening,6,17.0,30.0,121.5,1.8198529411764706,13.5,1.0,True
IND396001AAA,IND395023AAD,Carting,night,4,60.5,144.0,1125.5,2.3797814207650276,83.5,1.0,False
IND396105AAA,IND396191AAC,Carting,night,1,14.0,20.0,162.0,1.4285714285714286,6.0,1.0,False
IND396191AAB,IND421302AAG,FTL,morning,1,126.0,240.0,366.0,1.9047619047619047,114.0,1.0,False
IND396191AAB,IND421302AAG,FTL,night,1,125.0,298.0,359.0,2.384,173.0,1.0,False
IND396191AAC,IND395023AAA,FTL,morning,1,76.0,178.0,240.0,2.3421052631578947,102.0,1.0,False
IND396191AAC,IND396105AAA,Carting,night,1,23.0,22.0,81.0,0.9565217391304348,0.0,0.0,False
IND396191AAC,IND396232AAA,Carting,night,11,14.0,36.0,72.0,2.5,22.0,1.0,True
IND396191AAC,IND421302AAG,FTL,morning,3,127.0,293.0,357.0,2.3253968253968256,167.0,1.0,False
IND396191AAC,IND421302AAG,FTL,night,5,125.0,338.0,425.0,2.704,213.0,1.0,True
IND396232AAA,IND396191AAC,Carting,afternoon,8,14.0,50.0,69.0,3.571428571428571,36.0,1.0,True
IND396232AAA,IND396191AAC,Carting,morning,2,14.0,57.0,78.0,4.071428571428571,43.0,1.0,False
IND396321AAA,IND396001AAA,Carting,night,6,26.5,41.0,84.5,1.521978021978022,14.0,1.0,True
IND396321AAA,IND396580AAB,Carting,night,11,32.0,56.0,75.0,1.8125,26.0,1.0,True
IND396445AAA,IND396321AAA,Carting,night,6,25.0,52.5,108.0,2.1208333333333336,28.0,1.0,True
IND396580AAB,IND396321AAA,Carting,night,4,31.5,61.0,311.5,1.9090909090909092,29.0,1.0,False
IND400011AAA,IND400072AAB,Carting,afternoon,4,14.5,40.5,91.5,2.6830357142857144,25.5,1.0,False
IND400011AAA,IND400072AAB,Carting,evening,7,15.0,34.0,67.0,2.2666666666666666,19.0,1.0,True
IND400011AAA,IND400072AAD,Carting,afternoon,23,17.0,59.0,98.0,3.3333333333333335,41.0,1.0,True
IND400011AAA,IND400072AAD,Carting,evening,11,19.0,44.0,92.0,2.3157894736842106,25.0,1.0,True
IND400015AAA,IND400072AAB,Carting,evening,13,17.0,40.0,115.0,2.388888888888889,24.0,1.0,True
IND400015AAA,IND400072AAB,Carting,morning,5,17.0,66.0,145.0,3.5294117647058822,49.0,1.0,True
IND400015AAA,IND400072AAB,Carting,night,6,17.0,106.5,278.0,6.264705882352941,89.5,1.0,True
IND400015AAA,IND421302AAG,Carting,morning,1,29.0,109.0,169.0,3.7586206896551726,80.0,1.0,False
IND400015AAB,IND400072AAB,Carting,morning,2,17.0,92.0,183.0,5.411764705882353,75.0,1.0,False
IND400015AAB,IND400072AAB,Carting,night,3,18.0,75.0,97.0,3.590909090909091,57.0,1.0,False
IND400015AAB,IND421302AAG,Carting,afternoon,1,32.0,112.0,176.0,3.5,80.0,1.0,False
IND400015AAB,IND421302AAG,Carting,evening,5,32.0,140.0,180.0,4.5588235294117645,111.0,1.0,True
IND400015AAB,IND421302AAG,Carting,morning,5,32.0,92.0,217.0,3.1724137931034484,63.0,1.0,True
IND400015AAB,IND421302AAG,Carting,night,3,31.0,74.0,238.0,2.466666666666667,44.0,1.0,False
IND400016AAA,IND400015AAA,Carting,night,1,10.0,18.0,82.0,1.8,8.0,1.0,False
IND400016AAB,IND400072AAB,Carting,afternoon,1,12.0,60.0,81.0,5.0,48.0,1.0,False
IND400016AAB,IND400072AAD,Carting,afternoon,10,13.0,42.5,110.5,3.145604395604396,29.0,1.0,True
IND400037AAA,IND400072AAJ,Carting,morning,1,14.0,68.0,109.0,4.857142857142857,54.0,1.0,False
IND400037AAA,IND400072AAJ,Carting,night,6,12.5,42.0,100.0,3.0144927536231885,30.0,1.0,True
IND400064AAB,IND400072AAB,Carting,afternoon,3,13.0,35.0,80.0,3.076923076923077,23.0,1.0,False
IND400064AAB,IND400072AAD,Carting,afternoon,12,14.0,47.5,89.5,3.280952380952381,33.0,1.0,True
IND400072AAA,IND421302AAG,Carting,night,1,21.0,84.0,302.0,4.0,63.0,1.0,False
IND400072AAB,IND000000AFT,Carting,afternoon,12,20.0,50.0,110.0,2.6055555555555556,30.5,1.0,True
IND400072AAB,IND000000AFT,Carting,evening,12,20.0,42.5,86.5,2.180263157894737,23.0,1.0,True
IND400072AAB,IND000000AFT,Carting,morning,1,19.0,62.0,129.0,3.263157894736842,43.0,1.0,False
IND400072AAB,IND000000AFT,Carting,night,18,20.0,53.0,107.5,2.7333333333333334,34.0,1.0,True
IND400072AAB,IND400011AAA,Carting,night,1,17.0,46.0,101.0,2.7058823529411766,29.0,1.0,False
IND400072AAB,IND400015AAA,Carting,afternoon,12,17.0,56.5,120.5,3.3235294117647056,39.5,1.0,True
IND400072AAB,IND400015AAA,Carting,evening,17,17.0,49.0,113.0,2.7857142857142856,33.0,1.0,True
IND400072AAB,IND400015AAA,Carting,night,9,17.0,74.0,130.0,4.625,58.0,1.0,True
IND400072AAB,IND400701AAB,Carting,night,3,19.0,46.0,96.0,2.4210526315789473,27.0,1.0,False
IND400072AAB,IND401104AAA,Carting,afternoon,10,17.0,50.0,122.0,3.125,34.0,1.0,True
IND400072AAB,IND401104AAA,Carting,evening,14,15.0,38.0,91.0,2.3345588235294117,22.0,1.0,True
IND400072AAB,IND401104AAA,Carting,night,21,15.0,46.0,84.0,3.0,30.0,1.0,True
IND400072AAB,IND411033AAA,FTL,evening,8,100.0,198.5,271.0,1.98,98.0,1.0,True
IND400072AAB,IND421302AAG,Carting,afternoon,11,23.0,165.0,286.0,6.6,140.0,1.0,True
IND400072AAB,IND421302AAG,Carting,evening,11,23.0,51.0,108.0,2.2,25.0,1.0,True
IND400072AAB,IND421302AAG,Carting,morning,12,23.0,76.0,240.0,3.2172619047619047,51.5,1.0,True
IND400072AAB,IND421302AAG,Carting,night,5,23.0,102.0,220.0,4.08,77.0,1.0,True
IND400072AAB,IND421302AAR,Carting,evening,9,25.0,57.0,109.0,2.1923076923076925,31.0,1.0,True
IND400072AAB,IND421302AAR,Carting,night,2,23.0,91.0,202.5,3.9015151515151514,68.0,1.0,False
IND400072AAB,IND421302AAS,Carting,evening,1,24.0,35.0,116.0,1.4583333333333333,11.0,1.0,False
IND400072AAC,IND400011AAA,Carting,night,12,17.0,54.5,129.0,3.2132352941176467,37.0,1.0,True
IND400072AAD,IND421302AAG,Carting,afternoon,13,20.0,52.0,196.0,2.6315789473684212,32.0,1.0,True
IND400072AAD,IND421302AAG,Carting,evening,28,21.0,56.5,176.0,2.6225296442687744,35.5,1.0,True
IND400072AAD,IND421302AAG,Carting,morning,14,21.0,60.0,203.0,2.792207792207792,38.5,1.0,True
IND400072AAD,IND421302AAG,Carting,night,8,21.0,56.0,137.0,2.666666666666667,35.0,1.0,True
IND400072AAI,IND000000AFS,Carting,morning,1,12.0,113.0,1393.0,9.416666666666666,101.0,1.0,False
IND400072AAJ,IND400037AAA,Carting,morning,1,12.0,118.0,197.0,9.833333333333334,106.0,1.0,False
IND400072AAJ,IND400037AAA,Carting,night,1,12.0,98.0,177.0,8.166666666666666,86.0,1.0,False
IND400102AAB,IND421302AAG,Carting,evening,5,31.0,59.0,156.0,1.9666666666666666,29.0,1.0,True
IND400102AAB,IND421302AAG,Carting,morning,6,29.5,86.0,210.0,2.9642857142857144,57.0,1.0,True
IND400102AAC,IND400052AAA,Carting,evening,3,13.0,59.0,114.0,5.111111111111111,45.0,1.0,False
IND400102AAC,IND400052AAA,Carting,night,3,10.0,38.0,76.0,3.4285714285714284,28.0,1.0,False
IND400102AAC,IND421302AAG,Carting,evening,7,30.0,79.0,124.0,2.7419354838709675,51.0,1.0,True
IND400102AAC,IND421302AAG,Carting,morning,9,27.0,99.0,194.0,3.6666666666666665,72.0,1.0,True
IND400102AAC,IND421302AAG,Carting,night,3,32.0,157.0,170.0,4.90625,125.0,1.0,False
IND400612AAA,IND421302AAR,Carting,night,6,12.0,24.5,164.0,2.0416666666666665,12.5,1.0,True
IND400701AAA,IND410206AAA,Carting,morning,2,20.0,56.5,88.5,2.825,36.5,1.0,False
IND400701AAA,IND410206AAA,Carting,night,7,20.0,42.0,64.0,2.1,22.0,1.0,True
IND400701AAB,IND421302AAG,Carting,afternoon,1,20.0,117.0,187.0,5.85,97.0,1.0,False
IND400701AAB,IND421302AAG,Carting,evening,4,19.0,46.0,166.5,2.1886363636363635,25.0,1.0,False
IND400701AAB,IND421302AAG,Carting,morning,7,20.0,49.0,235.0,2.45,29.0,1.0,True
IND400701AAB,IND421302AAG,Carting,night,1,20.0,55.0,256.0,2.75,35.0,1.0,False
IND400705AAA,IND421302AAH,Carting,afternoon,10,26.0,93.0,206.0,3.5150862068965516,67.0,1.0,True
IND400706AAA,IND000000AFT,Carting,morning,1,11.0,56.0,86.0,5.090909090909091,45.0,1.0,False
IND401104AAA,IND400072AAB,Carting,evening,11,15.0,38.0,98.0,2.375,22.0,1.0,True
IND401104AAA,IND400072AAB,Carting,morning,2,16.0,93.5,215.0,5.84375,77.5,1.0,False
IND401104AAA,IND400072AAB,Carting,night,11,16.0,97.0,191.0,6.0625,81.0,1.0,True
IND401104AAA,IND401208AAA,Carting,evening,10,18.0,50.0,111.0,2.8596491228070176,32.5,1.0,True
IND401104AAA,IND401208AAA,Carting,morning,12,18.0,41.0,100.0,2.2777777777777777,23.0,1.0,True
IND401104AAA,IND401208AAA,Carting,night,1,18.0,65.0,76.0,3.611111111111111,47.0,1.0,False
IND401104AAA,IND401209AAA,Carting,night,1,21.0,58.0,135.0,2.761904761904762,37.0,1.0,False
IND401104AAA,IND421302AAG,Carting,afternoon,1,21.0,41.0,146.0,1.9523809523809523,20.0,1.0,False
IND401104AAA,IND421302AAG,Carting,evening,5,25.0,46.0,117.0,1.9166666666666667,22.0,1.0,True
IND401104AAA,IND421302AAG,Carting,morning,2,26.0,80.5,157.5,3.096153846153846,54.5,1.0,False
IND401104AAA,IND421302AAG,Carting,night,3,22.0,134.0,222.0,6.090909090909091,112.0,1.0,False
IND401104AAB,IND400072AAB,Carting,evening,4,15.0,33.5,79.0,2.2333333333333334,18.5,1.0,False
IND401104AAB,IND421302AAG,Carting,afternoon,9,25.0,92.0,291.0,4.181818181818182,70.0,1.0,True
IND401104AAB,IND421302AAG,Carting,evening,6,23.5,50.0,125.5,2.1752380952380954,27.0,1.0,True
IND401104AAB,IND421302AAG,Carting,morning,1,24.0,49.0,107.0,2.0416666666666665,25.0,1.0,False
IND401209AAA,IND401104AAA,Carting,morning,4,21.0,56.0,84.5,2.7679425837320575,35.5,1.0,False
IND401209AAA,IND401104AAA,Carting,night,11,21.0,144.0,170.0,6.761904761904762,121.0,1.0,True
IND401209AAB,IND401104AAA,Carting,morning,8,19.5,171.0,182.0,8.142857142857142,150.0,1.0,True
IND401209AAB,IND421302AAG,Carting,afternoon,1,35.0,86.0,194.0,2.4571428571428573,51.0,1.0,False
IND401209AAB,IND421302AAH,Carting,afternoon,11,34.0,87.0,147.0,2.7058823529411766,52.0,1.0,True
IND401209AAB,IND421302AAH,Carting,evening,3,34.0,122.0,191.0,3.4857142857142858,87.0,1.0,False
IND401501AAA,IND401602AAA,Carting,night,10,25.0,54.0,111.5,2.12,28.5,1.0,True
IND401602AAA,IND401501AAA,Carting,morning,6,26.0,185.0,242.0,6.9900284900284895,158.5,1.0,True
IND401602AAA,IND401501AAA,Carting,night,4,29.0,199.0,259.0,7.1021220159151195,170.0,1.0,False
IND402107AAA,IND402109AAA,Carting,morning,1,32.0,78.0,89.0,2.4375,46.0,1.0,False
IND402107AAA,IND402109AAA,Carting,night,10,30.0,69.5,87.5,2.279569892473118,39.0,1.0,True
IND402109AAA,IND402301AAA,Carting,morning,8,47.0,86.0,96.0,1.8297872340425532,39.0,1.0,True
IND402109AAA,IND402301AAA,Carting,night,5,48.0,121.0,127.0,2.5208333333333335,73.0,1.0,True
IND402301AAA,IND402107AAA,Carting,morning,8,67.5,153.5,169.5,2.273046532045654,86.0,1.0,True
IND403401AAA,IND403726AAB,Carting,night,2,35.5,294.5,416.0,8.228653530377668,259.0,1.0,False
IND403507AAA,IND403726AAB,Carting,night,3,31.0,50.0,471.0,1.6129032258064515,19.0,1.0,False
IND403507AAB,IND403726AAB,Carting,morning,1,44.0,203.0,382.0,4.613636363636363,159.0,1.0,False
IND403601AAA,IND403726AAB,Carting,night,3,14.0,21.0,520.0,1.9,9.0,1.0,False
IND403702AAA,IND575004AAB,FTL,morning,2,264.5,478.5,552.5,1.8089622641509435,214.0,1.0,False
IND403702AAA,IND575004AAB,FTL,night,6,264.0,557.0,630.5,2.11787072243346,294.0,1.0,True
IND403726AAA,IND403702AAA,FTL,night,8,48.0,86.0,154.5,1.7723404255319148,37.5,1.0,True
IND403726AAA,IND411033AAA,FTL,afternoon,1,387.0,1173.0,1228.0,3.0310077519379846,786.0,1.0,False
IND403726AAA,IND411033AAA,FTL,evening,12,390.0,756.0,879.5,1.9385467899534397,366.5,1.0,True
IND403726AAA,IND411033AAA,FTL,night,1,393.0,896.0,969.0,2.2798982188295165,503.0,1.0,False
IND403726AAA,IND416510AAA,FTL,evening,1,84.0,168.0,293.0,2.0,84.0,1.0,False
IND403726AAA,IND416510AAA,FTL,night,3,83.0,220.0,264.0,2.6506024096385543,137.0,1.0,False
IND403726AAA,IND575004AAB,FTL,night,2,313.0,612.0,784.5,1.9553017311775274,299.0,1.0,False
IND403726AAA,IND581303AAA,FTL,evening,12,81.5,132.0,371.5,1.6440831074977416,52.5,1.0,True
IND403726AAA,IND581303AAA,FTL,night,1,82.0,144.0,169.0,1.7560975609756098,62.0,1.0,False
IND403726AAA,IND581400AAB,FTL,evening,1,109.0,208.0,412.0,1.908256880733945,99.0,1.0,False
IND403726AAB,IND403002AAA,Carting,evening,2,23.5,39.5,193.0,1.6893115942028984,16.0,1.0,False
IND403726AAB,IND403002AAA,Carting,night,1,24.0,31.0,126.0,1.2916666666666667,7.0,1.0,False
IND403726AAB,IND403401AAA,Carting,evening,4,24.0,50.0,237.5,2.128623188405797,26.5,1.0,False
IND403726AAB,IND403401AAA,Carting,night,1,27.0,53.0,90.0,1.962962962962963,26.0,1.0,False
IND403726AAB,IND403507AAA,Carting,evening,4,29.5,42.0,140.5,1.3763440860215055,11.5,0.75,False
IND403726AAB,IND403507AAA,Carting,night,1,29.0,37.0,71.0,1.2758620689655173,8.0,1.0,False
IND403726AAB,IND403507AAB,Carting,evening,1,43.0,40.0,460.0,0.9302325581395349,0.0,0.0,False
IND403726AAB,IND403601AAA,Carting,evening,5,15.0,22.0,196.0,1.4285714285714286,6.0,1.0,True
IND410206AAA,IND000000AFT,Carting,night,6,15.0,35.5,88.5,2.4452380952380954,21.0,1.0,True
IND410206AAB,IND000000AFT,Carting,morning,6,17.0,67.0,124.0,3.9411764705882355,50.0,1.0,True
IND410206AAB,IND000000AFT,Carting,night,14,17.0,39.0,109.0,2.2565789473684212,22.0,1.0,True
IND410401AAA,IND421302AAG,FTL,night,9,67.0,166.0,205.0,2.4776119402985075,99.0,1.0,True
IND410501AAF,IND411033AAA,Carting,morning,2,15.5,78.0,137.5,5.070833333333333,62.5,1.0,False
IND410505AAB,IND410501AAF,Carting,morning,3,10.0,49.0,57.0,4.454545454545454,38.0,1.0,False
IND411014AAA,IND411033AAA,Carting,evening,1,31.0,80.0,138.0,2.5806451612903225,49.0,1.0,False
IND411014AAA,IND411033AAA,Carting,morning,8,29.5,66.5,107.5,2.150992685475444,35.5,1.0,True
IND411014AAA,IND411033AAA,Carting,night,1,35.0,1067.0,1258.0,30.485714285714284,1032.0,1.0,False
IND411014AAA,IND411043AAA,Carting,morning,1,15.0,39.0,62.0,2.6,24.0,1.0,False
IND411014AAA,IND411043AAA,Carting,night,2,16.5,184.0,283.5,10.583333333333332,167.5,1.0,False
IND411014AAA,IND411048AAA,Carting,morning,1,15.0,47.0,98.0,3.1333333333333333,32.0,1.0,False
IND411014AAA,IND411048AAA,Carting,night,1,15.0,50.0,109.0,3.3333333333333335,35.0,1.0,False
IND411017AAA,IND412105AAC,Carting,morning,1,17.0,44.0,48.0,2.588235294117647,27.0,1.0,False
IND411021AAA,IND411033AAA,Carting,evening,8,15.0,21.5,159.5,1.5909090909090908,8.5,0.5,True
IND411021AAA,IND411033AAA,Carting,morning,9,12.0,16.0,48.0,1.3333333333333333,4.0,0.7777777777777778,True
IND411021AAA,IND411033AAA,Carting,night,4,15.0,53.5,69.0,3.5666666666666664,38.5,1.0,False
IND411033AAA,IND000000AAL,Carting,afternoon,4,29.0,119.5,197.0,4.1154761904761905,90.0,1.0,False
IND411033AAA,IND000000AAL,Carting,night,10,25.0,68.0,119.5,2.5092592592592595,40.5,1.0,True
IND411033AAA,IND000000ACB,FTL,morning,2,1015.5,1722.5,1798.0,1.6962026298436834,707.0,1.0,False
IND411033AAA,IND000000ACB,FTL,night,11,1014.0,1757.0,1933.0,1.7310344827586206,742.0,1.0,True
IND411033AAA,IND400072AAB,FTL,evening,5,103.0,196.0,261.0,1.9029126213592233,93.0,1.0,True
IND411033AAA,IND403726AAA,FTL,evening,11,389.0,801.0,1119.0,2.0591259640102826,412.0,1.0,True
IND411033AAA,IND403726AAA,FTL,morning,4,389.5,797.0,924.5,2.0488435104414484,408.0,1.0,False
IND411033AAA,IND403726AAA,FTL,night,5,389.0,779.0,965.0,1.9974358974358974,389.0,1.0,True
IND411033AAA,IND410505AAB,Carting,morning,4,29.0,45.5,96.0,1.5689655172413794,16.5,1.0,False
IND411033AAA,IND411014AAA,Carting,evening,11,28.0,60.0,208.0,2.6785714285714284,41.0,1.0,True
IND411033AAA,IND411014AAA,Carting,morning,6,28.0,89.5,121.0,3.137315270935961,61.0,1.0,True
IND411033AAA,IND411014AAA,Carting,night,14,29.0,76.0,141.0,2.5764367816091953,46.5,1.0,True
IND411033AAA,IND411021AAA,Carting,evening,7,13.0,60.0,166.0,5.0,48.0,0.7142857142857143,True
IND411033AAA,IND411021AAA,Carting,morning,5,13.0,18.0,49.0,1.3846153846153846,5.0,0.8,True
IND411033AAA,IND411021AAA,Carting,night,11,12.0,25.0,80.0,1.9230769230769231,12.0,0.7272727272727273,True
IND411033AAA,IND411036AAA,Carting,evening,13,29.0,42.0,189.0,1.5,14.0,1.0,True
IND411033AAA,IND411036AAA,Carting,morning,3,28.0,58.0,190.0,2.0714285714285716,30.0,1.0,False
IND411033AAA,IND411036AAA,Carting,night,8,28.5,73.0,287.0,2.6053639846743293,45.0,1.0,True
IND411033AAA,IND413002AAA,FTL,afternoon,14,212.0,378.0,521.5,1.7872328534382544,166.5,1.0,True
IND411033AAA,IND413002AAA,FTL,evening,1,212.0,343.0,708.0,1.6179245283018868,131.0,1.0,False
IND411033AAA,IND413002AAA,FTL,night,2,212.0,420.0,572.5,1.9811320754716981,208.0,1.0,False
IND411033AAA,IND413501AAA,FTL,afternoon,1,212.0,582.0,664.0,2.7452830188679247,370.0,1.0,False
IND411033AAA,IND414001AAA,FTL,evening,3,107.0,190.0,332.0,1.7757009345794392,83.0,1.0,False
IND411033AAA,IND416012AAA,FTL,morning,8,220.5,355.0,587.0,1.610006170300288,134.5,1.0,True
IND411033AAA,IND416012AAA,FTL,night,5,220.0,364.0,678.0,1.6545454545454545,144.0,1.0,True
IND411033AAA,IND421302AAG,FTL,afternoon,28,100.5,201.0,294.0,2.0048543689320386,99.5,1.0,True
IND411033AAA,IND421302AAG,FTL,evening,14,101.5,192.0,300.0,1.8748499399759904,89.5,1.0,True
IND411033AAA,IND421302AAG,FTL,morning,17,102.0,217.0,275.0,2.1067961165048543,114.0,1.0,True
IND411033AAA,IND421302AAG,FTL,night,33,100.0,213.0,307.0,2.1789473684210527,113.0,1.0,True
IND411033AAA,IND431136AAC,FTL,morning,7,172.0,371.0,510.0,2.1695906432748537,200.0,1.0,True
IND411033AAA,IND431136AAC,FTL,night,5,171.0,381.0,712.0,2.2151162790697674,209.0,1.0,True
IND411033AAA,IND431603AAA,FTL,morning,10,322.0,728.0,882.0,2.2608695652173916,406.0,1.0,True
IND411033AAA,IND431603AAA,FTL,night,5,321.0,757.0,1074.0,2.343653250773994,434.0,1.0,True
IND411033AAA,IND501359AAE,FTL,evening,3,480.0,799.0,1135.0,1.6645833333333333,319.0,1.0,False
IND411033AAA,IND501359AAE,FTL,night,8,480.0,790.5,1020.0,1.646875,310.5,1.0,True
IND411033AAA,IND521225AAB,FTL,morning,1,684.0,1319.0,1403.0,1.9283625730994152,635.0,1.0,False
IND411033AAA,IND521225AAB,FTL,night,9,684.0,1331.0,1459.0,1.945906432748538,647.0,1.0,True
IND411033AAA,IND562132AAA,FTL,evening,7,615.0,1086.0,1476.0,1.7577235772357724,466.0,1.0,True
IND411033AAA,IND562132AAA,FTL,night,3,615.0,1365.0,1461.0,2.2195121951219514,750.0,1.0,False
IND411033AAA,IND580028AAA,FTL,evening,1,354.0,608.0,868.0,1.7175141242937852,254.0,1.0,False
IND411036AAA,IND411033AAA,Carting,evening,9,31.0,54.0,235.0,1.7741935483870968,23.0,1.0,True
IND411036AAA,IND411033AAA,Carting,morning,5,28.0,96.0,182.0,3.4285714285714284,68.0,1.0,True
IND411036AAA,IND411033AAA,Carting,night,7,29.0,63.0,157.0,2.032258064516129,32.0,1.0,True
IND411043AAA,IND411014AAA,Carting,morning,1,16.0,68.0,99.0,4.25,52.0,1.0,False
IND411043AAA,IND411014AAA,Carting,night,1,15.0,72.0,95.0,4.8,57.0,1.0,False
IND411048AAA,IND411014AAA,Carting,night,1,16.0,80.0,144.0,5.0,64.0,1.0,False
IND412105AAC,IND411017AAA,Carting,morning,9,15.0,33.0,51.0,2.1,17.0,1.0,True
IND412105AAC,IND411017AAA,Carting,night,14,16.0,37.5,73.5,2.5,22.5,1.0,True
IND412210AAC,IND411033AAA,FTL,night,2,63.0,156.0,181.5,2.4761904761904763,93.0,1.0,False
IND412803AAB,IND421802AAA,FTL,night,2,30.5,34.0,41.0,1.1150537634408602,3.5,0.0,False
IND413002AAA,IND413304AAA,Carting,night,4,53.0,104.0,144.0,1.9811320754716981,51.5,1.0,False
IND413002AAA,IND413501AAA,FTL,evening,14,48.0,74.0,113.5,1.5638297872340425,26.5,1.0,True
IND413002AAA,IND421302AAG,FTL,night,9,297.0,728.0,793.0,2.442953020134228,430.0,1.0,True
IND413002AAA,IND501359AAE,FTL,afternoon,2,268.5,433.0,839.5,1.6128696665372024,164.5,1.0,False
IND413002AAA,IND501359AAE,FTL,morning,9,269.0,540.0,610.0,2.007434944237918,271.0,1.0,True
IND413304AAA,IND413002AAA,Carting,morning,3,52.0,104.0,125.0,2.0754716981132075,54.0,1.0,False
IND413304AAA,IND415301AAB,Carting,night,2,53.0,71.5,75.0,1.349056603773585,18.5,1.0,False
IND413307AAB,IND413304AAA,Carting,night,1,23.0,52.0,71.0,2.260869565217391,29.0,1.0,False
IND413307AAC,IND413002AAA,Carting,night,1,65.0,181.0,192.0,2.7846153846153845,116.0,1.0,False
IND413401AAA,IND411033AAA,FTL,night,12,175.0,357.5,413.5,2.04,182.0,1.0,True
IND413501AAA,IND411033AAA,FTL,night,1,211.0,468.0,501.0,2.2180094786729856,257.0,1.0,False
IND413501AAA,IND413401AAA,FTL,night,14,35.0,48.5,88.5,1.3857142857142857,13.5,1.0,True
IND413517AAA,IND431603AAA,Carting,morning,1,85.0,266.0,904.0,3.1294117647058823,181.0,1.0,False
IND413517AAA,IND431717AAA,Carting,morning,2,41.5,120.5,155.0,2.8998257839721253,79.0,1.0,False
IND413531AAA,IND413517AAA,Carting,morning,3,46.0,117.0,131.0,2.5434782608695654,71.0,1.0,False
IND413531AAA,IND413517AAA,Carting,night,1,44.0,115.0,122.0,2.6136363636363638,71.0,1.0,False
IND413709AAA,IND423109AAA,Carting,night,10,27.0,54.5,79.0,1.982804232804233,27.0,1.0,True
IND413709AAA,IND423701AAB,Carting,morning,2,37.5,89.5,113.0,2.393162393162393,52.0,1.0,False
IND414001AAA,IND411033AAA,FTL,night,1,104.0,258.0,303.0,2.480769230769231,154.0,1.0,False
IND414001AAA,IND414203AAB,FTL,night,1,43.0,78.0,128.0,1.813953488372093,35.0,1.0,False
IND414001AAA,IND414302AAB,FTL,night,1,34.0,53.0,132.0,1.5588235294117647,19.0,1.0,False
IND414203AAB,IND414302AAB,FTL,night,1,74.0,132.0,154.0,1.7837837837837838,58.0,1.0,False
IND414302AAB,IND411033AAA,FTL,morning,2,83.5,200.0,333.5,2.3962994836488813,116.5,1.0,False
IND414302AAB,IND412210AAC,FTL,night,1,19.0,33.0,40.0,1.736842105263158,14.0,1.0,False
IND414502AAA,IND431107AAB,FTL,night,7,25.0,41.0,58.0,1.5769230769230769,15.0,1.0,True
IND415003AAA,IND411033AAA,FTL,evening,1,118.0,157.0,332.0,1.3305084745762712,39.0,1.0,False
IND415003AAA,IND411033AAA,FTL,night,1,117.0,160.0,203.0,1.3675213675213675,43.0,1.0,False
IND415003AAA,IND412803AAB,FTL,evening,1,42.0,47.0,117.0,1.119047619047619,5.0,0.0,False
IND415003AAA,IND412803AAB,FTL,night,6,43.0,55.0,87.0,1.2823920265780733,12.0,0.8333333333333334,True
IND415124AAA,IND415605AAA,FTL,evening,3,169.0,181.0,184.0,1.0710059171597632,12.0,0.0,False
IND415124AAA,IND415605AAA,FTL,night,8,167.0,187.0,206.0,1.1197604790419162,20.0,0.25,False
IND415301AAB,IND413307AAB,Carting,night,2,37.0,65.0,86.5,1.7663003663003662,28.0,1.0,False
IND415408AAC,IND416012AAA,FTL,morning,7,48.0,291.0,511.0,6.0,243.0,1.0,True
IND415409AAB,IND415124AAA,FTL,evening,8,23.0,40.0,47.0,1.7028985507246377,16.5,1.0,True
IND415409AAB,IND415124AAA,FTL,night,1,23.0,52.0,57.0,2.260869565217391,29.0,1.0,False
IND415605AAA,IND415709AAA,FTL,night,11,24.0,60.0,78.0,2.4,35.0,1.0,True
IND415612AAA,IND415408AAC,FTL,night,5,90.0,225.0,257.0,2.5568181818181817,137.0,1.0,True
IND415709AAA,IND416012AAA,FTL,morning,1,165.0,379.0,480.0,2.296969696969697,214.0,1.0,False
IND415709AAA,IND416012AAA,FTL,night,3,163.0,416.0,725.0,2.4761904761904763,248.0,1.0,False
IND416012AAA,IND395023AAA,FTL,afternoon,13,492.0,863.0,915.0,1.7540650406504066,371.0,1.0,True
IND416012AAA,IND415003AAA,FTL,afternoon,5,96.0,183.0,419.0,1.90625,87.0,1.0,True
IND416012AAA,IND415003AAA,FTL,evening,3,96.0,184.0,349.0,1.9166666666666667,88.0,1.0,False
IND416012AAA,IND415409AAB,FTL,evening,2,32.5,53.0,142.5,1.6316287878787878,20.5,1.0,False
IND416012AAA,IND415612AAA,FTL,evening,6,97.0,277.5,468.0,2.8608247422680413,180.5,1.0,True
IND416012AAA,IND415612AAA,FTL,night,1,91.0,246.0,279.0,2.7032967032967035,155.0,1.0,False
IND416012AAA,IND591237AAB,FTL,afternoon,1,32.0,72.0,340.0,2.25,40.0,1.0,False
IND416012AAA,IND591237AAB,FTL,evening,7,31.0,80.0,150.0,2.3529411764705883,46.0,1.0,True
IND416404AAA,IND416012AAA,FTL,morning,4,100.5,365.0,605.5,3.6013461538461535,263.0,1.0,False
IND416404AAA,IND416012AAA,FTL,night,1,100.0,522.0,583.0,5.22,422.0,1.0,False
IND416510AAA,IND416602AAC,FTL,morning,2,40.0,101.5,125.5,2.5375,61.5,1.0,False
IND416510AAA,IND416602AAC,FTL,night,4,39.5,117.5,144.5,2.9775641025641026,78.0,1.0,False
IND416510AAA,IND416606AAA,Carting,morning,2,47.0,94.0,106.0,2.0,47.0,1.0,False
IND416510AAA,IND416606AAA,Carting,night,6,46.0,96.0,117.5,2.064754856614246,49.5,1.0,True
IND416602AAC,IND411033AAA,FTL,morning,7,292.0,655.0,705.0,2.243150684931507,363.0,1.0,True
IND416606AAA,IND416510AAA,Carting,morning,4,45.0,1207.0,1281.5,26.880917874396133,1162.5,1.0,False
IND421301AAA,IND421302AAR,Carting,night,7,10.0,38.0,147.0,3.8,28.0,1.0,True
IND421302AAF,IND421302AAR,Carting,night,5,9.0,27.0,140.0,3.0,18.0,1.0,True
IND421302AAG,IND000000ACB,FTL,morning,11,968.0,1981.0,2230.0,2.0464876033057853,1013.0,1.0,True
IND421302AAG,IND000000ACB,FTL,night,12,968.0,1913.5,2111.5,1.9767561983471074,945.5,1.0,True
IND421302AAG,IND000000AFT,Carting,afternoon,9,20.0,138.0,308.0,7.2631578947368425,119.0,1.0,True
IND421302AAG,IND000000AFT,Carting,evening,11,20.0,47.0,182.0,2.25,25.0,1.0,True
IND421302AAG,IND000000AFT,Carting,morning,2,19.0,55.5,308.0,2.9,36.5,1.0,False
IND421302AAG,IND000000AFT,Carting,night,11,20.0,47.0,215.0,2.5,29.0,1.0,True
IND421302AAG,IND110037AAM,FTL,night,14,1008.0,2119.5,2299.0,2.1051548968912357,1113.0,1.0,True
IND421302AAG,IND131028AAB,FTL,evening,9,1038.0,2016.0,2260.0,1.9421965317919074,978.0,1.0,True
IND421302AAG,IND131028AAB,FTL,night,3,1038.0,1972.0,2110.0,1.8979788257940327,933.0,1.0,False
IND421302AAG,IND382430AAB,FTL,afternoon,3,358.0,723.0,855.0,2.013927576601671,364.0,1.0,False
IND421302AAG,IND382430AAB,FTL,evening,8,358.0,744.0,920.5,2.081132045945354,386.5,1.0,True
IND421302AAG,IND382430AAB,FTL,morning,3,359.0,728.0,972.0,2.0507042253521126,373.0,1.0,False
IND421302AAG,IND395023AAA,FTL,afternoon,6,189.0,428.5,575.0,2.2552631578947366,238.5,1.0,True
IND421302AAG,IND400015AAA,Carting,afternoon,8,30.0,123.0,209.5,3.9780564263322886,92.0,1.0,True
IND421302AAG,IND400015AAA,Carting,evening,7,32.0,69.0,139.0,2.225806451612903,38.0,1.0,True
IND421302AAG,IND400015AAA,Carting,morning,4,31.0,76.5,192.0,2.463541666666667,45.5,1.0,False
IND421302AAG,IND400015AAA,Carting,night,10,32.0,83.5,201.0,2.693312434691745,52.5,1.0,True
IND421302AAG,IND400015AAB,Carting,afternoon,2,32.0,69.5,346.5,2.171875,37.5,1.0,False
IND421302AAG,IND400015AAB,Carting,evening,7,31.0,66.0,319.0,2.121212121212121,35.0,1.0,True
IND421302AAG,IND400015AAB,Carting,morning,2,33.0,78.5,268.5,2.3952205882352944,45.5,1.0,False
IND421302AAG,IND400015AAB,Carting,night,5,31.0,83.0,293.0,2.8620689655172415,54.0,1.0,True
IND421302AAG,IND400072AAA,Carting,afternoon,4,22.0,53.0,226.5,2.353754940711463,30.5,1.0,False
IND421302AAG,IND400072AAA,Carting,evening,6,22.5,42.0,346.5,1.9523809523809523,20.5,1.0,True
IND421302AAG,IND400072AAA,Carting,night,5,22.0,78.0,174.0,3.391304347826087,55.0,1.0,True
IND421302AAG,IND400072AAB,Carting,afternoon,9,22.0,48.0,123.0,2.0,24.0,1.0,True
IND421302AAG,IND400072AAB,Carting,evening,23,23.0,42.0,142.0,1.9,19.0,1.0,True
IND421302AAG,IND400072AAB,Carting,morning,17,22.0,58.0,190.0,2.7,36.0,1.0,True
IND421302AAG,IND400072AAB,Carting,night,17,22.0,62.0,184.0,2.8181818181818183,40.0,1.0,True
IND421302AAG,IND400072AAJ,Carting,afternoon,8,23.0,62.5,193.0,2.9130434782608696,41.0,1.0,True
IND421302AAG,IND400072AAJ,Carting,evening,7,23.0,43.0,145.0,1.8181818181818181,18.0,1.0,True
IND421302AAG,IND400072AAJ,Carting,morning,1,16.0,64.0,134.0,4.0,48.0,1.0,False
IND421302AAG,IND400072AAJ,Carting,night,5,22.0,57.0,202.0,2.590909090909091,35.0,1.0,True
IND421302AAG,IND400102AAB,Carting,afternoon,1,28.0,125.0,196.0,4.464285714285714,97.0,1.0,False
IND421302AAG,IND400102AAB,Carting,evening,10,28.0,55.0,335.0,1.9642401021711366,27.0,1.0,True
IND421302AAG,IND400102AAB,Carting,morning,3,29.0,75.0,166.0,2.586206896551724,46.0,1.0,False
IND421302AAG,IND400102AAB,Carting,night,8,27.5,75.0,288.0,3.0652173913043477,50.5,1.0,True
IND421302AAG,IND400102AAC,Carting,afternoon,12,27.0,83.5,204.5,2.859523809523809,54.5,1.0,True
IND421302AAG,IND400102AAC,Carting,evening,11,28.0,59.0,117.0,2.033333333333333,31.0,1.0,True
IND421302AAG,IND400102AAC,Carting,morning,6,28.5,206.0,423.5,7.472148541114058,179.0,1.0,True
IND421302AAG,IND400102AAC,Carting,night,10,30.0,82.5,243.5,2.75,52.5,1.0,True
IND421302AAG,IND400701AAB,Carting,afternoon,6,20.0,61.5,436.0,3.075,41.5,1.0,True
IND421302AAG,IND400701AAB,Carting,evening,4,20.5,44.5,399.0,2.2366946778711485,24.0,1.0,False
IND421302AAG,IND400701AAB,Carting,night,4,20.5,53.5,171.0,2.4913419913419914,32.0,1.0,False
IND421302AAG,IND401104AAA,Carting,afternoon,14,25.0,74.5,159.5,2.922307692307692,49.0,1.0,True
IND421302AAG,IND401104AAA,Carting,evening,16,25.0,64.5,211.0,2.563131313131313,38.0,1.0,True
IND421302AAG,IND401104AAA,Carting,morning,7,25.0,60.0,177.0,2.727272727272727,38.0,1.0,True
IND421302AAG,IND401104AAA,Carting,night,14,25.0,59.5,141.0,2.56,37.0,1.0,True
IND421302AAG,IND401104AAB,Carting,evening,1,27.0,74.0,356.0,2.740740740740741,47.0,1.0,False
IND421302AAG,IND401104AAB,Carting,morning,1,27.0,59.0,1359.0,2.185185185185185,32.0,1.0,False
IND421302AAG,IND401104AAB,Carting,night,2,24.5,65.5,207.0,2.6783333333333332,41.0,1.0,False
IND421302AAG,IND410401AAA,FTL,evening,11,67.0,164.0,248.0,2.462686567164179,97.0,1.0,True
IND421302AAG,IND411033AAA,FTL,afternoon,13,97.0,220.0,421.0,2.2626262626262625,123.0,1.0,True
IND421302AAG,IND411033AAA,FTL,evening,38,98.0,200.0,328.5,2.0408205769030507,102.0,1.0,True
IND421302AAG,IND411033AAA,FTL,morning,17,97.0,229.0,419.0,2.4105263157894736,134.0,1.0,True
IND421302AAG,IND411033AAA,FTL,night,4,97.5,261.0,477.0,2.676099305701662,163.5,1.0,False
IND421302AAG,IND413002AAA,FTL,evening,7,310.0,636.0,829.0,2.064935064935065,328.0,1.0,True
IND421302AAG,IND421401AAC,Carting,night,6,31.0,78.5,119.0,2.571068548387097,47.5,1.0,True
IND421302AAG,IND422011AAD,FTL,afternoon,13,97.0,170.0,415.0,1.731958762886598,71.0,1.0,True
IND421302AAG,IND422011AAD,FTL,evening,1,98.0,167.0,302.0,1.7040816326530612,69.0,1.0,False
IND421302AAG,IND444005AAB,FTL,afternoon,6,391.0,939.5,1348.5,2.393680138133382,547.0,1.0,True
IND421302AAG,IND444005AAB,FTL,evening,7,391.0,942.0,1195.0,2.4153846153846152,552.0,1.0,True
IND421302AAG,IND462022AAA,FTL,afternoon,1,553.0,1183.0,2575.0,2.1392405063291138,630.0,1.0,False
IND421302AAG,IND462022AAA,FTL,evening,7,553.0,1226.0,1447.0,2.216998191681736,673.0,1.0,True
IND421302AAG,IND462022AAA,FTL,night,1,553.0,1209.0,1343.0,2.18625678119349,656.0,1.0,False
IND421302AAG,IND501359AAE,FTL,afternoon,8,557.5,1101.0,1238.5,1.9766606822262118,544.0,1.0,True
IND421302AAG,IND501359AAE,FTL,evening,2,557.5,1236.5,1575.5,2.2179526778762315,679.0,1.0,False
IND421302AAG,IND501359AAE,FTL,morning,7,557.0,1110.0,1520.0,1.992818671454219,553.0,1.0,True
IND421302AAG,IND562132AAA,FTL,evening,8,711.5,1231.0,1459.5,1.7301454669005516,519.5,1.0,True
IND421302AAG,IND562132AAA,FTL,morning,3,708.0,1290.0,1677.0,1.8376068376068375,588.0,1.0,False
IND421302AAG,IND562132AAA,FTL,night,10,709.0,1353.5,1610.0,1.9090267983074751,644.5,1.0,True
IND421302AAG,IND712311AAA,FTL,evening,1,1382.0,2924.0,3261.0,2.1157742402315485,1542.0,1.0,False
IND421302AAG,IND712311AAA,FTL,night,3,1384.0,2939.0,3111.0,2.1250903832248733,1556.0,1.0,False
IND421302AAG,IND834002AAB,FTL,night,1,1140.0,2622.0,2864.0,2.3,1482.0,1.0,False
IND421302AAN,IND400072AAB,Carting,morning,12,22.0,51.0,122.5,2.5543478260869565,30.5,1.0,True
IND421302AAR,IND400612AAA,Carting,evening,1,13.0,28.0,126.0,2.1538461538461537,15.0,1.0,False
IND421302AAR,IND400612AAA,Carting,night,9,12.0,28.0,80.0,2.4166666666666665,17.0,1.0,True
IND421302AAR,IND421004AAA,Carting,night,15,11.0,46.0,99.0,3.8333333333333335,34.0,1.0,True
IND421302AAR,IND421301AAA,Carting,morning,1,9.0,34.0,84.0,3.7777777777777777,25.0,1.0,False
IND421302AAR,IND421301AAA,Carting,night,9,10.0,47.0,113.0,4.363636363636363,37.0,1.0,True
IND421302AAR,IND421302AAF,Carting,night,1,17.0,72.0,131.0,4.235294117647059,55.0,1.0,False
IND421401AAC,IND421601AAB,Carting,night,6,18.5,46.0,64.5,2.486842105263158,27.5,1.0,True
IND421502AAA,IND421302AAR,Carting,night,9,16.0,50.0,100.0,3.125,34.0,1.0,True
IND421601AAB,IND421302AAG,Carting,morning,1,30.0,57.0,95.0,1.9,27.0,1.0,False
IND421601AAB,IND421302AAG,Carting,night,8,31.0,184.5,249.0,5.745256166982922,152.0,1.0,True
IND421802AAA,IND411033AAA,FTL,night,7,75.0,127.0,246.0,1.6933333333333334,52.0,1.0,True
IND422011AAD,IND421302AAG,FTL,evening,14,97.0,187.0,497.5,1.9284651360544216,90.0,1.0,True
IND422011AAD,IND422103AAC,Carting,night,8,36.5,51.0,90.5,1.3971471471471473,14.5,1.0,True
IND422011AAD,IND423109AAA,Carting,night,2,75.5,130.5,176.0,1.7269298245614035,55.0,1.0,False
IND422103AAC,IND422605AAA,Carting,night,7,30.0,54.0,69.0,1.793103448275862,23.0,1.0,True
IND422605AAA,IND413709AAA,Carting,night,7,46.0,87.0,100.0,1.891304347826087,41.0,1.0,True
IND423105AAA,IND423106AAA,FTL,night,1,34.0,46.0,88.0,1.3529411764705883,12.0,1.0,False
IND423105AAA,IND423301AAB,FTL,night,5,34.0,56.0,66.0,1.6470588235294117,22.0,1.0,True
IND423106AAA,IND423105AAA,FTL,night,6,34.0,51.5,76.0,1.5276497695852536,17.5,1.0,True
IND423109AAA,IND423601AAA,Carting,morning,7,9.0,33.0,40.0,3.6666666666666665,24.0,1.0,True
IND423109AAA,IND423601AAA,Carting,night,3,9.0,16.0,50.0,1.7777777777777777,7.0,1.0,False
IND423601AAA,IND413709AAA,Carting,night,2,42.5,65.0,118.5,1.5321507760532151,22.5,1.0,False
IND423601AAA,IND423701AAB,Carting,morning,7,24.0,52.0,84.0,2.1739130434782608,28.0,1.0,True
IND423601AAA,IND423701AAB,Carting,night,1,25.0,52.0,99.0,2.08,27.0,1.0,False
IND423701AAB,IND422011AAD,Carting,morning,12,83.0,191.5,252.5,2.3162278744608065,108.0,1.0,True
IND424006AAA,IND421302AAG,FTL,morning,7,202.0,453.0,511.0,2.209756097560976,248.0,1.0,True
IND424006AAA,IND423105AAA,FTL,night,1,34.0,143.0,148.0,4.205882352941177,109.0,1.0,False
IND424006AAA,IND423106AAA,FTL,evening,1,61.0,88.0,112.0,1.4426229508196722,27.0,1.0,False
IND424006AAA,IND423106AAA,FTL,night,2,66.0,85.0,110.5,1.2878787878787878,19.0,1.0,False
IND424006AAA,IND424101AAA,Carting,evening,1,41.0,73.0,88.0,1.7804878048780488,32.0,1.0,False
IND424006AAA,IND424101AAA,Carting,night,1,41.0,81.0,104.0,1.975609756097561,40.0,1.0,False
IND424006AAA,IND424304AAC,FTL,evening,4,41.0,83.5,108.0,2.062226391494684,42.5,1.0,False
IND424006AAA,IND425401AAA,Carting,morning,1,35.0,62.0,69.0,1.7714285714285714,27.0,1.0,False
IND424006AAA,IND425405AAA,FTL,evening,1,44.0,84.0,125.0,1.9090909090909092,40.0,1.0,False
IND424006AAA,IND425405AAA,FTL,night,1,43.0,80.0,106.0,1.8604651162790697,37.0,1.0,False
IND424006AAA,IND425412AAA,FTL,evening,2,76.0,160.5,179.0,2.113160173160173,84.5,1.0,False
IND424006AAA,IND425412AAA,FTL,night,1,76.0,132.0,153.0,1.736842105263158,56.0,1.0,False
IND424006AAA,IND452001AAC,Carting,morning,1,72.0,214.0,227.0,2.9722222222222223,142.0,1.0,False
IND424101AAA,IND431103AAA,Carting,night,1,24.0,39.0,66.0,1.625,15.0,1.0,False
IND424201AAA,IND424006AAA,Carting,morning,1,67.0,707.0,721.0,10.552238805970148,640.0,1.0,False
IND424304AAC,IND424006AAA,FTL,morning,2,41.5,926.0,939.5,22.313662790697673,884.5,1.0,False
IND424304AAC,IND425412AAA,FTL,night,4,38.5,72.5,81.5,1.8819163292847505,34.0,1.0,False
IND425109AAA,IND424201AAA,Carting,morning,1,40.0,54.0,59.0,1.35,14.0,1.0,False
IND425201AAA,IND425508AAB,Carting,morning,1,37.0,82.0,87.0,2.2162162162162162,45.0,1.0,False
IND425201AAA,IND425508AAB,Carting,night,4,38.0,79.0,102.0,2.0506072874493926,40.5,1.0,False
IND425401AAA,IND425109AAA,Carting,morning,1,31.0,48.0,88.0,1.5483870967741935,17.0,1.0,False
IND425405AAA,IND424006AAA,FTL,morning,1,50.0,1047.0,1055.0,20.94,997.0,1.0,False
IND425405AAA,IND424006AAA,FTL,night,7,46.0,1017.0,1043.0,21.5,972.0,1.0,True
IND425405AAA,IND425409AAA,FTL,night,1,51.0,118.0,143.0,2.3137254901960786,67.0,1.0,False
IND425406AAA,IND425405AAA,FTL,night,3,21.0,41.0,42.0,1.9523809523809523,20.0,1.0,False
IND425406AAA,IND425409AAA,FTL,night,1,35.0,81.0,90.0,2.3142857142857145,46.0,1.0,False
IND425406AAA,IND425412AAA,FTL,night,1,40.0,87.0,88.0,2.175,47.0,1.0,False
IND425409AAA,IND424006AAA,FTL,morning,1,74.0,894.0,900.0,12.08108108108108,820.0,1.0,False
IND425409AAA,IND424304AAC,FTL,night,1,69.0,152.0,168.0,2.2028985507246377,83.0,1.0,False
IND425409AAA,IND425406AAA,FTL,night,6,36.0,80.0,92.0,2.320707070707071,45.5,1.0,True
IND425409AAA,IND425412AAA,FTL,night,1,30.0,62.0,71.0,2.066666666666667,32.0,1.0,False
IND425412AAA,IND424304AAC,FTL,night,1,40.0,85.0,90.0,2.125,45.0,1.0,False
IND425412AAA,IND425406AAA,FTL,night,2,40.0,86.5,96.5,2.157285803627267,46.5,1.0,False
IND425412AAA,IND425409AAA,FTL,night,7,30.0,69.0,76.0,2.225806451612903,38.0,1.0,True
IND425508AAB,IND450331AAA,Carting,morning,3,17.0,52.0,63.0,2.8,35.0,1.0,False
IND425508AAB,IND450331AAA,Carting,night,7,18.0,55.0,66.0,3.210526315789474,38.0,1.0,True
IND431001AAB,IND431136AAC,Carting,night,11,11.0,37.0,106.0,3.090909090909091,25.0,1.0,True
IND431107AAB,IND431136AAC,FTL,night,6,50.0,93.5,116.5,1.87,43.5,1.0,True
IND431112AAB,IND431136AAC,Carting,night,5,56.0,165.0,174.0,2.9464285714285716,109.0,1.0,True
IND431122AAA,IND431127AAA,FTL,night,7,21.0,44.0,83.0,2.0952380952380953,23.0,1.0,True
IND431127AAA,IND414502AAA,FTL,night,7,56.0,118.0,139.0,2.107142857142857,62.0,1.0,True
IND431131AAB,IND431603AAA,Carting,morning,1,111.0,903.0,962.0,8.135135135135135,792.0,1.0,False
IND431136AAC,IND411033AAA,FTL,afternoon,4,172.0,323.5,659.0,1.8649820574162679,150.0,1.0,False
IND431136AAC,IND411033AAA,FTL,evening,9,172.0,332.0,600.0,1.9415204678362572,161.0,1.0,True
IND431136AAC,IND431001AAA,Carting,afternoon,1,11.0,28.0,531.0,2.5454545454545454,17.0,1.0,False
IND431136AAC,IND431001AAA,Carting,evening,12,9.0,28.0,459.5,2.95,18.5,1.0,True
IND431136AAC,IND431112AAB,Carting,evening,1,57.0,226.0,547.0,3.9649122807017543,169.0,1.0,False
IND431136AAC,IND431122AAA,FTL,afternoon,1,99.0,202.0,417.0,2.04040404040404,103.0,1.0,False
IND431136AAC,IND431122AAA,FTL,evening,8,98.0,219.0,381.5,2.2346938775510203,121.0,1.0,True
IND431136AAC,IND431203AAA,Carting,evening,8,54.5,133.0,372.0,2.443910806174957,79.0,1.0,True
IND431136AAC,IND431203AAA,Carting,morning,1,56.0,202.0,1064.0,3.607142857142857,146.0,1.0,False
IND431203AAA,IND431112AAB,Carting,night,5,48.0,92.0,128.0,1.9166666666666667,44.0,1.0,True
IND431203AAA,IND431136AAC,Carting,night,1,54.0,109.0,213.0,2.0185185185185186,55.0,1.0,False
IND431514AAA,IND431515AAA,FTL,night,15,21.0,43.0,66.0,2.0454545454545454,22.0,1.0,True
IND431515AAA,IND431517AAB,FTL,morning,1,15.0,38.0,65.0,2.533333333333333,23.0,1.0,False
IND431515AAA,IND431517AAB,FTL,night,12,15.0,44.0,75.5,2.933333333333333,29.0,1.0,True
IND431517AAB,IND411033AAA,FTL,morning,8,231.5,651.0,679.5,2.80468980253463,420.0,1.0,True
IND431517AAB,IND411033AAA,FTL,night,4,230.0,624.5,694.0,2.715217391304348,394.5,1.0,False
IND431603AAA,IND413517AAA,Carting,night,1,84.0,235.0,400.0,2.7976190476190474,151.0,1.0,False
IND431603AAA,IND413531AAA,Carting,night,4,95.0,268.0,319.5,2.8210526315789473,173.0,1.0,False
IND431603AAA,IND431401AAA,Carting,night,1,59.0,208.0,210.0,3.5254237288135593,149.0,1.0,False
IND431603AAA,IND431708AAA,FTL,evening,3,23.0,46.0,118.0,2.0,23.0,1.0,False
IND431603AAA,IND431708AAA,FTL,night,11,23.0,47.0,104.0,2.0434782608695654,24.0,1.0,True
IND431708AAA,IND431514AAA,FTL,night,15,29.0,60.0,69.0,2.0689655172413794,31.0,1.0,True
IND431717AAA,IND431603AAA,Carting,afternoon,1,52.0,110.0,759.0,2.1153846153846154,58.0,1.0,False
IND431717AAA,IND431603AAA,Carting,morning,1,53.0,731.0,753.0,13.79245283018868,678.0,1.0,False
IND441206AAB,IND442605AAA,Carting,morning,1,45.0,123.0,163.0,2.7333333333333334,78.0,1.0,False
IND441206AAB,IND442605AAA,Carting,night,4,45.5,120.0,131.5,2.6246376811594203,74.0,1.0,False
IND441614AAA,IND481001AAA,FTL,night,9,27.0,62.0,88.0,2.2962962962962963,35.0,1.0,True
IND441904AAB,IND441912AAA,Carting,night,12,29.0,50.0,75.0,1.7857142857142856,22.0,1.0,True
IND441912AAA,IND441107AAB,Carting,morning,1,75.0,193.0,206.0,2.5733333333333333,118.0,1.0,False
IND441912AAA,IND441107AAB,Carting,night,10,75.0,212.5,243.0,2.8513513513513513,138.0,1.0,True
IND442001AAA,IND442101AAB,FTL,night,4,13.5,50.5,65.0,3.730769230769231,37.0,1.0,False
IND442101AAB,IND445001AAB,FTL,night,11,37.0,84.0,99.0,2.210526315789474,46.0,1.0,True
IND442605AAA,IND441603AAA,Carting,morning,3,23.0,46.0,59.0,2.090909090909091,24.0,1.0,False
IND443201AAA,IND000000AAZ,FTL,night,1,16.0,100.0,136.0,6.25,84.0,1.0,False
IND443301AAA,IND443201AAA,FTL,night,2,31.5,84.5,125.0,2.680947580645161,53.0,1.0,False
IND444005AAB,IND000000AAZ,FTL,evening,1,84.0,390.0,666.0,4.642857142857143,306.0,1.0,False
IND444005AAB,IND421302AAG,FTL,morning,14,393.5,910.5,981.5,2.3105185375570265,517.0,1.0,True
IND444005AAB,IND443301AAA,FTL,evening,5,81.0,188.0,351.0,2.375,109.0,1.0,True
IND444203AAA,IND444005AAB,FTL,afternoon,1,40.0,100.0,432.0,2.5,60.0,1.0,False
IND444203AAA,IND444005AAB,FTL,morning,4,39.5,85.5,430.0,2.1930555555555555,46.0,1.0,False
IND444303AAA,IND444203AAA,FTL,morning,2,11.5,37.0,72.5,3.242424242424242,25.5,1.0,False
IND444602AAA,IND444005AAB,FTL,night,14,75.0,154.0,220.5,2.052982456140351,79.5,1.0,True
IND450331AAA,IND452001AAC,Carting,morning,7,68.0,157.0,172.0,2.328358208955224,89.0,1.0,True
IND451666AAA,IND421302AAG,FTL,night,1,280.0,664.0,716.0,2.3714285714285714,384.0,1.0,False
IND451666AAA,IND424006AAA,FTL,night,7,79.0,214.0,246.0,2.6097560975609757,132.0,1.0,True
IND452001AAC,IND425201AAA,Carting,morning,4,17.5,589.0,1112.0,32.787581699346404,571.5,1.0,False
IND452001AAC,IND425201AAA,Carting,night,1,15.0,40.0,77.0,2.6666666666666665,25.0,1.0,False
IND454001AAA,IND457001AAA,FTL,night,13,89.0,103.0,138.0,1.1555555555555554,14.0,0.38461538461538464,False
IND457001AAA,IND382430AAB,FTL,night,2,263.5,532.5,579.0,2.020797326880977,269.0,1.0,False
IND457001AAA,IND457226AAA,FTL,morning,1,38.0,41.0,77.0,1.0789473684210527,3.0,0.0,False
IND457001AAA,IND457226AAA,FTL,night,10,40.0,41.5,87.5,1.0645270270270268,2.5,0.3,False
IND457226AAA,IND382430AAB,FTL,morning,11,294.0,538.0,612.0,1.8299319727891157,244.0,1.0,True
IND458001AAB,IND458990AAA,FTL,night,6,28.0,39.5,62.0,1.437830687830688,12.0,1.0,True
IND458664AAA,IND312403AAA,FTL,night,3,45.0,118.0,152.0,2.6818181818181817,74.0,1.0,False
IND458990AAA,IND312605AAB,FTL,morning,2,57.0,112.5,248.5,1.973684210526316,55.5,1.0,False
IND458990AAA,IND312605AAB,FTL,night,3,57.0,94.0,482.0,1.6785714285714286,38.0,1.0,False
IND460001AAA,IND480334AAA,FTL,afternoon,11,66.0,145.0,176.0,2.2153846153846155,79.0,1.0,True
IND460001AAA,IND480334AAA,FTL,morning,3,75.0,101.0,120.0,1.3866666666666667,29.0,1.0,False
IND461111AAA,IND460001AAA,FTL,morning,13,62.0,115.0,133.0,1.8548387096774193,53.0,1.0,True
IND462001AAA,IND462022AAA,Carting,morning,5,14.0,95.0,129.0,6.785714285714286,81.0,1.0,True
IND462001AAA,IND462022AAA,Carting,night,11,13.0,45.0,75.0,3.6153846153846154,33.0,1.0,True
IND462011AAA,IND462022AAA,Carting,morning,4,12.0,31.5,43.5,2.522435897435898,19.0,1.0,False
IND462011AAA,IND462022AAA,Carting,night,6,11.5,25.0,37.5,2.215909090909091,14.0,1.0,True
IND462021AAA,IND462001AAA,Carting,night,1,11.0,74.0,80.0,6.7272727272727275,63.0,1.0,False
IND462022AAA,IND000000ACB,FTL,evening,12,584.5,1119.5,1264.0,1.9169520547945207,535.5,1.0,True
IND462022AAA,IND000000ACB,FTL,night,1,584.0,1076.0,1370.0,1.8424657534246576,492.0,1.0,False
IND462022AAA,IND209304AAA,FTL,evening,5,395.0,822.0,1032.0,2.037974683544304,413.0,1.0,True
IND462022AAA,IND209304AAA,FTL,night,9,394.0,820.0,981.0,2.081218274111675,426.0,1.0,True
IND462022AAA,IND461001AAA,FTL,morning,1,51.0,127.0,156.0,2.4901960784313726,76.0,1.0,False
IND462022AAA,IND461001AAA,FTL,night,1,52.0,130.0,238.0,2.5,78.0,1.0,False
IND462022AAA,IND462001AAA,Carting,night,2,12.5,28.5,125.5,2.2788461538461537,16.0,1.0,False
IND462022AAA,IND462011AAA,Carting,morning,1,11.0,23.0,52.0,2.090909090909091,12.0,1.0,False
IND462022AAA,IND462011AAA,Carting,night,18,12.0,33.0,76.5,2.871212121212121,21.5,1.0,True
IND462022AAA,IND462042AAA,Carting,morning,1,21.0,91.0,94.0,4.333333333333333,70.0,1.0,False
IND462022AAA,IND465669AAB,FTL,morning,10,68.0,144.5,201.0,2.125,76.5,1.0,True
IND462022AAA,IND466001AAA,FTL,morning,8,43.0,122.5,186.0,2.8488372093023253,79.5,1.0,True
IND462022AAA,IND842003AAB,FTL,night,5,217.0,563.0,850.0,2.5990783410138247,347.0,1.0,True
IND462042AAA,IND462022AAA,Carting,morning,3,21.0,112.0,144.0,5.333333333333333,91.0,1.0,False
IND462042AAA,IND462022AAA,Carting,night,2,20.0,66.0,83.5,3.3,46.0,1.0,False
IND464001AAA,IND464221AAA,FTL,morning,1,68.0,105.0,123.0,1.5441176470588236,37.0,1.0,False
IND464221AAA,IND470004AAA,FTL,morning,1,131.0,215.0,243.0,1.6412213740458015,84.0,1.0,False
IND464668AAA,IND462022AAA,FTL,morning,1,84.0,195.0,210.0,2.3214285714285716,111.0,1.0,False
IND464668AAA,IND462022AAA,FTL,night,1,84.0,234.0,247.0,2.7857142857142856,150.0,1.0,False
IND465001AAA,IND462022AAA,FTL,afternoon,4,173.5,285.5,583.0,1.6458374858813367,112.0,1.0,False
IND465001AAA,IND465333A1B,FTL,afternoon,2,81.0,81.0,115.0,1.056100981767181,15.0,0.5,False
IND465001AAA,IND465333AAA,FTL,afternoon,3,69.0,94.0,127.0,1.3428571428571427,24.0,1.0,False
IND465333A1B,IND462022AAA,FTL,afternoon,1,103.0,129.0,170.0,1.2524271844660195,26.0,1.0,False
IND465333A1B,IND465333AAA,FTL,afternoon,1,72.0,46.0,60.0,0.6388888888888888,0.0,0.0,False
IND465333AAA,IND462022AAA,FTL,afternoon,3,103.0,194.0,624.0,1.8653846153846154,90.0,1.0,False
IND465669AAB,IND465683AAA,FTL,morning,11,35.0,55.0,83.0,1.5277777777777777,19.0,1.0,True
IND465683AAA,IND465001AAA,FTL,afternoon,7,69.0,104.0,111.0,1.5294117647058822,36.0,1.0,True
IND465683AAA,IND465001AAA,FTL,morning,6,68.0,96.0,106.0,1.391304347826087,27.0,0.8333333333333334,True
IND466001AAA,IND466116AAA,FTL,morning,9,33.0,58.0,67.0,1.7575757575757576,25.0,1.0,True
IND466116AAA,IND462022AAA,FTL,afternoon,1,74.0,283.0,406.0,3.824324324324324,209.0,1.0,False
IND466116AAA,IND462022AAA,FTL,morning,8,74.0,177.5,312.0,2.432583170254403,104.0,1.0,True
IND470004AAA,IND462022AAA,FTL,afternoon,1,126.0,268.0,545.0,2.126984126984127,142.0,1.0,False
IND470004AAA,IND470113AAA,FTL,evening,1,58.0,135.0,163.0,2.3275862068965516,77.0,1.0,False
IND470113AAA,IND470117AAA,FTL,night,2,14.5,36.5,50.0,2.5142857142857142,22.0,1.0,False
IND470117AAA,IND470227AAB,FTL,night,3,95.0,170.0,188.0,1.7894736842105263,75.0,1.0,False
IND471001AAA,IND472001AAA,FTL,night,6,79.5,129.0,158.5,1.622626582278481,49.5,1.0,True
IND472001AAA,IND474003AAA,FTL,afternoon,1,202.0,456.0,1745.0,2.257425742574257,254.0,1.0,False
IND472001AAA,IND474003AAA,FTL,morning,1,210.0,545.0,556.0,2.5952380952380953,335.0,1.0,False
IND472001AAA,IND485001AAC,FTL,morning,2,183.5,403.5,589.0,2.1992011166547876,220.0,1.0,False
IND472001AAA,IND485001AAC,FTL,night,12,186.5,434.0,657.5,2.327065723650164,247.5,1.0,True
IND473001AAA,IND473331AAA,FTL,morning,8,39.0,67.0,93.0,1.7863247863247862,29.5,1.0,True
IND473226AAA,IND473001AAA,FTL,morning,8,39.5,66.5,94.5,1.6904315196998123,28.0,1.0,True
IND473226AAA,IND474003AAA,FTL,morning,7,294.0,494.0,531.0,1.6802721088435375,200.0,1.0,True
IND473331AAA,IND473226AAA,FTL,afternoon,10,80.5,530.0,1162.0,6.463414634146341,448.0,1.0,True
IND473331AAA,IND473226AAA,FTL,morning,2,82.0,162.5,1917.5,1.9817073170731707,80.5,1.0,False
IND473443AAA,IND470113AAA,FTL,night,4,59.0,108.5,116.0,1.8389830508474576,49.5,1.0,False
IND474003AAA,IND000000ACB,FTL,afternoon,3,261.0,477.0,647.0,1.8275862068965518,216.0,1.0,False
IND474003AAA,IND000000ACB,FTL,evening,10,262.0,417.5,506.0,1.5996036406341752,156.5,1.0,True
IND474003AAA,IND000000ACB,FTL,night,1,259.0,382.0,433.0,1.4749034749034748,123.0,1.0,False
IND474003AAA,IND328001AAA,FTL,evening,1,67.0,92.0,228.0,1.373134328358209,25.0,1.0,False
IND474003AAA,IND473551AAA,FTL,evening,1,136.0,195.0,251.0,1.4338235294117647,59.0,1.0,False
IND474003AAA,IND475661AAB,FTL,evening,1,63.0,178.0,287.0,2.8253968253968256,115.0,1.0,False
IND474003AAA,IND476001AAA,FTL,night,1,36.0,53.0,97.0,1.4722222222222223,17.0,1.0,False
IND474003AAA,IND476111AAA,FTL,evening,5,63.0,158.0,187.0,2.46875,94.0,1.0,True
IND474003AAA,IND476111AAA,FTL,night,1,62.0,188.0,227.0,3.032258064516129,126.0,1.0,False
IND476111AAA,IND477001AAA,FTL,night,4,51.0,99.0,110.0,1.9598039215686274,48.5,1.0,False
IND476111AAA,IND477001AAB,FTL,night,1,52.0,116.0,175.0,2.230769230769231,64.0,1.0,False
IND477001AAA,IND474003AAA,FTL,night,1,55.0,185.0,678.0,3.3636363636363638,130.0,1.0,False
IND477001AAB,IND474003AAA,FTL,morning,2,56.5,304.5,551.0,5.4089912280701755,248.0,1.0,False
IND477001AAB,IND474003AAA,FTL,night,5,53.0,208.0,686.0,3.9245283018867925,155.0,1.0,True
IND480001AAA,IND480661AAA,FTL,morning,2,50.0,91.0,104.0,1.8333333333333333,41.0,1.0,False
IND480001AAA,IND480661AAA,FTL,night,4,51.5,77.0,97.5,1.527276295133438,26.5,1.0,False
IND480001AAA,IND481661AAA,FTL,night,2,155.5,254.0,280.0,1.6337882547559968,98.5,1.0,False
IND480334AAA,IND480106AAA,FTL,afternoon,14,36.0,52.0,77.5,1.4444444444444444,16.0,1.0,True
IND480661AAA,IND480001AAA,FTL,night,2,52.0,95.0,101.5,1.8269230769230769,43.0,1.0,False
IND480661AAA,IND481661AAA,FTL,morning,3,105.0,170.0,177.0,1.619047619047619,65.0,1.0,False
IND480886AAA,IND480001AAA,FTL,night,5,99.0,155.0,160.0,1.5656565656565657,56.0,1.0,True
IND480886AAA,IND480661AAA,FTL,night,2,47.0,72.0,74.0,1.5274376417233562,25.0,1.0,False
IND481661AAA,IND842003AAB,FTL,morning,5,73.0,232.0,367.0,3.1780821917808217,159.0,1.0,True
IND482002AAA,IND842003AAB,Carting,morning,2,8.5,109.0,446.0,12.8125,100.5,1.0,False
IND483225AAA,IND483501AAA,FTL,night,2,34.0,71.5,73.0,2.1034632034632033,37.5,1.0,False
IND483501AAA,IND483770AAA,FTL,night,1,46.0,85.0,109.0,1.8478260869565217,39.0,1.0,False
IND483770AAA,IND842003AAB,FTL,night,2,104.5,260.0,627.5,2.485253709470599,155.5,1.0,False
IND484001AAA,IND484224AAA,FTL,night,2,43.5,39.0,52.0,0.9134920634920635,8.5,0.5,False
IND484001AAA,IND484446AAA,FTL,morning,3,78.0,158.0,182.0,2.0256410256410255,80.0,1.0,False
IND484446AAA,IND842003AAB,FTL,morning,2,234.5,476.5,654.0,2.0319967266775776,242.0,1.0,False
IND484551AAA,IND484001AAA,FTL,night,1,26.0,53.0,56.0,2.0384615384615383,27.0,1.0,False
IND484661AAE,IND484001AAA,FTL,night,2,45.5,115.5,118.5,2.5488394584139265,70.0,1.0,False
IND484661AAE,IND484551AAA,FTL,night,1,21.0,70.0,88.0,3.3333333333333335,49.0,1.0,False
IND485001AAC,IND471001AAA,FTL,afternoon,7,104.0,221.0,640.0,2.1346153846153846,117.0,1.0,True
IND485001AAC,IND485771AAA,FTL,morning,3,33.0,101.0,424.0,3.0606060606060606,68.0,1.0,False
IND485001AAC,IND486001AAA,FTL,afternoon,2,34.5,489.5,815.5,14.061764705882354,455.0,1.0,False
IND485001AAC,IND486771AAA,FTL,afternoon,1,90.0,462.0,821.0,5.133333333333334,372.0,1.0,False
IND485001AAC,IND486771AAA,FTL,morning,4,90.5,605.5,904.5,6.730645758735646,515.5,1.0,False
IND485001AAC,IND488001AAA,FTL,afternoon,1,55.0,116.0,448.0,2.109090909090909,61.0,1.0,False
IND485001AAC,IND488001AAA,FTL,evening,1,57.0,118.0,353.0,2.0701754385964914,61.0,1.0,False
IND485771AAA,IND486001AAA,FTL,night,1,45.0,96.0,137.0,2.1333333333333333,51.0,1.0,False
IND485771AAA,IND486771AAA,FTL,evening,1,91.0,481.0,481.0,5.285714285714286,390.0,1.0,False
IND486001AAA,IND486771AAA,FTL,night,2,52.0,138.5,184.5,2.6642619311875695,86.5,1.0,False
IND486661AAA,IND211002AAB,FTL,morning,2,160.5,800.0,1137.5,4.983637422360248,639.5,1.0,False
IND486661AAA,IND211002AAB,FTL,night,3,161.0,1115.0,1320.0,6.925465838509317,954.0,1.0,False
IND486771AAA,IND486661AAA,FTL,night,6,20.5,37.0,57.5,1.6875,15.0,1.0,True
IND486886AAA,IND486889AAA,FTL,night,7,20.0,48.0,91.0,2.4,28.0,1.0,True
IND486889AAA,IND231205AAA,FTL,morning,1,69.0,119.0,156.0,1.7246376811594204,50.0,1.0,False
IND486889AAA,IND231205AAA,FTL,night,3,71.0,144.0,190.0,2.2153846153846155,79.0,1.0,False
IND486889AAA,IND231216AAA,FTL,night,3,91.0,236.0,291.0,2.5934065934065935,145.0,1.0,False
IND487001AAA,IND487551AAA,FTL,night,3,46.0,64.0,76.0,1.391304347826087,18.0,1.0,False
IND487001AAB,IND487551AAA,FTL,night,2,44.5,75.5,86.0,1.7051671732522795,31.0,1.0,False
IND487551AAA,IND464668AAA,FTL,night,4,67.5,165.0,197.5,2.498277841561424,99.0,1.0,False
IND488001AAA,IND471001AAA,FTL,night,3,47.0,103.0,110.0,2.1458333333333335,55.0,1.0,False
IND492001AAB,IND492007AAA,Carting,evening,5,10.0,25.0,249.0,2.5,15.0,1.0,True
IND492001AAB,IND492007AAA,Carting,night,1,11.0,35.0,138.0,3.1818181818181817,24.0,1.0,False
IND493118AAC,IND495334AAB,Carting,night,8,49.5,79.0,97.5,1.6363265306122448,31.0,1.0,True
IND494334AAB,IND493445AAB,FTL,morning,9,131.0,224.0,249.0,1.7099236641221374,93.0,1.0,True
IND495004AAA,IND495671AAA,FTL,night,1,43.0,110.0,115.0,2.558139534883721,67.0,1.0,False
IND495334AAB,IND491995AAB,Carting,night,8,50.0,72.5,82.5,1.462222222222222,22.5,1.0,True
IND495677AAA,IND496001AAA,FTL,morning,1,111.0,242.0,325.0,2.18018018018018,131.0,1.0,False
IND495677AAA,IND496001AAA,FTL,night,4,111.0,243.0,291.0,2.1891891891891895,132.0,1.0,False
IND500008AAC,IND500084AAB,Carting,evening,1,19.0,52.0,126.0,2.736842105263158,33.0,1.0,False
IND500008AAC,IND501359AAE,Carting,evening,3,22.0,52.0,172.0,2.260869565217391,29.0,1.0,False
IND500008AAC,IND501359AAE,Carting,morning,4,22.5,98.0,365.5,4.377470355731225,75.5,1.0,False
IND500008AAC,IND501359AAE,Carting,night,2,22.5,281.0,319.0,12.538537549407115,258.5,1.0,False
IND500008AAD,IND501359AAE,Carting,afternoon,5,22.0,64.0,344.0,2.909090909090909,42.0,1.0,True
IND500008AAF,IND500039AAC,Carting,morning,3,15.0,46.0,64.0,2.875,30.0,1.0,False
IND500008AAF,IND500039AAC,Carting,night,10,17.0,61.5,165.5,3.598039215686274,44.5,1.0,True
IND500010AAA,IND500055AAA,Carting,morning,1,17.0,31.0,41.0,1.8235294117647058,14.0,1.0,False
IND500010AAA,IND501359AAE,Carting,evening,5,37.0,85.0,378.0,2.1904761904761907,48.0,1.0,True
IND500010AAA,IND501359AAE,Carting,morning,1,35.0,369.0,669.0,10.542857142857143,334.0,1.0,False
IND500010AAB,IND501359AAE,Carting,afternoon,10,36.0,147.0,292.0,3.9369658119658117,109.5,1.0,True
IND500010AAB,IND501359AAE,Carting,evening,6,35.5,123.5,393.0,3.335472972972973,87.0,1.0,True
IND500010AAB,IND501359AAE,Carting,morning,7,36.0,128.0,305.0,3.5135135135135136,92.0,1.0,True
IND500018AAA,IND500080AAB,Carting,morning,3,16.0,52.0,146.0,3.25,36.0,1.0,False
IND500018AAA,IND500080AAB,Carting,night,1,15.0,36.0,64.0,2.4,21.0,1.0,False
IND500032AAA,IND502295AAA,Carting,night,4,21.0,41.5,54.0,1.9795454545454545,20.5,1.0,False
IND500035AAA,IND500039AAC,Carting,morning,1,12.0,33.0,52.0,2.75,21.0,1.0,False
IND500039AAB,IND501301AAC,Carting,morning,1,10.0,24.0,33.0,2.4,14.0,1.0,False
IND500039AAC,IND500035AAA,Carting,morning,2,11.5,38.5,104.0,3.2153846153846155,27.0,1.0,False
IND500039AAC,IND500035AAD,Carting,morning,1,11.0,29.0,58.0,2.6363636363636362,18.0,1.0,False
IND500039AAC,IND500035AAD,Carting,night,4,13.0,45.0,77.0,3.3406593406593403,31.5,1.0,False
IND500039AAC,IND501359AAE,Carting,afternoon,3,27.0,230.0,422.0,10.555555555555555,209.0,1.0,False
IND500039AAC,IND501359AAE,Carting,evening,1,27.0,212.0,270.0,7.851851851851852,185.0,1.0,False
IND500039AAC,IND501359AAE,Carting,morning,5,27.0,126.0,317.0,4.037037037037037,94.0,1.0,True
IND500039AAC,IND508116AAA,FTL,night,8,29.0,55.0,80.5,1.9642857142857144,27.0,1.0,True
IND500039AAD,IND501359AAE,Carting,afternoon,2,29.5,79.0,183.5,2.685763888888889,49.5,1.0,False
IND500039AAD,IND501359AAE,Carting,evening,1,31.0,61.0,217.0,1.967741935483871,30.0,1.0,False
IND500039AAD,IND501359AAE,Carting,morning,2,29.0,118.0,376.0,4.074074074074074,89.0,1.0,False
IND500039AAD,IND501359AAE,Carting,night,3,32.0,85.0,656.0,2.65625,53.0,1.0,False
IND500050AAA,IND501218AAC,Carting,evening,3,28.0,160.0,217.0,5.566666666666666,132.0,1.0,False
IND500050AAA,IND501359AAE,Carting,afternoon,5,34.0,82.0,470.0,2.5625,50.0,1.0,True
IND500050AAA,IND501359AAE,Carting,evening,4,31.5,49.0,127.5,1.5539314516129032,17.5,1.0,False
IND500050AAA,IND501359AAE,Carting,morning,7,32.0,76.0,824.0,2.4516129032258065,45.0,1.0,True
IND500050AAA,IND501359AAE,Carting,night,2,33.0,61.0,387.5,1.8465073529411766,28.0,1.0,False
IND500055AAA,IND500010AAA,Carting,night,1,15.0,44.0,160.0,2.933333333333333,29.0,1.0,False
IND500055AAA,IND501401AAC,Carting,morning,1,17.0,35.0,50.0,2.0588235294117645,18.0,1.0,False
IND500055AAC,IND501401AAC,Carting,morning,4,12.0,28.0,45.5,2.3146853146853146,16.0,1.0,False
IND500055AAC,IND501401AAC,Carting,night,5,11.0,19.0,64.0,1.7272727272727273,8.0,1.0,True
IND500080AAB,IND501359AAE,Carting,afternoon,2,24.0,133.0,228.5,5.545454545454545,109.0,1.0,False
IND500080AAB,IND501359AAE,Carting,evening,4,21.0,38.5,177.5,1.9523809523809523,18.5,1.0,False
IND500080AAB,IND501359AAE,Carting,morning,9,22.0,80.0,179.0,3.8095238095238093,59.0,1.0,True
IND500080AAB,IND501359AAE,Carting,night,1,21.0,48.0,85.0,2.2857142857142856,27.0,1.0,False
IND501101AAB,IND501359AAE,Carting,night,1,56.0,108.0,912.0,1.9285714285714286,52.0,1.0,False
IND501101AAB,IND509216AAC,Carting,night,4,53.0,77.5,90.0,1.4622641509433962,24.5,0.75,False
IND501141AAA,IND501101AAB,Carting,night,4,41.5,68.0,93.0,1.619047619047619,26.0,1.0,False
IND501301AAC,IND500039AAC,Carting,morning,1,13.0,28.0,60.0,2.1538461538461537,15.0,1.0,False
IND501359AAE,IND000000ACB,FTL,evening,1,1191.0,2559.0,2744.0,2.1486146095717884,1368.0,1.0,False
IND501359AAE,IND411033AAA,FTL,evening,13,448.0,916.0,1038.0,2.0448430493273544,467.0,1.0,True
IND501359AAE,IND413002AAA,FTL,afternoon,11,250.0,485.0,680.0,1.9477911646586346,236.0,1.0,True
IND501359AAE,IND462022AAA,FTL,afternoon,2,615.0,1407.0,1619.5,2.2878048780487807,792.0,1.0,False
IND501359AAE,IND462022AAA,FTL,evening,8,614.0,1317.5,1474.5,2.1457654723127035,703.5,1.0,True
IND501359AAE,IND500008AAC,Carting,afternoon,6,21.5,39.0,123.0,1.814935064935065,17.5,1.0,True
IND501359AAE,IND500008AAC,Carting,evening,5,21.0,35.0,144.0,1.6666666666666667,14.0,1.0,True
IND501359AAE,IND500008AAC,Carting,night,3,22.0,53.0,164.0,2.0384615384615383,27.0,1.0,False
IND501359AAE,IND500010AAA,Carting,afternoon,3,39.0,80.0,155.0,2.051282051282051,41.0,1.0,False
IND501359AAE,IND500010AAA,Carting,evening,5,39.0,71.0,194.0,1.8205128205128205,32.0,1.0,True
IND501359AAE,IND500010AAA,Carting,night,2,39.0,110.0,263.0,2.8205128205128203,71.0,1.0,False
IND501359AAE,IND500010AAB,Carting,afternoon,8,40.0,112.5,297.5,2.813946216385241,72.5,1.0,True
IND501359AAE,IND500010AAB,Carting,evening,4,39.5,123.0,247.0,3.043859649122807,83.0,1.0,False
IND501359AAE,IND500010AAB,Carting,night,10,41.5,109.5,329.5,2.6079545454545454,67.5,1.0,True
IND501359AAE,IND500039AAC,Carting,evening,5,29.0,55.0,157.0,1.9642857142857142,27.0,1.0,True
IND501359AAE,IND500039AAC,Carting,night,1,30.0,76.0,201.0,2.533333333333333,46.0,1.0,False
IND501359AAE,IND500039AAD,Carting,afternoon,2,30.5,74.0,336.5,2.432795698924731,43.5,1.0,False
IND501359AAE,IND500039AAD,Carting,evening,4,29.5,75.5,171.0,2.810344827586207,48.5,1.0,False
IND501359AAE,IND500050AAA,Carting,afternoon,1,33.0,50.0,137.0,1.5151515151515151,17.0,1.0,False
IND501359AAE,IND500050AAA,Carting,evening,5,30.0,46.0,162.0,1.5333333333333334,16.0,1.0,True
IND501359AAE,IND500050AAA,Carting,night,8,30.5,57.5,199.5,1.8854838709677417,27.0,1.0,True
IND501359AAE,IND500080AAB,Carting,afternoon,6,23.5,44.5,118.5,1.8722826086956523,20.5,1.0,True
IND501359AAE,IND500080AAB,Carting,evening,4,24.5,46.0,172.0,1.8758333333333335,21.5,1.0,False
IND501359AAE,IND500080AAB,Carting,night,7,24.0,70.0,192.0,3.0434782608695654,47.0,1.0,True
IND501359AAE,IND501141AAA,Carting,evening,7,94.0,152.0,284.0,1.6170212765957446,58.0,1.0,True
IND501359AAE,IND501218AAC,Carting,evening,1,18.0,122.0,394.0,6.777777777777778,104.0,1.0,False
IND501359AAE,IND503111AAC,FTL,afternoon,1,107.0,197.0,441.0,1.841121495327103,90.0,1.0,False
IND501359AAE,IND503111AAC,FTL,morning,1,104.0,169.0,502.0,1.625,65.0,1.0,False
IND501359AAE,IND505001AAB,FTL,morning,2,168.5,233.0,571.5,1.3827486615948155,64.5,1.0,False
IND501359AAE,IND506002AAA,FTL,morning,10,122.5,215.5,644.0,1.7754898040783686,94.0,1.0,True
IND501359AAE,IND508252AAB,FTL,night,7,46.0,94.0,389.0,2.0434782608695654,48.0,1.0,True
IND501359AAE,IND509001AAA,FTL,evening,13,56.0,84.0,300.0,1.4736842105263157,27.0,1.0,True
IND501359AAE,IND509358AAA,FTL,evening,12,27.0,42.0,170.0,1.5555555555555556,15.0,1.0,True
IND501359AAE,IND515004AAA,FTL,evening,2,243.5,408.0,656.0,1.6753018957026242,164.5,1.0,False
IND501359AAE,IND515004AAA,FTL,night,7,243.0,434.0,559.0,1.786008230452675,191.0,1.0,True
IND501359AAE,IND518002AAA,FTL,morning,12,139.0,245.5,411.5,1.7789855072463767,107.5,1.0,True
IND501359AAE,IND523002AAA,FTL,evening,11,273.0,470.0,638.0,1.7216117216117217,197.0,1.0,True
IND501359AAE,IND523002AAA,FTL,night,1,274.0,444.0,566.0,1.6204379562043796,170.0,1.0,False
IND501359AAE,IND533106AAA,FTL,night,12,299.0,663.5,883.5,2.2142857142857144,364.5,1.0,True
IND501359AAE,IND562132AAA,FTL,evening,1,425.0,781.0,1061.0,1.8376470588235294,356.0,1.0,False
IND501359AAE,IND562132AAA,FTL,morning,2,425.0,676.0,884.5,1.5905882352941176,251.0,1.0,False
IND501359AAE,IND562132AAA,FTL,night,1,424.0,740.0,963.0,1.7452830188679245,316.0,1.0,False
IND501359AAE,IND585104AAA,FTL,afternoon,13,168.0,280.0,505.0,1.6627218934911243,112.0,1.0,True
IND501359AAE,IND585104AAA,FTL,morning,1,167.0,300.0,626.0,1.7964071856287425,133.0,1.0,False
IND501359AAE,IND712311AAA,FTL,night,2,1057.5,2093.0,2378.0,1.979167151030219,1035.5,1.0,False
IND501359AAE,IND751002AAB,FTL,night,8,735.0,1487.5,1674.5,2.026566757493188,753.5,1.0,True
IND501359AAG,IND000000ACN,Carting,afternoon,6,20.0,55.0,196.0,2.822368421052632,35.5,1.0,True
IND501401AAC,IND500010AAA,Carting,morning,4,14.5,50.0,64.0,3.4952380952380953,35.5,1.0,False
IND501401AAC,IND500010AAA,Carting,night,6,14.0,153.5,205.0,10.609523809523811,139.0,1.0,True
IND502110AAA,IND502313AAA,FTL,morning,12,36.0,48.0,68.0,1.3333333333333333,12.0,0.9166666666666666,True
IND502110AAA,IND502313AAA,FTL,night,2,36.5,59.0,66.0,1.6167417417417416,22.5,1.0,False
IND502220AAC,IND501359AAE,FTL,morning,15,130.0,169.0,243.0,1.3076923076923077,40.0,0.8,True
IND502286AAB,IND502220AAC,FTL,morning,8,49.0,105.0,118.0,2.19375,56.5,1.0,True
IND502286AAB,IND502220AAC,FTL,night,7,50.0,109.0,124.0,2.18,59.0,1.0,True
IND502295AAA,IND500050AAA,Carting,night,2,25.0,50.0,55.5,2.0,25.0,1.0,False
IND502313AAA,IND503111AAC,FTL,morning,5,62.0,108.0,202.0,1.7142857142857142,45.0,1.0,True
IND503111AAC,IND501359AAE,FTL,evening,2,103.0,206.0,353.5,2.0,103.0,1.0,False
IND503111AAC,IND501359AAE,FTL,night,11,103.0,234.0,311.0,2.2718446601941746,131.0,1.0,True
IND503111AAC,IND503185AAA,FTL,evening,2,60.5,93.0,128.0,1.5368852459016393,32.5,1.0,False
IND503111AAC,IND503185AAA,FTL,night,13,61.0,115.0,139.0,1.8852459016393444,54.0,1.0,True
IND503111AAC,IND505001AAB,FTL,evening,1,89.0,125.0,178.0,1.404494382022472,36.0,1.0,False
IND503122AAA,IND502110AAA,FTL,morning,12,37.0,58.0,74.0,1.5526315789473684,21.0,1.0,True
IND503122AAA,IND502110AAA,FTL,night,2,37.0,63.5,75.5,1.7162162162162162,26.5,1.0,False
IND503185AAA,IND503187AAA,FTL,morning,1,28.0,42.0,74.0,1.5,14.0,1.0,False
IND503185AAA,IND503187AAA,FTL,night,13,28.0,44.0,62.0,1.5714285714285714,16.0,1.0,True
IND503187AAA,IND503122AAA,FTL,morning,9,26.0,40.0,59.0,1.5384615384615385,14.0,1.0,True
IND503187AAA,IND503122AAA,FTL,night,6,26.0,40.5,59.5,1.5576923076923077,14.5,1.0,True
IND504201AAA,IND505184AAC,FTL,night,4,75.0,83.5,102.5,1.1056140350877193,8.0,0.25,False
IND504208AAB,IND504251AAA,FTL,night,1,19.0,34.0,40.0,1.7894736842105263,15.0,1.0,False
IND504208AAB,IND505001AAB,FTL,morning,3,61.0,197.0,270.0,3.2295081967213113,136.0,1.0,False
IND504208AAB,IND505001AAB,FTL,night,2,62.0,125.5,170.5,2.022248243559719,63.5,1.0,False
IND504215AAA,IND505001AAB,FTL,morning,6,59.0,116.5,204.5,1.9902104032729397,58.0,1.0,True
IND504215AAA,IND505001AAB,FTL,night,4,59.0,129.0,269.5,2.2077732320280536,70.5,1.0,False
IND504215AAA,IND505326AAB,FTL,morning,1,58.0,157.0,177.0,2.706896551724138,99.0,1.0,False
IND504251AAA,IND504293AAA,FTL,night,2,36.5,84.0,92.5,2.305263157894737,47.5,1.0,False
IND504251AAA,IND504296AAA,FTL,night,3,43.0,51.0,61.0,1.186046511627907,8.0,0.3333333333333333,False
IND504293AAA,IND504208AAB,FTL,morning,1,55.0,86.0,119.0,1.5636363636363637,31.0,1.0,False
IND504293AAA,IND505001AAB,FTL,morning,1,118.0,321.0,377.0,2.7203389830508473,203.0,1.0,False
IND504293AAA,IND505001AAB,FTL,night,2,119.5,237.0,370.5,1.9867278330298364,117.5,1.0,False
IND504296AAA,IND504208AAB,FTL,night,1,61.0,76.0,90.0,1.2459016393442623,15.0,1.0,False
IND504296AAA,IND504293AAA,FTL,morning,1,30.0,33.0,35.0,1.1,3.0,0.0,False
IND504296AAA,IND504293AAA,FTL,night,1,30.0,33.0,50.0,1.1,3.0,0.0,False
IND505001AAA,IND505302AAB,FTL,night,5,34.0,47.0,74.0,1.3823529411764706,13.0,1.0,True
IND505001AAB,IND501359AAE,FTL,evening,1,166.0,340.0,408.0,2.0481927710843375,174.0,1.0,False
IND505001AAB,IND503111AAC,FTL,evening,2,90.5,125.5,229.0,1.388034188034188,35.0,0.5,False
IND505001AAB,IND504208AAB,FTL,evening,3,61.0,88.0,134.0,1.4666666666666666,28.0,1.0,False
IND505001AAB,IND504208AAB,FTL,night,2,63.0,93.5,144.0,1.4833543505674653,30.5,1.0,False
IND505001AAB,IND505172AAA,FTL,night,1,24.0,41.0,104.0,1.7083333333333333,17.0,1.0,False
IND505001AAB,IND505184AAC,FTL,evening,1,62.0,102.0,198.0,1.6451612903225807,40.0,1.0,False
IND505001AAB,IND505209AAA,FTL,evening,3,46.0,166.0,195.0,3.608695652173913,120.0,1.0,False
IND505001AAB,IND505302AAB,FTL,evening,1,34.0,40.0,95.0,1.1764705882352942,6.0,0.0,False
IND505001AAB,IND505302AAB,FTL,night,1,33.0,63.0,108.0,1.9090909090909092,30.0,1.0,False
IND505122AAA,IND506002AAA,FTL,night,9,40.0,102.0,741.0,2.5365853658536586,62.0,1.0,True
IND505184AAC,IND505001AAB,FTL,morning,4,62.0,122.5,172.0,1.975806451612903,60.5,1.0,False
IND505184AAC,IND505001AAB,FTL,night,2,60.5,109.5,170.0,1.810655737704918,49.0,1.0,False
IND505184AAC,IND505209AAA,FTL,night,2,45.5,41.0,47.5,0.8941375968992248,0.5,0.0,False
IND505209AAA,IND504201AAA,FTL,night,4,29.0,41.5,51.5,1.4310344827586206,12.5,1.0,False
IND505209AAA,IND505001AAB,FTL,night,2,46.0,149.0,228.0,3.211820330969267,103.0,1.0,False
IND505302AAB,IND505325AAA,FTL,night,5,62.0,70.0,73.0,1.1290322580645162,8.0,0.2,False
IND505302AAB,IND505327AAA,FTL,night,1,42.0,84.0,96.0,2.0,42.0,1.0,False
IND505325AAA,IND505327AAA,FTL,night,2,22.5,32.0,43.0,1.4219367588932808,9.5,1.0,False
IND505326AAA,IND505425AAA,FTL,night,1,35.0,99.0,104.0,2.8285714285714287,64.0,1.0,False
IND505326AAB,IND505001AAB,FTL,morning,1,59.0,259.0,303.0,4.389830508474576,200.0,1.0,False
IND505327AAA,IND505425AAA,FTL,morning,1,17.0,19.0,45.0,1.1176470588235294,2.0,0.0,False
IND505327AAA,IND505425AAA,FTL,night,6,19.5,28.5,46.5,1.4223057644110275,8.5,1.0,True
IND505467AAA,IND505122AAA,FTL,night,7,46.0,75.0,111.0,1.6304347826086956,29.0,1.0,True
IND505503AAA,IND506164AAA,FTL,night,1,39.0,89.0,108.0,2.282051282051282,50.0,1.0,False
IND506001AAC,IND505122AAA,FTL,night,1,34.0,59.0,83.0,1.7352941176470589,25.0,1.0,False
IND506001AAC,IND505467AAA,FTL,night,8,35.0,57.5,70.0,1.6202380952380953,22.0,1.0,True
IND506002AAA,IND506132AAA,FTL,evening,11,37.0,46.0,91.0,1.1388888888888888,5.0,0.36363636363636365,False
IND506002AAA,IND506132AAA,FTL,night,2,36.5,58.5,69.0,1.5960960960960962,22.0,0.5,False
IND506002AAA,IND506143AAA,FTL,evening,10,21.5,42.0,269.5,1.9565217391304348,21.0,1.0,True
IND506002AAA,IND506343AAA,FTL,evening,2,35.5,56.5,179.0,1.5896825396825398,21.0,1.0,False
IND506132AAA,IND122001AAJ,FTL,night,12,34.0,63.5,74.0,1.8403361344537816,29.0,1.0,True
IND506143AAA,IND506167AAB,FTL,night,9,18.0,31.0,67.0,1.736842105263158,14.0,1.0,True
IND506167AAB,IND501359AAE,FTL,night,9,78.0,164.0,247.0,2.1298701298701297,87.0,1.0,True
IND506169AAB,IND505503AAA,FTL,night,1,16.0,34.0,54.0,2.125,18.0,1.0,False
IND506314AAA,IND506002AAA,FTL,morning,1,25.0,70.0,645.0,2.8,45.0,1.0,False
IND506314AAA,IND506002AAA,FTL,night,8,24.0,96.0,725.0,4.173913043478261,73.0,1.0,True
IND506343AAA,IND506169AAB,FTL,night,2,41.5,56.0,76.0,1.3475609756097562,14.5,0.5,False
IND507002AAA,IND507117AAB,FTL,evening,1,111.0,162.0,191.0,1.4594594594594594,51.0,1.0,False
IND507002AAA,IND507159AAA,FTL,evening,1,18.0,34.0,163.0,1.8888888888888888,16.0,1.0,False
IND507002AAA,IND507167AAA,FTL,evening,4,24.5,69.5,105.0,2.9438095238095237,44.5,1.0,False
IND507002AAA,IND508001AAA,FTL,evening,1,83.0,205.0,265.0,2.4698795180722892,122.0,1.0,False
IND507002AAA,IND508206AAA,FTL,evening,11,30.0,64.0,123.0,2.129032258064516,34.0,1.0,True
IND507002AAA,IND508213AAB,FTL,evening,14,45.0,80.0,200.0,1.8181818181818181,36.0,1.0,True
IND507111AAA,IND507117AAB,FTL,morning,1,31.0,45.0,57.0,1.4516129032258065,14.0,1.0,False
IND507111AAA,IND507117AAB,FTL,night,12,31.5,53.0,72.0,1.6306818181818183,20.5,1.0,True
IND507117AAB,IND507303AAA,FTL,morning,1,93.0,177.0,198.0,1.903225806451613,84.0,1.0,False
IND507117AAB,IND507303AAA,FTL,night,11,93.0,195.0,216.0,2.074468085106383,101.0,1.0,True
IND507123AAA,IND506314AAA,FTL,night,8,109.0,146.5,157.5,1.357754890081357,38.5,0.875,True
IND507159AAA,IND507002AAA,FTL,night,9,18.0,93.0,735.0,3.72,68.0,1.0,True
IND507159AAA,IND508206AAA,FTL,night,1,39.0,52.0,67.0,1.3333333333333333,13.0,1.0,False
IND507303AAA,IND507002AAA,FTL,afternoon,1,55.0,132.0,161.0,2.4,77.0,1.0,False
IND507303AAA,IND507002AAA,FTL,morning,10,55.0,140.5,413.5,2.5545454545454547,85.5,1.0,True
IND508001AAA,IND501359AAE,FTL,night,14,87.0,153.5,250.5,1.7543103448275863,66.0,1.0,True
IND508116AAA,IND508223AAA,FTL,night,1,59.0,90.0,96.0,1.5254237288135593,31.0,1.0,False
IND508116AAA,IND508277AAB,FTL,night,9,45.0,48.0,56.0,1.0681818181818181,3.0,0.0,False
IND508206AAA,IND507002AAA,FTL,night,2,28.0,54.5,779.5,1.9464285714285714,26.5,1.0,False
IND508206AAA,IND507159AAA,FTL,night,10,37.0,50.0,70.0,1.3513513513513513,13.0,0.9,True
IND508207AAB,IND521225AAB,FTL,morning,10,117.0,249.5,257.5,2.12346081413878,132.0,1.0,True
IND508213AAB,IND508001AAA,FTL,night,14,37.0,71.0,94.5,1.8441295546558705,32.5,1.0,True
IND508223AAA,IND500039AAC,FTL,morning,1,90.0,145.0,159.0,1.6111111111111112,55.0,1.0,False
IND508223AAA,IND500039AAC,FTL,night,10,89.0,161.0,177.0,1.8133937691521962,72.0,1.0,True
IND508248AAB,IND508377AAB,FTL,night,11,34.0,60.0,74.0,1.8125,26.0,1.0,True
IND508252AAB,IND508207AAB,FTL,morning,6,82.0,112.0,112.5,1.3634293270643552,30.0,1.0,True
IND508277AAB,IND508223AAA,FTL,night,7,25.0,34.0,40.0,1.3846153846153846,10.0,1.0,True
IND508377AAB,IND501359AAE,FTL,morning,1,117.0,248.0,366.0,2.1196581196581197,131.0,1.0,False
IND508377AAB,IND501359AAE,FTL,night,9,115.0,208.0,260.0,1.808695652173913,93.0,1.0,True
IND509001AAA,IND509203AAA,FTL,night,14,34.0,51.5,78.0,1.5147058823529411,17.5,1.0,True
IND509103AAB,IND509103AAC,FTL,night,1,17.0,33.0,65.0,1.9411764705882353,16.0,1.0,False
IND509103AAB,IND518002AAA,FTL,night,3,58.0,133.0,149.0,2.2542372881355934,74.0,1.0,False
IND509103AAC,IND518002AAA,FTL,night,5,59.0,123.0,157.0,2.0847457627118646,64.0,1.0,True
IND509124AAA,IND509103AAB,FTL,night,8,39.5,81.0,104.5,2.0477564102564103,41.5,1.0,True
IND509124AAA,IND518002AAA,FTL,night,1,45.0,190.0,407.0,4.222222222222222,145.0,1.0,False
IND509124AAA,IND584101AAA,FTL,evening,2,56.0,84.0,103.0,1.5,28.0,1.0,False
IND509203AAA,IND509301AAA,FTL,night,14,26.0,38.5,56.5,1.49,12.5,1.0,True
IND509216AAC,IND501359AAE,Carting,night,6,25.5,42.0,168.0,1.5854700854700856,15.5,1.0,True
IND509301AAA,IND501359AAE,FTL,night,13,49.0,90.0,192.0,1.836734693877551,41.0,1.0,True
IND509324AAA,IND508248AAB,FTL,evening,2,35.0,72.0,81.5,2.057142857142857,37.0,1.0,False
IND509324AAA,IND508248AAB,FTL,night,5,34.0,75.0,94.0,2.466666666666667,44.0,1.0,True
IND509358AAA,IND508248AAB,FTL,evening,5,59.0,127.0,155.0,2.189655172413793,69.0,1.0,True
IND509358AAA,IND509324AAA,FTL,evening,6,27.5,47.0,70.0,1.7089947089947088,19.5,1.0,True
IND509358AAA,IND509324AAA,FTL,night,1,28.0,36.0,52.0,1.2857142857142858,8.0,1.0,False
IND515004AAA,IND501359AAE,FTL,afternoon,13,244.0,419.0,489.0,1.7172131147540983,175.0,1.0,True
IND515004AAA,IND515401AAB,FTL,afternoon,1,38.0,67.0,167.0,1.763157894736842,29.0,1.0,False
IND515004AAA,IND515401AAB,FTL,evening,12,40.0,71.0,143.0,1.775,31.0,1.0,True
IND515004AAA,IND515671AAA,FTL,afternoon,1,32.0,308.0,311.0,9.625,276.0,1.0,False
IND515004AAA,IND515671AAA,FTL,evening,6,32.0,74.5,204.0,2.367439516129032,43.0,1.0,True
IND515004AAA,IND562132AAA,FTL,afternoon,1,180.0,308.0,379.0,1.711111111111111,128.0,1.0,False
IND515004AAA,IND562132AAA,FTL,morning,7,184.0,320.0,426.0,1.7391304347826086,136.0,1.0,True
IND515134AAA,IND515201AAA,Carting,evening,5,59.0,100.0,118.0,1.694915254237288,41.0,1.0,True
IND515134AAA,IND515201AAA,Carting,night,7,58.0,96.0,136.0,1.6271186440677967,37.0,1.0,True
IND515134AAA,IND515591AAA,FTL,evening,3,48.0,78.0,119.0,1.625,30.0,1.0,False
IND515134AAA,IND515591AAA,FTL,night,3,48.0,67.0,97.0,1.3673469387755102,18.0,1.0,False
IND515201AAA,IND515134AAA,Carting,night,3,61.0,98.0,140.0,1.6065573770491803,37.0,1.0,False
IND515201AAA,IND515301AAA,Carting,night,11,22.0,59.0,73.0,2.6818181818181817,37.0,1.0,True
IND515301AAA,IND561202AAB,Carting,night,12,17.0,29.5,40.0,1.7573529411764706,12.5,1.0,True
IND515401AAB,IND515801AAA,FTL,evening,12,22.0,53.0,69.5,2.4347826086956523,30.5,1.0,True
IND515401AAB,IND515801AAA,FTL,night,2,22.0,49.5,63.5,2.249482401656315,27.5,1.0,False
IND515591AAA,IND516269AAA,FTL,night,8,65.0,106.0,130.0,1.6307692307692307,41.0,1.0,True
IND515671AAA,IND515134AAA,FTL,evening,6,35.5,52.5,74.5,1.4797619047619048,17.0,1.0,True
IND515671AAA,IND515134AAA,FTL,night,1,36.0,48.0,62.0,1.3333333333333333,12.0,1.0,False
IND515671AAA,IND515591AAA,FTL,evening,1,60.0,156.0,182.0,2.6,96.0,1.0,False
IND515761AAA,IND515004AAA,FTL,night,14,53.0,93.5,174.5,1.7641509433962264,40.5,1.0,True
IND515801AAA,IND515761AAA,FTL,evening,1,96.0,200.0,219.0,2.0833333333333335,104.0,1.0,False
IND515801AAA,IND515865AAB,FTL,evening,6,87.5,151.5,184.5,1.7314524555903867,64.0,1.0,True
IND515801AAA,IND515865AAB,FTL,night,7,87.0,136.0,163.0,1.5632183908045978,49.0,1.0,True
IND515865AAB,IND515761AAA,FTL,night,13,33.0,55.0,63.0,1.696969696969697,23.0,1.0,True
IND516101AAA,IND516115AAA,Carting,morning,11,26.0,65.0,81.0,2.5238095238095237,39.0,1.0,True
IND516101AAA,IND516115AAA,Carting,night,1,26.0,58.0,81.0,2.230769230769231,32.0,1.0,False
IND516115AAA,IND517501AAB,Carting,morning,11,67.0,150.0,214.0,2.2388059701492535,83.0,1.0,True
IND516269AAA,IND516390AAA,FTL,night,9,76.0,121.0,134.0,1.5921052631578947,45.0,1.0,True
IND516390AAA,IND515004AAA,FTL,morning,5,84.0,173.0,185.0,2.0352941176470587,88.0,1.0,True
IND516390AAA,IND515004AAA,FTL,night,4,86.0,158.5,179.0,1.8334224598930482,72.0,1.0,False
IND517325AAA,IND517408AAA,FTL,morning,1,32.0,69.0,113.0,2.15625,37.0,1.0,False
IND517501AAB,IND517583AAA,Carting,night,13,26.0,56.0,77.0,2.1538461538461537,30.0,1.0,True
IND517501AAB,IND517644AAA,FTL,night,12,32.0,77.0,102.0,2.447619047619048,44.5,1.0,True
IND517583AAA,IND516101AAA,Carting,morning,1,47.0,110.0,126.0,2.3404255319148937,63.0,1.0,False
IND517583AAA,IND516101AAA,Carting,night,12,48.0,102.5,117.0,2.1490036231884058,55.0,1.0,True
IND517644AAA,IND524132AAA,FTL,morning,6,35.0,80.0,105.5,2.280952380952381,45.5,1.0,True
IND517644AAA,IND524132AAA,FTL,night,5,35.0,67.0,94.0,1.9142857142857144,32.0,1.0,True
IND518002AAA,IND501359AAE,FTL,morning,12,143.5,265.0,349.5,1.84375,121.5,1.0,True
IND518002AAA,IND509103AAB,FTL,morning,2,86.0,413.0,1173.5,4.802325581395349,327.0,1.0,False
IND518002AAA,IND509124AAA,FTL,evening,3,47.0,72.0,144.0,1.6,27.0,1.0,False
IND518002AAA,IND518401AAA,FTL,evening,7,31.0,60.0,191.0,1.935483870967742,29.0,1.0,True
IND518002AAA,IND518501AAA,FTL,evening,14,57.0,86.5,270.5,1.5080645161290323,29.5,1.0,True
IND518002AAA,IND562132AAA,FTL,afternoon,10,285.0,433.0,514.5,1.5235391588284029,149.0,1.0,True
IND518002AAA,IND584101AAA,FTL,evening,10,93.0,169.5,243.5,1.8128574696865707,76.0,1.0,True
IND518102AAA,IND518002AAA,FTL,night,10,132.0,258.0,326.5,1.9694656488549618,127.0,1.0,True
IND518124AAA,IND518002AAA,FTL,night,1,71.0,105.0,257.0,1.4788732394366197,34.0,1.0,False
IND518124AAA,IND518206AAA,FTL,night,6,21.0,33.0,43.5,1.65,13.0,1.0,True
IND518206AAA,IND518222AAA,FTL,night,3,45.0,57.0,86.0,1.2666666666666666,12.0,1.0,False
IND518222AAA,IND518002AAA,FTL,night,4,41.5,59.0,158.0,1.4815509693558475,19.0,0.75,False
IND518401AAA,IND518422AAB,FTL,evening,3,25.0,61.0,76.0,2.423076923076923,36.0,1.0,False
IND518401AAA,IND518422AAB,FTL,night,3,27.0,63.0,73.0,2.3333333333333335,36.0,1.0,False
IND518422AAB,IND518102AAA,FTL,night,10,77.0,154.5,171.0,2.019230769230769,78.0,1.0,True
IND518501AAA,IND518124AAA,FTL,evening,1,29.0,92.0,144.0,3.1724137931034484,63.0,1.0,False
IND518501AAA,IND518124AAA,FTL,night,10,27.5,73.5,96.0,2.6169950738916254,45.5,1.0,True
IND520011AAA,IND521185AAA,Carting,night,5,33.0,93.0,139.0,2.4545454545454546,60.0,1.0,True
IND521001AAA,IND521165AAA,FTL,night,1,26.0,47.0,88.0,1.8076923076923077,21.0,1.0,False
IND521001AAA,IND521225AAB,FTL,night,4,55.5,121.0,270.0,2.2223719676549862,66.5,1.0,False
IND521105AAA,IND521333AAA,FTL,night,4,44.0,107.5,122.5,2.4154040404040407,63.0,1.0,False
IND521105AAA,IND534001AAA,FTL,night,3,17.0,32.0,62.0,1.8235294117647058,14.0,1.0,False
IND521165AAA,IND521225AAB,FTL,night,1,30.0,279.0,298.0,9.3,249.0,1.0,False
IND521185AAA,IND520011AAA,Carting,night,1,29.0,50.0,72.0,1.7241379310344827,21.0,1.0,False
IND521185AAA,IND521225AAB,Carting,night,4,44.0,106.0,159.0,2.3782828282828286,61.5,1.0,False
IND521201AAA,IND521105AAA,FTL,night,2,22.0,39.5,51.0,1.7954545454545454,17.5,1.0,False
IND521225AAB,IND501359AAE,FTL,night,6,255.0,446.0,704.5,1.7490196078431373,191.0,1.0,True
IND521225AAB,IND507002AAA,FTL,afternoon,14,115.0,208.0,377.0,1.8008620689655173,92.5,1.0,True
IND521225AAB,IND521001AAA,FTL,evening,1,53.0,150.0,278.0,2.830188679245283,97.0,1.0,False
IND521225AAB,IND521165AAA,FTL,morning,1,29.0,219.0,1219.0,7.551724137931035,190.0,1.0,False
IND521225AAB,IND521185AAA,Carting,evening,1,44.0,90.0,420.0,2.0454545454545454,46.0,1.0,False
IND521225AAB,IND521201AAA,FTL,evening,15,53.0,85.0,245.0,1.6226415094339623,33.0,1.0,True
IND521225AAB,IND521301AAA,FTL,evening,13,45.0,84.0,224.0,1.8666666666666667,39.0,1.0,True
IND521301AAA,IND521001AAA,FTL,evening,4,25.0,48.5,75.0,1.94,23.5,1.0,False
IND521301AAA,IND521001AAA,FTL,night,9,25.0,47.0,64.0,1.84,21.0,1.0,True
IND521333AAA,IND521225AAB,FTL,night,12,68.0,175.5,427.5,2.5879299156391955,108.0,1.0,True
IND522647AAA,IND523201AAA,FTL,night,13,50.0,79.0,117.0,1.58,29.0,1.0,True
IND523002AAA,IND523105AAA,FTL,afternoon,1,42.0,201.0,600.0,4.785714285714286,159.0,1.0,False
IND523002AAA,IND523226AAA,FTL,afternoon,1,18.0,49.0,427.0,2.7222222222222223,31.0,1.0,False
IND523002AAA,IND523226AAA,FTL,evening,3,19.0,32.0,83.0,1.631578947368421,13.0,1.0,False
IND523002AAA,IND523230AAA,FTL,afternoon,9,70.0,116.0,496.0,1.681159420289855,47.0,1.0,True
IND523002AAA,IND523230AAA,FTL,evening,5,69.0,111.0,144.0,1.608695652173913,42.0,1.0,True
IND523002AAA,IND523316AAB,FTL,afternoon,1,80.0,178.0,614.0,2.225,98.0,1.0,False
IND523002AAA,IND600056AAB,FTL,morning,11,253.0,438.0,502.0,1.7312252964426877,185.0,1.0,True
IND523105AAA,IND524201AAA,FTL,night,12,42.5,53.0,69.0,1.2956349206349207,11.0,0.8333333333333334,True
IND523201AAA,IND523002AAA,FTL,night,1,32.0,234.0,265.0,7.3125,202.0,1.0,False
IND523226AAA,IND523316AAB,FTL,evening,6,60.0,114.0,130.0,1.9660714285714285,56.0,1.0,True
IND523230AAA,IND523105AAA,FTL,evening,4,45.0,75.5,76.5,1.6698067632850242,30.5,1.0,False
IND523230AAA,IND523105AAA,FTL,night,8,44.5,63.0,67.0,1.412419594260267,18.5,1.0,True
IND523316AAB,IND522647AAA,FTL,night,7,55.0,91.0,112.0,1.6545454545454545,36.0,1.0,True
IND524003AAA,IND501359AAE,FTL,night,14,361.5,611.5,658.5,1.6933701657458564,250.5,1.0,True
IND524101AAB,IND517501AAB,FTL,morning,13,75.0,162.0,189.0,2.1315789473684212,86.0,1.0,True
IND524132AAA,IND524101AAB,FTL,morning,11,36.0,58.0,80.0,1.6571428571428573,23.0,1.0,True
IND524201AAA,IND523002AAA,FTL,night,12,67.5,77.0,421.0,1.1666666666666667,11.5,0.3333333333333333,False
IND530012AAA,IND501359AAE,FTL,afternoon,1,434.0,862.0,894.0,1.9861751152073732,428.0,1.0,False
IND530012AAA,IND501359AAE,FTL,evening,8,432.5,898.0,958.0,2.0740965943942182,465.0,1.0,True
IND530012AAA,IND501359AAE,FTL,night,1,432.0,852.0,964.0,1.9722222222222223,420.0,1.0,False
IND530012AAA,IND530043AAA,Carting,night,10,18.0,54.5,95.0,2.9879227053140096,36.5,1.0,True
IND530012AAA,IND531001AAA,Carting,night,1,22.0,46.0,77.0,2.090909090909091,24.0,1.0,False
IND530012AAA,IND531162AAA,Carting,night,6,16.0,28.0,78.0,1.75,12.0,1.0,True
IND530012AAA,IND532001AAB,Carting,evening,15,82.0,142.0,207.0,1.7375,60.0,1.0,True
IND530012AAA,IND533106AAA,FTL,evening,2,133.0,226.0,311.0,1.699248120300752,93.0,1.0,False
IND530012AAA,IND535001AAA,Carting,morning,1,54.0,175.0,207.0,3.240740740740741,121.0,1.0,False
IND530012AAA,IND751002AAB,FTL,evening,2,317.5,505.0,537.0,1.5906295260202765,187.5,1.0,False
IND530012AAA,IND751002AAB,FTL,night,1,319.0,504.0,537.0,1.5799373040752351,185.0,1.0,False
IND530012AAA,IND764001AAC,Carting,evening,3,167.0,472.0,545.0,2.8263473053892216,305.0,1.0,False
IND530012AAA,IND764020AAC,Carting,evening,1,152.0,648.0,718.0,4.2631578947368425,496.0,1.0,False
IND530012AAC,IND501359AAE,FTL,night,1,435.0,979.0,1072.0,2.250574712643678,544.0,1.0,False
IND530012AAC,IND533106AAA,FTL,evening,2,133.5,240.0,280.5,1.7979463584333968,106.5,1.0,False
IND530012AAC,IND533106AAA,FTL,night,2,133.0,251.5,262.5,1.893891402714932,118.5,1.0,False
IND530018AAA,IND531162AAA,Carting,night,1,8.0,35.0,231.0,4.375,27.0,1.0,False
IND530026AAA,IND531036AAA,Carting,night,4,32.0,90.5,117.5,2.828125,58.5,1.0,False
IND530043AAA,IND530012AAA,Carting,morning,1,21.0,125.0,170.0,5.9523809523809526,104.0,1.0,False
IND530043AAA,IND531163AAA,Carting,night,9,23.0,38.0,58.0,1.6521739130434783,15.0,1.0,True
IND531001AAA,IND530012AAA,Carting,morning,1,22.0,190.0,205.0,8.636363636363637,168.0,1.0,False
IND531001AAA,IND531116AAA,Carting,night,1,36.0,59.0,95.0,1.6388888888888888,23.0,1.0,False
IND531036AAA,IND530012AAA,Carting,morning,1,38.0,88.0,131.0,2.3157894736842106,50.0,1.0,False
IND531036AAA,IND530012AAA,Carting,night,3,37.0,89.0,110.0,2.4054054054054053,52.0,1.0,False
IND531116AAA,IND531001AAA,Carting,night,1,43.0,66.0,94.0,1.5348837209302326,23.0,1.0,False
IND531163AAA,IND535001AAA,Carting,night,9,21.0,48.0,57.0,2.3,26.0,1.0,True
IND532001AAB,IND530012AAA,Carting,night,15,84.0,178.0,449.0,2.119047619047619,94.0,1.0,True
IND532001AAB,IND532127AAA,FTL,night,14,30.0,56.5,84.0,1.8833333333333333,26.5,1.0,True
IND532001AAB,IND532201AAA,FTL,night,1,41.0,105.0,135.0,2.5609756097560976,64.0,1.0,False
IND532001AAB,IND532421AAA,FTL,night,13,19.0,56.0,72.0,3.0,36.0,1.0,True
IND532127AAA,IND535591AAA,FTL,morning,1,43.0,72.0,87.0,1.6744186046511629,29.0,1.0,False
IND532127AAA,IND535591AAA,FTL,night,13,43.0,70.0,87.0,1.6666666666666667,28.0,1.0,True
IND532201AAA,IND532222AAA,FTL,morning,2,24.5,40.0,61.0,1.6333333333333333,15.5,1.0,False
IND532201AAA,IND532222AAA,FTL,night,12,24.5,43.0,71.5,1.755,18.0,1.0,True
IND532222AAA,IND532001AAB,FTL,morning,1,89.0,199.0,257.0,2.235955056179775,110.0,1.0,False
IND532222AAA,IND761200AAA,FTL,morning,7,79.0,132.0,158.0,1.6708860759493671,53.0,0.7142857142857143,True
IND532421AAA,IND532201AAA,FTL,morning,1,20.0,64.0,65.0,3.2,44.0,1.0,False
IND532421AAA,IND532201AAA,FTL,night,12,20.0,41.5,48.0,2.0,21.0,1.0,True
IND532440AAA,IND532001AAB,FTL,afternoon,1,35.0,62.0,71.0,1.7714285714285714,27.0,1.0,False
IND532440AAA,IND532001AAB,FTL,morning,10,37.0,56.5,70.5,1.5270270270270272,19.5,1.0,True
IND533003AAA,IND533106AAA,FTL,night,2,49.5,119.0,281.0,2.406938775510204,69.5,1.0,False
IND533003AAA,IND533401AAA,FTL,evening,1,49.0,91.0,140.0,1.8571428571428572,42.0,1.0,False
IND533003AAA,IND533401AAA,FTL,night,11,48.0,98.0,161.0,2.0851063829787235,51.0,1.0,True
IND533106AAA,IND501359AAE,FTL,morning,1,298.0,631.0,710.0,2.11744966442953,333.0,1.0,False
IND533106AAA,IND501359AAE,FTL,night,7,298.0,655.0,806.0,2.2053872053872055,358.0,1.0,True
IND533106AAA,IND530012AAA,FTL,afternoon,11,134.0,235.0,301.0,1.7651515151515151,101.0,1.0,True
IND533106AAA,IND533003AAA,FTL,evening,2,56.0,220.5,254.5,3.9569875279820916,164.5,1.0,False
IND533106AAA,IND533201AAA,FTL,evening,1,87.0,235.0,326.0,2.7011494252873565,148.0,1.0,False
IND533106AAA,IND533242AAA,FTL,evening,3,76.0,211.0,280.0,2.74025974025974,134.0,1.0,False
IND533106AAA,IND533262AAA,FTL,evening,3,47.0,101.0,116.0,2.1041666666666665,53.0,1.0,False
IND533106AAA,IND533308AAB,FTL,evening,7,29.0,98.0,194.0,3.0,67.0,1.0,True
IND533106AAA,IND534260AAC,FTL,evening,3,59.0,206.0,306.0,3.433333333333333,146.0,1.0,False
IND533201AAA,IND533242AAA,FTL,night,2,14.5,34.5,51.5,2.373809523809524,20.0,1.0,False
IND533201AAA,IND533262AAA,FTL,night,6,39.0,75.5,116.0,1.9612010796221322,37.0,1.0,True
IND533242AAA,IND533201AAA,FTL,night,2,14.5,32.5,52.0,2.2476190476190476,18.0,1.0,False
IND533262AAA,IND533106AAA,FTL,morning,1,46.0,85.0,136.0,1.8478260869565217,39.0,1.0,False
IND533262AAA,IND533106AAA,FTL,night,4,47.0,83.0,124.5,1.7659574468085106,36.0,1.0,False
IND533262AAA,IND533201AAA,FTL,evening,1,40.0,73.0,86.0,1.825,33.0,1.0,False
IND533262AAA,IND533201AAA,FTL,night,1,39.0,84.0,121.0,2.1538461538461537,45.0,1.0,False
IND533308AAB,IND533003AAA,FTL,evening,8,41.5,64.0,109.0,1.542973286875726,22.5,1.0,True
IND533308AAB,IND533106AAA,FTL,morning,1,27.0,53.0,65.0,1.962962962962963,26.0,1.0,False
IND533401AAA,IND533106AAA,FTL,night,11,69.0,160.0,203.0,2.2739726027397262,91.0,1.0,True
IND533401AAA,IND533308AAB,FTL,night,1,83.0,224.0,261.0,2.6987951807228914,141.0,1.0,False
IND534001AAA,IND521333AAA,FTL,night,10,26.0,46.5,67.5,1.8076923076923077,21.0,1.0,True
IND534260AAC,IND533106AAA,FTL,night,2,57.5,140.5,178.0,2.440829297820823,83.0,1.0,False
IND535001AAA,IND530012AAA,Carting,morning,1,57.0,164.0,215.0,2.8771929824561404,107.0,1.0,False
IND535001AAA,IND530012AAA,Carting,night,5,58.0,190.0,282.0,3.4237288135593222,135.0,1.0,True
IND535501AAB,IND532001AAB,FTL,morning,1,81.0,158.0,178.0,1.9506172839506173,77.0,1.0,False
IND535501AAB,IND532440AAA,FTL,morning,11,42.0,63.0,91.0,1.5,21.0,1.0,True
IND535558AAA,IND535501AAB,FTL,morning,12,23.0,36.0,62.0,1.565217391304348,13.0,1.0,True
IND535558AAA,IND535501AAB,FTL,night,1,21.0,34.0,60.0,1.619047619047619,13.0,1.0,False
IND535591AAA,IND535558AAA,FTL,night,3,16.0,33.0,49.0,2.1333333333333333,17.0,1.0,False
IND560002AAA,IND560099AAB,Carting,afternoon,1,19.0,26.0,185.0,1.368421052631579,7.0,1.0,False
IND560002AAA,IND560099AAB,Carting,evening,2,30.0,63.5,146.0,2.0921052631578947,33.5,1.0,False
IND560002AAA,IND560099AAB,Carting,morning,6,21.5,61.5,121.5,2.921195652173913,41.5,1.0,True
IND560002AAA,IND560099AAB,Carting,night,5,23.0,58.0,89.0,2.625,34.0,1.0,True
IND560002AAA,IND562132AAA,Carting,afternoon,6,34.5,52.0,96.5,1.44896331738437,15.5,1.0,True
IND560002AAA,IND562132AAA,Carting,evening,1,36.0,35.0,91.0,0.9722222222222222,0.0,0.0,False
IND560002AAA,IND562132AAA,Carting,morning,8,33.5,80.0,112.5,2.587251828631139,49.0,1.0,True
IND560027AAA,IND560099AAA,Carting,afternoon,1,18.0,62.0,188.0,3.4444444444444446,44.0,1.0,False
IND560027AAA,IND560099AAA,Carting,evening,1,25.0,45.0,97.0,1.8,20.0,1.0,False
IND560043AAC,IND560064AAA,Carting,evening,6,18.0,27.5,84.0,1.501547987616099,9.0,1.0,True
IND560043AAC,IND560064AAA,Carting,morning,14,18.0,32.0,45.5,1.75,13.5,1.0,True
IND560043AAC,IND560064AAA,Carting,night,7,18.0,25.0,54.0,1.411764705882353,7.0,1.0,True
IND560043AAC,IND560099AAB,Carting,evening,7,34.0,40.0,68.0,1.2352941176470589,8.0,0.5714285714285714,True
IND560043AAC,IND560099AAB,Carting,morning,10,34.0,80.5,120.0,2.3675324675324676,46.5,1.0,True
IND560043AAC,IND562132AAA,Carting,afternoon,4,40.5,84.0,131.5,2.051190476190476,43.0,1.0,False
IND560043AAC,IND562132AAA,Carting,evening,1,41.0,200.0,229.0,4.878048780487805,159.0,1.0,False
IND560043AAC,IND562132AAA,Carting,morning,7,40.0,71.0,133.0,1.7317073170731707,30.0,1.0,True
IND560048AAB,IND560099AAB,Carting,evening,10,33.5,38.5,67.0,1.1901340996168583,6.0,0.5,False
IND560048AAB,IND560099AAB,Carting,morning,6,33.5,103.5,157.5,3.06989247311828,70.0,1.0,True
IND560048AAB,IND560099AAB,Carting,night,3,31.0,67.0,99.0,2.193548387096774,37.0,0.6666666666666666,False
IND560048AAB,IND562132AAA,Carting,afternoon,3,46.0,67.0,112.0,1.3958333333333333,19.0,1.0,False
IND560048AAB,IND562132AAA,Carting,evening,2,46.5,143.5,343.5,3.0691489361702127,97.0,1.0,False
IND560048AAB,IND562132AAA,Carting,morning,4,46.0,123.0,196.5,2.893041978148361,81.0,1.0,False
IND560048AAB,IND562132AAA,Carting,night,2,45.5,97.0,211.5,2.1280193236714977,51.5,1.0,False
IND560058AAB,IND560060AAB,Carting,afternoon,1,16.0,21.0,67.0,1.3125,5.0,1.0,False
IND560058AAB,IND560060AAB,Carting,evening,16,17.0,20.0,43.0,1.188235294117647,3.0,0.4375,False
IND560058AAB,IND560060AAB,Carting,night,15,17.0,27.0,44.0,1.588235294117647,10.0,1.0,True
IND560058AAB,IND560099AAB,Carting,evening,6,39.0,46.0,132.0,1.2685758513931888,9.5,0.5,True
IND560058AAB,IND560099AAB,Carting,morning,9,37.0,71.0,95.0,1.868421052631579,33.0,1.0,True
IND560058AAB,IND562132AAA,Carting,afternoon,5,20.0,34.0,87.0,1.5454545454545454,12.0,1.0,True
IND560058AAB,IND562132AAA,Carting,morning,2,17.0,31.0,108.5,1.8636363636363638,14.0,1.0,False
IND560058AAB,IND562132AAA,Carting,night,2,17.0,28.0,64.0,1.6421052631578947,11.0,1.0,False
IND560058AAD,IND562132AAA,Carting,afternoon,12,23.0,47.5,318.5,2.159090909090909,25.5,0.9166666666666666,True
IND560058AAD,IND562132AAA,Carting,morning,11,22.0,32.0,114.0,1.4782608695652173,11.0,1.0,True
IND560058AAD,IND562132AAA,Carting,night,4,24.0,95.0,294.5,4.142857142857142,72.0,1.0,False
IND560060AAB,IND560099AAB,Carting,evening,1,30.0,46.0,68.0,1.5333333333333334,16.0,1.0,False
IND560060AAB,IND560099AAB,Carting,morning,8,33.0,43.5,60.5,1.296875,10.0,0.625,True
IND560060AAB,IND562132AAA,Carting,afternoon,5,30.0,48.0,100.0,1.6206896551724137,18.0,1.0,True
IND560060AAB,IND562132AAA,Carting,morning,3,30.0,42.0,64.0,1.4482758620689655,13.0,0.6666666666666666,False
IND560060AAB,IND562132AAA,Carting,night,8,30.0,52.5,92.0,1.75,22.5,1.0,True
IND560064AAD,IND560043AAC,Carting,afternoon,1,16.0,42.0,297.0,2.625,26.0,1.0,False
IND560064AAD,IND560043AAC,Carting,morning,13,15.0,36.0,67.0,2.3125,22.0,1.0,True
IND560064AAD,IND560043AAC,Carting,night,14,15.0,39.0,121.5,2.6,24.0,1.0,True
IND560067AAC,IND562114AAA,Carting,morning,7,10.0,27.0,48.0,2.7777777777777777,16.0,1.0,True
IND560067AAC,IND562114AAA,Carting,night,10,10.0,26.5,70.0,2.833333333333333,16.5,1.0,True
IND560077AAA,IND560099AAB,Carting,night,1,44.0,152.0,266.0,3.4545454545454546,108.0,1.0,False
IND560078AAC,IND560099AAB,Carting,afternoon,4,25.5,64.5,85.5,2.6735714285714285,40.5,1.0,False
IND560078AAC,IND560099AAB,Carting,evening,3,26.0,93.0,126.0,3.576923076923077,67.0,1.0,False
IND560078AAC,IND560099AAB,Carting,morning,3,19.0,81.0,162.0,3.857142857142857,60.0,1.0,False
IND560078AAC,IND560099AAB,Carting,night,4,23.5,68.0,105.5,3.06280193236715,44.5,1.0,False
IND560078AAC,IND562132AAA,Carting,afternoon,5,43.0,53.0,75.0,1.2325581395348837,10.0,0.8,True
IND560078AAC,IND562132AAA,Carting,morning,1,43.0,58.0,165.0,1.3488372093023255,15.0,1.0,False
IND560078AAC,IND562132AAA,Carting,night,8,42.0,70.5,112.5,1.6600221483942414,28.0,1.0,True
IND560083AAB,IND560058AAD,Carting,night,1,31.0,49.0,82.0,1.5806451612903225,18.0,1.0,False
IND560083AAB,IND562132AAA,Carting,afternoon,14,44.0,92.0,302.0,2.114693446088795,48.5,1.0,True
IND560083AAB,IND562132AAA,Carting,morning,7,43.0,63.0,146.0,1.4,18.0,0.8571428571428571,True
IND560083AAB,IND562132AAA,Carting,night,3,44.0,60.0,131.0,1.3636363636363635,16.0,1.0,False
IND560085AAA,IND562132AAA,Carting,morning,1,33.0,87.0,189.0,2.6363636363636362,54.0,1.0,False
IND560085AAA,IND562132AAA,Carting,night,3,38.0,62.0,108.0,1.7714285714285714,27.0,1.0,False
IND560099AAB,IND000000ACS,Carting,afternoon,1,21.0,33.0,120.0,1.5714285714285714,12.0,1.0,False
IND560099AAB,IND560002AAA,Carting,evening,8,22.5,24.5,95.5,1.0954545454545455,2.0,0.375,False
IND560099AAB,IND560002AAA,Carting,night,10,21.5,54.0,134.5,2.5921052631578947,34.0,1.0,True
IND560099AAB,IND560043AAC,Carting,afternoon,8,30.0,50.5,146.5,1.7923076923076922,22.0,1.0,True
IND560099AAB,IND560043AAC,Carting,evening,9,30.0,39.0,108.0,1.3,9.0,0.6666666666666666,True
IND560099AAB,IND560043AAC,Carting,night,7,32.0,64.0,149.0,2.1333333333333333,34.0,1.0,True
IND560099AAB,IND560048AAB,Carting,afternoon,8,30.0,47.5,170.0,1.6352785145888595,17.5,1.0,True
IND560099AAB,IND560048AAB,Carting,evening,8,30.0,35.5,108.5,1.128125,4.0,0.25,False
IND560099AAB,IND560048AAB,Carting,night,9,34.0,90.0,148.0,2.6470588235294117,56.0,1.0,True
IND560099AAB,IND560058AAB,Carting,afternoon,9,38.0,87.0,192.0,2.5588235294117645,53.0,1.0,True
IND560099AAB,IND560058AAB,Carting,evening,10,36.0,44.0,116.5,1.1907993966817496,7.0,0.5,False
IND560099AAB,IND560058AAB,Carting,night,10,38.5,63.5,133.0,1.6330128205128205,25.0,1.0,True
IND560099AAB,IND560060AAB,Carting,afternoon,3,35.0,76.0,194.0,2.4516129032258065,45.0,1.0,False
IND560099AAB,IND560060AAB,Carting,evening,9,34.0,43.0,112.0,1.2222222222222223,8.0,0.6666666666666666,True
IND560099AAB,IND560060AAB,Carting,night,9,32.0,44.0,128.0,1.375,12.0,0.7777777777777778,True
IND560099AAB,IND560078AAC,Carting,afternoon,5,22.0,39.0,134.0,1.7727272727272727,17.0,1.0,True
IND560099AAB,IND560078AAC,Carting,evening,9,23.0,27.0,86.0,1.2857142857142858,6.0,0.6666666666666666,True
IND560099AAB,IND560078AAC,Carting,night,7,22.0,58.0,117.0,2.6363636363636362,36.0,1.0,True
IND560099AAB,IND560083AAB,Carting,evening,1,18.0,37.0,163.0,2.0555555555555554,19.0,1.0,False
IND560099AAB,IND560085AAA,Carting,evening,4,23.5,39.5,120.5,1.7559288537549407,17.0,1.0,False
IND560099AAB,IND560085AAA,Carting,night,8,20.0,65.5,172.5,3.2730263157894735,46.5,1.0,True
IND560099AAB,IND560300AAA,Carting,afternoon,18,57.0,93.0,186.5,1.6240502630040912,36.5,1.0,True
IND560099AAB,IND560300AAA,Carting,evening,25,56.0,75.0,212.0,1.3333333333333333,18.0,0.8,True
IND560099AAB,IND560300AAA,Carting,morning,23,58.0,144.0,201.0,2.526315789473684,87.0,1.0,True
IND560099AAB,IND560300AAA,Carting,night,15,58.0,159.0,216.0,2.639344262295082,100.0,1.0,True
IND560099AAB,IND562132AAA,Carting,afternoon,20,56.0,109.5,278.5,1.9214901477832513,52.5,0.95,True
IND560099AAB,IND562132AAA,Carting,evening,19,56.0,82.0,316.0,1.4655172413793103,27.0,0.8947368421052632,True
IND560099AAB,IND562132AAA,Carting,morning,9,57.0,121.0,296.0,2.1228070175438596,64.0,1.0,True
IND560099AAB,IND562132AAA,Carting,night,10,57.0,102.0,251.0,1.7968358395989974,45.0,0.9,True
IND560099AAB,IND562132AAA,FTL,evening,5,58.0,69.0,268.0,1.2407407407407407,13.0,0.6,True
IND560099AAB,IND562132AAA,FTL,morning,1,55.0,82.0,153.0,1.490909090909091,27.0,1.0,False
IND560099AAB,IND562132AAA,FTL,night,19,57.0,74.0,203.0,1.3272727272727274,18.0,0.7894736842105263,True
IND560099AAB,IND632006AAA,FTL,afternoon,3,170.0,250.0,269.0,1.4705882352941178,80.0,1.0,False
IND560099AAB,IND632006AAA,FTL,evening,2,169.0,260.0,280.5,1.5393207282913166,91.0,1.0,False
IND560099AAB,IND632006AAA,FTL,morning,3,166.0,222.0,305.0,1.3214285714285714,54.0,1.0,False
IND560099AAB,IND635001AAA,FTL,night,4,68.5,150.5,162.0,2.1180266031367876,79.5,1.0,False
IND560099AAB,IND683511AAA,FTL,afternoon,8,432.0,657.5,767.5,1.5237550485520321,226.0,1.0,True
IND560099AAB,IND683511AAA,FTL,evening,1,433.0,738.0,836.0,1.7043879907621247,305.0,1.0,False
IND560099AAB,IND683511AAA,FTL,night,5,433.0,721.0,802.0,1.6651270207852193,288.0,1.0,True
IND560099AAB,IND683511AAB,FTL,night,1,432.0,709.0,807.0,1.6412037037037037,277.0,1.0,False
IND560099AAG,IND560099AAB,Carting,evening,1,8.0,10.0,342.0,1.25,2.0,1.0,False
IND560300AAA,IND000000ACS,Carting,night,1,44.0,107.0,179.0,2.4318181818181817,63.0,1.0,False
IND560300AAA,IND560002AAA,Carting,evening,13,33.0,35.0,98.0,1.0909090909090908,3.0,0.3076923076923077,False
IND560300AAA,IND560043AAC,Carting,evening,13,32.0,36.0,85.0,1.096774193548387,3.0,0.15384615384615385,False
IND560300AAA,IND560043AAC,Carting,night,9,31.0,54.0,94.0,1.7419354838709677,23.0,1.0,True
IND560300AAA,IND560048AAB,Carting,evening,2,41.5,45.5,83.5,1.095528455284553,4.0,0.0,False
IND560300AAA,IND560058AAB,Carting,afternoon,1,33.0,46.0,138.0,1.393939393939394,13.0,1.0,False
IND560300AAA,IND560058AAB,Carting,evening,13,35.0,39.0,100.0,1.121212121212121,4.0,0.23076923076923078,False
IND560300AAA,IND560058AAB,Carting,night,12,35.0,62.5,102.0,1.7867647058823528,27.5,0.9166666666666666,True
IND560300AAA,IND560078AAC,Carting,afternoon,1,42.0,85.0,172.0,2.0238095238095237,43.0,1.0,False
IND560300AAA,IND560078AAC,Carting,night,8,41.0,117.0,151.0,2.821138211382114,75.5,1.0,True
IND560300AAA,IND560085AAA,Carting,evening,12,38.0,56.0,135.0,1.4541160593792173,17.5,1.0,True
IND560300AAA,IND560099AAB,Carting,afternoon,18,58.0,166.5,218.0,2.8973970944309926,109.0,1.0,True
IND560300AAA,IND560099AAB,Carting,evening,17,58.0,85.0,169.0,1.5517241379310345,31.0,0.7058823529411765,True
IND560300AAA,IND560099AAB,Carting,morning,10,56.0,177.0,209.0,3.170779220779221,120.5,1.0,True
IND560300AAA,IND560099AAB,Carting,night,16,55.5,137.0,226.0,2.5185185185185186,82.0,1.0,True
IND560300AAA,IND562132AAA,Carting,afternoon,13,51.0,82.0,187.0,1.607843137254902,31.0,1.0,True
IND560300AAA,IND562132AAA,Carting,evening,12,51.0,69.5,130.0,1.3768627450980393,19.0,0.9166666666666666,True
IND560300AAA,IND562132AAA,Carting,morning,33,51.0,92.0,180.0,1.82,42.0,1.0,True
IND560300AAA,IND562132AAA,Carting,night,15,52.0,139.0,245.0,2.673076923076923,87.0,1.0,True
IND560300AAA,IND563101AAB,Carting,evening,5,55.0,110.0,194.0,1.9661016949152543,55.0,1.0,True
IND560300AAA,IND563130AAA,Carting,evening,2,47.5,83.5,182.5,1.7593085106382977,36.0,1.0,False
IND560300AAA,IND563131AAB,Carting,evening,1,80.0,122.0,276.0,1.525,42.0,1.0,False
IND560300AAB,IND563101AAB,Carting,evening,9,58.0,100.0,155.0,1.7413793103448276,41.0,1.0,True
IND560300AAB,IND563116AAA,Carting,evening,1,91.0,168.0,278.0,1.8461538461538463,77.0,1.0,False
IND560300AAB,IND563130AAA,Carting,evening,6,46.0,86.0,149.5,1.8917257683215132,41.0,1.0,True
IND561202AAB,IND515134AAA,Carting,morning,1,65.0,131.0,131.0,2.0153846153846153,66.0,1.0,False
IND561202AAB,IND515134AAA,Carting,night,10,64.5,117.0,123.5,1.8046875,52.0,1.0,True
IND561203AAB,IND562101AAA,Carting,night,9,26.0,38.0,58.0,1.52,13.0,1.0,True
IND561207AAB,IND562108AAA,Carting,night,9,46.0,60.0,76.0,1.326086956521739,15.0,0.8888888888888888,True
IND562101AAA,IND561207AAB,Carting,night,8,39.0,44.0,68.5,1.1430499325236168,5.5,0.375,False
IND562108AAA,IND572101AAA,Carting,night,1,58.0,181.0,971.0,3.1206896551724137,123.0,1.0,False
IND562114AAA,IND560048AAB,Carting,morning,7,14.0,49.0,56.0,3.0,33.0,1.0,True
IND562114AAA,IND560048AAB,Carting,night,1,18.0,106.0,138.0,5.888888888888889,88.0,1.0,False
IND562114AAA,IND560067AAC,Carting,night,7,10.0,33.0,92.0,3.4444444444444446,22.0,1.0,True
IND562117AAA,IND562132AAA,FTL,morning,7,90.0,106.0,149.0,1.164835164835165,15.0,0.42857142857142855,False
IND562117AAA,IND562132AAA,FTL,night,3,90.0,97.0,123.0,1.0777777777777777,7.0,0.3333333333333333,False
IND562125AAA,IND000000ACS,Carting,night,1,24.0,171.0,228.0,7.125,147.0,1.0,False
IND562132AAA,IND000000ACB,FTL,afternoon,10,1530.0,2733.0,3127.0,1.7816271025098378,1199.0,1.0,True
IND562132AAA,IND000000ACB,FTL,evening,10,1529.5,2816.0,3166.5,1.8426556470197473,1288.0,1.0,True
IND562132AAA,IND000000ACB,FTL,morning,5,1528.0,2880.0,3171.0,1.8809368900455432,1353.0,1.0,True
IND562132AAA,IND000000ACB,FTL,night,10,1530.0,2838.0,3088.5,1.8542976737832082,1307.5,1.0,True
IND562132AAA,IND000000ACS,Carting,afternoon,2,29.0,55.5,157.0,1.9265232974910393,26.5,1.0,False
IND562132AAA,IND000000ACS,Carting,evening,3,31.0,46.0,138.0,1.7037037037037037,19.0,1.0,False
IND562132AAA,IND000000ACS,Carting,morning,1,30.0,79.0,142.0,2.6333333333333333,49.0,1.0,False
IND562132AAA,IND302014AAA,FTL,evening,7,1366.0,2655.0,2984.0,1.9436310395314789,1289.0,1.0,True
IND562132AAA,IND395023AAA,FTL,evening,1,865.0,1687.0,1946.0,1.9502890173410405,822.0,1.0,False
IND562132AAA,IND411033AAA,FTL,morning,8,630.0,1060.5,1238.5,1.6819947274154274,430.0,1.0,True
IND562132AAA,IND416012AAA,FTL,evening,12,437.5,708.0,1060.0,1.6183087259542543,270.5,1.0,True
IND562132AAA,IND421302AAG,FTL,afternoon,1,730.0,1310.0,1559.0,1.7945205479452055,580.0,1.0,False
IND562132AAA,IND421302AAG,FTL,evening,6,726.5,1231.0,1494.5,1.6944157089211487,504.5,1.0,True
IND562132AAA,IND462022AAA,FTL,morning,4,1031.0,2029.0,2192.0,1.967992240543162,998.0,1.0,False
IND562132AAA,IND462022AAA,FTL,night,3,1032.0,2125.0,2409.0,2.059108527131783,1093.0,1.0,False
IND562132AAA,IND501359AAE,FTL,afternoon,1,425.0,672.0,947.0,1.5811764705882352,247.0,1.0,False
IND562132AAA,IND501359AAE,FTL,evening,1,427.0,863.0,1099.0,2.021077283372365,436.0,1.0,False
IND562132AAA,IND515004AAA,FTL,morning,9,183.0,280.0,386.0,1.5469613259668509,99.0,1.0,True
IND562132AAA,IND518002AAA,FTL,evening,1,284.0,473.0,964.0,1.6654929577464788,189.0,1.0,False
IND562132AAA,IND518002AAA,FTL,night,11,286.0,439.0,540.0,1.534965034965035,153.0,1.0,True
IND562132AAA,IND560002AAA,Carting,afternoon,7,27.0,61.0,145.0,2.3461538461538463,35.0,1.0,True
IND562132AAA,IND560002AAA,Carting,evening,4,28.0,40.0,111.0,1.4563492063492065,12.5,0.75,False
IND562132AAA,IND560002AAA,Carting,morning,2,27.5,87.5,125.0,3.187830687830688,60.0,1.0,False
IND562132AAA,IND560002AAA,Carting,night,8,26.5,86.0,163.0,3.2457264957264957,59.5,1.0,True
IND562132AAA,IND560043AAC,Carting,afternoon,3,35.0,61.0,139.0,1.7941176470588236,27.0,1.0,False
IND562132AAA,IND560043AAC,Carting,evening,5,34.0,48.0,110.0,1.411764705882353,14.0,0.8,True
IND562132AAA,IND560043AAC,Carting,morning,1,33.0,64.0,128.0,1.9393939393939394,31.0,1.0,False
IND562132AAA,IND560043AAC,Carting,night,6,34.0,76.5,140.0,2.226827094474153,41.5,1.0,True
IND562132AAA,IND560048AAB,Carting,afternoon,1,40.0,77.0,142.0,1.925,37.0,1.0,False
IND562132AAA,IND560048AAB,Carting,evening,5,39.0,60.0,123.0,1.5,20.0,0.8,True
IND562132AAA,IND560048AAB,Carting,morning,1,38.0,103.0,170.0,2.710526315789474,65.0,1.0,False
IND562132AAA,IND560048AAB,Carting,night,4,40.0,97.5,158.0,2.4375,57.5,1.0,False
IND562132AAA,IND560058AAB,Carting,afternoon,2,16.0,21.0,86.0,1.3492063492063493,5.0,0.5,False
IND562132AAA,IND560058AAB,Carting,evening,2,16.5,19.5,83.5,1.2980769230769231,5.5,0.5,False
IND562132AAA,IND560058AAB,Carting,morning,4,16.0,29.5,78.0,1.8928571428571428,13.5,1.0,False
IND562132AAA,IND560058AAB,Carting,night,5,17.0,38.0,136.0,2.3333333333333335,21.0,0.8,True
IND562132AAA,IND560058AAD,Carting,afternoon,1,19.0,25.0,868.0,1.3157894736842106,6.0,1.0,False
IND562132AAA,IND560058AAD,Carting,evening,13,20.0,25.0,281.0,1.25,5.0,0.6153846153846154,True
IND562132AAA,IND560058AAD,Carting,morning,15,20.0,43.0,287.0,2.1,22.0,1.0,True
IND562132AAA,IND560058AAD,Carting,night,13,20.0,37.0,187.0,1.85,17.0,1.0,True
IND562132AAA,IND560060AAB,Carting,afternoon,2,28.0,45.0,141.5,1.6071428571428572,17.0,1.0,False
IND562132AAA,IND560060AAB,Carting,evening,6,29.0,39.5,84.0,1.3620689655172415,10.5,1.0,True
IND562132AAA,IND560060AAB,Carting,morning,1,27.0,38.0,91.0,1.4074074074074074,11.0,1.0,False
IND562132AAA,IND560060AAB,Carting,night,7,28.0,56.0,101.0,2.0,28.0,1.0,True
IND562132AAA,IND560066AAB,Carting,afternoon,1,43.0,132.0,269.0,3.0697674418604652,89.0,1.0,False
IND562132AAA,IND560066AAB,Carting,evening,1,43.0,70.0,307.0,1.627906976744186,27.0,1.0,False
IND562132AAA,IND560078AAC,Carting,afternoon,3,31.0,74.0,156.0,2.3870967741935485,43.0,1.0,False
IND562132AAA,IND560078AAC,Carting,evening,7,31.0,50.0,113.0,1.59375,19.0,1.0,True
IND562132AAA,IND560078AAC,Carting,morning,1,31.0,85.0,136.0,2.7419354838709675,54.0,1.0,False
IND562132AAA,IND560078AAC,Carting,night,10,31.0,71.0,138.0,2.25,39.5,1.0,True
IND562132AAA,IND560083AAB,Carting,evening,13,39.0,62.0,321.0,1.5121951219512195,21.0,1.0,True
IND562132AAA,IND560083AAB,Carting,morning,13,40.0,65.0,268.0,1.625,25.0,1.0,True
IND562132AAA,IND560083AAB,Carting,night,13,40.0,55.0,252.0,1.375,15.0,0.9230769230769231,True
IND562132AAA,IND560085AAA,Carting,evening,10,31.0,53.0,178.0,1.9310344827586206,25.0,1.0,True
IND562132AAA,IND560085AAA,Carting,night,1,27.0,99.0,147.0,3.6666666666666665,72.0,1.0,False
IND562132AAA,IND560099AAB,Carting,afternoon,14,52.0,88.5,262.5,1.7025925925925924,36.5,1.0,True
IND562132AAA,IND560099AAB,Carting,evening,17,52.0,84.0,245.0,1.66,33.0,1.0,True
IND562132AAA,IND560099AAB,Carting,morning,15,51.0,93.0,291.0,1.9375,45.0,1.0,True
IND562132AAA,IND560099AAB,Carting,night,17,51.0,90.0,240.0,1.6981132075471699,37.0,1.0,True
IND562132AAA,IND560099AAB,FTL,afternoon,9,49.0,74.0,211.0,1.510204081632653,24.0,1.0,True
IND562132AAA,IND560099AAB,FTL,evening,14,51.5,73.0,234.0,1.422222222222222,21.0,0.9285714285714286,True
IND562132AAA,IND560099AAB,FTL,morning,10,50.5,87.0,361.5,1.6698113207547172,35.5,1.0,True
IND562132AAA,IND560099AAB,FTL,night,4,52.5,76.0,285.5,1.5094562647754137,25.5,1.0,False
IND562132AAA,IND560300AAA,Carting,afternoon,23,48.0,83.0,153.0,1.6734693877551021,33.0,1.0,True
IND562132AAA,IND560300AAA,Carting,evening,33,48.0,70.0,144.0,1.4583333333333333,22.0,0.9393939393939394,True
IND562132AAA,IND560300AAA,Carting,morning,32,48.5,98.5,187.0,2.0310374149659864,50.0,1.0,True
IND562132AAA,IND560300AAA,Carting,night,12,48.0,108.5,198.5,2.2142857142857144,59.5,1.0,True
IND562132AAA,IND570020AAA,FTL,afternoon,6,152.5,198.0,372.0,1.3048245614035088,46.5,1.0,True
IND562132AAA,IND570020AAA,FTL,evening,3,152.0,220.0,341.0,1.4473684210526316,68.0,1.0,False
IND562132AAA,IND572101AAA,Carting,evening,3,57.0,68.0,132.0,1.1929824561403508,11.0,0.3333333333333333,False
IND562132AAA,IND573201AAB,FTL,afternoon,7,132.0,205.0,355.0,1.553030303030303,73.0,1.0,True
IND562132AAA,IND573201AAB,FTL,morning,9,134.0,197.0,357.0,1.481203007518797,64.0,1.0,True
IND562132AAA,IND577002AAA,FTL,afternoon,1,190.0,300.0,741.0,1.5789473684210527,110.0,1.0,False
IND562132AAA,IND577501AAA,FTL,evening,1,151.0,255.0,628.0,1.6887417218543046,104.0,1.0,False
IND562132AAA,IND577598AAC,FTL,afternoon,5,118.0,194.0,645.0,1.6440677966101696,76.0,1.0,True
IND562132AAA,IND577598AAC,FTL,evening,5,117.0,194.0,551.0,1.641025641025641,76.0,1.0,True
IND562132AAA,IND580028AAA,FTL,afternoon,1,287.0,608.0,1071.0,2.1184668989547037,321.0,1.0,False
IND562132AAA,IND583101AAA,FTL,afternoon,10,219.5,323.0,623.5,1.4895566181264943,105.0,1.0,True
IND562132AAA,IND600056AAB,FTL,morning,2,243.0,484.5,616.5,1.9938524590163933,241.5,1.0,False
IND562132AAA,IND600056AAB,FTL,night,7,242.0,473.0,739.0,1.9545454545454546,231.0,1.0,True
IND562132AAA,IND683511AAA,FTL,evening,1,427.0,1032.0,1197.0,2.4168618266978923,605.0,1.0,False
IND562132AAA,IND683511AAA,FTL,morning,1,441.0,923.0,1338.0,2.0929705215419503,482.0,1.0,False
IND562132AAA,IND712311AAA,FTL,afternoon,2,1369.5,3175.0,3616.0,2.3183995990466695,1805.5,1.0,False
IND562132AAA,IND712311AAA,FTL,morning,1,1371.0,2778.0,3553.0,2.026258205689278,1407.0,1.0,False
IND562132AAA,IND751002AAB,FTL,afternoon,9,1047.0,2216.0,2631.0,2.118546845124283,1170.0,1.0,True
IND562132AAA,IND751002AAB,FTL,evening,1,1047.0,2159.0,2429.0,2.0620821394460362,1112.0,1.0,False
IND562132AAA,IND751002AAB,FTL,morning,2,1047.5,2206.0,3005.0,2.10592104303827,1158.5,1.0,False
IND562159AAA,IND562117AAA,FTL,night,11,27.0,52.0,81.0,1.9259259259259258,25.0,1.0,True
IND563101AAB,IND563125AAB,Carting,night,1,36.0,54.0,72.0,1.5,18.0,1.0,False
IND563101AAB,IND563131AAA,Carting,night,11,24.0,37.0,76.0,1.565217391304348,13.0,1.0,True
IND563116AAA,IND563131AAB,Carting,night,10,18.0,32.5,98.0,1.9166666666666665,15.0,1.0,True
IND563125AAB,IND560300AAA,Carting,night,3,53.0,204.0,227.0,3.849056603773585,151.0,1.0,False
IND563125AAB,IND560300AAB,Carting,night,9,48.0,206.0,613.0,3.9615384615384617,154.0,1.0,True
IND563130AAA,IND563131AAB,Carting,night,8,33.0,46.5,91.5,1.4090909090909092,13.5,1.0,True
IND563131AAA,IND563125AAB,Carting,night,11,43.0,79.0,91.0,1.8372093023255813,36.0,1.0,True
IND563131AAB,IND560300AAA,Carting,morning,1,77.0,184.0,204.0,2.3896103896103895,107.0,1.0,False
IND563131AAB,IND560300AAA,Carting,night,2,79.5,115.5,125.0,1.4521360759493671,36.0,1.0,False
IND563131AAB,IND560300AAB,Carting,night,2,78.0,146.5,504.0,1.8753289473684212,68.5,1.0,False
IND563131AAB,IND563116AAA,Carting,night,12,18.0,34.0,66.5,1.8888888888888888,16.0,1.0,True
IND570020AAA,IND571301AAA,FTL,night,7,22.0,60.0,136.0,2.95,39.0,1.0,True
IND570020AAA,IND571430AAA,FTL,night,1,50.0,173.0,197.0,3.46,123.0,1.0,False
IND570020AAA,IND571602AAA,FTL,night,9,34.0,83.0,114.0,2.4411764705882355,49.0,1.0,True
IND571104AAA,IND577598AAB,FTL,night,11,20.0,37.0,52.0,1.9473684210526316,18.0,1.0,True
IND571105AAA,IND571213AAA,FTL,night,8,39.0,68.0,84.5,1.721794871794872,28.5,1.0,True
IND571111AAB,IND571313AAB,FTL,night,7,31.0,53.0,62.0,1.7096774193548387,22.0,1.0,True
IND571114AAA,IND570020AAA,FTL,morning,6,52.0,213.0,438.5,4.13499245852187,161.5,1.0,True
IND571124AAA,IND570020AAA,FTL,morning,8,30.0,138.5,349.0,5.096666666666667,111.0,1.0,True
IND571213AAA,IND571114AAA,FTL,night,6,67.0,106.5,134.5,1.58955223880597,39.5,1.0,True
IND571301AAA,IND571111AAB,FTL,night,6,23.5,47.0,64.5,1.914855072463768,22.0,1.0,True
IND571313AAB,IND571440AAA,FTL,morning,5,46.0,64.0,83.0,1.3617021276595744,17.0,1.0,True
IND571313AAB,IND571440AAA,FTL,night,2,45.5,52.5,73.5,1.1518375241779497,7.0,0.5,False
IND571401AAA,IND562160AAB,FTL,night,10,47.0,47.0,71.5,0.9891304347826086,0.0,0.0,False
IND571426AAA,IND571104AAA,FTL,night,10,80.0,151.0,158.5,1.9112179487179488,72.0,1.0,True
IND571430AAA,IND571124AAA,FTL,morning,7,34.0,47.0,59.0,1.4242424242424243,14.0,1.0,True
IND571432AAB,IND571426AAA,FTL,night,11,37.0,49.0,65.0,1.3125,11.0,0.8181818181818182,True
IND571438AAB,IND571401AAA,FTL,night,9,31.0,40.0,46.0,1.2580645161290323,8.0,0.6666666666666666,True
IND571440AAA,IND571430AAA,FTL,morning,7,50.0,53.0,63.0,1.06,3.0,0.14285714285714285,False
IND572101AAA,IND561203AAB,Carting,evening,5,42.0,82.0,116.0,2.0,41.0,1.0,True
IND572101AAA,IND561203AAB,Carting,night,3,43.0,91.0,122.0,2.116279069767442,48.0,1.0,False
IND572201AAB,IND573201AAB,FTL,night,2,50.5,98.5,119.5,1.9498039215686274,48.0,1.0,False
IND572201AAB,IND577116AAA,FTL,night,1,52.0,97.0,117.0,1.8653846153846154,45.0,1.0,False
IND573103AAA,IND572201AAB,FTL,night,2,17.5,30.0,31.0,1.7107843137254901,12.5,1.0,False
IND573103AAA,IND577116AAA,FTL,night,2,35.0,46.0,61.5,1.3453919035314383,11.0,1.0,False
IND573116AAA,IND571426AAA,FTL,evening,1,29.0,162.0,195.0,5.586206896551724,133.0,1.0,False
IND573116AAA,IND571432AAB,FTL,evening,7,44.0,74.0,105.0,1.7619047619047619,32.0,1.0,True
IND573116AAA,IND573142AAA,FTL,night,1,54.0,126.0,145.0,2.3333333333333335,72.0,1.0,False
IND573134AAB,IND573201AAB,FTL,night,8,32.5,67.0,90.5,2.09375,35.0,1.0,True
IND573134AAB,IND577101AAA,FTL,night,1,54.0,92.0,164.0,1.7037037037037037,38.0,1.0,False
IND573142AAA,IND573201AAB,FTL,morning,11,39.0,71.0,95.0,1.868421052631579,33.0,1.0,True
IND573201AAB,IND572201AAB,FTL,evening,4,50.0,77.5,138.5,1.55,27.5,1.0,False
IND573201AAB,IND573103AAA,FTL,evening,3,40.0,114.0,235.0,2.85,74.0,1.0,False
IND573201AAB,IND573116AAA,FTL,evening,9,30.0,69.0,105.0,2.090909090909091,36.0,1.0,True
IND573201AAB,IND573134AAB,FTL,evening,3,32.0,52.0,177.0,1.6774193548387097,21.0,1.0,False
IND573201AAB,IND575004AAB,FTL,afternoon,7,124.0,406.0,455.0,3.274193548387097,282.0,1.0,True
IND573201AAB,IND575004AAB,FTL,evening,7,125.0,367.0,408.0,2.8897637795275593,240.0,1.0,True
IND574104AAA,IND574216AAA,Carting,night,10,46.5,90.5,109.5,1.9673913043478262,44.5,1.0,True
IND574117AAA,IND576101AAA,FTL,night,2,22.0,36.5,37.5,1.6614906832298137,14.5,1.0,False
IND574117AAA,IND576201AAA,FTL,night,1,42.0,127.0,128.0,3.0238095238095237,85.0,1.0,False
IND574202AAA,IND574239AAA,FTL,night,6,31.0,50.0,69.5,1.5620723362658846,18.0,1.0,True
IND574211AAA,IND574202AAA,FTL,night,5,19.0,47.0,52.0,2.473684210526316,28.0,1.0,True
IND574211AAA,IND574216AAA,FTL,night,1,28.0,81.0,92.0,2.892857142857143,53.0,1.0,False
IND574216AAA,IND562132AAA,FTL,morning,1,220.0,433.0,440.0,1.9681818181818183,213.0,1.0,False
IND574216AAA,IND575004AAB,Carting,night,4,47.0,110.5,129.5,2.3769657724329325,64.0,1.0,False
IND574221AAA,IND562132AAA,FTL,night,6,215.0,553.0,567.0,2.5841904138006333,339.0,1.0,True
IND574227AAA,IND574104AAA,Carting,night,9,14.0,25.0,35.0,1.7857142857142858,11.0,1.0,True
IND574239AAA,IND574221AAA,FTL,night,7,35.0,53.0,55.0,1.5128205128205128,18.0,1.0,True
IND575004AAB,IND562132AAA,FTL,evening,1,250.0,590.0,713.0,2.36,340.0,1.0,False
IND575004AAB,IND562132AAA,FTL,night,3,250.0,551.0,586.0,2.204,301.0,1.0,False
IND575004AAB,IND574117AAA,FTL,afternoon,3,30.0,69.0,533.0,2.3448275862068964,39.0,1.0,False
IND575004AAB,IND574117AAA,FTL,evening,2,31.0,81.0,449.0,2.59375,50.0,1.0,False
IND575004AAB,IND574211AAA,FTL,evening,3,17.0,32.0,89.0,1.8823529411764706,15.0,1.0,False
IND575004AAB,IND574211AAA,FTL,night,5,17.0,37.0,101.0,2.176470588235294,20.0,1.0,True
IND575004AAB,IND574227AAA,Carting,evening,1,32.0,70.0,118.0,2.1875,38.0,1.0,False
IND575004AAB,IND574227AAA,Carting,night,1,27.0,56.0,95.0,2.074074074074074,29.0,1.0,False
IND575004AAB,IND575014AAA,FTL,afternoon,2,18.5,46.5,522.5,2.5175438596491224,28.0,1.0,False
IND575004AAB,IND576101AAA,FTL,afternoon,1,50.0,104.0,497.0,2.08,54.0,1.0,False
IND575004AAB,IND671323AAD,FTL,afternoon,1,26.0,38.0,494.0,1.4615384615384615,12.0,1.0,False
IND575004AAB,IND671323AAD,FTL,evening,1,27.0,47.0,399.0,1.7407407407407407,20.0,1.0,False
IND575004AAB,IND671323AAD,FTL,night,1,26.0,50.0,72.0,1.9230769230769231,24.0,1.0,False
IND575014AAA,IND403726AAA,FTL,night,1,293.0,513.0,518.0,1.7508532423208192,220.0,1.0,False
IND576101AAA,IND576201AAA,FTL,morning,1,31.0,45.0,70.0,1.4516129032258065,14.0,1.0,False
IND576101AAA,IND576201AAA,FTL,night,2,30.0,50.5,69.5,1.6833333333333333,20.5,1.0,False
IND576201AAA,IND581320AAA,FTL,morning,1,38.0,101.0,104.0,2.6578947368421053,63.0,1.0,False
IND576201AAA,IND581320AAA,FTL,night,3,36.0,74.0,94.0,2.027027027027027,38.0,1.0,False
IND577002AAA,IND580028AAA,FTL,morning,11,101.0,163.0,227.0,1.613861386138614,62.0,1.0,True
IND577002AAA,IND581110AAE,Carting,evening,1,52.0,126.0,191.0,2.423076923076923,74.0,1.0,False
IND577002AAA,IND581115AAC,Carting,evening,11,30.0,86.0,137.0,2.838709677419355,56.0,1.0,True
IND577002AAA,IND581115AAC,Carting,morning,1,29.0,50.0,82.0,1.7241379310344827,21.0,1.0,False
IND577101AAA,IND577116AAA,FTL,night,1,46.0,51.0,53.0,1.108695652173913,5.0,0.0,False
IND577101AAA,IND577132AAD,FTL,night,5,21.0,45.0,52.0,2.1363636363636362,24.0,1.0,True
IND577116AAA,IND577101AAA,FTL,night,3,40.0,42.0,46.0,0.925,0.0,0.0,False
IND577126AAA,IND577201AAA,FTL,night,1,65.0,176.0,514.0,2.707692307692308,111.0,1.0,False
IND577132AAD,IND573134AAB,FTL,night,7,32.0,63.0,71.0,1.9090909090909092,30.0,1.0,True
IND577201AAA,IND562132AAA,FTL,night,10,214.5,384.0,482.5,1.7943925233644862,170.0,1.0,True
IND577201AAA,IND577432AAA,FTL,night,1,45.0,106.0,118.0,2.3555555555555556,61.0,1.0,False
IND577401AAA,IND562132AAA,FTL,night,1,298.0,674.0,815.0,2.261744966442953,376.0,1.0,False
IND577401AAA,IND577201AAA,FTL,night,7,88.0,99.0,100.0,1.125,11.0,0.14285714285714285,False
IND577432AAA,IND577126AAA,FTL,night,1,20.0,42.0,54.0,2.1,22.0,1.0,False
IND577501AAA,IND577002AAA,FTL,morning,7,45.0,73.0,105.0,1.6222222222222222,28.0,1.0,True
IND577501AAA,IND577002AAA,FTL,night,3,43.0,82.0,136.0,1.8222222222222222,37.0,1.0,False
IND577522AAA,IND562132AAA,FTL,night,10,140.0,209.0,234.5,1.4928571428571429,69.0,1.0,True
IND577535AAC,IND577522AAA,FTL,night,10,39.0,62.0,76.0,1.5823717948717948,23.0,1.0,True
IND577598AAB,IND573142AAA,FTL,morning,4,57.0,114.5,125.5,2.0087719298245617,57.5,1.0,False
IND577598AAB,IND573142AAA,FTL,night,7,56.0,100.0,124.0,1.7321428571428572,41.0,1.0,True
IND577598AAC,IND577501AAA,FTL,night,11,32.0,59.0,78.0,1.8387096774193548,26.0,1.0,True
IND580002AAA,IND580028AAA,FTL,morning,2,20.5,112.5,175.5,4.979166666666666,92.0,1.0,False
IND580028AAA,IND403726AAA,FTL,morning,13,141.0,341.0,563.0,2.4532374100719423,202.0,1.0,True
IND580028AAA,IND562132AAA,FTL,afternoon,1,285.0,513.0,567.0,1.8,228.0,1.0,False
IND580028AAA,IND580002AAA,FTL,afternoon,1,21.0,72.0,618.0,3.4285714285714284,51.0,1.0,False
IND580028AAA,IND580002AAA,FTL,morning,4,21.5,323.5,850.5,14.778138528138527,302.0,1.0,False
IND580028AAA,IND581402AAA,FTL,afternoon,13,83.0,120.0,604.0,1.4216867469879517,35.0,1.0,True
IND580028AAA,IND581402AAA,FTL,morning,2,83.0,122.5,762.5,1.4759036144578312,39.5,1.0,False
IND580028AAA,IND590016AAA,FTL,afternoon,4,74.0,159.5,756.5,2.1542342342342344,85.5,1.0,False
IND580028AAA,IND590016AAA,FTL,morning,3,74.0,170.0,1048.0,2.2972972972972974,96.0,1.0,False
IND580028AAA,IND591115AAB,FTL,afternoon,2,44.0,79.0,484.5,1.7948320413436694,35.0,1.0,False
IND580028AAA,IND591115AAB,FTL,evening,1,43.0,78.0,157.0,1.813953488372093,35.0,1.0,False
IND580028AAA,IND591115AAB,FTL,morning,1,44.0,75.0,870.0,1.7045454545454546,31.0,1.0,False
IND580028AAA,IND591123AAC,FTL,afternoon,6,87.0,163.0,510.5,1.8735632183908044,76.0,1.0,True
IND580028AAA,IND591123AAC,FTL,morning,7,87.0,175.0,757.0,2.0114942528735633,88.0,1.0,True
IND581110AAE,IND577002AAA,Carting,night,2,58.0,124.0,194.5,2.1445138269402317,66.0,1.0,False
IND581110AAE,IND581119AAB,Carting,night,11,43.0,82.0,111.0,1.8636363636363635,38.0,1.0,True
IND581115AAC,IND581110AAE,Carting,afternoon,1,26.0,52.0,63.0,2.0,26.0,1.0,False
IND581115AAC,IND581110AAE,Carting,evening,1,25.0,44.0,102.0,1.76,19.0,1.0,False
IND581115AAC,IND581110AAE,Carting,night,11,26.0,45.0,71.0,1.7307692307692308,19.0,1.0,True
IND581119AAB,IND577002AAA,Carting,night,10,45.0,80.5,95.5,1.7958656330749352,35.0,1.0,True
IND581303AAA,IND581325AAA,FTL,night,2,94.0,140.0,166.5,1.4893617021276595,46.0,1.0,False
IND581303AAA,IND581400AAB,FTL,night,12,44.5,52.5,69.5,1.3659156976744184,13.5,0.5833333333333334,True
IND581314AAA,IND403726AAA,FTL,afternoon,1,113.0,183.0,185.0,1.6194690265486726,70.0,1.0,False
IND581314AAA,IND403726AAA,FTL,morning,8,113.5,207.0,212.0,1.8307254623044096,93.5,1.0,True
IND581314AAA,IND581334AAA,FTL,morning,1,56.0,85.0,110.0,1.5178571428571428,29.0,1.0,False
IND581320AAA,IND575004AAB,FTL,afternoon,1,111.0,259.0,262.0,2.3333333333333335,148.0,1.0,False
IND581320AAA,IND581334AAA,FTL,morning,2,37.0,57.5,80.0,1.5584795321637426,20.5,1.0,False
IND581320AAA,IND581334AAA,FTL,night,2,38.0,74.0,97.0,1.9473684210526314,36.0,1.0,False
IND581325AAA,IND580028AAA,FTL,morning,9,68.0,133.0,172.0,1.9275362318840579,64.0,1.0,True
IND581325AAA,IND580028AAA,FTL,night,5,68.0,130.0,221.0,1.911764705882353,62.0,1.0,True
IND581334AAA,IND581314AAA,FTL,afternoon,1,50.0,96.0,108.0,1.92,46.0,1.0,False
IND581334AAA,IND581314AAA,FTL,morning,1,51.0,81.0,94.0,1.588235294117647,30.0,1.0,False
IND581334AAA,IND581314AAA,FTL,night,1,52.0,99.0,111.0,1.9038461538461537,47.0,1.0,False
IND581334AAA,IND581320AAA,FTL,afternoon,1,31.0,47.0,47.0,1.5161290322580645,16.0,1.0,False
IND581334AAA,IND581343AAC,FTL,morning,2,20.0,45.0,50.5,2.2656641604010024,25.0,1.0,False
IND581343AAC,IND581314AAA,FTL,morning,6,32.5,54.5,63.5,1.7288306451612905,23.0,0.8333333333333334,True
IND581400AAB,IND581325AAA,FTL,night,12,108.0,114.0,128.5,1.1727272727272728,19.0,0.5,False
IND581402AAA,IND577201AAA,FTL,night,1,128.0,224.0,244.0,1.75,96.0,1.0,False
IND581402AAA,IND577401AAA,FTL,night,9,72.0,114.0,140.0,1.625,44.0,1.0,True
IND582101AAB,IND580028AAA,FTL,night,12,46.0,136.5,266.0,3.0002415458937195,91.0,1.0,True
IND582209AAA,IND582101AAB,FTL,night,11,37.0,78.0,84.0,2.111111111111111,41.0,1.0,True
IND583101AAA,IND577535AAC,FTL,evening,5,43.0,84.0,150.0,1.9534883720930232,41.0,1.0,True
IND583101AAA,IND577535AAC,FTL,night,5,43.0,78.0,160.0,1.813953488372093,35.0,1.0,True
IND583101AAA,IND583201AAA,FTL,evening,1,47.0,167.0,174.0,3.5531914893617023,120.0,1.0,False
IND583101AAA,IND583201AAA,FTL,night,10,46.0,118.0,149.5,2.5942028985507246,72.5,1.0,True
IND583119AAA,IND583101AAA,FTL,night,7,44.0,182.0,284.0,4.232558139534884,139.0,1.0,True
IND583201AAA,IND583101AAA,FTL,night,1,45.0,127.0,424.0,2.8222222222222224,82.0,1.0,False
IND583201AAA,IND583119AAA,FTL,night,7,27.0,63.0,88.0,2.3333333333333335,36.0,1.0,True
IND583201AAA,IND583227AAA,Carting,night,11,30.0,60.0,79.0,2.0,30.0,1.0,True
IND583227AAA,IND583231AAA,Carting,morning,1,39.0,76.0,85.0,1.9487179487179487,37.0,1.0,False
IND583227AAA,IND583231AAA,Carting,night,9,39.0,65.0,79.0,1.6666666666666667,26.0,1.0,True
IND583231AAA,IND583201AAA,Carting,morning,1,22.0,48.0,118.0,2.1818181818181817,26.0,1.0,False
IND583231AAA,IND583201AAA,Carting,night,9,22.0,53.0,86.0,2.409090909090909,31.0,1.0,True
IND584101AAA,IND509124AAA,FTL,evening,3,55.0,84.0,143.0,1.5,28.0,1.0,False
IND584101AAA,IND509124AAA,FTL,night,6,56.0,82.0,131.5,1.4775974025974026,26.5,1.0,True
IND584101AAA,IND518002AAA,FTL,night,1,91.0,346.0,388.0,3.802197802197802,255.0,1.0,False
IND584101AAA,IND584123AAA,Carting,night,2,43.0,66.5,107.0,1.5465116279069768,23.5,1.0,False
IND584123AAA,IND584128AAA,Carting,night,1,36.0,52.0,64.0,1.4444444444444444,16.0,1.0,False
IND584128AAA,IND583121AAA,Carting,night,2,22.5,50.0,70.5,2.224308300395257,27.5,1.0,False
IND585104AAA,IND585211AAA,Carting,night,11,38.0,73.0,110.0,1.9210526315789473,35.0,1.0,True
IND585104AAA,IND585307AAB,Carting,night,4,66.0,100.0,129.0,1.5151515151515151,34.0,1.0,False
IND585104AAA,IND585314AAA,Carting,night,4,38.5,70.0,123.5,1.8421052631578947,32.0,1.0,False
IND585104AAA,IND585330AAE,FTL,evening,14,43.0,79.0,223.5,1.8372093023255813,36.0,1.0,True
IND585104AAA,IND586128AAA,Carting,night,9,73.0,142.0,187.0,1.9324324324324325,69.0,1.0,True
IND585211AAA,IND585104AAA,Carting,morning,2,38.0,148.0,581.0,3.8475398475398475,110.0,1.0,False
IND585211AAA,IND585104AAA,Carting,night,1,38.0,84.0,512.0,2.210526315789474,46.0,1.0,False
IND585211AAA,IND585222AAA,Carting,night,11,24.0,36.0,61.0,1.5,12.0,1.0,True
IND585222AAA,IND585211AAA,Carting,night,4,26.0,36.0,62.5,1.4123076923076923,10.5,0.75,False
IND585222AAA,IND585307AAB,Carting,night,11,36.0,57.0,94.0,1.5405405405405406,20.0,1.0,True
IND585307AAB,IND585104AAA,Carting,morning,4,66.5,264.5,558.5,4.007575757575758,198.5,1.0,False
IND585307AAB,IND585104AAA,Carting,night,7,67.0,288.0,602.0,4.430769230769231,223.0,1.0,True
IND585307AAB,IND585222AAA,Carting,night,4,37.0,51.5,68.5,1.4106606606606606,15.0,1.0,False
IND585314AAA,IND585104AAA,Carting,morning,9,37.0,193.0,432.0,5.282051282051282,157.0,1.0,True
IND585314AAA,IND586211AAA,Carting,night,3,97.0,188.0,197.0,1.9381443298969072,91.0,1.0,False
IND585330AAE,IND585401AAA,FTL,morning,1,34.0,60.0,107.0,1.7647058823529411,26.0,1.0,False
IND585330AAE,IND585401AAA,FTL,night,14,34.0,64.0,99.5,1.8823529411764706,30.0,1.0,True
IND585401AAA,IND502286AAB,FTL,morning,1,41.0,92.0,98.0,2.2439024390243905,51.0,1.0,False
IND585401AAA,IND502286AAB,FTL,night,14,42.0,105.0,120.5,2.4642857142857144,63.5,1.0,True
IND586101AAA,IND416404AAA,FTL,night,4,44.5,102.0,148.5,2.2519762845849804,56.5,1.0,False
IND586101AAB,IND416404AAA,FTL,night,2,44.0,88.5,117.0,2.0113636363636367,44.5,1.0,False
IND586128AAA,IND585104AAA,Carting,morning,4,73.0,222.0,496.5,3.0410958904109586,149.0,1.0,False
IND586128AAA,IND586211AAA,Carting,night,9,47.0,76.0,90.0,1.6595744680851063,31.0,1.0,True
IND586211AAA,IND585314AAA,Carting,night,9,97.0,178.0,190.0,1.8350515463917525,81.0,1.0,True
IND586211AAA,IND586128AAA,Carting,morning,2,47.5,87.5,93.5,1.8426418439716312,40.0,1.0,False
IND586211AAA,IND586128AAA,Carting,night,1,47.0,78.0,109.0,1.6595744680851063,31.0,1.0,False
IND587103AAB,IND582101AAB,FTL,night,2,92.0,199.0,242.5,2.1630434782608696,107.0,1.0,False
IND587103AAB,IND582209AAA,FTL,night,12,61.0,116.0,168.0,1.901639344262295,55.0,1.0,True
IND590016AAA,IND591302AAB,FTL,night,3,32.0,45.0,81.0,1.4516129032258065,14.0,1.0,False
IND591102AAA,IND591307AAC,FTL,night,12,42.0,84.5,103.0,2.0375,42.5,1.0,True
IND591115AAB,IND590016AAA,FTL,evening,2,30.5,57.5,107.0,1.8849462365591398,27.0,1.0,False
IND591115AAB,IND590016AAA,FTL,night,2,30.5,54.5,68.5,1.7870967741935484,24.0,1.0,False
IND591123AAC,IND587103AAB,FTL,evening,13,52.0,87.0,116.0,1.7058823529411764,36.0,1.0,True
IND591126AAA,IND591102AAA,FTL,night,1,30.0,49.0,55.0,1.6333333333333333,19.0,1.0,False
IND591201AAA,IND591304AAA,FTL,evening,1,61.0,87.0,106.0,1.4262295081967213,26.0,1.0,False
IND591201AAA,IND591304AAA,FTL,night,7,60.0,88.0,100.0,1.4426229508196722,27.0,1.0,True
IND591237AAB,IND591201AAA,FTL,evening,1,21.0,25.0,38.0,1.1904761904761905,4.0,0.0,False
IND591302AAB,IND580028AAA,FTL,night,5,81.0,150.0,268.0,1.8518518518518519,69.0,1.0,True
IND591304AAA,IND586101AAA,FTL,night,8,67.0,99.5,116.0,1.5010332950631458,33.0,1.0,True
IND591304AAA,IND586101AAB,FTL,night,2,66.0,98.5,110.0,1.4924242424242424,32.5,1.0,False
IND591307AAC,IND580002AAA,FTL,night,2,89.0,224.5,238.5,2.5224719101123596,135.5,1.0,False
IND591307AAC,IND580028AAA,FTL,night,2,109.5,287.5,371.0,2.624854045037531,178.0,1.0,False
IND600004AAA,IND600008AAC,Carting,morning,2,13.5,78.5,233.5,5.826923076923077,65.0,1.0,False
IND600008AAA,IND600044AAC,Carting,afternoon,11,37.0,82.0,139.0,2.2162162162162162,45.0,1.0,True
IND600008AAC,IND600004AAA,Carting,night,1,14.0,33.0,173.0,2.357142857142857,19.0,1.0,False
IND600008AAC,IND600056AAB,Carting,evening,2,37.5,133.0,176.5,3.5291607396870557,95.5,1.0,False
IND600008AAC,IND600056AAB,Carting,morning,2,37.5,88.0,111.0,2.34601706970128,50.5,1.0,False
IND600008AAC,IND600056AAB,Carting,night,7,37.0,92.0,119.0,2.4864864864864864,55.0,1.0,True
IND600016AAA,IND600119AAA,Carting,morning,4,26.0,44.0,67.0,1.9545454545454546,21.0,1.0,False
IND600016AAB,IND600044AAC,Carting,afternoon,17,33.0,69.0,121.0,2.0303030303030303,35.0,1.0,True
IND600016AAB,IND600044AAC,Carting,evening,1,30.0,52.0,69.0,1.7333333333333334,22.0,1.0,False
IND600016AAC,IND600056AAB,Carting,morning,1,33.0,74.0,117.0,2.242424242424242,41.0,1.0,False
IND600016AAC,IND600119AAA,Carting,evening,5,32.0,49.0,211.0,1.59375,19.0,0.8,True
IND600016AAC,IND600119AAA,Carting,morning,1,32.0,100.0,138.0,3.125,68.0,1.0,False
IND600032AAB,IND600008AAC,Carting,morning,1,8.0,48.0,50.0,6.0,40.0,1.0,False
IND600032AAB,IND600044AAD,Carting,afternoon,3,10.0,26.0,62.0,2.6,16.0,1.0,False
IND600032AAB,IND600044AAD,Carting,evening,5,11.0,14.0,59.0,1.2727272727272727,3.0,0.6,True
IND600032AAB,IND600044AAD,Carting,morning,1,11.0,23.0,45.0,2.090909090909091,12.0,1.0,False
IND600032AAB,IND600044AAD,Carting,night,3,10.0,17.0,54.0,1.7,7.0,1.0,False
IND600032AAB,IND600056AAB,Carting,afternoon,12,33.0,55.5,103.5,1.7078598484848486,23.0,1.0,True
IND600032AAB,IND600056AAB,Carting,evening,20,33.0,55.0,110.0,1.703125,22.5,1.0,True
IND600032AAB,IND600056AAB,Carting,morning,13,33.0,81.0,121.0,2.3823529411764706,47.0,1.0,True
IND600032AAB,IND600076AAB,Carting,afternoon,8,15.5,49.5,85.5,3.2,33.0,1.0,True
IND600032AAB,IND600076AAB,Carting,evening,7,16.0,22.0,83.0,1.4,6.0,0.8571428571428571,True
IND600032AAB,IND600076AAB,Carting,morning,8,16.5,35.0,60.0,2.125,18.5,1.0,True
IND600032AAB,IND600076AAB,Carting,night,8,16.0,35.0,69.5,2.15625,18.5,1.0,True
IND600044AAD,IND600032AAB,Carting,afternoon,2,11.0,19.0,42.5,1.7272727272727273,8.0,1.0,False
IND600044AAD,IND600032AAB,Carting,morning,5,12.0,32.0,43.0,3.2,22.0,1.0,True
IND600044AAD,IND600048AAA,Carting,evening,1,11.0,65.0,113.0,5.909090909090909,54.0,1.0,False
IND600044AAD,IND600048AAA,Carting,morning,4,11.0,46.5,61.0,4.241666666666667,35.5,1.0,False
IND600044AAD,IND600048AAA,Carting,night,3,12.0,46.0,98.0,4.181818181818182,35.0,1.0,False
IND600044AAD,IND600056AAB,Carting,afternoon,2,35.5,79.0,134.0,2.225,43.5,1.0,False
IND600044AAD,IND600056AAB,Carting,evening,5,36.0,56.0,108.0,1.5555555555555556,20.0,1.0,True
IND600044AAD,IND600056AAB,Carting,morning,2,35.5,83.0,102.5,2.34484126984127,47.5,1.0,False
IND600044AAD,IND600056AAB,Carting,night,3,36.0,59.0,106.0,1.6857142857142857,24.0,1.0,False
IND600044AAD,IND603001AAA,Carting,evening,6,30.0,78.5,203.5,2.6223581757508345,48.5,1.0,True
IND600044AAD,IND603001AAA,Carting,night,4,30.0,93.0,151.5,3.0999999999999996,63.0,1.0,False
IND600044AAD,IND603203AAA,Carting,morning,2,16.5,60.5,79.5,3.670955882352941,44.0,1.0,False
IND600044AAE,IND600056AAB,Carting,afternoon,7,35.0,68.0,192.0,1.9428571428571428,33.0,1.0,True
IND600044AAE,IND600056AAB,Carting,evening,1,35.0,62.0,179.0,1.7714285714285714,27.0,1.0,False
IND600044AAE,IND600056AAB,Carting,morning,5,35.0,66.0,122.0,1.8857142857142857,31.0,1.0,True
IND600044AAE,IND600056AAB,Carting,night,9,35.0,74.0,204.0,2.1142857142857143,39.0,1.0,True
IND600048AAA,IND600044AAD,Carting,night,1,11.0,25.0,28.0,2.272727272727273,14.0,1.0,False
IND600056AAA,IND602105AAB,Carting,night,4,12.5,39.5,56.0,3.166666666666667,27.0,1.0,False
IND600056AAB,IND501359AAE,FTL,evening,5,486.0,876.0,1419.0,1.8024691358024691,390.0,1.0,True
IND600056AAB,IND524003AAA,FTL,afternoon,1,151.0,240.0,473.0,1.5894039735099337,89.0,1.0,False
IND600056AAB,IND524003AAA,FTL,evening,13,150.0,242.0,433.0,1.6133333333333333,92.0,1.0,True
IND600056AAB,IND530012AAA,FTL,evening,2,598.5,1027.0,1333.5,1.7159715242881073,428.5,1.0,False
IND600056AAB,IND560099AAB,FTL,afternoon,13,235.0,404.0,535.0,1.7191489361702128,169.0,1.0,True
IND600056AAB,IND562132AAA,FTL,afternoon,2,249.5,470.0,790.5,1.8839518072289156,220.5,1.0,False
IND600056AAB,IND562132AAA,FTL,evening,7,250.0,461.0,720.0,1.8473895582329318,211.0,1.0,True
IND600056AAB,IND562132AAA,FTL,night,2,250.5,451.0,631.0,1.8005498007968126,200.5,1.0,False
IND600056AAB,IND600008AAC,Carting,evening,8,36.0,79.5,214.5,2.1764264264264264,43.0,1.0,True
IND600056AAB,IND600008AAC,Carting,morning,4,33.0,97.0,151.0,2.8970588235294117,63.5,1.0,False
IND600056AAB,IND600008AAC,Carting,night,9,35.0,143.0,212.0,4.21875,109.0,1.0,True
IND600056AAB,IND600016AAC,Carting,afternoon,1,33.0,101.0,310.0,3.0606060606060606,68.0,1.0,False
IND600056AAB,IND600016AAC,Carting,evening,5,33.0,59.0,222.0,1.7352941176470589,25.0,1.0,True
IND600056AAB,IND600016AAC,Carting,morning,1,33.0,85.0,242.0,2.5757575757575757,52.0,1.0,False
IND600056AAB,IND600016AAC,Carting,night,2,33.5,94.5,212.5,2.8284313725490198,61.0,1.0,False
IND600056AAB,IND600032AAB,Carting,afternoon,10,32.0,63.0,117.0,1.9090909090909092,30.0,1.0,True
IND600056AAB,IND600032AAB,Carting,evening,9,33.0,48.0,81.0,1.4545454545454546,15.0,1.0,True
IND600056AAB,IND600032AAB,Carting,morning,13,33.0,84.0,123.0,2.625,52.0,1.0,True
IND600056AAB,IND600032AAB,Carting,night,4,33.0,86.5,214.0,2.662878787878788,54.0,1.0,False
IND600056AAB,IND600044AAD,Carting,evening,4,34.5,59.5,250.0,1.7247899159663866,25.0,1.0,False
IND600056AAB,IND600044AAE,Carting,afternoon,4,35.0,63.5,183.5,1.8415966386554623,29.0,1.0,False
IND600056AAB,IND600044AAE,Carting,evening,8,34.0,58.5,158.5,1.7205882352941178,24.5,1.0,True
IND600056AAB,IND600044AAE,Carting,morning,5,34.0,76.0,232.0,2.1621621621621623,42.0,1.0,True
IND600056AAB,IND600044AAE,Carting,night,9,35.0,74.0,196.0,2.0833333333333335,39.0,1.0,True
IND600056AAB,IND600076AAB,Carting,evening,7,36.0,73.0,241.0,1.972972972972973,36.0,1.0,True
IND600056AAB,IND600076AAB,Carting,night,1,35.0,86.0,194.0,2.4571428571428573,51.0,1.0,False
IND600056AAB,IND600110AAA,Carting,afternoon,1,36.0,80.0,169.0,2.2222222222222223,44.0,1.0,False
IND600056AAB,IND600110AAA,Carting,evening,3,37.0,100.0,240.0,2.7027027027027026,63.0,1.0,False
IND600056AAB,IND600110AAA,Carting,morning,5,37.0,104.0,200.0,2.861111111111111,67.0,1.0,True
IND600056AAB,IND600110AAA,Carting,night,11,37.0,94.0,241.0,2.5945945945945947,59.0,1.0,True
IND600056AAB,IND600116AAB,Carting,afternoon,2,26.0,46.0,84.0,1.7692307692307692,20.0,1.0,False
IND600056AAB,IND600116AAB,Carting,evening,2,28.5,115.0,190.5,3.914814814814815,86.5,1.0,False
IND600056AAB,IND600116AAB,Carting,night,8,29.0,135.0,174.5,4.655172413793103,106.0,1.0,True
IND600056AAB,IND605010AAB,FTL,morning,13,139.0,198.0,952.0,1.4316546762589928,60.0,1.0,True
IND600056AAB,IND605601AAA,FTL,evening,6,135.0,181.0,386.5,1.3458093763821317,46.5,1.0,True
IND600056AAB,IND631501AAA,Carting,evening,5,34.0,82.0,215.0,2.4705882352941178,49.0,1.0,True
IND600056AAB,IND631501AAA,Carting,night,1,34.0,66.0,87.0,1.9411764705882353,32.0,1.0,False
IND600056AAB,IND632006AAA,FTL,evening,1,84.0,136.0,200.0,1.619047619047619,52.0,1.0,False
IND600056AAB,IND632006AAA,FTL,morning,12,84.0,144.0,679.5,1.7202380952380953,60.5,1.0,True
IND600056AAB,IND635802AAB,FTL,night,3,127.0,166.0,260.0,1.3174603174603174,40.0,1.0,False
IND600076AAB,IND600032AAB,Carting,afternoon,8,18.0,45.5,55.5,2.4576023391812862,27.0,1.0,True
IND600076AAB,IND600032AAB,Carting,evening,1,15.0,23.0,60.0,1.5333333333333334,8.0,1.0,False
IND600076AAB,IND600032AAB,Carting,morning,4,18.0,46.5,57.5,2.583333333333333,28.5,1.0,False
IND600076AAB,IND600056AAB,Carting,evening,1,37.0,72.0,110.0,1.945945945945946,35.0,1.0,False
IND600083AAA,IND600116AAB,Carting,night,1,14.0,29.0,480.0,2.0714285714285716,15.0,1.0,False
IND600110AAA,IND600056AAB,Carting,evening,2,37.5,77.5,135.5,2.0650782361308675,40.0,1.0,False
IND600110AAA,IND600056AAB,Carting,morning,2,37.5,84.0,118.5,2.2411095305832145,46.5,1.0,False
IND600110AAA,IND600056AAB,Carting,night,2,37.0,87.5,158.5,2.364864864864865,50.5,1.0,False
IND600110AAA,IND600056AAD,Carting,night,1,38.0,86.0,128.0,2.263157894736842,48.0,1.0,False
IND600116AAB,IND600056AAA,Carting,morning,1,12.0,71.0,92.0,5.916666666666667,59.0,1.0,False
IND600116AAB,IND600056AAA,Carting,night,1,11.0,21.0,129.0,1.9090909090909092,10.0,1.0,False
IND600116AAB,IND600056AAB,Carting,night,2,28.5,66.0,86.5,2.3226600985221677,37.5,1.0,False
IND600116AAB,IND602024AAA,Carting,evening,2,16.5,55.5,130.0,3.2333333333333334,39.0,1.0,False
IND600116AAB,IND602024AAA,Carting,morning,1,21.0,74.0,93.0,3.5238095238095237,53.0,1.0,False
IND600116AAB,IND602024AAA,Carting,night,4,18.0,60.0,117.5,3.6912280701754385,43.0,1.0,False
IND600119AAA,IND600016AAC,Carting,morning,3,20.0,58.0,83.0,2.9,38.0,1.0,False
IND600119AAA,IND600016AAC,Carting,night,2,20.5,181.5,254.0,8.854761904761904,161.0,1.0,False
IND602001AAA,IND600116AAB,Carting,night,1,29.0,74.0,443.0,2.5517241379310347,45.0,1.0,False
IND602001AAB,IND609001AAA,FTL,night,11,27.0,62.0,75.0,2.2962962962962963,35.0,1.0,True
IND602024AAA,IND600116AAB,Carting,morning,2,17.0,50.0,85.5,2.9411764705882355,33.0,1.0,False
IND602024AAA,IND600116AAB,Carting,night,1,19.0,64.0,189.0,3.3684210526315788,45.0,1.0,False
IND602024AAA,IND602001AAA,Carting,night,6,11.0,28.0,50.0,2.4545454545454546,16.5,1.0,True
IND603001AAA,IND603301AAA,Carting,night,11,35.0,49.0,71.0,1.4285714285714286,15.0,0.5454545454545454,True
IND603102AAA,IND600056AAB,FTL,night,12,68.0,125.0,164.0,1.8582089552238807,57.5,1.0,True
IND603203AAA,IND600044AAD,Carting,afternoon,1,15.0,47.0,66.0,3.1333333333333333,32.0,1.0,False
IND603203AAA,IND600044AAD,Carting,morning,1,14.0,63.0,77.0,4.5,49.0,1.0,False
IND603203AAA,IND600044AAD,Carting,night,5,15.0,62.0,91.0,4.2,48.0,1.0,True
IND603203AAA,IND600048AAA,Carting,morning,1,12.0,20.0,20.0,1.6666666666666667,8.0,1.0,False
IND603301AAA,IND600044AAD,Carting,night,11,58.0,139.0,182.0,2.396551724137931,81.0,1.0,True
IND604303AAA,IND603102AAA,FTL,night,4,39.0,75.0,75.5,1.9483805668016194,36.5,1.0,False
IND605010AAB,IND600056AAB,FTL,night,3,130.0,220.0,267.0,1.6923076923076923,90.0,1.0,False
IND605010AAB,IND604303AAA,FTL,night,4,50.5,72.5,101.5,1.400462962962963,21.5,0.5,False
IND605010AAB,IND607001AAA,FTL,night,11,29.0,52.0,107.0,1.793103448275862,23.0,1.0,True
IND605601AAA,IND600056AAB,FTL,afternoon,6,125.0,215.0,285.5,1.72,90.0,1.0,True
IND605601AAA,IND607106AAA,Carting,night,12,21.5,46.0,76.5,2.1363636363636362,24.5,1.0,True
IND605601AAA,IND636102AAA,FTL,night,6,89.5,149.0,175.5,1.6653558052434456,59.5,1.0,True
IND606003AAA,IND606105AAA,Carting,morning,2,14.5,23.5,36.0,1.6285714285714286,9.0,1.0,False
IND606003AAA,IND606105AAA,Carting,night,9,15.0,24.0,39.0,1.6,9.0,1.0,True
IND606105AAA,IND606201AAC,Carting,morning,11,54.0,88.0,102.0,1.6111111111111112,33.0,1.0,True
IND606201AAC,IND605601AAA,Carting,morning,12,81.0,167.5,175.5,2.067901234567901,86.5,1.0,True
IND606801AAB,IND632006AAA,FTL,night,9,55.0,134.0,150.0,2.576923076923077,82.0,1.0,True
IND606803AAA,IND606801AAB,FTL,night,10,24.0,32.0,44.5,1.3614130434782608,8.5,0.9,True
IND607001AAA,IND608001AAA,FTL,night,10,28.0,56.5,71.0,2.0,28.0,1.0,True
IND607106AAA,IND607801AAA,Carting,night,12,12.0,27.0,43.0,2.16025641025641,14.5,1.0,True
IND607801AAA,IND606003AAA,Carting,night,12,23.0,50.0,66.0,2.1277173913043477,26.5,0.9166666666666666,True
IND608001AAA,IND609110AAA,FTL,night,7,16.0,41.0,47.0,2.7333333333333334,26.0,1.0,True
IND608301AAA,IND639104AAB,FTL,morning,1,119.0,232.0,254.0,1.949579831932773,113.0,1.0,False
IND608301AAA,IND639104AAB,FTL,night,10,119.0,221.5,236.0,1.8622549019607844,103.0,1.0,True
IND609001AAA,IND614018AAA,FTL,night,12,59.0,129.0,159.5,2.1880479251899474,69.5,1.0,True
IND609110AAA,IND609602AAA,FTL,morning,5,29.0,53.0,64.0,1.8928571428571428,25.0,1.0,True
IND609110AAA,IND609602AAA,FTL,night,2,29.5,60.0,70.0,2.0339080459770114,30.5,1.0,False
IND609602AAA,IND611001AAA,FTL,morning,10,16.5,52.5,63.0,3.1944444444444446,36.0,1.0,True
IND610001AAA,IND605010AAB,FTL,morning,10,126.0,261.0,276.5,2.071428571428571,135.0,1.0,True
IND610001AAA,IND614715AAA,Carting,morning,12,25.0,43.0,57.5,1.7061538461538461,18.0,1.0,True
IND611001AAA,IND610001AAA,FTL,morning,10,17.0,38.5,61.5,2.34375,22.0,1.0,True
IND614018AAA,IND613104AAA,FTL,morning,4,60.0,129.0,134.5,2.1867816091954024,70.0,1.0,False
IND614018AAA,IND613104AAA,FTL,night,6,60.5,112.5,128.0,1.8595628415300547,52.0,1.0,True
IND614602AAA,IND614804AAA,FTL,night,11,24.0,36.0,55.0,1.5,12.0,1.0,True
IND614616AAA,IND630002AAA,FTL,night,11,33.0,53.0,83.0,1.588235294117647,20.0,1.0,True
IND614620AAA,IND630561AAA,Carting,night,12,74.0,146.5,170.0,1.9797297297297298,72.5,1.0,True
IND614715AAA,IND614809AAA,Carting,morning,12,38.0,57.0,65.0,1.4804318488529016,18.5,1.0,True
IND614804AAA,IND614616AAA,FTL,night,11,27.0,32.0,51.0,1.1851851851851851,5.0,0.45454545454545453,False
IND614809AAA,IND610001AAA,Carting,afternoon,2,43.0,110.0,116.5,2.558139534883721,67.0,1.0,False
IND614809AAA,IND610001AAA,Carting,morning,10,44.0,99.0,119.0,2.2523784355179703,54.5,1.0,True
IND620020AAA,IND621112AAA,Carting,morning,12,14.0,22.0,37.0,1.7083333333333335,9.0,1.0,True
IND620020AAA,IND621112AAA,Carting,night,12,12.5,23.5,55.5,1.9583333333333335,11.0,1.0,True
IND621010AAA,IND621212AAA,FTL,night,11,35.0,52.0,70.0,1.5294117647058822,18.0,1.0,True
IND621112AAA,IND620012AAA,Carting,morning,1,24.0,155.0,167.0,6.458333333333333,131.0,1.0,False
IND621211AAA,IND621010AAA,FTL,evening,8,22.0,36.5,43.0,1.6590909090909092,14.5,1.0,True
IND621211AAA,IND621010AAA,FTL,night,2,21.0,37.0,41.5,1.7613636363636362,16.0,1.0,False
IND621212AAA,IND621704AAA,FTL,night,11,23.0,35.0,42.0,1.5454545454545454,12.0,1.0,True
IND621306AAA,IND625106AAA,FTL,morning,12,73.0,96.0,122.0,1.3373538011695907,24.5,0.8333333333333334,True
IND621704AAA,IND621802AAA,FTL,night,12,31.0,61.0,77.5,1.953125,30.5,1.0,True
IND621802AAA,IND608301AAA,FTL,night,9,17.0,42.0,54.0,2.5555555555555554,26.0,1.0,True
IND621802AAA,IND621212AAA,FTL,night,1,52.0,89.0,115.0,1.7115384615384615,37.0,1.0,False
IND622407AAA,IND622001AAA,FTL,night,9,34.0,50.0,62.0,1.4848484848484849,16.0,1.0,True
IND623315AAB,IND614620AAA,Carting,night,12,30.0,45.5,59.5,1.5086206896551724,15.0,1.0,True
IND623407AAA,IND623315AAB,Carting,night,12,25.0,26.5,47.5,1.0416666666666667,1.0,0.08333333333333333,False
IND623503AAA,IND623526AAA,FTL,night,7,71.0,64.0,91.0,0.9014084507042254,0.0,0.0,False
IND623526AAA,IND623704AAA,FTL,night,8,125.0,131.0,153.5,1.0607789142407553,7.5,0.0,False
IND623701AAA,IND623503AAA,FTL,evening,1,45.0,57.0,97.0,1.2666666666666666,12.0,1.0,False
IND623701AAA,IND623503AAA,FTL,night,6,46.0,52.0,71.0,1.1432367149758456,6.5,0.3333333333333333,False
IND623704AAA,IND626607AAB,FTL,morning,6,47.0,60.0,69.0,1.2909722222222222,13.5,0.8333333333333334,True
IND623704AAA,IND626607AAB,FTL,night,1,49.0,55.0,68.0,1.1224489795918366,6.0,0.0,False
IND624001AAA,IND624619AAA,FTL,night,8,27.5,40.0,52.0,1.4914529914529915,13.0,0.875,True
IND624001AAA,IND625008AAA,FTL,afternoon,9,49.0,68.0,119.0,1.3958333333333333,19.0,1.0,True
IND624101AAA,IND624202AAA,FTL,night,8,120.5,85.0,112.0,0.706599713055954,0.0,0.0,False
IND624202AAA,IND625218AAA,FTL,morning,8,23.0,35.0,45.5,1.5217391304347827,12.0,1.0,True
IND624601AAA,IND624101AAA,FTL,night,12,133.0,104.5,123.0,0.7798507462686568,0.0,0.0,False
IND624619AAA,IND624601AAA,FTL,night,6,26.5,35.0,39.0,1.2705570291777188,7.5,0.6666666666666666,True
IND625008AAA,IND626123AAA,FTL,afternoon,1,48.0,88.0,484.0,1.8333333333333333,40.0,1.0,False
IND625008AAA,IND626123AAA,FTL,evening,11,49.0,89.0,230.0,1.816326530612245,40.0,1.0,True
IND625106AAA,IND625008AAA,FTL,morning,13,43.0,77.0,91.0,1.7173913043478262,33.0,1.0,True
IND625516AAA,IND685514AAA,FTL,night,5,47.0,87.0,111.0,1.8125,39.0,1.0,True
IND625531AAA,IND625516AAA,FTL,night,6,46.0,59.0,93.0,1.2826086956521738,13.0,1.0,True
IND625532AAA,IND625531AAA,FTL,night,5,46.0,70.0,81.0,1.5454545454545454,24.0,1.0,True
IND625532AAA,IND685514AAA,FTL,night,1,132.0,219.0,232.0,1.6590909090909092,87.0,1.0,False
IND626117AAA,IND626138AAA,FTL,night,9,25.0,32.0,55.0,1.24,6.0,0.6666666666666666,True
IND626123AAA,IND627756AAA,FTL,night,12,49.0,92.0,113.5,1.8775510204081634,43.0,1.0,True
IND626138AAA,IND625008AAA,FTL,night,11,61.0,94.0,109.0,1.5396825396825398,34.0,0.9090909090909091,True
IND626607AAB,IND625008AAA,FTL,morning,6,50.0,74.0,84.5,1.4946938775510206,24.5,1.0,True
IND626607AAB,IND625008AAA,FTL,night,1,56.0,87.0,89.0,1.5535714285714286,31.0,1.0,False
IND627005AAA,IND627117AAA,FTL,evening,11,41.0,67.0,93.0,1.6341463414634145,26.0,1.0,True
IND627005AAA,IND627811AAA,FTL,evening,6,59.0,83.0,117.0,1.4067796610169492,24.0,0.8333333333333334,True
IND627005AAA,IND628801AAA,Carting,evening,12,44.5,70.0,117.5,1.5975158562367864,26.0,0.9166666666666666,True
IND627005AAA,IND629001AAA,FTL,evening,1,70.0,141.0,185.0,2.0142857142857142,71.0,1.0,False
IND627117AAA,IND629001AAA,FTL,night,11,32.0,62.0,93.0,1.9375,30.0,1.0,True
IND627401AAA,IND627005AAA,FTL,night,10,36.0,80.0,95.0,2.2192192192192195,44.0,1.0,True
IND627657AAA,IND628613AAA,Carting,night,12,35.0,37.0,58.5,1.0285714285714285,1.0,0.0,False
IND627756AAA,IND626117AAA,FTL,night,12,29.0,48.0,79.5,1.6490147783251232,19.0,1.0,True
IND627811AAA,IND627401AAA,FTL,night,6,32.0,56.0,73.0,1.7125237191650853,23.5,1.0,True
IND628204AAA,IND627657AAA,Carting,night,12,41.0,50.0,65.0,1.2380952380952381,10.0,0.75,True
IND628613AAA,IND627005AAA,Carting,night,10,47.0,82.5,92.5,1.7446808510638299,35.0,1.0,True
IND628801AAA,IND628204AAA,Carting,night,12,16.0,23.5,37.0,1.4375,7.0,1.0,True
IND629179AAA,IND627005AAA,FTL,night,11,95.0,196.0,230.0,2.0416666666666665,100.0,1.0,True
IND630002AAA,IND622407AAA,FTL,night,9,47.0,68.0,93.0,1.4583333333333333,22.0,1.0,True
IND630561AAA,IND623407AAA,Carting,evening,7,32.0,59.0,114.0,1.84375,27.0,1.0,True
IND630561AAA,IND623407AAA,Carting,night,4,33.0,58.0,103.5,1.7864583333333335,25.5,1.0,False
IND630561AAA,IND623701AAA,FTL,evening,4,38.5,55.5,78.5,1.4751131221719458,17.5,1.0,False
IND630561AAA,IND623701AAA,FTL,night,1,39.0,54.0,72.0,1.3846153846153846,15.0,1.0,False
IND631003AAA,IND600056AAB,Carting,night,5,39.0,106.0,210.0,2.717948717948718,67.0,1.0,True
IND631102AAA,IND600056AAB,FTL,night,12,62.0,128.5,153.5,2.0707196029776673,66.5,1.0,True
IND631501AAA,IND600056AAB,Carting,night,1,34.0,1649.0,2287.0,48.5,1615.0,1.0,False
IND631501AAA,IND631003AAA,Carting,night,5,26.0,69.0,105.0,2.6538461538461537,43.0,1.0,True
IND632006AAA,IND562132AAA,FTL,evening,2,182.0,369.0,554.0,2.0274725274725274,187.0,1.0,False
IND632006AAA,IND600056AAB,FTL,afternoon,7,83.0,144.0,182.0,1.7560975609756098,62.0,1.0,True
IND632006AAA,IND600056AAB,FTL,evening,3,82.0,159.0,309.0,1.9390243902439024,77.0,1.0,False
IND632006AAA,IND600056AAB,FTL,morning,7,83.0,148.0,190.0,1.783132530120482,65.0,1.0,True
IND632006AAA,IND632301AAA,FTL,afternoon,9,32.0,63.0,565.0,1.96875,31.0,1.0,True
IND632006AAA,IND632301AAA,FTL,evening,1,32.0,57.0,366.0,1.78125,25.0,1.0,False
IND632006AAA,IND632402AAA,FTL,evening,8,21.5,62.0,357.5,2.9523809523809526,41.0,1.0,True
IND632006AAA,IND635802AAB,FTL,evening,2,43.5,59.0,284.0,1.3562367864693445,15.5,1.0,False
IND632006AAA,IND635802AAB,FTL,night,1,54.0,57.0,139.0,1.0555555555555556,3.0,0.0,False
IND632301AAA,IND606803AAA,FTL,night,9,20.0,41.0,54.0,2.15,22.0,1.0,True
IND632402AAA,IND631102AAA,FTL,night,11,25.0,38.0,64.0,1.52,13.0,1.0,True
IND635001AAA,IND562132AAA,FTL,afternoon,4,118.0,207.5,257.0,1.7584745762711864,89.5,1.0,False
IND635001AAA,IND636705AAB,FTL,night,4,52.0,72.5,92.0,1.3675213675213675,19.5,1.0,False
IND635601AAB,IND635802AAB,Carting,night,7,34.0,157.0,173.0,4.617647058823529,123.0,1.0,True
IND635802AAB,IND562132AAA,FTL,morning,3,165.0,272.0,322.0,1.6211180124223603,101.0,1.0,False
IND635802AAB,IND562132AAA,FTL,night,3,168.0,304.0,324.0,1.8095238095238095,136.0,1.0,False
IND635802AAB,IND635601AAB,Carting,night,7,41.0,69.0,139.0,1.853658536585366,31.0,1.0,True
IND636005AAA,IND636005AAC,Carting,morning,1,12.0,61.0,281.0,5.083333333333333,49.0,1.0,False
IND636005AAA,IND636016AAA,Carting,night,3,9.0,18.0,82.0,2.0,9.0,1.0,False
IND636016AAA,IND636402AAA,Carting,morning,1,60.0,164.0,184.0,2.7333333333333334,104.0,1.0,False
IND636016AAA,IND637211AAA,Carting,morning,10,46.0,69.0,91.5,1.5108695652173911,23.5,1.0,True
IND636102AAA,IND605601AAA,FTL,morning,5,105.0,142.0,153.0,1.3523809523809525,37.0,1.0,True
IND636352AAA,IND636705AAB,FTL,afternoon,4,25.0,38.0,54.0,1.52,13.0,1.0,False
IND636352AAA,IND636705AAB,FTL,morning,1,27.0,47.0,47.0,1.7407407407407407,20.0,1.0,False
IND636705AAB,IND562132AAA,FTL,afternoon,5,155.0,283.0,381.0,1.8376623376623376,129.0,1.0,True
IND636705AAB,IND635001AAA,FTL,afternoon,4,50.0,71.0,84.5,1.433061224489796,21.5,0.75,False
IND637211AAA,IND636402AAA,Carting,afternoon,1,62.0,86.0,105.0,1.3870967741935485,24.0,1.0,False
IND637211AAA,IND636402AAA,Carting,morning,10,61.0,91.0,107.0,1.4918032786885247,30.0,1.0,True
IND637301AAA,IND638001AAA,FTL,morning,10,18.0,32.0,39.5,1.8529411764705883,14.5,1.0,True
IND637408AAA,IND637001AAA,FTL,afternoon,4,28.5,55.0,66.5,1.9693486590038316,27.0,1.0,False
IND637408AAA,IND637001AAA,FTL,morning,6,29.0,40.5,57.5,1.396551724137931,11.5,1.0,True
IND638001AAA,IND638052AAA,FTL,afternoon,3,17.0,37.0,66.0,2.1666666666666665,20.0,1.0,False
IND638401AAA,IND638452AAA,Carting,night,10,26.0,26.0,32.5,1.0014814814814814,0.5,0.3,False
IND638452AAA,IND638501AAB,Carting,night,2,25.0,32.5,52.5,1.294871794871795,7.5,0.5,False
IND638501AAB,IND641062AAD,Carting,night,11,75.0,110.0,167.0,1.4473684210526316,34.0,0.8181818181818182,True
IND638657AAA,IND638701AAA,Carting,night,12,29.0,43.5,61.5,1.4747126436781608,14.0,1.0,True
IND638701AAA,IND641607AAA,Carting,night,12,23.5,53.5,398.0,2.2386363636363633,30.0,1.0,True
IND639001AAA,IND624001AAA,FTL,afternoon,4,55.0,85.5,107.0,1.5545454545454547,30.5,1.0,False
IND639001AAA,IND624001AAA,FTL,morning,5,55.0,96.0,115.0,1.7454545454545454,41.0,1.0,True
IND639104AAB,IND620012AAA,FTL,morning,1,44.0,66.0,84.0,1.5,22.0,1.0,False
IND641001AAA,IND641062AAD,Carting,night,2,35.5,146.5,164.0,4.120238095238095,111.0,1.0,False
IND641006AAD,IND641062AAD,Carting,afternoon,1,27.0,42.0,93.0,1.5555555555555556,15.0,1.0,False
IND641008AAA,IND641001AAA,Carting,night,3,12.0,34.0,34.0,2.0588235294117645,18.0,1.0,False
IND641011AAA,IND641062AAD,Carting,night,5,35.0,135.0,179.0,3.857142857142857,100.0,1.0,True
IND641062AAD,IND638401AAA,Carting,evening,9,43.0,78.0,288.0,1.813953488372093,36.0,1.0,True
IND641062AAD,IND641008AAA,Carting,morning,1,35.0,112.0,253.0,3.2,77.0,1.0,False
IND641062AAD,IND641607AAA,FTL,afternoon,11,30.0,49.0,289.0,1.7333333333333334,19.0,1.0,True
IND641062AAD,IND641607AAA,FTL,evening,1,30.0,50.0,120.0,1.6666666666666667,20.0,1.0,False
IND641062AAD,IND642126AAA,Carting,evening,12,72.0,107.5,314.0,1.482781582952816,35.0,1.0,True
IND641062AAD,IND643217AAA,Carting,evening,1,73.0,202.0,335.0,2.767123287671233,129.0,1.0,False
IND641062AAD,IND643231AAA,Carting,evening,11,60.0,146.0,250.0,2.459016393442623,86.0,1.0,True
IND641607AAA,IND641062AAD,FTL,afternoon,20,29.0,85.5,118.0,2.9065628476084537,56.0,1.0,True
IND641607AAA,IND641654AAA,Carting,evening,7,16.0,34.0,134.0,2.0,17.0,1.0,True
IND641607AAA,IND641664AAA,Carting,evening,3,20.0,38.0,170.0,1.9,18.0,1.0,False
IND641654AAA,IND641664AAA,Carting,night,7,26.0,39.0,47.0,1.5,13.0,1.0,True
IND641664AAA,IND638657AAA,Carting,night,11,38.0,55.0,75.0,1.4473684210526316,17.0,1.0,True
IND642001AAA,IND641062AAD,Carting,night,12,57.0,91.5,153.0,1.619517543859649,35.0,1.0,True
IND642126AAA,IND642001AAA,Carting,night,12,31.0,42.0,55.0,1.370967741935484,11.5,0.9166666666666666,True
IND643001AAA,IND643212AAA,Carting,night,4,36.5,92.0,108.5,2.483187134502924,55.0,1.0,False
IND643212AAA,IND641062AAD,Carting,night,2,110.5,380.5,390.5,3.4441441441441443,270.0,1.0,False
IND643217AAA,IND643001AAA,Carting,night,7,49.0,47.0,53.0,0.9591836734693877,0.0,0.0,False
IND643231AAA,IND643217AAA,Carting,night,9,34.0,38.0,58.0,1.2352941176470589,8.0,0.5555555555555556,True
IND670645AAB,IND673592AAA,Carting,morning,2,38.0,98.0,1198.5,2.5717255717255716,60.0,1.0,False
IND670645AAB,IND673592AAA,Carting,night,4,37.0,125.5,854.5,3.2782397782397785,87.5,1.0,False
IND671315AAA,IND575004AAB,FTL,night,2,78.0,625.5,824.5,8.01923076923077,547.5,1.0,False
IND671323AAD,IND000000ACO,FTL,night,1,32.0,50.0,56.0,1.5625,18.0,1.0,False
IND673027AAB,IND673104AAA,Carting,evening,1,65.0,359.0,367.0,5.523076923076923,294.0,1.0,False
IND673027AAB,IND673305AAA,Carting,afternoon,1,43.0,366.0,435.0,8.511627906976743,323.0,1.0,False
IND673027AAB,IND673305AAA,Carting,evening,1,41.0,311.0,329.0,7.585365853658536,270.0,1.0,False
IND673104AAA,IND673506AAA,Carting,night,12,17.0,28.0,50.0,1.6875,11.0,0.9166666666666666,True
IND673121AAA,IND670645AAB,Carting,night,8,31.5,69.5,87.5,2.207157258064516,38.0,1.0,True
IND673305AAA,IND673104AAA,Carting,night,10,22.0,28.0,39.0,1.266798418972332,6.0,0.7,True
IND673506AAA,IND670643AAA,Carting,night,12,23.5,33.5,49.0,1.490036231884058,10.5,1.0,True
IND673573AAA,IND673592AAA,FTL,night,12,62.0,97.5,120.5,1.60193019566367,37.0,1.0,True
IND673592AAA,IND562132AAA,FTL,night,12,224.0,464.5,547.0,2.07847533632287,241.0,1.0,True
IND673592AAA,IND670645AAB,Carting,night,1,38.0,133.0,150.0,3.5,95.0,1.0,False
IND673592AAA,IND673121AAA,Carting,night,11,17.0,32.0,57.0,2.0,15.0,1.0,True
IND676306AAA,IND676509AAA,Carting,evening,2,18.0,33.0,37.5,1.8125,15.0,1.0,False
IND676306AAA,IND676509AAA,Carting,night,3,20.0,30.0,34.0,1.4285714285714286,9.0,1.0,False
IND676509AAA,IND679322AAA,Carting,night,3,20.0,43.0,44.0,2.0952380952380953,23.0,1.0,False
IND678683AAA,IND000000ABD,FTL,night,13,34.0,41.0,74.0,1.2121212121212122,7.0,0.5384615384615384,True
IND679303AAA,IND679531AAA,Carting,night,9,16.0,46.0,58.0,2.8125,30.0,1.0,True
IND679322AAA,IND673639AAA,Carting,night,1,39.0,87.0,89.0,2.230769230769231,48.0,1.0,False
IND679329AAA,IND673639AAA,Carting,night,3,21.0,34.0,38.0,1.619047619047619,13.0,1.0,False
IND679531AAA,IND680587AAA,Carting,night,9,25.0,34.0,52.0,1.36,9.0,1.0,True
IND680012AAA,IND679303AAA,Carting,night,7,57.0,82.0,97.0,1.4385964912280702,25.0,1.0,True
IND68004AAA,IND678683AAA,FTL,night,14,37.0,89.5,123.0,2.419590643274854,52.5,1.0,True
IND68004AAA,IND683511AAA,Carting,morning,5,53.0,124.0,171.0,2.2962962962962963,70.0,1.0,True
IND68004AAA,IND683511AAA,Carting,night,1,52.0,127.0,263.0,2.4423076923076925,75.0,1.0,False
IND680104AAA,IND679576AAA,FTL,night,12,33.0,50.0,79.5,1.4705882352941178,16.0,0.8333333333333334,True
IND680307AAA,IND680712AAA,Carting,night,4,21.0,35.0,60.5,1.7095238095238097,14.5,1.0,False
IND680307AAA,IND683511AAA,Carting,night,2,17.5,29.5,109.0,1.6830065359477122,12.0,1.0,False
IND680587AAA,IND68004AAA,Carting,night,6,43.5,73.0,107.5,1.6781183932346724,29.5,1.0,True
IND680587AAA,IND683511AAA,Carting,night,3,80.0,219.0,281.0,2.7375,139.0,1.0,False
IND680712AAA,IND683511AAA,Carting,night,6,39.0,64.0,87.5,1.6842105263157894,26.0,1.0,True
IND683511AAA,IND000000ABA,Carting,afternoon,5,30.0,36.0,545.0,1.1612903225806452,5.0,0.4,False
IND683511AAA,IND000000ABA,Carting,evening,5,30.0,34.0,430.0,1.1724137931034482,5.0,0.2,False
IND683511AAA,IND000000ADM,Carting,afternoon,5,25.0,43.0,553.0,1.76,19.0,1.0,True
IND683511AAA,IND000000ADM,Carting,evening,3,27.0,34.0,390.0,1.2592592592592593,7.0,0.6666666666666666,False
IND683511AAA,IND562132AAA,FTL,morning,8,426.0,881.5,995.0,2.062069097594607,454.0,1.0,True
IND683511AAA,IND680012AAA,Carting,afternoon,3,57.0,88.0,472.0,1.543859649122807,31.0,1.0,False
IND683511AAA,IND680012AAA,Carting,evening,3,57.0,86.0,417.0,1.5087719298245614,29.0,1.0,False
IND683511AAA,IND68004AAA,FTL,afternoon,12,48.0,69.0,461.0,1.41875,20.5,1.0,True
IND683511AAA,IND68004AAA,FTL,evening,1,50.0,59.0,352.0,1.18,9.0,0.0,False
IND683511AAA,IND680104AAA,FTL,afternoon,9,80.0,120.0,458.0,1.4938271604938271,40.0,0.8888888888888888,True
IND683511AAA,IND680104AAA,FTL,evening,2,80.5,205.5,353.5,2.5587191358024692,125.0,1.0,False
IND683511AAA,IND686028AAB,FTL,afternoon,2,79.5,154.0,372.0,1.9375791139240506,74.5,1.0,False
IND683511AAA,IND686028AAB,FTL,morning,5,79.0,157.0,409.0,1.9873417721518987,78.0,1.0,True
IND683565AAA,IND683511AAA,Carting,night,9,20.0,36.0,70.0,1.894736842105263,17.0,1.0,True
IND683572AAA,IND680307AAA,Carting,night,7,12.0,24.0,37.0,1.8461538461538463,11.0,0.8571428571428571,True
IND685514AAA,IND625008AAA,FTL,morning,1,170.0,269.0,335.0,1.5823529411764705,99.0,1.0,False
IND685514AAA,IND625008AAA,FTL,night,5,169.0,260.0,303.0,1.5294117647058822,90.0,1.0,True
IND686028AAB,IND686632AAA,FTL,evening,1,21.0,128.0,399.0,6.095238095238095,107.0,1.0,False
IND686028AAB,IND689101AAA,Carting,evening,10,25.5,34.0,118.0,1.333846153846154,8.5,0.8,True
IND686507AAA,IND686513AAA,Carting,night,10,9.0,21.5,42.5,2.4097222222222223,12.5,1.0,True
IND686507AAA,IND686540AAA,Carting,night,1,26.0,43.0,77.0,1.6538461538461537,17.0,1.0,False
IND686513AAA,IND686507AAA,Carting,night,1,10.0,28.0,30.0,2.8,18.0,1.0,False
IND686513AAA,IND686540AAA,Carting,night,4,36.5,90.5,102.0,2.548809523809524,55.0,1.0,False
IND686540AAA,IND686028AAB,Carting,night,1,19.0,37.0,1197.0,1.9473684210526316,18.0,1.0,False
IND686632AAA,IND686141AAA,FTL,night,1,20.0,50.0,57.0,2.5,30.0,1.0,False
IND688009AAA,IND686028AAB,Carting,night,10,46.0,152.0,822.0,3.3777777777777778,107.0,1.0,True
IND688524AAA,IND683511AAA,FTL,night,7,51.0,118.0,174.0,2.269230769230769,66.0,1.0,True
IND689101AAA,IND689650AAA,Carting,night,1,14.0,15.0,82.0,1.0714285714285714,1.0,0.0,False
IND689101AAA,IND690548AAA,Carting,night,4,25.0,35.5,70.5,1.44,11.0,1.0,False
IND689503AAB,IND683511AAA,FTL,night,1,120.0,270.0,352.0,2.25,150.0,1.0,False
IND689645AAA,IND691551AAA,Carting,night,11,25.0,42.0,65.0,1.6666666666666667,16.0,1.0,True
IND689650AAA,IND690548AAA,Carting,night,1,41.0,64.0,75.0,1.5609756097560976,23.0,1.0,False
IND690537AAA,IND689503AAB,FTL,night,1,28.0,58.0,91.0,2.0714285714285716,30.0,1.0,False
IND690548AAA,IND688009AAA,Carting,night,9,32.0,39.0,67.0,1.21875,7.0,0.5555555555555556,True
IND691001AAB,IND683511AAA,FTL,afternoon,3,168.0,204.0,541.0,1.2142857142857142,36.0,0.6666666666666666,False
IND691001AAB,IND683511AAA,FTL,evening,6,168.0,231.5,473.5,1.3735383206537053,63.0,1.0,True
IND691001AAB,IND690573AAA,FTL,evening,1,37.0,40.0,163.0,1.0810810810810811,3.0,0.0,False
IND691001AAB,IND691506AAA,Carting,evening,15,25.0,37.0,183.0,1.4230769230769231,11.0,0.9333333333333333,True
IND691001AAB,IND695012AAA,FTL,evening,1,64.0,86.0,103.0,1.34375,22.0,1.0,False
IND691305AAA,IND689645AAA,Carting,night,11,27.0,60.0,78.0,2.259259259259259,33.0,1.0,True
IND691506AAA,IND691305AAA,Carting,night,14,19.0,28.5,42.5,1.54093567251462,9.5,1.0,True
IND691551AAA,IND691001AAB,Carting,night,14,40.0,89.0,734.0,2.2565789473684212,49.0,1.0,True
IND691574AAA,IND695614AAA,Carting,night,14,20.0,31.0,47.0,1.525,10.5,1.0,True
IND695012AAA,IND691001AAB,FTL,afternoon,11,65.0,100.0,169.0,1.5384615384615385,35.0,1.0,True
IND695012AAA,IND691001AAB,FTL,evening,1,65.0,111.0,177.0,1.7076923076923076,46.0,1.0,False
IND695012AAA,IND695101AAB,Carting,evening,1,26.0,68.0,153.0,2.6153846153846154,42.0,1.0,False
IND695012AAA,IND695101AAB,Carting,night,1,26.0,58.0,1267.0,2.230769230769231,32.0,1.0,False
IND695012AAB,IND695012AAA,Carting,night,3,14.0,62.0,333.0,3.3,46.0,1.0,False
IND695101AAB,IND691574AAA,Carting,night,13,15.0,19.0,45.0,1.2666666666666666,4.0,0.6153846153846154,True
IND695101AAB,IND695012AAA,Carting,night,1,31.0,279.0,306.0,9.0,248.0,1.0,False
IND695121AAA,IND695572AAB,Carting,night,11,14.0,26.0,53.0,1.8461538461538463,11.0,1.0,True
IND695541AAA,IND695012AAA,Carting,night,1,15.0,47.0,74.0,3.1333333333333333,32.0,1.0,False
IND695541AAA,IND695572AAB,Carting,night,1,22.0,29.0,85.0,1.3181818181818181,7.0,1.0,False
IND695572AAB,IND000000AFJ,Carting,night,1,26.0,44.0,66.0,1.6923076923076923,18.0,1.0,False
IND695572AAB,IND695541AAA,Carting,night,9,22.0,31.0,50.0,1.4545454545454546,10.0,0.7777777777777778,True
IND695582AAA,IND691574AAA,Carting,evening,1,39.0,65.0,68.0,1.6666666666666667,26.0,1.0,False
IND695582AAA,IND695101AAB,Carting,evening,9,23.0,26.0,55.0,1.1363636363636365,3.0,0.2222222222222222,False
IND695582AAA,IND695101AAB,Carting,night,3,22.0,23.0,45.0,1.0454545454545454,1.0,0.3333333333333333,False
IND695609AAA,IND695012AAA,Carting,night,2,36.0,68.5,84.0,1.8452380952380953,32.5,1.0,False
IND695614AAA,IND695609AAA,Carting,night,2,19.0,24.5,47.5,1.2894736842105263,5.5,1.0,False
IND700026AAC,IND700065AAA,Carting,evening,1,21.0,25.0,52.0,1.1904761904761905,4.0,0.0,False
IND700026AAC,IND700065AAA,Carting,morning,1,19.0,38.0,65.0,2.0,19.0,1.0,False
IND700026AAC,IND712311AAA,Carting,morning,2,35.5,230.5,518.0,6.46939586645469,195.0,1.0,False
IND700026AAC,IND712311AAA,Carting,night,1,36.0,172.0,235.0,4.777777777777778,136.0,1.0,False
IND700028AAB,IND712311AAA,Carting,morning,3,18.0,95.0,153.0,5.277777777777778,77.0,1.0,False
IND700028AAB,IND712311AAA,Carting,night,5,18.0,50.0,155.0,2.9411764705882355,33.0,1.0,True
IND700053AAA,IND700136AAB,Carting,morning,1,29.0,74.0,834.0,2.5517241379310347,45.0,1.0,False
IND700053AAA,IND712311AAA,Carting,afternoon,2,29.0,281.0,354.5,9.689655172413794,252.0,1.0,False
IND700053AAA,IND712311AAA,Carting,evening,1,30.0,60.0,149.0,2.0,30.0,1.0,False
IND700053AAA,IND712311AAA,Carting,morning,3,29.0,191.0,283.0,6.586206896551724,162.0,1.0,False
IND700053AAA,IND743513AAA,Carting,evening,4,27.0,78.0,122.0,3.0,51.0,1.0,False
IND700065AAA,IND712311AAA,Carting,afternoon,2,21.0,101.5,342.0,4.833333333333334,80.5,1.0,False
IND700065AAA,IND712311AAA,Carting,evening,6,22.0,56.0,142.0,2.5995670995671,34.5,1.0,True
IND700065AAA,IND712311AAA,Carting,morning,8,21.5,89.5,290.5,3.9782608695652173,67.0,1.0,True
IND700065AAA,IND712311AAA,Carting,night,7,20.0,54.0,287.0,2.6,33.0,1.0,True
IND700065AAB,IND712310AAA,Carting,afternoon,11,22.0,115.0,176.0,5.0,92.0,1.0,True
IND700088AAA,IND712311AAA,Carting,afternoon,2,28.5,82.5,261.0,2.9070197044334973,54.0,1.0,False
IND700088AAA,IND712311AAA,Carting,evening,3,29.0,70.0,147.0,2.5,42.0,1.0,False
IND700136AAG,IND712310AAA,Carting,afternoon,16,19.5,89.5,164.5,4.559941520467836,69.5,1.0,True
IND711303AAA,IND721134AAB,Carting,night,11,37.0,30.0,64.0,0.8108108108108109,0.0,0.09090909090909091,False
IND712103AAA,IND712310AAE,Carting,morning,8,30.0,113.0,146.5,3.7666666666666666,83.0,1.0,True
IND712103AAA,IND712310AAE,Carting,night,10,30.0,95.5,120.5,3.5769704433497536,71.0,1.0,True
IND712124AAA,IND712103AAA,Carting,afternoon,1,10.0,28.0,41.0,2.8,18.0,1.0,False
IND712124AAA,IND712103AAA,Carting,morning,9,11.0,32.0,55.0,3.0,21.0,1.0,True
IND712124AAA,IND712103AAA,Carting,night,10,11.0,31.0,50.0,2.696969696969697,19.5,1.0,True
IND712310AAE,IND711303AAA,Carting,evening,12,40.5,92.0,150.5,2.271062271062271,51.5,1.0,True
IND712310AAE,IND711409AAA,Carting,night,1,16.0,19.0,66.0,1.1875,3.0,0.0,False
IND712310AAE,IND712124AAA,Carting,evening,5,19.0,76.0,181.0,4.0,57.0,1.0,True
IND712310AAE,IND712124AAA,Carting,morning,2,19.0,60.0,100.5,3.1578947368421053,41.0,1.0,False
IND712310AAE,IND712124AAA,Carting,night,14,19.0,69.0,106.5,3.7309941520467835,50.5,1.0,True
IND712311AAA,IND000000ACB,FTL,afternoon,9,1055.0,2040.0,2249.0,1.9299905392620624,983.0,1.0,True
IND712311AAA,IND421302AAG,FTL,night,2,1341.0,3001.5,3584.5,2.2382882532197432,1660.5,1.0,False
IND712311AAA,IND700026AAC,Carting,afternoon,9,36.0,85.0,178.0,2.3333333333333335,48.0,1.0,True
IND712311AAA,IND700026AAC,Carting,evening,9,36.0,72.0,132.0,2.1176470588235294,38.0,1.0,True
IND712311AAA,IND700026AAC,Carting,night,11,35.0,100.0,145.0,2.9411764705882355,66.0,1.0,True
IND712311AAA,IND700028AAB,Carting,afternoon,1,19.0,132.0,221.0,6.947368421052632,113.0,1.0,False
IND712311AAA,IND700028AAB,Carting,evening,15,19.0,79.0,135.0,4.157894736842105,60.0,1.0,True
IND712311AAA,IND700028AAB,Carting,night,6,18.5,57.0,100.5,3.0789473684210527,38.5,1.0,True
IND712311AAA,IND700053AAA,Carting,afternoon,1,30.0,179.0,294.0,5.966666666666667,149.0,1.0,False
IND712311AAA,IND700053AAA,Carting,evening,6,29.0,91.0,151.0,3.2038177339901477,62.5,1.0,True
IND712311AAA,IND700053AAA,Carting,night,8,30.0,83.0,158.5,2.7666666666666666,53.0,1.0,True
IND712311AAA,IND700065AAA,Carting,afternoon,8,22.0,122.5,189.0,5.458498023715415,100.5,1.0,True
IND712311AAA,IND700065AAA,Carting,evening,13,22.0,69.0,136.0,3.2857142857142856,48.0,1.0,True
IND712311AAA,IND700065AAA,Carting,night,7,22.0,72.0,122.0,3.272727272727273,50.0,1.0,True
IND712311AAA,IND700088AAA,Carting,afternoon,9,30.0,107.0,457.0,3.689655172413793,78.0,1.0,True
IND712311AAA,IND700088AAA,Carting,evening,7,30.0,141.0,262.0,4.7,111.0,1.0,True
IND712311AAA,IND700088AAA,Carting,morning,5,29.0,99.0,416.0,3.413793103448276,70.0,1.0,True
IND712311AAA,IND700088AAA,Carting,night,2,29.0,110.5,241.0,3.8103448275862073,81.5,1.0,False
IND712311AAA,IND712310AAE,Carting,evening,1,12.0,20.0,106.0,1.6666666666666667,8.0,1.0,False
IND712311AAA,IND712410AAC,FTL,night,4,38.5,171.0,220.5,4.4466936572199725,132.5,1.0,False
IND712311AAA,IND713103AAA,FTL,afternoon,4,58.5,123.5,364.0,2.1293103448275863,65.5,1.0,False
IND712311AAA,IND713103AAA,FTL,evening,2,59.0,135.5,376.0,2.296610169491525,76.5,1.0,False
IND712311AAA,IND713145AAB,FTL,evening,1,74.0,156.0,232.0,2.108108108108108,82.0,1.0,False
IND712311AAA,IND713205AAB,FTL,afternoon,3,106.0,189.0,290.0,1.7830188679245282,83.0,1.0,False
IND712311AAA,IND713205AAB,FTL,evening,4,106.0,229.0,410.0,2.1714285714285717,123.0,1.0,False
IND712311AAA,IND721306AAA,FTL,afternoon,4,101.0,211.0,496.5,2.089108910891089,110.0,1.0,False
IND712311AAA,IND721306AAA,FTL,evening,4,101.0,211.0,441.0,2.089108910891089,110.0,1.0,False
IND712311AAA,IND732103AAB,FTL,morning,2,215.5,589.0,738.5,2.7330211024978466,373.5,1.0,False
IND712311AAA,IND732103AAB,FTL,night,1,215.0,659.0,833.0,3.0651162790697675,444.0,1.0,False
IND712311AAA,IND742101AAC,FTL,morning,8,158.0,443.0,544.5,2.848887234218582,287.5,1.0,True
IND712311AAA,IND742102AAB,FTL,morning,3,158.0,498.0,571.0,3.151898734177215,340.0,1.0,False
IND712311AAA,IND743235AAA,FTL,evening,1,57.0,176.0,210.0,3.087719298245614,119.0,1.0,False
IND712311AAA,IND751002AAB,FTL,evening,11,313.0,704.0,859.0,2.2492012779552715,391.0,1.0,True
IND712311AAA,IND751002AAB,FTL,night,12,310.0,598.0,763.5,1.9290322580645163,288.0,1.0,True
IND712311AAA,IND781018AAB,FTL,evening,1,689.0,2366.0,3047.0,3.4339622641509435,1677.0,1.0,False
IND712311AAA,IND781018AAB,FTL,night,4,687.0,2119.5,2581.0,3.0852022925428795,1432.5,1.0,False
IND712311AAA,IND826004AAA,FTL,night,3,182.0,314.0,489.0,1.7527472527472527,137.0,1.0,False
IND712311AAA,IND834002AAB,FTL,afternoon,1,281.0,612.0,1049.0,2.1779359430604983,331.0,1.0,False
IND712311AAA,IND834002AAB,FTL,evening,10,286.0,686.5,851.0,2.4475660904931367,406.0,1.0,True
IND712406AAA,IND712602AAA,FTL,morning,1,34.0,79.0,81.0,2.323529411764706,45.0,1.0,False
IND712410AAC,IND712406AAA,FTL,morning,2,41.0,48.5,79.0,1.1829268292682926,7.5,0.0,False
IND712602AAA,IND722154AAA,FTL,morning,1,25.0,75.0,75.0,3.0,50.0,1.0,False
IND712612AAA,IND722154AAA,FTL,morning,1,19.0,32.0,63.0,1.6842105263157894,13.0,1.0,False
IND713103AAA,IND713205AAB,FTL,evening,3,51.0,106.0,119.0,2.0784313725490198,55.0,1.0,False
IND713103AAA,IND713205AAB,FTL,night,1,47.0,91.0,95.0,1.9361702127659575,44.0,1.0,False
IND713128AAB,IND731204AAB,FTL,morning,5,18.0,52.0,79.0,2.8,34.0,1.0,True
IND713128AAB,IND731204AAB,FTL,night,6,18.0,60.0,83.5,3.3333333333333335,42.0,1.0,True
IND713128AAB,IND731301AAA,FTL,night,1,35.0,166.0,196.0,4.742857142857143,131.0,1.0,False
IND713130AAA,IND741123AAB,Carting,evening,6,64.0,130.0,175.5,2.03125,66.0,1.0,True
IND713130AAA,IND741123AAB,Carting,night,4,64.0,136.0,173.5,2.125,72.0,1.0,False
IND713130AAA,IND741126AAB,Carting,night,1,69.0,253.0,305.0,3.6666666666666665,184.0,1.0,False
IND713145AAB,IND741316AAA,FTL,night,1,23.0,32.0,35.0,1.391304347826087,9.0,1.0,False
IND713148AAA,IND713128AAB,FTL,night,10,35.0,97.0,114.5,2.7043650793650795,61.0,1.0,True
IND713205AAB,IND712311AAA,FTL,afternoon,6,105.0,853.0,1114.5,8.123809523809523,748.0,1.0,True
IND713205AAB,IND712311AAA,FTL,night,1,104.0,184.0,926.0,1.7692307692307692,80.0,1.0,False
IND713205AAB,IND713148AAA,FTL,night,3,18.0,80.0,154.0,4.444444444444445,62.0,1.0,False
IND713205AAB,IND713303AAA,FTL,night,5,27.0,69.0,152.0,2.6538461538461537,43.0,1.0,True
IND713205AAB,IND722101AAA,Carting,evening,1,49.0,162.0,408.0,3.306122448979592,113.0,1.0,False
IND713205AAB,IND722101AAB,Carting,night,1,50.0,281.0,303.0,5.62,231.0,1.0,False
IND713205AAB,IND722101AAC,Carting,evening,1,49.0,79.0,128.0,1.6122448979591837,30.0,1.0,False
IND713205AAB,IND722101AAC,Carting,night,3,51.0,150.0,220.0,2.9411764705882355,99.0,1.0,False
IND713205AAB,IND722143AAB,FTL,evening,2,24.0,72.5,159.5,2.9904347826086957,48.5,1.0,False
IND713205AAB,IND722143AAB,FTL,night,6,25.0,98.0,177.0,3.92,73.0,1.0,True
IND713205AAB,IND722202AAA,Carting,night,3,19.0,73.0,194.0,4.055555555555555,55.0,1.0,False
IND713205AAB,IND723130AAA,FTL,evening,1,89.0,383.0,810.0,4.303370786516854,294.0,1.0,False
IND713205AAB,IND723130AAA,FTL,night,1,85.0,198.0,264.0,2.3294117647058825,113.0,1.0,False
IND713205AAB,IND723133AAA,FTL,evening,1,71.0,184.0,315.0,2.591549295774648,113.0,1.0,False
IND713303AAA,IND713364AAB,FTL,morning,1,18.0,83.0,91.0,4.611111111111111,65.0,1.0,False
IND713303AAA,IND713364AAB,FTL,night,5,18.0,72.0,85.0,4.0,54.0,1.0,True
IND713364AAB,IND712311AAA,FTL,morning,2,145.0,265.0,1221.0,1.8272926179604263,120.0,1.0,False
IND713364AAB,IND712311AAA,FTL,night,9,146.0,712.0,778.0,4.832214765100671,566.0,1.0,True
IND721102AAA,IND712311AAA,FTL,afternoon,1,93.0,297.0,380.0,3.193548387096774,204.0,1.0,False
IND721102AAA,IND712311AAA,FTL,night,7,92.0,771.0,815.0,8.380434782608695,679.0,1.0,True
IND721133AAA,IND721434AAB,FTL,night,2,55.0,159.5,178.0,2.9147633234028465,104.5,1.0,False
IND721134AAB,IND712310AAE,Carting,night,1,54.0,157.0,341.0,2.9074074074074074,103.0,1.0,False
IND721134AAB,IND721139AAC,Carting,night,10,16.0,25.0,49.0,1.5916666666666668,9.5,0.9,True
IND721139AAC,IND721602AAB,Carting,night,2,59.5,168.0,211.5,2.827966101694915,108.5,1.0,False
IND721139AAC,IND721636AAB,Carting,night,1,35.0,100.0,130.0,2.857142857142857,65.0,1.0,False
IND721212AAA,IND712310AAE,Carting,night,6,77.0,176.5,218.0,2.3266666666666667,99.5,1.0,True
IND721253AAC,IND721306AAA,FTL,afternoon,2,43.5,121.0,157.5,2.7904761904761903,77.5,1.0,False
IND721253AAC,IND721306AAA,FTL,morning,7,42.0,88.0,141.0,2.0952380952380953,46.0,1.0,True
IND721306AAA,IND721102AAA,FTL,morning,1,18.0,94.0,98.0,5.222222222222222,76.0,1.0,False
IND721306AAA,IND721102AAA,FTL,night,3,18.0,34.0,82.0,1.8888888888888888,16.0,1.0,False
IND721306AAA,IND721133AAA,FTL,night,2,17.5,38.0,80.5,2.167763157894737,20.5,1.0,False
IND721306AAA,IND721507AAA,FTL,morning,1,44.0,84.0,117.0,1.9090909090909092,40.0,1.0,False
IND721306AAA,IND721507AAA,FTL,night,9,44.0,96.0,121.0,2.1818181818181817,52.0,1.0,True
IND721401AAA,IND721306AAA,FTL,morning,2,81.5,157.0,190.0,1.9301957831325303,75.5,1.0,False
IND721434AAB,IND721401AAA,FTL,morning,2,50.0,123.5,144.5,2.4699999999999998,73.5,1.0,False
IND721501AAC,IND721253AAC,FTL,morning,5,92.0,171.0,183.0,1.858695652173913,79.0,1.0,True
IND721602AAB,IND721139AAC,Carting,morning,4,60.5,111.5,144.0,1.7979166666666666,49.5,1.0,False
IND721636AAB,IND721602AAB,Carting,morning,2,41.5,44.5,75.5,1.0737514518002322,4.0,0.0,False
IND721636AAB,IND721602AAB,Carting,night,1,24.0,45.0,65.0,1.875,21.0,1.0,False
IND722101AAA,IND722122AAA,Carting,morning,2,21.5,45.0,48.0,2.0722222222222224,23.5,1.0,False
IND722101AAA,IND722122AAA,Carting,night,5,21.0,37.0,47.0,1.826086956521739,17.0,1.0,True
IND722122AAA,IND713205AAB,Carting,morning,6,71.5,132.5,150.5,1.8785714285714286,61.5,1.0,True
IND722140AAA,IND722151AAA,FTL,afternoon,1,43.0,40.0,70.0,0.9302325581395349,0.0,0.0,False
IND722140AAA,IND722151AAA,FTL,morning,2,43.0,51.0,81.5,1.1883116883116882,8.0,0.5,False
IND722140AAA,IND722151AAA,FTL,night,1,44.0,42.0,64.0,0.9545454545454546,0.0,0.0,False
IND722143AAB,IND723133AAA,FTL,night,9,52.0,74.0,107.0,1.411764705882353,21.0,1.0,True
IND722151AAA,IND723130AAA,FTL,afternoon,1,70.0,942.0,957.0,13.457142857142857,872.0,1.0,False
IND722151AAA,IND723130AAA,FTL,morning,1,69.0,1131.0,1155.0,16.391304347826086,1062.0,1.0,False
IND722151AAA,IND723130AAA,FTL,night,1,69.0,106.0,155.0,1.536231884057971,37.0,1.0,False
IND722154AAA,IND712311AAA,FTL,morning,1,86.0,444.0,781.0,5.162790697674419,358.0,1.0,False
IND722202AAA,IND713205AAB,Carting,night,1,17.0,46.0,58.0,2.7058823529411766,29.0,1.0,False
IND722202AAA,IND722101AAC,Carting,night,3,29.0,44.0,50.0,1.5517241379310345,16.0,1.0,False
IND723101AAA,IND723202AAA,FTL,morning,12,38.5,70.0,101.5,1.794871794871795,31.0,1.0,True
IND723101AAA,IND723202AAA,FTL,night,1,39.0,75.0,85.0,1.9230769230769231,36.0,1.0,False
IND723130AAA,IND723101AAA,FTL,morning,13,21.0,55.0,74.0,2.619047619047619,34.0,1.0,True
IND723130AAA,IND723101AAA,FTL,night,1,21.0,36.0,64.0,1.7142857142857142,15.0,1.0,False
IND723130AAA,IND723131AAA,FTL,morning,4,49.5,60.0,78.0,1.2000000000000002,10.0,0.5,False
IND723131AAA,IND722140AAA,FTL,morning,5,31.0,43.0,61.0,1.34375,11.0,1.0,True
IND723131AAA,IND722140AAA,FTL,night,1,31.0,40.0,74.0,1.2903225806451613,9.0,1.0,False
IND723133AAA,IND723130AAA,FTL,morning,5,45.0,79.0,83.0,1.7954545454545454,35.0,1.0,True
IND723133AAA,IND723130AAA,FTL,night,7,44.0,52.0,78.0,1.1590909090909092,7.0,0.2857142857142857,False
IND723202AAA,IND713205AAB,FTL,afternoon,1,144.0,259.0,284.0,1.7986111111111112,115.0,1.0,False
IND723202AAA,IND713205AAB,FTL,morning,11,145.0,327.0,392.0,2.272727272727273,182.0,1.0,True
IND723202AAA,IND713205AAB,FTL,night,1,146.0,256.0,293.0,1.7534246575342465,110.0,1.0,False
IND731204AAB,IND731301AAA,FTL,morning,10,21.0,52.0,76.5,2.5,31.5,1.0,True
IND731204AAB,IND731301AAA,FTL,night,1,21.0,34.0,85.0,1.619047619047619,13.0,1.0,False
IND731224AAA,IND742147AAA,Carting,evening,1,32.0,78.0,84.0,2.4375,46.0,1.0,False
IND731224AAA,IND742147AAA,Carting,night,7,31.0,65.0,89.0,2.142857142857143,34.0,1.0,True
IND731237AAB,IND731224AAA,Carting,evening,8,20.0,61.5,77.0,3.0842105263157893,41.0,1.0,True
IND731237AAB,IND731224AAA,Carting,night,1,21.0,68.0,111.0,3.238095238095238,47.0,1.0,False
IND731301AAA,IND713205AAB,FTL,morning,11,71.0,129.0,149.0,1.8428571428571427,59.0,1.0,True
IND731301AAA,IND713205AAB,FTL,night,1,71.0,320.0,347.0,4.507042253521127,249.0,1.0,False
IND732103AAA,IND732138AAA,FTL,night,2,37.0,105.5,134.5,2.8513513513513513,68.5,1.0,False
IND732103AAB,IND732202AAA,Carting,evening,2,17.0,87.5,120.5,5.211805555555555,70.5,1.0,False
IND732103AAB,IND732202AAA,Carting,night,1,18.0,68.0,87.0,3.7777777777777777,50.0,1.0,False
IND732103AAB,IND733128AAA,Carting,evening,2,45.5,90.0,170.5,1.976328502415459,44.5,1.0,False
IND732138AAA,IND733102AAA,FTL,morning,1,63.0,161.0,166.0,2.5555555555555554,98.0,1.0,False
IND732138AAA,IND733102AAA,FTL,night,1,62.0,97.0,109.0,1.564516129032258,35.0,1.0,False
IND732138AAA,IND733124AAA,Carting,night,2,35.0,72.5,84.5,2.072712418300654,37.5,1.0,False
IND732138AAA,IND733124AAA,FTL,night,1,36.0,65.0,72.0,1.8055555555555556,29.0,1.0,False
IND732138AAA,IND733140AAA,Carting,night,1,44.0,117.0,120.0,2.659090909090909,73.0,1.0,False
IND732202AAA,IND732204AAB,Carting,night,6,15.0,45.0,69.5,3.0,30.0,1.0,True
IND732204AAB,IND732139AAA,Carting,night,4,58.0,39.0,93.0,0.6668614845119814,0.0,0.0,False
IND733128AAA,IND733129AAB,Carting,night,1,45.0,114.0,125.0,2.533333333333333,69.0,1.0,False
IND733128AAA,IND733134AAA,Carting,night,2,21.5,41.0,71.5,1.9025974025974026,19.5,1.0,False
IND733129AAA,IND732103AAB,Carting,morning,1,48.0,128.0,151.0,2.6666666666666665,80.0,1.0,False
IND733129AAA,IND732103AAB,Carting,night,2,45.5,188.5,236.5,4.124515503875969,143.0,1.0,False
IND733129AAB,IND733129AAA,Carting,night,2,24.0,45.0,54.5,1.8846153846153846,21.0,1.0,False
IND733134AAA,IND733129AAB,Carting,night,1,21.0,32.0,73.0,1.5238095238095237,11.0,1.0,False
IND733140AAA,IND732103AAA,FTL,afternoon,1,55.0,157.0,740.0,2.8545454545454545,102.0,1.0,False
IND733140AAA,IND733102AAA,Carting,night,5,25.0,53.0,59.0,2.2083333333333335,29.0,1.0,True
IND733140AAA,IND733102AAA,FTL,night,1,24.0,36.0,61.0,1.5,12.0,1.0,False
IND733201AAA,IND733202AAB,FTL,morning,1,42.0,84.0,99.0,2.0,42.0,1.0,False
IND733202AAB,IND733210AAA,FTL,morning,1,31.0,41.0,60.0,1.3225806451612903,10.0,1.0,False
IND734214AAB,IND000000AFF,FTL,morning,3,36.0,118.0,132.0,3.1794871794871793,82.0,1.0,False
IND735224AAA,IND736146AAA,FTL,morning,8,49.0,72.5,88.0,1.494047619047619,24.0,1.0,True
IND736135AAA,IND736101AAA,FTL,afternoon,1,25.0,48.0,61.0,1.92,23.0,1.0,False
IND736135AAA,IND736101AAA,FTL,morning,5,23.0,49.0,71.0,2.130434782608696,26.0,1.0,True
IND736135AAA,IND736165AAA,FTL,morning,5,37.0,96.0,112.0,2.5526315789473686,59.0,1.0,True
IND736146AAA,IND736135AAA,FTL,morning,8,57.0,93.0,136.5,1.631578947368421,36.0,1.0,True
IND741123AAB,IND741126AAB,Carting,night,11,32.0,78.0,99.0,2.393939393939394,46.0,1.0,True
IND741126AAB,IND741156AAA,Carting,morning,2,16.5,33.5,65.0,2.0275735294117645,17.0,1.0,False
IND741126AAB,IND741156AAA,Carting,night,11,17.0,44.0,63.0,2.6666666666666665,27.0,1.0,True
IND741156AAA,IND742101AAC,Carting,morning,1,31.0,64.0,193.0,2.064516129032258,33.0,1.0,False
IND741156AAA,IND742101AAC,Carting,night,7,32.0,90.0,151.0,2.8125,58.0,1.0,True
IND741156AAA,IND742102AAB,Carting,morning,3,33.0,87.0,116.0,2.6363636363636362,54.0,1.0,False
IND741156AAA,IND742102AAB,Carting,night,3,32.0,76.0,174.0,2.375,44.0,1.0,False
IND741165AAB,IND742121AAB,Carting,night,9,82.0,100.0,126.0,1.2195121951219512,18.0,0.5555555555555556,True
IND741201AAC,IND712311AAA,FTL,night,1,57.0,905.0,964.0,15.87719298245614,848.0,1.0,False
IND742101AAC,IND712311AAA,FTL,afternoon,7,160.0,453.0,659.0,2.919254658385093,304.0,1.0,True
IND742101AAC,IND713130AAA,Carting,evening,3,92.0,155.0,205.0,1.684782608695652,63.0,1.0,False
IND742101AAC,IND731237AAB,Carting,evening,7,30.0,79.0,123.0,2.6333333333333333,49.0,1.0,True
IND742101AAC,IND741123AAB,Carting,evening,1,120.0,350.0,422.0,2.9166666666666665,230.0,1.0,False
IND742101AAC,IND742202AAA,FTL,afternoon,1,60.0,154.0,290.0,2.566666666666667,94.0,1.0,False
IND742101AAC,IND742303AAB,Carting,evening,7,29.0,70.0,159.0,2.5,42.0,1.0,True
IND742102AAB,IND712311AAA,FTL,afternoon,3,160.0,419.0,683.0,2.61875,259.0,1.0,False
IND742102AAB,IND712311AAA,FTL,evening,1,160.0,381.0,583.0,2.38125,221.0,1.0,False
IND742102AAB,IND713130AAA,Carting,evening,6,93.0,193.5,255.5,2.152575587905935,104.0,1.0,True
IND742102AAB,IND731237AAB,Carting,evening,5,30.0,88.0,154.0,2.9655172413793105,57.0,1.0,True
IND742102AAB,IND742303AAB,Carting,evening,6,29.0,60.0,126.0,2.105911330049261,31.5,1.0,True
IND742121AAA,IND742101AAC,Carting,night,6,22.0,73.5,104.0,3.6818181818181817,54.5,1.0,True
IND742121AAA,IND742102AAB,Carting,night,5,22.0,82.0,91.0,3.5652173913043477,59.0,1.0,True
IND742121AAB,IND742101AAC,Carting,night,1,36.0,122.0,145.0,3.388888888888889,86.0,1.0,False
IND742121AAB,IND742121AAA,Carting,night,9,13.0,44.0,74.0,3.4615384615384617,32.0,1.0,True
IND742137AAA,IND742401AAA,Carting,night,3,29.0,62.0,81.0,2.2333333333333334,36.0,1.0,False
IND742147AAA,IND742137AAA,Carting,night,3,18.0,33.0,46.0,1.8333333333333333,15.0,1.0,False
IND742148AAA,IND742225AAA,Carting,evening,4,14.5,77.0,92.0,5.314285714285715,62.5,1.0,False
IND742148AAA,IND742225AAA,Carting,night,5,14.0,50.0,72.0,3.5714285714285716,36.0,1.0,True
IND742149AAA,IND742148AAA,Carting,evening,9,18.0,53.0,87.0,2.8333333333333335,34.0,1.0,True
IND742149AAA,IND742225AAA,Carting,evening,1,40.0,164.0,217.0,4.1,124.0,1.0,False
IND742202AAA,IND712311AAA,FTL,night,2,180.0,522.5,675.5,2.9034383777277077,342.5,1.0,False
IND742202AAA,IND732103AAA,FTL,evening,1,36.0,170.0,220.0,4.722222222222222,134.0,1.0,False
IND742223AAA,IND742226AAA,Carting,night,10,45.0,70.0,122.5,1.5795454545454546,25.5,1.0,True
IND742225AAA,IND742223AAA,Carting,night,9,9.0,42.0,67.0,4.666666666666667,33.0,1.0,True
IND742226AAA,IND742101AAC,Carting,night,6,36.5,77.5,118.5,2.0945945945945947,40.5,1.0,True
IND742226AAA,IND742102AAB,Carting,night,5,36.0,64.0,111.0,1.7777777777777777,28.0,1.0,True
IND742303AAB,IND741165AAB,Carting,evening,11,37.0,120.0,158.0,3.2432432432432434,83.0,1.0,True
IND742303AAB,IND741165AAB,Carting,night,1,40.0,137.0,140.0,3.425,97.0,1.0,False
IND742401AAA,IND742101AAC,Carting,night,5,66.0,184.0,260.0,3.0677966101694913,122.0,1.0,True
IND742401AAA,IND742102AAB,Carting,night,5,66.0,202.0,258.0,3.0606060606060606,136.0,1.0,True
IND743235AAA,IND743270AAA,FTL,night,2,18.0,39.5,76.0,2.1944444444444446,21.5,1.0,False
IND743270AAA,IND712311AAA,FTL,night,1,76.0,1128.0,1130.0,14.842105263157896,1052.0,1.0,False
IND743347AAA,IND700053AAA,Carting,night,4,63.0,240.5,282.0,3.817460317460317,177.5,1.0,False
IND743513AAA,IND743347AAA,Carting,night,8,36.0,72.5,113.0,1.9583333333333335,35.0,1.0,True
IND751002AAB,IND530012AAA,FTL,afternoon,3,332.0,555.0,587.0,1.6371681415929205,216.0,1.0,False
IND751002AAB,IND530012AAA,FTL,morning,7,332.0,559.0,713.0,1.6939393939393939,229.0,1.0,True
IND751002AAB,IND562132AAA,FTL,afternoon,6,1058.0,2444.0,2508.0,2.3100638488140133,1386.0,1.0,True
IND751002AAB,IND562132AAA,FTL,evening,3,1058.0,2184.0,2242.0,2.064272211720227,1126.0,1.0,False
IND751002AAB,IND712311AAA,FTL,afternoon,4,322.5,577.5,680.0,1.7934782608695652,255.5,1.0,False
IND751002AAB,IND712311AAA,FTL,morning,11,322.0,669.0,924.0,2.077639751552795,347.0,1.0,True
IND751002AAB,IND712311AAA,FTL,night,7,322.0,621.0,763.0,1.9285714285714286,299.0,1.0,True
IND751002AAB,IND754103AAA,FTL,afternoon,6,42.0,444.5,545.5,10.703832752613241,403.0,1.0,True
IND751002AAB,IND756100AAC,FTL,night,10,88.0,163.5,297.0,1.8132507027855866,72.5,1.0,True
IND751002AAB,IND760003AAB,FTL,morning,8,136.0,269.0,409.0,2.0000829279080055,134.5,1.0,True
IND751014AAA,IND751002AAB,Carting,morning,4,7.0,18.5,56.5,2.642857142857143,11.5,1.0,False
IND751015AAA,IND751002AAB,Carting,morning,4,7.0,14.0,48.0,2.0,7.0,1.0,False
IND751015AAA,IND752050AAA,Carting,night,1,11.0,18.0,52.0,1.6363636363636365,7.0,1.0,False
IND751015AAA,IND752055AAA,Carting,night,1,22.0,44.0,74.0,2.0,22.0,1.0,False
IND751015AAA,IND752056AAA,Carting,night,4,17.5,42.0,75.5,2.1984126984126986,22.5,1.0,False
IND751021AAA,IND751002AAB,Carting,night,1,10.0,32.0,574.0,3.2,22.0,1.0,False
IND752050AAA,IND751002AAB,Carting,night,1,21.0,41.0,57.0,1.9523809523809523,20.0,1.0,False
IND752050AAA,IND752056AAA,Carting,night,1,6.0,14.0,22.0,2.3333333333333335,8.0,1.0,False
IND752055AAA,IND751002AAB,Carting,night,1,26.0,50.0,81.0,1.9230769230769231,24.0,1.0,False
IND752056AAA,IND751002AAB,Carting,night,1,19.0,36.0,42.0,1.894736842105263,17.0,1.0,False
IND754022AAA,IND751002AAB,FTL,night,2,51.5,115.5,129.5,2.2413273001508296,64.0,1.0,False
IND754103AAA,IND754142AAA,FTL,evening,1,54.0,118.0,156.0,2.185185185185185,64.0,1.0,False
IND754142AAA,IND754211AAA,FTL,night,1,25.0,92.0,112.0,3.68,67.0,1.0,False
IND756019AAA,IND756032AAA,FTL,morning,1,36.0,55.0,85.0,1.5277777777777777,19.0,1.0,False
IND756019AAA,IND757001AAA,FTL,morning,1,46.0,120.0,174.0,2.608695652173913,74.0,1.0,False
IND756019AAA,IND757025AAA,FTL,afternoon,2,19.5,42.0,780.0,2.1605263157894736,22.5,1.0,False
IND756019AAA,IND757025AAA,FTL,morning,2,18.5,45.0,555.0,2.4298245614035086,26.5,1.0,False
IND756019AAA,IND757041AAA,FTL,morning,1,64.0,73.0,870.0,1.140625,9.0,0.0,False
IND756032AAA,IND712311AAA,FTL,afternoon,7,137.0,373.0,474.0,2.762962962962963,238.0,1.0,True
IND756045AAB,IND756019AAA,FTL,morning,1,16.0,27.0,49.0,1.6875,11.0,1.0,False
IND756100AAC,IND756045AAB,FTL,morning,1,43.0,50.0,181.0,1.1627906976744187,7.0,0.0,False
IND756100AAC,IND757037AAA,FTL,evening,1,143.0,198.0,229.0,1.3846153846153846,55.0,1.0,False
IND756100AAC,IND758001AAA,FTL,afternoon,2,123.0,454.5,584.5,3.5937271822104213,331.5,1.0,False
IND756100AAC,IND758001AAA,FTL,evening,1,135.0,321.0,391.0,2.3777777777777778,186.0,1.0,False
IND756100AAC,IND758034AAA,FTL,afternoon,2,180.0,530.0,634.0,2.9481774128831137,350.0,1.0,False
IND756100AAC,IND758034AAA,FTL,evening,6,166.5,349.5,400.0,1.9814814814814814,172.5,1.0,True
IND757025AAA,IND757001AAA,FTL,night,2,17.0,40.0,65.0,2.3529411764705883,23.0,1.0,False
IND757037AAA,IND756100AAC,FTL,morning,1,117.0,278.0,671.0,2.376068376068376,161.0,1.0,False
IND757037AAA,IND756100AAC,FTL,night,4,120.0,333.0,554.5,2.783109938190152,214.0,1.0,False
IND757037AAA,IND758001AAA,FTL,evening,1,42.0,79.0,100.0,1.880952380952381,37.0,1.0,False
IND757041AAA,IND756019AAA,FTL,evening,1,50.0,80.0,713.0,1.6,30.0,1.0,False
IND757041AAA,IND756019AAA,FTL,night,1,58.0,78.0,352.0,1.3448275862068966,20.0,1.0,False
IND757041AAA,IND757001AAA,FTL,night,1,42.0,74.0,82.0,1.7619047619047619,32.0,1.0,False
IND758001AAA,IND758035AAA,FTL,night,2,50.0,100.0,122.5,1.9951923076923077,50.0,1.0,False
IND758034AAA,IND756100AAC,FTL,night,1,163.0,335.0,472.0,2.0552147239263805,172.0,1.0,False
IND758034AAA,IND757037AAA,FTL,night,1,90.0,173.0,195.0,1.9222222222222223,83.0,1.0,False
IND758035AAA,IND758001AAA,FTL,night,1,49.0,84.0,98.0,1.7142857142857142,35.0,1.0,False
IND760003AAB,IND754022AAA,FTL,afternoon,1,75.0,207.0,470.0,2.76,132.0,1.0,False
IND760003AAB,IND761020AAA,FTL,evening,1,14.0,35.0,408.0,2.5,21.0,1.0,False
IND761200AAA,IND532001AAB,FTL,afternoon,1,48.0,112.0,116.0,2.3333333333333335,64.0,1.0,False
IND761200AAA,IND532001AAB,FTL,morning,6,50.5,107.5,116.5,2.1076923076923078,56.5,1.0,True
IND764001AAC,IND764059AAA,Carting,afternoon,1,32.0,116.0,118.0,3.625,84.0,1.0,False
IND764001AAC,IND764059AAA,Carting,morning,2,30.5,83.0,91.0,2.717741935483871,52.5,1.0,False
IND764001AAC,IND764059AAA,Carting,night,4,30.5,72.5,96.5,2.4166666666666665,42.5,1.0,False
IND764020AAC,IND764001AAC,Carting,night,1,12.0,27.0,34.0,2.25,15.0,1.0,False
IND764059AAA,IND764071AAB,Carting,afternoon,1,8.0,17.0,42.0,2.125,9.0,1.0,False
IND764059AAA,IND764071AAB,Carting,morning,2,9.0,16.5,31.0,1.8333333333333333,7.5,1.0,False
IND764071AAB,IND530012AAA,Carting,morning,1,245.0,623.0,647.0,2.5428571428571427,378.0,1.0,False
IND764071AAB,IND764073AAA,Carting,morning,2,32.5,55.0,68.5,1.6950757575757576,22.5,1.0,False
IND767001AAA,IND767017AAA,FTL,night,1,35.0,76.0,119.0,2.1714285714285713,41.0,1.0,False
IND767017AAA,IND768004AAD,FTL,night,1,79.0,180.0,823.0,2.278481012658228,101.0,1.0,False
IND768004AAD,IND768028AAA,FTL,evening,1,29.0,82.0,230.0,2.8275862068965516,53.0,1.0,False
IND768028AAB,IND767001AAA,FTL,evening,1,152.0,149.0,153.0,0.9802631578947368,0.0,0.0,False
IND768216AAA,IND770001AAA,FTL,night,2,34.5,74.0,83.5,2.1457983193277315,39.5,1.0,False
IND770001AAA,IND770017AAB,FTL,night,3,62.0,92.0,113.0,1.4838709677419355,30.0,1.0,False
IND781001AAA,IND781018AAB,Carting,morning,1,36.0,34.0,87.0,0.9444444444444444,0.0,0.0,False
IND781001AAA,IND781018AAB,Carting,night,3,37.0,112.0,197.0,2.9473684210526314,74.0,1.0,False
IND781003AAA,IND781018AAB,Carting,night,3,37.0,115.0,154.0,3.108108108108108,78.0,1.0,False
IND781005AAA,IND781018AAB,Carting,morning,3,36.0,53.0,110.0,1.4722222222222223,17.0,1.0,False
IND781005AAA,IND781018AAB,Carting,night,3,36.0,48.0,115.0,1.3333333333333333,12.0,0.6666666666666666,False
IND781014AAA,IND781102AAA,Carting,morning,3,18.0,41.0,94.0,2.3529411764705883,23.0,1.0,False
IND781014AAA,IND781124AAA,Carting,night,5,23.0,46.0,87.0,2.0434782608695654,24.0,1.0,True
IND781018AAA,IND781018AAB,Carting,morning,1,36.0,31.0,108.0,0.8611111111111112,0.0,0.0,False
IND781018AAA,IND781018AAB,Carting,night,1,34.0,43.0,2701.0,1.2647058823529411,9.0,1.0,False
IND781018AAB,IND110037AAM,FTL,evening,12,1323.0,3370.5,3562.0,2.549546142208775,2048.5,1.0,True
IND781018AAB,IND712311AAA,FTL,afternoon,1,691.0,2005.0,2227.0,2.901591895803184,1314.0,1.0,False
IND781018AAB,IND712311AAA,FTL,evening,1,688.0,1955.0,2905.0,2.8415697674418605,1267.0,1.0,False
IND781018AAB,IND712311AAA,FTL,morning,1,689.0,1743.0,2275.0,2.5297532656023223,1054.0,1.0,False
IND781018AAB,IND781003AAA,Carting,morning,1,45.0,157.0,226.0,3.488888888888889,112.0,1.0,False
IND781018AAB,IND781005AAA,Carting,evening,1,45.0,74.0,226.0,1.6444444444444444,29.0,1.0,False
IND781018AAB,IND781005AAA,Carting,night,4,44.0,63.0,160.5,1.4318181818181817,19.0,0.5,False
IND781018AAB,IND781022AAA,Carting,morning,4,39.5,51.0,128.5,1.3137771918259724,12.0,0.5,False
IND781018AAB,IND781022AAA,Carting,night,3,40.0,38.0,129.0,0.95,0.0,0.0,False
IND781018AAB,IND781354AAA,FTL,morning,5,54.0,105.0,198.0,1.9444444444444444,51.0,1.0,True
IND781018AAB,IND781354AAA,FTL,night,3,54.0,81.0,424.0,1.5,27.0,1.0,False
IND781018AAB,IND784001AAA,FTL,morning,4,138.5,299.5,501.0,2.162991346053592,161.0,1.0,False
IND781018AAB,IND784125AAA,FTL,afternoon,1,65.0,109.0,188.0,1.676923076923077,44.0,1.0,False
IND781018AAB,IND784125AAA,FTL,morning,3,65.0,113.0,296.0,1.7384615384615385,48.0,1.0,False
IND781018AAB,IND784168AAB,FTL,morning,1,224.0,511.0,650.0,2.28125,287.0,1.0,False
IND781018AAB,IND785001AAA,FTL,night,2,242.5,538.0,796.5,2.2180984933510186,295.5,1.0,False
IND781018AAB,IND785612AAB,FTL,night,2,196.5,497.0,758.5,2.5335275835275834,300.5,1.0,False
IND781018AAB,IND785621AAA,FTL,night,1,231.0,449.0,718.0,1.9437229437229437,218.0,1.0,False
IND781018AAB,IND788026AAC,FTL,night,12,249.0,679.0,919.5,2.7214859437751002,429.5,1.0,True
IND781018AAB,IND793001AAA,FTL,afternoon,10,99.5,201.0,338.0,2.0251020408163267,101.5,1.0,True
IND781022AAA,IND781018AAB,Carting,morning,6,34.0,39.0,89.5,1.1294117647058823,4.5,0.3333333333333333,False
IND781022AAA,IND781018AAB,Carting,night,4,33.5,61.5,103.0,1.8636363636363638,31.5,0.5,False
IND781102AAA,IND781018AAB,Carting,morning,2,35.0,154.5,726.0,4.345588235294118,119.5,1.0,False
IND781124AAA,IND781018AAB,Carting,night,3,31.0,146.0,170.0,4.709677419354839,115.0,1.0,False
IND781335AAA,IND000000AET,FTL,afternoon,4,51.0,91.0,116.0,1.8025490196078433,40.5,1.0,False
IND781354AAA,IND781335AAA,FTL,afternoon,1,15.0,38.0,48.0,2.533333333333333,23.0,1.0,False
IND781354AAA,IND781335AAA,FTL,morning,1,15.0,56.0,59.0,3.7333333333333334,41.0,1.0,False
IND783129AAA,IND794101AAA,FTL,morning,1,103.0,208.0,239.0,2.0194174757281553,105.0,1.0,False
IND783301AAA,IND783348AAA,FTL,evening,10,32.5,62.0,105.5,1.8920454545454546,29.0,1.0,True
IND783301AAA,IND783348AAA,FTL,night,1,33.0,88.0,146.0,2.6666666666666665,55.0,1.0,False
IND783348AAA,IND783129AAA,FTL,evening,8,89.0,165.5,188.0,1.8595505617977528,76.5,1.0,True
IND783348AAA,IND783129AAA,FTL,night,2,88.5,195.0,215.0,2.204162410623085,106.5,1.0,False
IND783370AAB,IND783301AAA,FTL,evening,2,47.0,100.0,140.0,2.127659574468085,53.0,1.0,False
IND783370AAC,IND783301AAA,FTL,afternoon,2,52.0,135.0,146.0,2.5849197461739455,83.0,1.0,False
IND783370AAC,IND783301AAA,FTL,evening,6,48.0,127.5,160.0,2.635416666666667,78.5,1.0,True
IND784001AAA,IND784101AAA,Carting,night,1,16.0,114.0,148.0,7.125,98.0,1.0,False
IND784001AAA,IND784168AAB,FTL,evening,1,93.0,191.0,283.0,2.053763440860215,98.0,1.0,False
IND784001AAA,IND790114AAA,Carting,night,1,51.0,146.0,223.0,2.8627450980392157,95.0,1.0,False
IND784001AAA,IND791111AAC,FTL,evening,3,119.0,285.0,361.0,2.3949579831932772,166.0,1.0,False
IND784101AAA,IND790114AAA,Carting,morning,1,32.0,41.0,88.0,1.28125,9.0,1.0,False
IND784110AAA,IND781018AAB,FTL,evening,1,135.0,375.0,431.0,2.7777777777777777,240.0,1.0,False
IND784110AAA,IND784001AAA,FTL,evening,2,25.0,71.5,78.5,2.8600000000000003,46.5,1.0,False
IND784125AAA,IND784110AAA,FTL,afternoon,3,49.0,124.0,172.0,2.5833333333333335,76.0,1.0,False
IND784168AAB,IND784176AAA,FTL,evening,4,41.0,105.0,147.0,2.5272938443670148,63.5,1.0,False
IND784168AAB,IND784176AAA,FTL,night,2,39.0,99.0,130.5,2.552631578947368,60.0,1.0,False
IND784168AAB,IND791111AAC,FTL,evening,2,25.0,86.0,105.0,3.4400000000000004,61.0,1.0,False
IND784176AAA,IND781018AAB,FTL,night,4,180.0,422.0,498.5,2.337814610190301,241.5,1.0,False
IND785001AAA,IND785112AAC,Carting,evening,2,19.0,44.0,417.5,2.3157894736842106,25.0,1.0,False
IND785001AAA,IND785682AAA,FTL,afternoon,1,46.0,80.0,125.0,1.7391304347826086,34.0,1.0,False
IND785001AAA,IND785682AAA,FTL,evening,10,45.5,99.0,137.0,2.3488612836438922,57.0,1.0,True
IND785001AAA,IND798601AAA,Carting,evening,1,74.0,306.0,429.0,4.135135135135135,232.0,1.0,False
IND785112AAC,IND785001AAA,Carting,morning,1,20.0,215.0,672.0,10.75,195.0,1.0,False
IND785112AAC,IND785001AAA,Carting,night,1,19.0,369.0,538.0,19.42105263157895,350.0,1.0,False
IND785112AAC,IND785634AAA,Carting,night,2,29.5,95.5,104.0,3.2195402298850575,66.0,1.0,False
IND785612AAB,IND781018AAB,FTL,morning,1,166.0,356.0,393.0,2.144578313253012,190.0,1.0,False
IND785612AAB,IND785621AAA,FTL,afternoon,1,36.0,61.0,95.0,1.6944444444444444,25.0,1.0,False
IND785621AAA,IND785001AAA,FTL,afternoon,3,44.0,70.0,113.0,1.5909090909090908,26.0,1.0,False
IND785634AAA,IND785001AAA,Carting,night,3,16.0,468.0,832.0,31.2,453.0,1.0,False
IND785675AAA,IND785612AAB,FTL,night,1,121.0,265.0,304.0,2.190082644628099,144.0,1.0,False
IND785682AAA,IND785690AAB,Carting,night,1,34.0,148.0,193.0,4.352941176470588,114.0,1.0,False
IND785682AAA,IND786001AAB,FTL,evening,10,63.0,135.5,179.5,2.1179315476190474,71.5,1.0,True
IND785690AAB,IND785682AAA,Carting,night,10,33.0,147.0,223.0,4.327272727272727,113.0,1.0,True
IND786001AAB,IND785675AAA,FTL,evening,1,28.0,90.0,191.0,3.2142857142857144,62.0,1.0,False
IND786001AAB,IND785675AAA,FTL,night,2,29.0,79.5,210.0,2.763095238095238,50.5,1.0,False
IND786001AAB,IND786125AAA,Carting,night,1,29.0,66.0,140.0,2.2758620689655173,37.0,1.0,False
IND786001AAB,IND786171AAA,Carting,night,8,53.0,156.0,224.5,3.0847371967654986,106.0,1.0,True
IND786001AAB,IND786184AAA,Carting,evening,1,13.0,24.0,196.0,1.8461538461538463,11.0,1.0,False
IND786001AAB,IND786184AAA,Carting,night,6,13.5,35.5,106.5,2.730769230769231,22.5,1.0,True
IND786001AAB,IND786602AAA,Carting,night,10,35.0,54.0,128.0,1.5647058823529412,19.5,1.0,True
IND786125AAA,IND786190AAA,Carting,night,5,15.0,49.0,70.0,3.0625,33.0,1.0,True
IND786171AAA,IND786181AAC,Carting,morning,2,10.0,22.0,34.0,2.104166666666667,12.0,1.0,False
IND786171AAA,IND786181AAC,Carting,night,4,8.5,22.0,41.5,2.5694444444444446,13.5,1.0,False
IND786181AAC,IND786001AAB,Carting,morning,5,60.0,242.0,274.0,4.033333333333333,182.0,1.0,True
IND786181AAC,IND786001AAB,Carting,night,3,58.0,152.0,197.0,2.6666666666666665,95.0,1.0,False
IND786181AAC,IND792120AAB,Carting,morning,2,32.5,220.5,242.0,6.848197343453511,188.0,1.0,False
IND786181AAC,IND792120AAB,Carting,night,5,33.0,160.0,184.0,4.848484848484849,127.0,1.0,True
IND786181AAC,IND792121AAB,Carting,morning,3,29.0,92.0,119.0,3.1724137931034484,63.0,1.0,False
IND786181AAC,IND792121AAB,Carting,night,4,29.0,86.0,125.0,2.9172413793103447,56.5,1.0,False
IND786184AAA,IND786125AAA,Carting,night,4,14.5,41.5,61.5,2.8666666666666667,27.0,1.0,False
IND786184AAA,IND786190AAA,Carting,night,1,26.0,52.0,70.0,2.0,26.0,1.0,False
IND786190AAA,IND786001AAB,Carting,morning,1,42.0,103.0,148.0,2.4523809523809526,61.0,1.0,False
IND786190AAA,IND792103AAB,Carting,morning,1,36.0,88.0,89.0,2.4444444444444446,52.0,1.0,False
IND786190AAA,IND792103AAB,Carting,night,5,37.0,86.0,93.0,2.324324324324324,49.0,1.0,True
IND787001AAA,IND787057AAA,FTL,morning,1,47.0,102.0,152.0,2.1702127659574466,55.0,1.0,False
IND787001AAA,IND787057AAA,FTL,night,7,47.0,135.0,160.0,2.765957446808511,86.0,1.0,True
IND787057AAA,IND787059AAB,FTL,morning,10,24.5,53.0,91.0,2.12,28.0,1.0,True
IND787059AAB,IND791102AAA,FTL,morning,1,71.0,193.0,228.0,2.7183098591549295,122.0,1.0,False
IND788026AAC,IND781018AAB,FTL,evening,15,245.0,573.0,728.0,2.3815261044176705,344.0,1.0,True
IND788026AAC,IND781018AAB,FTL,morning,1,246.0,659.0,758.0,2.678861788617886,413.0,1.0,False
IND788026AAC,IND781018AAB,FTL,night,2,246.0,601.5,764.5,2.4451219512195124,355.5,1.0,False
IND788026AAC,IND788121AAA,FTL,evening,2,21.0,84.5,455.0,4.023809523809524,63.5,1.0,False
IND788026AAC,IND788151AAA,FTL,evening,10,22.0,55.5,379.0,2.5227272727272725,33.5,1.0,True
IND788026AAC,IND788151AAA,FTL,night,3,23.0,63.0,145.0,2.739130434782609,40.0,1.0,False
IND788026AAC,IND799250AAA,FTL,night,1,80.0,336.0,591.0,4.2,256.0,1.0,False
IND788121AAA,IND796081AAA,FTL,morning,1,52.0,182.0,185.0,3.5,130.0,1.0,False
IND788121AAA,IND796081AAA,FTL,night,2,50.0,173.5,195.5,3.4699999999999998,123.5,1.0,False
IND788151AAA,IND788713AAA,FTL,morning,4,32.5,83.0,126.0,2.5530303030303028,50.5,1.0,False
IND788151AAA,IND788713AAA,FTL,night,8,32.5,88.0,136.5,2.6901270772238517,56.5,1.0,True
IND788151AAA,IND788806AAA,FTL,night,1,18.0,47.0,72.0,2.611111111111111,29.0,1.0,False
IND788713AAA,IND788026AAC,FTL,morning,1,30.0,361.0,745.0,12.033333333333333,331.0,1.0,False
IND788713AAA,IND788806AAA,FTL,morning,6,13.0,35.5,95.5,2.6923076923076925,22.0,1.0,True
IND788713AAA,IND788806AAA,FTL,night,4,13.5,49.0,83.5,3.6263736263736264,35.5,1.0,False
IND788806AAA,IND788026AAC,FTL,morning,9,16.0,63.0,163.0,3.75,46.0,1.0,True
IND788806AAA,IND788713AAA,FTL,night,1,13.0,55.0,99.0,4.230769230769231,42.0,1.0,False
IND790001AAB,IND784001AAA,Carting,afternoon,1,120.0,846.0,909.0,7.05,726.0,1.0,False
IND791102AAA,IND784168AAB,FTL,afternoon,1,202.0,570.0,633.0,2.8217821782178216,368.0,1.0,False
IND791109AAA,IND787001AAA,FTL,morning,1,33.0,118.0,162.0,3.5757575757575757,85.0,1.0,False
IND791110AAA,IND787001AAA,FTL,night,1,34.0,120.0,157.0,3.5294117647058822,86.0,1.0,False
IND791125AAB,IND791102AAA,FTL,morning,4,80.5,157.0,184.5,1.9503858024691358,76.5,1.0,False
IND792001AAA,IND786001AAB,Carting,morning,1,117.0,279.0,301.0,2.3846153846153846,162.0,1.0,False
IND792001AAA,IND792110AAA,Carting,morning,1,43.0,71.0,89.0,1.6511627906976745,28.0,1.0,False
IND792103AAB,IND792001AAA,Carting,morning,5,93.0,64.0,79.0,0.6956521739130435,0.0,0.0,False
IND792110AAA,IND786001AAB,Carting,morning,2,101.0,253.5,272.0,2.505098039215686,152.5,1.0,False
IND792120AAB,IND786181AAC,Carting,morning,2,31.5,94.0,131.5,2.9726166328600403,62.5,1.0,False
IND792121AAB,IND786181AAC,Carting,afternoon,1,31.0,896.0,905.0,28.903225806451612,865.0,1.0,False
IND792121AAB,IND786181AAC,Carting,morning,5,29.0,120.0,122.0,3.870967741935484,89.0,1.0,True
IND792121AAB,IND786181AAC,Carting,night,1,26.0,95.0,148.0,3.6538461538461537,69.0,1.0,False
IND792130AAB,IND786001AAB,Carting,morning,9,84.0,241.0,277.0,2.8354430379746836,156.0,1.0,True
IND793001AAA,IND781018AAB,FTL,evening,1,131.0,438.0,455.0,3.3435114503816794,307.0,1.0,False
IND793001AAA,IND793150AAA,FTL,evening,2,45.5,105.5,148.0,2.3171497584541063,60.0,1.0,False
IND793150AAA,IND781018AAB,FTL,evening,1,139.0,268.0,336.0,1.9280575539568345,129.0,1.0,False
IND794101AAA,IND781018AAB,FTL,morning,5,159.0,383.0,509.0,2.408805031446541,224.0,1.0,True
IND794101AAA,IND781018AAB,FTL,night,4,159.5,376.0,572.0,2.3494277120200007,216.0,1.0,False
IND796009AAA,IND796321AAB,FTL,afternoon,2,131.0,648.5,892.5,4.950381679389313,517.5,1.0,False
IND796009AAA,IND796321AAB,FTL,morning,2,131.5,693.5,986.0,5.277613925514689,562.0,1.0,False
IND796081AAA,IND788026AAC,FTL,morning,1,72.0,190.0,997.0,2.638888888888889,118.0,1.0,False
IND796321AAB,IND796009AAA,FTL,night,3,131.0,525.0,574.0,4.046875,394.0,1.0,False
IND798601AAA,IND785001AAA,Carting,night,4,76.5,294.0,768.5,3.843643198906357,217.5,1.0,False
IND799250AAA,IND799008AAA,FTL,afternoon,1,124.0,338.0,360.0,2.725806451612903,214.0,1.0,False
IND801103AAA,IND802301AAA,FTL,evening,11,16.0,42.0,102.0,2.6666666666666665,26.0,1.0,True
IND802101AAA,IND802119AAA,FTL,night,10,13.0,33.0,71.5,2.5384615384615383,20.0,1.0,True
IND802101AAA,IND802158AAB,FTL,night,1,50.0,138.0,165.0,2.76,88.0,1.0,False
IND802119AAA,IND802158AAB,FTL,night,12,38.0,69.0,101.5,1.8513513513513513,31.5,1.0,True
IND802158AAB,IND821115AAB,FTL,morning,1,72.0,291.0,312.0,4.041666666666667,219.0,1.0,False
IND802158AAB,IND821115AAB,FTL,night,6,71.0,168.5,194.0,2.3570031298904537,97.0,1.0,True
IND802212AAA,IND821115AAB,FTL,morning,3,42.0,997.0,1025.0,23.738095238095237,955.0,1.0,False
IND802212AAA,IND821115AAB,FTL,night,2,40.5,553.5,1049.0,13.236263736263737,513.0,1.0,False
IND802213AAB,IND802212AAA,FTL,night,5,17.0,59.0,61.0,3.5,40.0,1.0,True
IND802301AAA,IND804401AAA,FTL,evening,10,67.0,122.5,150.0,1.86114663256607,58.0,1.0,True
IND803101AAA,IND805110AAD,FTL,evening,8,23.0,52.5,104.0,2.287878787878788,29.5,1.0,True
IND803101AAA,IND805110AAD,FTL,night,1,23.0,52.0,101.0,2.260869565217391,29.0,1.0,False
IND803116AAA,IND803108AAB,FTL,night,13,33.0,78.0,100.0,2.2285714285714286,43.0,1.0,True
IND803213AAA,IND803212AAB,FTL,evening,2,47.5,149.0,330.5,3.1445035460992905,101.5,1.0,False
IND803213AAA,IND811105AAA,FTL,evening,3,46.0,83.0,107.0,1.8043478260869565,37.0,1.0,False
IND804420AAA,IND803101AAA,FTL,evening,11,39.0,108.0,178.0,2.8421052631578947,70.0,1.0,True
IND804452AAA,IND804420AAA,FTL,evening,6,11.5,34.0,57.5,2.962121212121212,22.5,1.0,True
IND805110AAD,IND803116AAA,FTL,night,9,21.0,49.0,76.0,2.3333333333333335,28.0,1.0,True
IND811105AAA,IND803212AAB,FTL,evening,2,48.5,131.5,168.5,2.7136479591836737,83.0,1.0,False
IND811399AAA,IND110044AAB,Carting,afternoon,24,16.0,52.5,236.0,2.840643274853801,34.0,1.0,True
IND811399AAA,IND110044AAB,Carting,evening,5,16.0,58.0,134.0,3.2777777777777777,41.0,1.0,True
IND811399AAA,IND209304AAA,FTL,evening,6,323.5,525.0,567.5,1.6231389637444336,201.5,1.0,True
IND812002AAA,IND813203AAA,FTL,morning,5,27.0,130.0,190.0,4.642857142857143,102.0,1.0,True
IND812002AAA,IND813203AAA,FTL,night,7,23.0,95.0,163.0,3.782608695652174,66.0,1.0,True
IND813102AAA,IND812002AAA,FTL,night,12,40.0,86.0,116.0,2.15,46.0,1.0,True
IND813102AAA,IND813203AAA,FTL,night,1,62.0,232.0,260.0,3.7419354838709675,170.0,1.0,False
IND814101AAB,IND816107AAA,FTL,night,7,87.0,128.0,146.0,1.4883720930232558,42.0,1.0,True
IND814112AAA,IND814133AAA,FTL,night,2,56.5,128.5,163.5,2.273652882205514,72.0,1.0,False
IND814112AAA,IND814133AAB,FTL,night,6,55.5,143.5,199.5,2.558373205741627,87.5,1.0,True
IND814133AAA,IND816109AAA,FTL,morning,1,64.0,156.0,197.0,2.4375,92.0,1.0,False
IND814133AAB,IND816109AAA,FTL,morning,7,64.0,171.0,208.0,2.671875,107.0,1.0,True
IND814133AAB,IND816109AAA,FTL,night,4,64.0,151.0,203.0,2.359375,87.0,1.0,False
IND815301AAA,IND814112AAA,FTL,night,1,59.0,117.0,146.0,1.9830508474576272,58.0,1.0,False
IND815301AAA,IND814133AAB,FTL,night,3,115.0,281.0,319.0,2.4224137931034484,165.0,1.0,False
IND815301AAA,IND815353AAA,FTL,night,1,36.0,58.0,82.0,1.6111111111111112,22.0,1.0,False
IND815351AAA,IND814101AAB,FTL,night,8,97.0,106.0,130.0,1.092783505154639,9.0,0.25,False
IND815353AAA,IND814112AAA,FTL,night,2,39.0,49.0,79.0,1.2564102564102564,10.0,1.0,False
IND815353AAA,IND814133AAB,FTL,night,3,93.0,171.0,222.0,1.8387096774193548,78.0,1.0,False
IND815353AAA,IND826004AAA,FTL,night,1,87.0,132.0,209.0,1.5172413793103448,45.0,1.0,False
IND816107AAA,IND826004AAA,FTL,morning,4,205.5,373.0,397.5,1.7860185015570618,164.0,1.0,False
IND816107AAA,IND826004AAA,FTL,night,3,205.0,405.0,441.0,1.9852941176470589,201.0,1.0,False
IND816109AAA,IND826004AAA,FTL,morning,8,244.0,445.0,506.5,1.8175301895702625,199.0,1.0,True
IND821109AAA,IND802213AAB,FTL,night,8,32.0,165.0,197.5,5.077651515151516,132.5,1.0,True
IND821115AAB,IND000000ACB,FTL,night,7,647.0,1348.0,1445.0,2.0834621329211744,701.0,1.0,True
IND821115AAB,IND209304AAA,FTL,afternoon,1,324.0,618.0,669.0,1.9074074074074074,294.0,1.0,False
IND821115AAB,IND209304AAA,FTL,evening,4,325.0,636.5,696.0,1.9584615384615385,311.5,1.0,False
IND821115AAB,IND802101AAA,FTL,evening,6,76.0,165.0,192.5,2.2156756756756755,90.5,1.0,True
IND821115AAB,IND821109AAA,FTL,evening,4,40.0,92.0,123.5,2.3,52.0,1.0,False
IND821115AAB,IND824101AAA,FTL,evening,1,29.0,58.0,89.0,2.0,29.0,1.0,False
IND821307AAA,IND824101AAA,FTL,night,5,20.0,42.0,82.0,2.0952380952380953,22.0,1.0,True
IND824101AAA,IND821115AAB,FTL,night,4,31.5,63.0,118.0,2.030952380952381,31.5,1.0,False
IND824101AAA,IND821307AAA,FTL,night,3,22.0,43.0,77.0,1.9545454545454546,21.0,1.0,False
IND825301AAA,IND825409AAA,FTL,night,8,41.0,109.5,168.0,2.7045731707317073,69.0,1.0,True
IND825409AAA,IND000000ACB,FTL,night,8,773.0,1527.0,1569.5,1.979261101123973,755.5,1.0,True
IND826001AAC,IND828111AAA,Carting,night,2,9.0,23.0,69.0,2.5555555555555554,14.0,1.0,False
IND826004AAA,IND209304AAA,FTL,morning,3,578.0,997.0,1078.0,1.7249134948096885,419.0,1.0,False
IND826004AAA,IND814112AAA,FTL,evening,3,115.0,202.0,297.0,1.7565217391304349,87.0,1.0,False
IND826004AAA,IND815301AAA,FTL,evening,2,58.0,102.5,180.0,1.7652757078986587,44.5,1.0,False
IND826004AAA,IND815351AAA,FTL,evening,6,38.0,127.0,178.5,3.4722222222222223,89.0,1.0,True
IND826004AAA,IND815353AAA,FTL,evening,1,86.0,160.0,235.0,1.8604651162790697,74.0,1.0,False
IND827013AAA,IND829121AAA,Carting,evening,1,29.0,69.0,76.0,2.3793103448275863,40.0,1.0,False
IND827013AAA,IND829121AAA,Carting,night,1,27.0,54.0,80.0,2.0,27.0,1.0,False
IND828111AAA,IND826004AAA,Carting,morning,1,10.0,212.0,234.0,21.2,202.0,1.0,False
IND828111AAA,IND826004AAA,Carting,night,3,12.0,47.0,112.0,3.9166666666666665,35.0,1.0,False
IND828401AAB,IND826004AAA,Carting,night,6,21.5,59.0,301.0,2.678571428571429,36.5,1.0,True
IND829121AAA,IND834002AAB,Carting,night,6,62.0,452.0,476.5,7.232462877624168,389.5,1.0,True
IND829122AAA,IND825301AAA,FTL,evening,7,37.0,76.0,212.0,2.0,38.0,1.0,True
IND832109AAB,IND834002AAB,FTL,night,15,87.0,224.0,288.0,2.574712643678161,137.0,1.0,True
IND834002AAB,IND000000ACB,FTL,afternoon,4,853.0,1708.0,1876.5,2.0035458943579414,855.5,1.0,False
IND834002AAB,IND000000ACB,FTL,morning,4,852.5,1695.5,1833.0,1.988838757437159,843.0,1.0,False
IND834002AAB,IND826004AAA,Carting,afternoon,4,127.0,345.0,512.5,2.705185777559055,217.5,1.0,False
IND834002AAB,IND826004AAA,Carting,morning,10,126.5,301.0,544.0,2.365079365079365,173.5,1.0,True
IND834002AAB,IND827013AAA,Carting,afternoon,14,89.0,398.0,570.0,4.447315855181024,308.5,1.0,True
IND834002AAB,IND829122AAA,FTL,afternoon,7,32.0,78.0,300.0,2.5161290322580645,47.0,1.0,True
IND834002AAB,IND832109AAB,FTL,afternoon,6,87.0,200.5,356.0,2.291405433646813,113.0,1.0,True
IND834002AAB,IND832109AAB,FTL,evening,3,87.0,214.0,340.0,2.4597701149425286,127.0,1.0,False
IND841101AAA,IND841207AAB,FTL,night,3,15.0,47.0,94.0,2.611111111111111,29.0,1.0,False
IND841226AAB,IND841428AAA,Carting,night,1,24.0,56.0,93.0,2.3333333333333335,32.0,1.0,False
IND841226AAB,IND841428AAA,FTL,night,1,22.0,61.0,65.0,2.772727272727273,39.0,1.0,False
IND841301AAC,IND841226AAB,Carting,evening,1,48.0,96.0,193.0,2.0,48.0,1.0,False
IND841405AAA,IND841301AAC,Carting,night,1,86.0,182.0,740.0,2.116279069767442,96.0,1.0,False
IND841424AAA,IND841226AAB,FTL,evening,3,44.0,101.0,220.0,2.3488372093023258,58.0,1.0,False
IND841424AAA,IND841428AAA,FTL,evening,6,69.0,244.0,286.0,3.5727882327492972,175.0,1.0,True
IND842001AAA,IND843105AAB,FTL,evening,14,16.0,49.0,109.5,3.0294117647058822,33.0,1.0,True
IND842001AAA,IND843109AAB,Carting,evening,9,10.0,37.0,109.0,3.7,27.0,1.0,True
IND842001AAA,IND843109AAB,Carting,night,2,12.0,28.0,92.5,2.2714285714285714,16.0,1.0,False
IND842001AAA,IND843126AAA,Carting,evening,2,19.0,116.5,222.0,5.927777777777778,97.5,1.0,False
IND842001AAA,IND843126AAA,Carting,night,1,18.0,54.0,73.0,3.0,36.0,1.0,False
IND842001AAA,IND843301AAA,FTL,evening,5,52.0,160.0,239.0,3.076923076923077,108.0,1.0,True
IND842001AAA,IND843320AAA,FTL,evening,1,48.0,300.0,339.0,6.25,252.0,1.0,False
IND842001AAA,IND843329AAB,FTL,evening,7,58.0,79.0,134.0,1.3793103448275863,22.0,1.0,True
IND842001AAA,IND845401AAA,FTL,evening,3,61.0,126.0,205.0,2.0655737704918034,65.0,1.0,False
IND842001AAA,IND845412AAB,FTL,evening,11,34.0,80.0,123.0,2.342857142857143,47.0,1.0,True
IND842001AAA,IND845418AAB,FTL,evening,6,80.0,159.0,235.0,1.9875,79.0,1.0,True
IND842001AAA,IND845438AAA,FTL,evening,4,91.5,237.0,351.0,2.5907787864309606,145.5,1.0,False
IND842001AAA,IND846004AAA,FTL,evening,15,50.0,111.0,244.0,2.2448979591836733,61.0,1.0,True
IND842001AAA,IND847212AAA,FTL,evening,15,73.0,161.0,262.0,2.2054794520547945,88.0,1.0,True
IND842001AAA,IND848101AAA,FTL,evening,1,37.0,144.0,202.0,3.891891891891892,107.0,1.0,False
IND842001AAA,IND848114AAA,FTL,evening,14,48.0,111.5,178.0,2.3125,63.0,1.0,True
IND842001AAA,IND854326AAB,FTL,morning,12,204.0,403.5,518.5,1.9830000965903603,200.0,1.0,True
IND842003AAB,IND480661AAA,FTL,evening,1,111.0,230.0,267.0,2.0720720720720722,119.0,1.0,False
IND842003AAB,IND480886AAA,FTL,evening,6,66.5,146.5,218.5,2.2037539574853007,80.0,1.0,True
IND842003AAB,IND480886AAA,FTL,night,1,66.0,146.0,187.0,2.212121212121212,80.0,1.0,False
IND842003AAB,IND482002AAA,Carting,night,2,8.0,123.0,443.0,15.375,115.0,1.0,False
IND842003AAB,IND483225AAA,FTL,evening,1,22.0,63.0,242.0,2.8636363636363638,41.0,1.0,False
IND842003AAB,IND483225AAA,FTL,night,1,24.0,61.0,113.0,2.5416666666666665,37.0,1.0,False
IND842003AAB,IND483501AAA,FTL,evening,5,58.0,154.0,287.0,2.6551724137931036,96.0,1.0,True
IND842003AAB,IND483501AAA,FTL,night,3,58.0,134.0,157.0,2.310344827586207,76.0,1.0,False
IND842003AAB,IND484661AAE,FTL,evening,1,126.0,190.0,235.0,1.507936507936508,64.0,1.0,False
IND842003AAB,IND487001AAA,FTL,evening,1,79.0,156.0,195.0,1.9746835443037976,77.0,1.0,False
IND842003AAB,IND487001AAB,FTL,evening,3,78.0,140.0,200.0,1.8181818181818181,63.0,1.0,False
IND843105AAB,IND848101AAA,FTL,evening,3,21.0,65.0,103.0,3.090909090909091,44.0,1.0,False
IND843105AAB,IND848101AAA,FTL,night,11,20.0,38.0,82.0,1.95,19.0,1.0,True
IND843109AAB,IND842001AAA,Carting,night,2,10.0,26.5,425.0,2.65,16.5,1.0,False
IND843109AAB,IND843126AAA,Carting,evening,1,43.0,45.0,158.0,1.0465116279069768,2.0,0.0,False
IND843109AAB,IND843126AAA,Carting,night,5,42.0,48.0,80.0,1.0909090909090908,4.0,0.4,False
IND843126AAA,IND842001AAA,Carting,night,7,18.0,45.0,553.0,2.5,27.0,1.0,True
IND843126AAA,IND843109AAB,Carting,night,2,26.0,55.5,66.5,2.1346153846153846,29.5,1.0,False
IND843301AAA,IND843320AAA,FTL,night,13,25.0,66.0,108.0,2.64,41.0,1.0,True
IND843320AAA,IND847223AAA,FTL,night,7,20.0,43.0,72.0,2.15,23.0,1.0,True
IND843329AAB,IND843301AAA,FTL,evening,7,19.0,63.0,80.0,3.3157894736842106,44.0,1.0,True
IND844101AAB,IND841207AAB,FTL,night,1,18.0,47.0,79.0,2.611111111111111,29.0,1.0,False
IND844505AAB,IND842001AAA,FTL,night,11,52.0,625.0,690.0,12.26,573.0,1.0,True
IND845305AAA,IND842001AAA,FTL,night,14,96.0,579.0,697.0,6.03125,483.0,1.0,True
IND845401AAA,IND845305AAA,FTL,night,15,36.0,90.0,140.0,2.5714285714285716,55.0,1.0,True
IND845412AAB,IND845401AAA,FTL,evening,6,27.0,50.0,85.0,1.8105413105413106,21.5,0.8333333333333334,True
IND845412AAB,IND845401AAA,FTL,night,5,26.0,53.0,81.0,2.0384615384615383,26.0,0.8,True
IND845418AAB,IND842001AAA,FTL,morning,1,69.0,229.0,279.0,3.318840579710145,160.0,1.0,False
IND845418AAB,IND845438AAA,FTL,night,6,57.0,123.0,174.5,2.173321234119782,67.0,1.0,True
IND845438AAA,IND845455AAB,FTL,night,12,32.5,67.0,127.0,2.0615530303030303,34.5,1.0,True
IND845455AAB,IND842001AAA,FTL,morning,7,126.0,316.0,498.0,2.4881889763779528,189.0,1.0,True
IND845455AAB,IND842001AAA,FTL,night,4,126.5,308.0,439.0,2.4421417322834644,182.0,1.0,False
IND845455AAB,IND845418AAB,FTL,morning,1,92.0,213.0,246.0,2.3152173913043477,121.0,1.0,False
IND845455AAB,IND845418AAB,FTL,night,1,90.0,174.0,204.0,1.9333333333333333,84.0,1.0,False
IND846004AAA,IND847103AAA,FTL,night,15,24.0,43.0,114.0,1.7916666666666667,19.0,1.0,True
IND847103AAA,IND847404AAB,FTL,night,13,33.0,66.0,116.0,2.0,33.0,1.0,True
IND847212AAA,IND847226AAA,FTL,night,14,28.0,48.0,122.5,1.7275132275132274,20.0,1.0,True
IND847223AAA,IND842001AAA,FTL,night,9,65.0,685.0,714.0,10.584615384615384,621.0,1.0,True
IND847226AAA,IND842001AAA,FTL,night,14,84.0,757.0,785.5,9.011904761904763,673.0,1.0,True
IND847404AAB,IND842001AAA,FTL,morning,1,77.0,611.0,637.0,7.935064935064935,534.0,1.0,False
IND847404AAB,IND842001AAA,FTL,night,12,76.0,655.0,714.0,8.597142857142856,578.5,1.0,True
IND848101AAA,IND844505AAB,FTL,night,11,18.0,73.0,86.0,3.8421052631578947,54.0,1.0,True
IND848114AAA,IND848210AAA,FTL,night,15,24.0,41.0,73.0,1.7083333333333333,17.0,1.0,True
IND848210AAA,IND851127AAA,FTL,night,14,26.0,48.0,71.5,1.8304843304843306,22.0,0.9285714285714286,True
IND851127AAA,IND842001AAA,FTL,night,13,96.0,407.0,466.0,4.239583333333333,311.0,1.0,True
IND851127AAA,IND851112AAB,FTL,morning,2,26.0,57.0,88.5,2.1923076923076925,31.0,1.0,False
IND851127AAA,IND851112AAB,FTL,night,2,26.5,63.5,86.0,2.3938746438746437,37.0,1.0,False
IND852111AAA,IND852118AAA,FTL,night,1,35.0,72.0,376.0,2.057142857142857,37.0,1.0,False
IND852111AAA,IND854311AAA,FTL,night,1,52.0,148.0,196.0,2.8461538461538463,96.0,1.0,False
IND852111AAA,IND854326AAB,FTL,night,11,84.0,335.0,453.0,3.988095238095238,251.0,1.0,True
IND852111AAA,IND854335AAA,FTL,morning,1,16.0,24.0,74.0,1.5,8.0,1.0,False
IND852113AAA,IND852139AAB,FTL,morning,4,24.0,71.5,121.0,2.9791666666666665,47.5,1.0,False
IND852113AAA,IND852139AAB,FTL,night,9,24.0,73.0,126.0,3.0416666666666665,49.0,1.0,True
IND852113AAA,IND852201AAA,FTL,night,1,17.0,67.0,107.0,3.9411764705882355,50.0,1.0,False
IND852118AAA,IND852111AAA,FTL,night,1,30.0,111.0,149.0,3.7,81.0,1.0,False
IND852118AAA,IND854326AAB,FTL,morning,1,51.0,126.0,242.0,2.4705882352941178,75.0,1.0,False
IND852131AAA,IND852139AAB,FTL,night,1,21.0,71.0,78.0,3.380952380952381,50.0,1.0,False
IND852131AAA,IND852201AAA,FTL,night,7,33.0,94.0,113.0,2.8484848484848486,61.0,1.0,True
IND852139AAB,IND854326AAB,FTL,morning,14,75.0,220.5,332.5,2.9200877192982455,145.0,1.0,True
IND852139AAB,IND854326AAB,FTL,night,1,76.0,269.0,444.0,3.539473684210526,193.0,1.0,False
IND852201AAA,IND852113AAA,FTL,night,12,17.0,60.0,91.0,3.514705882352941,42.5,1.0,True
IND852201AAA,IND852131AAA,FTL,night,1,32.0,76.0,99.0,2.375,44.0,1.0,False
IND853204AAA,IND851204AAA,FTL,night,11,46.0,94.0,104.0,2.0434782608695654,48.0,1.0,True
IND854105AAA,IND853204AAA,FTL,night,2,51.0,127.0,168.0,2.4876923076923076,76.0,1.0,False
IND854105AAB,IND851204AAA,FTL,night,4,95.0,226.0,255.5,2.3917693169092944,131.5,1.0,False
IND854105AAB,IND853204AAA,FTL,night,5,49.0,149.0,179.0,3.020408163265306,100.0,1.0,True
IND854311AAA,IND852118A1B,FTL,night,1,24.0,82.0,136.0,3.4166666666666665,58.0,1.0,False
IND854311AAA,IND854326AAB,FTL,morning,1,32.0,203.0,253.0,6.34375,171.0,1.0,False
IND854311AAA,IND854334AAA,FTL,night,7,19.0,32.0,79.0,1.7777777777777777,14.0,1.0,True
IND854326AAB,IND000000ACB,FTL,afternoon,7,930.0,2106.0,2228.0,2.2669537136706137,1177.0,1.0,True
IND854326AAB,IND000000ACB,FTL,evening,5,929.0,2074.0,2183.0,2.232508073196986,1145.0,1.0,True
IND854326AAB,IND852113AAA,FTL,evening,1,69.0,206.0,304.0,2.9855072463768115,137.0,1.0,False
IND854326AAB,IND852131AAA,FTL,evening,7,95.0,237.0,316.0,2.4947368421052634,142.0,1.0,True
IND854326AAB,IND852201AAA,FTL,evening,3,92.0,390.0,414.0,4.239130434782608,298.0,1.0,False
IND854326AAB,IND854105AAA,FTL,evening,2,17.0,85.0,223.0,4.854166666666666,68.0,1.0,False
IND854326AAB,IND854105AAB,FTL,evening,11,20.0,53.0,219.0,2.65,33.0,1.0,True
IND854326AAB,IND854311AAA,FTL,evening,14,31.0,55.5,234.0,1.799777530589544,24.0,1.0,True
IND854326AAB,IND854334AAA,FTL,evening,1,48.0,171.0,336.0,3.5625,123.0,1.0,False
IND854334AAA,IND852118A1B,FTL,night,3,22.0,27.0,42.0,1.2272727272727273,5.0,0.6666666666666666,False
IND854334AAA,IND852118AAA,FTL,night,7,21.0,28.0,46.0,1.3333333333333333,7.0,1.0,True
IND854334AAA,IND854335AAA,FTL,night,2,30.5,41.0,90.0,1.3459051724137931,10.5,1.0,False
IND854335AAA,IND852111AAA,FTL,night,12,20.0,46.0,55.5,2.25,25.5,1.0,True
IND854335AAA,IND852118A1B,FTL,night,1,18.0,40.0,40.0,2.2222222222222223,22.0,1.0,False
IND854335AAA,IND854326AAB,FTL,morning,1,61.0,199.0,222.0,3.262295081967213,138.0,1.0,False
