source_center,destination_center,observation_count,trip_count,route_type_count,median_osrm_time_min,median_osrm_distance_km,median_actual_movement_min,median_actual_elapsed_min,median_movement_delay_ratio,mean_movement_delay_ratio,median_excess_min,total_excess_min,breach_rate,chronic_delay,sla_breach_contribution_pct,corridor_priority_score,recommended_intervention
IND110064AAA,IND000000ACB,26,26,1,54.0,58.0345,237.5,269.5,4.42654986522911,6.537257600219244,183.0,7793.0,1.0,True,0.14450063913744235,97.02153110047847,Assess parallel route and capacity relief
IND847226AAA,IND842001AAA,14,14,1,84.0,119.03935,757.0,785.5,9.011904761904763,8.928008732212415,673.0,9338.0,1.0,True,0.0778080364586228,96.11443381180223,Audit departure window and facility handoff
IND845305AAA,IND842001AAA,14,14,1,96.0,136.21275,579.0,697.0,6.03125,5.947767344835953,483.0,6733.0,1.0,True,0.0778080364586228,95.20534290271132,Audit departure window and facility handoff
IND175015AAA,IND174001AAA,13,13,1,133.0,122.0761,966.0,1019.0,7.2631578947368425,7.23102021602787,833.0,10899.0,1.0,True,0.07225031956872117,94.85845295055822,Audit departure window and facility handoff
IND847404AAB,IND842001AAA,13,13,1,76.0,108.1511,639.0,712.0,8.48,8.795598611914402,563.0,7739.0,1.0,True,0.07225031956872117,94.70693779904306,Audit departure window and facility handoff
IND176310AAA,IND145001AAA,13,13,1,172.0,124.2269,1065.0,1097.0,6.177514792899408,6.140707552392612,890.0,11464.0,1.0,True,0.07225031956872117,94.70295055821371,Audit departure window and facility handoff
IND700065AAA,IND712311AAA,23,23,1,21.0,21.888,82.0,255.0,3.75,6.850570510310835,60.0,2915.0,1.0,True,0.12782748846773745,94.07296650717703,Assess parallel route and capacity relief
IND834002AAB,IND827013AAA,14,14,1,89.0,123.55885,398.0,570.0,4.447315855181024,4.533921175133053,308.5,4419.0,1.0,True,0.0778080364586228,93.93540669856459,Audit departure window and facility handoff
IND712311AAA,IND700088AAA,23,23,1,30.0,29.6795,113.0,367.0,3.7666666666666666,4.87867548793215,83.0,2673.0,1.0,True,0.12782748846773745,93.86961722488039,Assess parallel route and capacity relief
IND152026AAA,IND000000ACA,13,13,1,121.0,160.3886,570.0,633.0,4.710743801652892,4.61497087115567,449.0,5694.0,1.0,True,0.07225031956872117,93.3213716108453,Audit departure window and facility handoff
IND400072AAB,IND421302AAG,39,39,1,23.0,27.4335,71.0,221.0,2.9583333333333335,4.248148956209157,47.0,2876.0,1.0,True,0.2167509587061635,92.86283891547049,Assess parallel route and capacity relief
IND500010AAB,IND501359AAE,23,23,1,36.0,45.0335,129.0,305.0,3.5135135135135136,3.7212449015736397,93.0,2294.0,1.0,True,0.12782748846773745,92.79704944178629,Assess parallel route and capacity relief
IND851127AAA,IND842001AAA,13,13,1,96.0,130.911,407.0,466.0,4.239583333333333,4.053913630229419,311.0,3809.0,1.0,True,0.07225031956872117,92.28867623604467,Audit departure window and facility handoff
IND712311AAA,IND700065AAA,28,28,1,22.0,21.20965,75.0,143.0,3.4772727272727275,3.8537070460595304,53.5,1769.0,1.0,True,0.1556160729172456,92.2816985645933,Assess parallel route and capacity relief
IND421302AAG,IND401104AAA,51,51,1,25.0,28.9244,64.0,158.0,2.739130434782609,3.3998127735588506,40.0,2999.0,1.0,True,0.28344356138498306,92.04545454545455,Assess parallel route and capacity relief
IND401209AAA,IND401104AAA,15,15,1,21.0,26.3625,134.0,161.0,6.333333333333333,5.700520273014552,112.0,1488.0,1.0,True,0.08336575334852443,91.93381180223285,Assess parallel route and capacity relief
IND400072AAD,IND421302AAG,63,63,1,21.0,25.7253,58.0,179.0,2.6363636363636362,3.7534095134945087,36.0,3754.0,1.0,True,0.3501361640638026,91.86702551834132,Assess parallel route and capacity relief
IND844505AAB,IND842001AAA,11,11,1,52.0,73.7507,625.0,690.0,12.26,12.97923935849574,573.0,6798.0,1.0,True,0.06113488578891791,91.83712121212122,Audit departure window and facility handoff
IND249201AAA,IND249407AAA,12,12,1,27.0,21.9481,220.5,771.0,8.166666666666668,11.000178062678062,193.5,3212.0,1.0,True,0.06669260267881955,91.8201754385965,Audit departure window and facility handoff
IND573201AAB,IND575004AAB,14,14,1,125.0,176.57945,400.5,435.5,3.229838709677419,3.13188322369842,276.5,3729.0,1.0,True,0.0778080364586228,91.71052631578948,Audit departure window and facility handoff
IND400072AAB,IND400015AAA,38,38,1,17.0,18.6316,54.0,123.5,3.176470588235294,3.767830114501941,37.0,1730.0,1.0,True,0.21119324181626187,91.68261562998404,Assess parallel route and capacity relief
IND306401AAB,IND305001AAC,15,15,1,123.0,166.96470000000002,364.0,426.0,2.935483870967742,3.0081812930494594,240.0,3699.0,1.0,True,0.08336575334852443,91.50518341307816,Assess parallel route and capacity relief
IND000000ACB,IND201301AAM,27,27,1,82.0,92.0435,213.0,360.0,2.625,2.79154101514417,130.0,3990.0,1.0,True,0.15005835602734396,91.42942583732058,Assess parallel route and capacity relief
IND421302AAG,IND400102AAC,39,39,1,28.0,33.0576,79.0,206.0,2.6333333333333333,3.768475479104811,49.0,3066.0,1.0,True,0.2167509587061635,91.25099681020734,Assess parallel route and capacity relief
IND560300AAA,IND560099AAB,61,61,1,57.0,53.2807,136.0,211.0,2.4642857142857144,2.4005176265935058,82.0,4836.0,0.9180327868852459,True,0.3112321458344912,90.95494417862838,Assess parallel route and capacity relief
IND712103AAA,IND712310AAE,18,18,1,30.0,31.85255,107.5,138.0,3.7281609195402297,3.8363741716251445,78.0,1509.0,1.0,True,0.1000389040182293,90.93700159489633,Assess parallel route and capacity relief
IND811399AAA,IND110044AAB,29,29,1,16.0,13.9541,53.0,200.0,2.9444444444444446,4.551827379469634,35.0,1672.0,1.0,True,0.16117378980714722,90.51036682615631,Assess parallel route and capacity relief
IND700136AAG,IND712310AAA,16,16,1,19.5,23.5321,89.5,164.5,4.559941520467836,4.7736454186937936,69.5,1208.0,1.0,True,0.08892347023842606,90.48145933014354,Assess parallel route and capacity relief
IND000000ACB,IND160002AAC,41,41,1,211.0,280.3352,482.0,852.0,2.2843601895734595,2.5935174334432767,271.0,13888.0,1.0,True,0.22786639248596677,90.40869218500796,Assess parallel route and capacity relief
IND852139AAB,IND854326AAB,15,15,1,75.0,106.8365,227.0,334.0,2.986842105263158,3.0547719298245615,151.0,2323.0,1.0,True,0.08336575334852443,90.32296650717704,Assess parallel route and capacity relief
IND400102AAC,IND421302AAG,19,19,1,30.0,32.8958,88.0,184.0,2.933333333333333,4.552082064412858,58.0,1988.0,1.0,True,0.10559662090813093,90.16447368421052,Assess parallel route and capacity relief
IND500080AAB,IND501359AAE,16,16,1,21.5,26.472,65.5,180.0,3.0487012987012987,5.60345325970326,44.0,1821.0,1.0,True,0.08892347023842606,90.13157894736841,Assess parallel route and capacity relief
IND600056AAB,IND600008AAC,21,21,1,35.0,43.796,102.0,210.0,3.0,3.3320939589321945,66.0,1711.0,1.0,True,0.11671205468793419,90.06877990430623,Assess parallel route and capacity relief
IND400072AAB,IND401104AAA,45,45,1,15.0,20.0961,46.0,95.0,2.9411764705882355,3.0364062662101876,30.0,1439.0,1.0,True,0.25009726004557326,90.03688197767146,Assess parallel route and capacity relief
IND380021AAA,IND382430AAB,21,21,1,13.0,16.891599999999997,42.0,161.0,3.3846153846153846,6.2166387184244325,31.0,1333.0,1.0,True,0.11671205468793419,89.87041467304626,Assess parallel route and capacity relief
IND273304AAA,IND273014AAB,12,12,1,63.5,87.93865,256.5,629.5,3.9515873015873018,4.63403388837559,191.0,2743.0,1.0,True,0.06669260267881955,89.83253588516746,Audit departure window and facility handoff
IND401104AAA,IND400072AAB,24,24,1,16.0,20.23815,50.5,148.5,3.15625,4.533057598039216,34.5,1349.0,1.0,True,0.1333852053576391,89.83253588516746,Assess parallel route and capacity relief
IND713364AAB,IND712311AAA,11,11,1,146.0,207.3223,689.0,778.0,4.624161073825503,3.5455209068390676,540.0,4121.0,1.0,True,0.06113488578891791,89.77671451355663,Audit departure window and facility handoff
IND411033AAA,IND411014AAA,31,31,1,28.0,25.9076,77.0,147.0,2.6785714285714284,3.292375675624607,47.0,1866.0,1.0,True,0.17228922358695048,89.61323763955343,Assess parallel route and capacity relief
IND400015AAA,IND400072AAB,24,24,1,17.0,18.1103,56.5,148.5,3.3345410628019323,3.938730818414322,40.0,1203.0,1.0,True,0.1333852053576391,89.6072567783094,Assess parallel route and capacity relief
IND501359AAE,IND500010AAB,22,22,1,40.0,48.37845,112.5,302.5,2.7155487804878047,3.176158001581683,71.0,1947.0,1.0,True,0.12226977157783582,89.32814992025517,Assess parallel route and capacity relief
IND788026AAC,IND781018AAB,18,18,1,246.0,337.55355,586.5,735.0,2.398080125379567,2.424119081020594,346.0,6255.0,1.0,True,0.1000389040182293,89.29625199362043,Assess parallel route and capacity relief
IND421302AAG,IND400072AAB,66,66,1,22.0,27.34735,51.5,158.0,2.425,2.722215890170436,30.0,2583.0,1.0,True,0.3668093147335075,89.27033492822967,Assess parallel route and capacity relief
IND712310AAE,IND712124AAA,21,21,1,19.0,19.1213,68.0,111.0,3.6842105263157894,3.7364820782114014,50.0,1094.0,1.0,True,0.11671205468793419,89.20255183413079,Assess parallel route and capacity relief
IND421302AAG,IND000000AFT,33,33,1,20.0,22.6488,50.0,237.0,2.611111111111111,3.6962239031311097,30.0,1799.0,1.0,True,0.18340465736675374,89.13775917065391,Assess parallel route and capacity relief
IND712311AAA,IND700028AAB,22,22,1,19.0,18.9328,63.5,117.0,3.3421052631578947,3.794522290574922,44.5,1170.0,1.0,True,0.12226977157783582,89.13676236044657,Assess parallel route and capacity relief
IND421302AAG,IND411033AAA,72,72,1,97.0,130.80165,211.0,360.0,2.195876288659794,2.2994281988818672,115.0,9108.0,1.0,True,0.4001556160729172,89.05103668261563,Assess parallel route and capacity relief
IND342301AAA,IND342005AAD,10,10,1,127.0,166.2538,718.0,812.0,5.63099778543307,5.031829312556978,590.5,5093.0,1.0,True,0.05557716889901628,88.99322169059012,Audit departure window and facility handoff
IND421302AAG,IND400015AAA,29,29,1,32.0,42.5717,78.0,192.0,2.59375,2.98571691370904,49.0,1813.0,1.0,True,0.16117378980714722,88.94437799043062,Assess parallel route and capacity relief
IND400011AAA,IND400072AAD,34,34,1,18.0,19.622999999999998,51.5,95.5,2.9166666666666665,3.058054720856351,34.0,1240.0,1.0,True,0.18896237425665535,88.9164673046252,Assess parallel route and capacity relief
IND249407AAA,IND131028AAB,13,13,1,178.0,194.8324,491.0,539.0,2.7430167597765363,2.798493407334023,312.0,4174.0,1.0,True,0.07225031956872117,88.8676236044657,Audit departure window and facility handoff
IND585307AAB,IND585104AAA,11,11,1,67.0,73.00760000000001,285.0,593.0,4.253731343283582,4.715563705722537,218.0,2738.0,1.0,True,0.06113488578891791,88.59848484848484,Audit departure window and facility handoff
IND847223AAA,IND842001AAA,9,9,1,65.0,85.9796,685.0,714.0,10.584615384615384,10.630902777777777,621.0,5605.0,1.0,True,0.05001945200911465,88.40410685805422,Audit departure window and facility handoff
IND712311AAA,IND700026AAC,29,29,1,36.0,33.6401,90.0,155.0,2.5,2.906534196520318,54.0,1957.0,1.0,True,0.16117378980714722,88.39413875598086,Assess parallel route and capacity relief
IND400072AAB,IND000000AFT,43,43,1,20.0,22.3706,48.0,102.0,2.6,2.8073739420248387,30.0,1501.0,1.0,True,0.23898182626577003,88.3901515151515,Assess parallel route and capacity relief
IND852111AAA,IND854326AAB,11,11,1,84.0,118.5962,335.0,453.0,3.988095238095238,3.989173943790233,251.0,2768.0,1.0,True,0.06113488578891791,88.24561403508773,Audit departure window and facility handoff
IND832109AAB,IND834002AAB,15,15,1,87.0,120.2854,224.0,288.0,2.574712643678161,2.8292631203777954,137.0,2413.0,1.0,True,0.08336575334852443,88.23564593301435,Assess parallel route and capacity relief
IND000000ACB,IND131028AAB,73,73,1,98.0,103.9784,211.0,384.0,2.118811881188119,2.261587427364025,111.0,9020.0,1.0,True,0.40571333296281886,88.07117224880382,Assess parallel route and capacity relief
IND000000ACB,IND712311AAA,34,34,1,1016.0,1428.03415,2126.5,2341.0,2.095078351892404,2.186298324182572,1111.5,40978.0,1.0,True,0.18896237425665535,87.96251993620415,Assess parallel route and capacity relief
IND431517AAB,IND411033AAA,12,12,1,230.5,318.56444999999997,639.5,683.0,2.768272113943029,2.770227780160314,408.5,4912.0,1.0,True,0.06669260267881955,87.92663476874003,Audit departure window and facility handoff
IND781018AAB,IND788026AAC,12,12,1,249.0,341.1541,679.0,919.5,2.7214859437751002,2.853661149976249,429.5,5536.0,1.0,True,0.06669260267881955,87.79106858054226,Audit departure window and facility handoff
IND781018AAB,IND110037AAM,12,12,1,1323.0,1807.9502,3370.5,3562.0,2.549546142208775,2.5688232394152375,2048.5,24909.0,1.0,True,0.06669260267881955,87.68939393939394,Audit departure window and facility handoff
IND134109AAA,IND160002AAC,9,9,1,36.0,43.3862,447.0,640.0,12.305555555555555,12.04065494065494,410.0,3614.0,1.0,True,0.05001945200911465,87.60566188197767,Audit departure window and facility handoff
IND411033AAA,IND431603AAA,15,15,1,322.0,446.9457,729.0,970.0,2.2639751552795033,2.359617069380273,407.0,6562.0,1.0,True,0.08336575334852443,87.57575757575758,Assess parallel route and capacity relief
IND000000ACK,IND501359AAF,22,22,1,21.0,26.21835,64.5,125.5,3.0811688311688314,3.2159884079584518,44.0,1043.0,1.0,True,0.12226977157783582,87.54984051036683,Assess parallel route and capacity relief
IND203390AAA,IND201301AAF,14,14,1,96.0,103.07,247.0,452.0,2.5729166666666665,2.8263148703595995,151.0,2493.0,1.0,True,0.0778080364586228,87.51993620414673,Audit departure window and facility handoff
IND121002AAB,IND000000ACB,24,24,1,65.5,76.6052,150.5,275.0,2.287878787878788,2.74495007085526,85.0,2737.0,1.0,True,0.1333852053576391,87.46012759170652,Assess parallel route and capacity relief
IND462001AAA,IND462022AAA,16,16,1,13.0,14.150300000000001,47.5,81.5,3.916666666666667,5.355193764568765,35.0,892.0,1.0,True,0.08892347023842606,87.36842105263159,Assess parallel route and capacity relief
IND444005AAB,IND421302AAG,14,14,1,393.5,549.77425,910.5,981.5,2.3105185375570265,2.3215733763013318,517.0,7270.0,1.0,True,0.0778080364586228,87.27272727272727,Audit departure window and facility handoff
IND110037AAK,IND000000ACB,34,34,1,38.0,38.9178,82.0,265.0,2.1578947368421053,3.960992332899691,44.0,4029.0,1.0,True,0.18896237425665535,87.17503987240829,Assess parallel route and capacity relief
IND421302AAG,IND444005AAB,13,13,1,391.0,550.0405,941.0,1293.0,2.4066496163682864,2.3946862997137726,550.0,7103.0,1.0,True,0.07225031956872117,87.0633971291866,Audit departure window and facility handoff
IND425405AAA,IND424006AAA,8,8,1,47.0,63.5938,1024.5,1049.0,21.22,17.076312552447675,978.0,6102.0,1.0,True,0.04446173511921303,86.9926236044657,Audit departure window and facility handoff
IND401104AAB,IND421302AAG,16,16,1,25.0,28.20695,72.5,171.5,2.9,3.847766793894511,47.5,1130.0,1.0,True,0.08892347023842606,86.8012360446571,Assess parallel route and capacity relief
IND411033AAA,IND421302AAG,92,92,1,101.0,129.60225,205.0,299.0,2.024367028364744,2.2006535621273673,104.0,11123.0,1.0,True,0.5113099538709498,86.80023923444976,Assess parallel route and capacity relief
IND110037AAM,IND209304AAA,18,18,1,335.0,465.3202,717.0,1025.5,2.140273025377816,2.1905665638762875,382.0,7184.0,1.0,True,0.1000389040182293,86.66866028708134,Assess parallel route and capacity relief
IND400015AAB,IND421302AAG,14,14,1,32.0,42.581199999999995,102.0,198.5,3.336206896551724,3.3756530471426105,71.5,1057.0,1.0,True,0.0778080364586228,86.63875598086123,Audit departure window and facility handoff
IND208012AAA,IND209304AAA,8,8,1,17.0,20.04355,608.0,1219.0,35.859649122807014,30.179119213474863,591.0,4305.0,1.0,True,0.04446173511921303,86.50817384370015,Audit departure window and facility handoff
IND600056AAB,IND600110AAA,20,20,1,37.0,45.12735,96.0,239.5,2.64015444015444,2.752201844701845,59.0,1282.0,1.0,True,0.11115433779803256,86.48923444976076,Assess parallel route and capacity relief
IND262802AAA,IND262723AAB,15,15,1,69.0,92.7062,175.0,218.0,2.536231884057971,2.623820890675111,106.0,1683.0,1.0,True,0.08336575334852443,86.47826953748007,Assess parallel route and capacity relief
IND131028AAB,IND000000ACB,74,74,1,97.0,107.93745000000001,192.0,341.5,2.0210526315789474,2.2481249095591656,98.0,8903.0,0.9864864864864865,True,0.40571333296281886,86.47129186602871,Assess parallel route and capacity relief
IND000000ACA,IND160002AAC,60,60,2,62.0,88.88645,132.0,243.5,2.0798771121351765,2.1254948761945114,67.5,4361.0,1.0,True,0.33346301339409773,86.45135566188198,Evaluate FTL/Carting shift on supported corridor
IND721102AAA,IND712311AAA,8,8,1,92.0,125.39615,769.0,813.0,8.320652173913043,7.709998831229546,676.5,4948.0,1.0,True,0.04446173511921303,86.4274322169059,Audit departure window and facility handoff
IND834002AAB,IND826004AAA,14,14,1,127.0,169.17165,305.5,533.0,2.3992313460817396,2.4854960674264874,177.0,2644.0,1.0,True,0.0778080364586228,86.21411483253588,Audit departure window and facility handoff
IND641607AAA,IND641062AAD,20,20,1,29.0,33.912850000000006,85.5,118.0,2.9065628476084537,2.794872212511256,56.0,1003.0,1.0,True,0.11115433779803256,86.19716905901116,Assess parallel route and capacity relief
IND121004AAB,IND110037AAM,26,26,1,25.5,28.9989,66.0,92.0,2.5592592592592593,2.795843743151435,40.5,1183.0,1.0,True,0.14450063913744235,86.16826156299841,Assess parallel route and capacity relief
IND401602AAA,IND401501AAA,10,10,1,26.5,28.3888,196.0,249.5,7.1021220159151195,7.216131741821397,168.5,1699.0,1.0,True,0.05557716889901628,86.16028708133972,Audit departure window and facility handoff
IND472001AAA,IND485001AAC,14,14,1,186.0,242.3127,430.5,657.5,2.3142957870615195,2.3648948380224515,244.0,3564.0,1.0,True,0.0778080364586228,86.06858054226475,Audit departure window and facility handoff
IND712311AAA,IND700053AAA,15,15,1,29.0,29.399,84.0,152.0,2.8,3.5680842911877395,54.0,1130.0,1.0,True,0.08336575334852443,85.98584529505582,Assess parallel route and capacity relief
IND751002AAB,IND712311AAA,22,22,1,322.0,433.60485,657.5,789.0,2.0387669942118727,2.3045632627301393,335.0,9272.0,1.0,True,0.12226977157783582,85.7396331738437,Assess parallel route and capacity relief
IND160002AAC,IND000000ACB,54,54,1,211.5,280.391,416.5,719.0,1.9716198694446927,2.101746680044069,205.5,12591.0,1.0,True,0.30011671205468793,85.725677830941,Assess parallel route and capacity relief
IND580028AAA,IND403726AAA,13,13,1,141.0,183.2936,341.0,563.0,2.4532374100719423,2.490311902142225,202.0,2720.0,1.0,True,0.07225031956872117,85.69577352472089,Audit departure window and facility handoff
IND211002AAB,IND485001AAC,13,13,1,133.0,185.3955,329.0,467.0,2.473684210526316,2.50471059445922,196.0,2602.0,1.0,True,0.07225031956872117,85.69278309409889,Audit departure window and facility handoff
IND212402AAA,IND211002AAB,7,7,1,36.0,49.256,1047.0,1121.0,29.083333333333332,28.790326040326043,1011.0,7056.0,1.0,True,0.0389040182293114,85.66487240829346,Audit departure window and facility handoff
IND000000AEM,IND110037AAB,11,11,1,40.0,41.5922,168.0,275.0,4.0,4.32050683914209,126.0,1482.0,1.0,True,0.06113488578891791,85.66487240829346,Audit departure window and facility handoff
IND421302AAG,IND000000ACB,23,23,1,968.0,1322.6526,1936.0,2141.0,2.0,2.029505535784675,968.0,22930.0,1.0,True,0.12782748846773745,85.57515948963317,Assess parallel route and capacity relief
IND411033AAA,IND403726AAA,20,20,1,389.0,511.48505,798.0,1018.5,2.048906129912808,2.069045348661003,408.5,8317.0,1.0,True,0.11115433779803256,85.55223285486444,Assess parallel route and capacity relief
IND421302AAG,IND110037AAM,14,14,1,1008.0,1366.89985,2119.5,2299.0,2.1051548968912357,2.1067385103967644,1113.0,15613.0,1.0,True,0.0778080364586228,85.39872408293459,Audit departure window and facility handoff
IND812002AAA,IND813203AAA,12,12,1,24.0,31.87935,103.0,166.0,3.873447204968944,4.591601438037595,74.5,1090.0,1.0,True,0.06669260267881955,85.31499202551835,Audit departure window and facility handoff
IND209304AAA,IND208019AAA,13,13,1,16.0,16.223,86.0,181.0,4.8125,4.93023953171012,61.0,819.0,1.0,True,0.07225031956872117,85.17344497607654,Audit departure window and facility handoff
IND600056AAB,IND600116AAB,12,12,1,29.0,33.4287,125.0,174.5,4.545092838196286,3.8412206620539955,97.5,980.0,1.0,True,0.06669260267881955,85.15151515151516,Audit departure window and facility handoff
IND274301AAB,IND273014AAB,10,10,1,37.0,52.671150000000004,169.5,383.5,4.583333333333334,5.033436067646593,132.5,1502.0,1.0,True,0.05557716889901628,84.8444976076555,Audit departure window and facility handoff
IND854326AAB,IND000000ACB,12,12,1,929.0,1269.19135,2090.0,2205.5,2.2497308934338,2.1988879674868227,1161.0,13372.0,1.0,True,0.06669260267881955,84.73883572567782,Audit departure window and facility handoff
IND110037AAM,IND121004AAB,35,35,1,27.0,28.9512,65.0,117.0,2.2142857142857144,2.5528863020446573,34.0,1538.0,1.0,True,0.194520091146557,84.70195374800637,Assess parallel route and capacity relief
IND000000ACB,IND421302AAG,26,26,1,963.0,1322.60095,1861.0,2145.5,1.9325079148730602,1.9602053825581085,898.0,24043.0,1.0,True,0.14450063913744235,84.70095693779903,Assess parallel route and capacity relief
IND209304AAA,IND000000ACB,24,24,1,328.0,446.00014999999996,649.0,834.5,1.974038748415007,2.082214597309322,319.0,8657.0,1.0,True,0.1333852053576391,84.6810207336523,Assess parallel route and capacity relief
IND000000ACB,IND821115AAB,14,14,1,646.0,901.24055,1341.0,1535.0,2.074260339456697,2.074074449961125,694.5,9717.0,1.0,True,0.0778080364586228,84.67304625199361,Audit departure window and facility handoff
IND713205AAB,IND712311AAA,7,7,1,105.0,148.5513,850.0,1114.0,8.095238095238095,7.090585784386323,745.0,4490.0,1.0,True,0.0389040182293114,84.62719298245615,Audit departure window and facility handoff
IND000000ABG,IND501359AAF,9,9,1,28.0,32.7866,211.0,263.0,7.535714285714286,7.645703062369729,183.0,1617.0,1.0,True,0.05001945200911465,84.56937799043062,Audit departure window and facility handoff
IND144001AAC,IND160002AAC,12,12,1,114.5,161.1946,289.0,401.5,2.568781605562579,2.599668878248753,176.5,2195.0,1.0,True,0.06669260267881955,84.377990430622,Audit departure window and facility handoff
IND421302AAG,IND501359AAE,17,17,1,557.0,778.0504,1110.0,1450.0,1.992818671454219,2.005466272786069,553.0,9528.0,1.0,True,0.09448118712832768,84.32017543859651,Assess parallel route and capacity relief
IND431136AAC,IND431001AAA,13,13,1,9.0,13.4222,28.0,460.0,2.9,9.107381507381508,18.0,1079.0,1.0,True,0.07225031956872117,84.22946570972887,Audit departure window and facility handoff
IND785690AAB,IND785682AAA,10,10,1,33.0,46.062200000000004,147.0,223.0,4.327272727272727,5.214773254995778,113.0,1411.0,1.0,True,0.05557716889901628,84.2224880382775,Audit departure window and facility handoff
IND560078AAC,IND560099AAB,14,14,1,24.5,22.917,82.5,120.0,3.4684615384615385,3.3381717589555118,59.5,768.0,1.0,True,0.0778080364586228,84.21451355661883,Audit departure window and facility handoff
IND421302AAG,IND400072AAJ,21,21,1,22.0,27.4716,57.0,199.0,2.6,3.0260545562098358,35.0,949.0,1.0,True,0.11671205468793419,84.13775917065391,Assess parallel route and capacity relief
IND688009AAA,IND686028AAB,10,10,1,46.0,45.80330000000001,152.0,822.0,3.3777777777777778,5.023381642512078,107.0,1844.0,1.0,True,0.05557716889901628,84.13277511961722,Audit departure window and facility handoff
IND462022AAA,IND209304AAA,14,14,1,394.5,545.0329499999999,821.0,1008.0,2.0799492385786804,2.099182979790921,425.5,6107.0,1.0,True,0.0778080364586228,84.11682615629982,Audit departure window and facility handoff
IND500039AAC,IND501359AAE,9,9,1,27.0,35.1846,212.0,322.0,7.851851851851852,7.320125604847827,185.0,1492.0,1.0,True,0.05001945200911465,84.10586124401914,Audit departure window and facility handoff
IND000000ACB,IND562132AAA,44,44,1,1548.0,2065.86425,2869.5,3097.0,1.8550212857173838,1.8738521597924893,1324.0,59317.0,1.0,True,0.24453954315567164,84.03309409888358,Assess parallel route and capacity relief
IND712311AAA,IND751002AAB,23,23,1,312.0,434.9746,601.0,832.0,1.9387096774193548,2.2659225974628168,291.0,9077.0,1.0,True,0.12782748846773745,83.98724082934609,Assess parallel route and capacity relief
IND582101AAB,IND580028AAA,12,12,1,46.0,62.06345,136.5,266.0,3.0002415458937195,3.1444281700757184,91.0,1184.0,1.0,True,0.06669260267881955,83.97328548644339,Audit departure window and facility handoff
IND121102AAA,IND121004AAB,11,11,1,29.0,40.2548,124.0,185.0,4.2,4.379690998656516,96.0,1067.0,1.0,True,0.06113488578891791,83.96730462519938,Audit departure window and facility handoff
IND126112AAA,IND131028AAB,14,14,1,73.0,90.0516,171.5,318.5,2.3768075117370895,2.511247541041046,99.5,1575.0,0.9285714285714286,True,0.07225031956872117,83.96331738437,Audit departure window and facility handoff
IND560099AAB,IND560300AAA,81,81,1,58.0,56.247,110.0,208.0,1.9298245614035088,2.044618433607452,53.0,4888.0,0.9382716049382716,True,0.42238648363252373,83.95434609250398,Assess parallel route and capacity relief
IND600056AAB,IND600032AAB,36,36,1,33.0,36.73615,72.0,117.0,2.1470588235294117,2.2848052293172074,38.5,1510.0,1.0,True,0.2000778080364586,83.85964912280701,Assess parallel route and capacity relief
IND421302AAG,IND382430AAB,14,14,1,358.0,492.74085,740.5,921.0,2.068408979190562,2.133415155829873,383.0,5678.0,1.0,True,0.0778080364586228,83.8397129186603,Audit departure window and facility handoff
IND000000ACB,IND501359AAE,21,21,1,1166.0,1563.0638,2236.0,2443.0,1.9176672384219553,1.9806105212239749,1070.0,24014.0,1.0,True,0.11671205468793419,83.7799043062201,Assess parallel route and capacity relief
IND700065AAB,IND712310AAA,11,11,1,22.0,22.3165,115.0,176.0,5.0,4.971763085399449,92.0,974.0,1.0,True,0.06113488578891791,83.6572966507177,Audit departure window and facility handoff
IND395009AAA,IND395023AAD,9,9,1,16.0,17.4885,159.0,212.0,9.88888888888889,9.736882716049383,143.0,1307.0,1.0,True,0.05001945200911465,83.60047846889952,Audit departure window and facility handoff
IND500050AAA,IND501359AAE,18,18,1,32.0,36.08905,71.0,476.5,2.1534926470588234,3.905195344456869,38.0,1763.0,1.0,True,0.1000389040182293,83.42204944178629,Assess parallel route and capacity relief
IND395001AAA,IND395023AAD,9,9,1,14.0,14.4435,146.0,216.0,10.533333333333333,10.788848188848188,133.0,1208.0,1.0,True,0.05001945200911465,83.37121212121212,Audit departure window and facility handoff
IND000000ACB,IND121002AAB,38,38,1,66.0,77.9867,127.5,257.0,1.9621212121212122,2.2033951194430004,62.5,3012.0,1.0,True,0.21119324181626187,83.33333333333333,Assess parallel route and capacity relief
IND521333AAA,IND521225AAB,12,12,1,68.0,94.2752,175.5,427.5,2.5879299156391955,2.914464360557902,108.0,1564.0,1.0,True,0.06669260267881955,83.29844497607655,Audit departure window and facility handoff
IND500008AAC,IND501359AAE,9,9,1,22.0,24.5107,118.0,175.0,5.363636363636363,7.922551602986385,96.0,1404.0,1.0,True,0.05001945200911465,83.2775119617225,Audit departure window and facility handoff
IND000000ACB,IND751002AAB,13,13,1,1167.0,1638.9641,2379.0,2562.0,2.0403087478559176,2.073785598603112,1213.0,16286.0,1.0,True,0.07225031956872117,83.21570972886762,Audit departure window and facility handoff
IND562132AAA,IND000000ACB,35,35,1,1530.0,2088.9876,2790.0,3128.0,1.8230668414154654,1.8382499088264974,1256.0,44892.0,1.0,True,0.194520091146557,83.20574162679426,Assess parallel route and capacity relief
IND585314AAA,IND585104AAA,9,9,1,37.0,40.7013,193.0,432.0,5.282051282051282,5.023069459472968,157.0,1362.0,1.0,True,0.05001945200911465,83.07615629984052,Audit departure window and facility handoff
IND421302AAG,IND562132AAA,21,21,1,709.0,968.8259,1336.0,1590.0,1.8816901408450704,1.8747364580315122,626.0,13035.0,1.0,True,0.11671205468793419,83.07017543859648,Assess parallel route and capacity relief
IND421302AAG,IND400102AAB,22,22,1,28.0,32.937799999999996,64.5,307.0,2.2745358090185674,2.8693497559689463,35.5,1150.0,1.0,True,0.12226977157783582,83.05622009569377,Assess parallel route and capacity relief
IND562132AAA,IND751002AAB,12,12,1,1047.0,1416.83795,2212.0,2648.5,2.113714683307127,2.1324104188208612,1165.5,14226.0,1.0,True,0.06669260267881955,83.01834130781499,Audit departure window and facility handoff
IND712311AAA,IND834002AAB,11,11,1,286.0,396.74,664.0,870.0,2.3629893238434163,2.471995295813374,383.0,4614.0,1.0,True,0.06113488578891791,82.99441786283892,Audit departure window and facility handoff
IND742303AAB,IND741165AAB,12,12,1,37.0,52.90875,121.0,155.0,3.2837837837837838,3.1128691191191193,84.5,947.0,1.0,True,0.06669260267881955,82.98444976076556,Audit departure window and facility handoff
IND501359AAE,IND533106AAA,12,12,1,299.0,421.56845,663.5,883.5,2.2142857142857144,2.2064681497952514,364.5,4333.0,1.0,True,0.06669260267881955,82.88975279106859,Audit departure window and facility handoff
IND401209AAB,IND421302AAH,14,14,1,34.0,35.7916,87.5,157.5,2.7279411764705883,2.888629012210945,54.0,882.0,1.0,True,0.0778080364586228,82.83891547049443,Audit departure window and facility handoff
IND177033AAA,IND160002AAC,12,12,1,202.0,227.01605,458.0,806.5,2.2345211740341355,2.482777446179045,253.0,3621.0,1.0,True,0.06669260267881955,82.7511961722488,Audit departure window and facility handoff
IND110037AAM,IND421302AAG,13,13,1,997.0,1367.7966,2009.0,2329.0,2.0150451354062184,2.079768476243351,1012.0,14002.0,1.0,True,0.07225031956872117,82.74521531100477,Audit departure window and facility handoff
IND382421AAA,IND382430AAB,10,10,1,34.0,40.3249,147.0,162.5,4.083333333333334,4.396439685653395,111.0,1152.0,1.0,True,0.05557716889901628,82.73125996810208,Audit departure window and facility handoff
IND563125AAB,IND560300AAB,9,9,1,48.0,53.9733,206.0,613.0,3.9615384615384617,4.494182084848244,154.0,1514.0,1.0,True,0.05001945200911465,82.7292663476874,Audit departure window and facility handoff
IND842001AAA,IND847212AAA,15,15,1,73.0,100.5925,161.0,262.0,2.2054794520547945,2.375076103500761,88.0,1504.0,1.0,True,0.08336575334852443,82.70534290271132,Assess parallel route and capacity relief
IND723202AAA,IND713205AAB,13,13,1,145.0,195.4442,325.0,360.0,2.2275862068965515,2.2262212013156746,179.0,2320.0,1.0,True,0.07225031956872117,82.6913875598086,Audit departure window and facility handoff
IND147105AAA,IND160002AAC,6,6,1,85.0,105.66295,766.5,1106.5,9.01764705882353,8.20066146940704,681.5,3666.0,1.0,True,0.03334630133940977,82.66746411483254,Audit departure window and facility handoff
IND441912AAA,IND441107AAB,11,11,1,75.0,103.6758,200.0,243.0,2.7027027027027026,2.9718240318240317,126.0,1609.0,1.0,True,0.06113488578891791,82.5598086124402,Audit departure window and facility handoff
IND845401AAA,IND845305AAA,15,15,1,36.0,48.9709,90.0,140.0,2.5714285714285716,2.6393942814995444,55.0,881.0,1.0,True,0.08336575334852443,82.5408692185008,Assess parallel route and capacity relief
IND507159AAA,IND507002AAA,9,9,1,18.0,24.5642,93.0,735.0,3.72,10.522366127737644,68.0,1594.0,1.0,True,0.05001945200911465,82.51794258373207,Audit departure window and facility handoff
IND221706AAA,IND273014AAB,8,8,1,88.0,116.95025,341.5,412.0,3.92534355179704,4.004457238642925,254.5,2135.0,1.0,True,0.04446173511921303,82.49601275917064,Audit departure window and facility handoff
IND210427AAA,IND209304AAA,8,8,1,119.0,164.995,400.0,567.0,3.3761045922062873,3.762769474823857,279.0,2669.0,1.0,True,0.04446173511921303,82.43819776714513,Audit departure window and facility handoff
IND501359AAE,IND411033AAA,13,13,1,448.0,596.5618000000001,916.0,1038.0,2.0448430493273544,2.0659075963998887,467.0,6206.0,1.0,True,0.07225031956872117,82.40430622009569,Audit departure window and facility handoff
IND000000ACT,IND160002AAC,14,14,1,188.0,226.23829999999998,386.5,452.5,2.0558510638297873,2.096074545262182,198.5,2879.0,1.0,True,0.0778080364586228,82.40430622009569,Audit departure window and facility handoff
IND562132AAA,IND560002AAA,21,21,1,27.0,24.6125,66.0,143.0,2.4615384615384617,2.5571616700516535,38.0,876.0,0.9523809523809523,True,0.11115433779803256,82.38337320574162,Assess parallel route and capacity relief
IND421601AAB,IND421302AAG,9,9,1,31.0,42.7648,145.0,237.0,4.264705882352941,5.650504411604981,111.0,1336.0,1.0,True,0.05001945200911465,82.36842105263158,Audit departure window and facility handoff
IND395023AAA,IND562132AAA,14,14,1,863.5,1193.2882,1679.0,1855.5,1.94386499574679,1.9438974286540947,815.5,11413.0,1.0,True,0.0778080364586228,82.34051036682615,Audit departure window and facility handoff
IND000000ACB,IND110095AAB,26,26,1,77.0,71.6623,150.5,347.5,1.9357928047968023,2.381986206366107,73.0,2779.0,0.5769230769230769,True,0.08336575334852442,82.30063795853269,Assess parallel route and capacity relief
IND68004AAA,IND678683AAA,14,14,1,37.0,32.89785,89.5,123.0,2.419590643274854,3.099096276727856,52.5,1082.0,1.0,True,0.0778080364586228,82.20893141945773,Audit departure window and facility handoff
IND000000ACB,IND302014AAA,24,24,1,169.0,221.4026,322.0,547.5,1.9053254437869822,1.899737824108963,153.0,3643.0,1.0,True,0.1333852053576391,82.18301435406698,Assess parallel route and capacity relief
IND585401AAA,IND502286AAB,15,15,1,42.0,40.6607,105.0,118.0,2.4285714285714284,2.5214878220663812,63.0,968.0,1.0,True,0.08336575334852443,82.11224082934609,Assess parallel route and capacity relief
IND503111AAC,IND501359AAE,13,13,1,103.0,137.8776,230.0,311.0,2.233009708737864,2.4481062948532086,127.0,1939.0,1.0,True,0.07225031956872117,82.08732057416267,Audit departure window and facility handoff
IND792121AAB,IND786181AAC,7,7,1,29.0,42.3438,120.0,148.0,3.870967741935484,15.63181081679413,89.0,3022.0,1.0,True,0.0389040182293114,82.08133971291866,Audit departure window and facility handoff
IND691551AAA,IND691001AAB,14,14,1,40.0,41.85315,89.0,734.0,2.2565789473684212,3.472241761358324,49.0,1373.0,1.0,True,0.0778080364586228,82.0305023923445,Audit departure window and facility handoff
IND845455AAB,IND842001AAA,11,11,1,126.0,170.1049,316.0,490.0,2.4881889763779528,2.50144518298849,189.0,2082.0,1.0,True,0.06113488578891791,81.96172248803828,Audit departure window and facility handoff
IND411033AAA,IND000000AAL,14,14,1,27.0,24.817500000000003,71.5,128.0,2.698005698005698,3.1470155637121264,45.0,821.0,1.0,True,0.0778080364586228,81.9348086124402,Audit departure window and facility handoff
IND532001AAB,IND530012AAA,15,15,1,84.0,115.1256,178.0,449.0,2.119047619047619,2.235113119133668,94.0,1564.0,1.0,True,0.08336575334852443,81.875,Assess parallel route and capacity relief
IND302014AAA,IND305001AAC,11,11,1,108.0,145.4529,275.0,482.0,2.5233644859813085,2.5301172381001087,164.0,1828.0,1.0,True,0.06113488578891791,81.84609250398725,Audit departure window and facility handoff
IND249407AAA,IND246149AAA,13,13,1,58.0,75.7384,136.0,180.0,2.3859649122807016,2.748502962272995,79.0,1311.0,1.0,True,0.07225031956872117,81.84609250398724,Audit departure window and facility handoff
IND110037AAM,IND110035AAC,25,25,1,21.0,18.7921,47.0,165.0,2.238095238095238,2.890531560630632,26.0,1010.0,0.88,True,0.12226977157783582,81.8092105263158,Assess parallel route and capacity relief
IND751002AAB,IND754103AAA,6,6,1,42.0,58.52615,444.5,545.5,10.703832752613241,10.697154471544716,403.0,2421.0,1.0,True,0.03334630133940977,81.771331738437,Audit departure window and facility handoff
IND302014AAB,IND302026AAA,13,13,1,18.0,19.3133,69.0,110.0,3.8333333333333335,3.6451207719009577,51.0,622.0,1.0,True,0.07225031956872117,81.76136363636364,Audit departure window and facility handoff
IND211008AAA,IND211002AAB,6,6,1,16.0,22.83415,148.5,210.0,9.28125,28.397222222222222,132.5,2559.0,1.0,True,0.03334630133940977,81.75438596491227,Audit departure window and facility handoff
IND000000ACB,IND842001AAA,12,12,1,737.5,995.48165,1515.0,1721.5,2.051457510515565,2.056823592363655,776.5,9355.0,1.0,True,0.06669260267881955,81.74840510366825,Audit departure window and facility handoff
IND000000ACB,IND125001AAA,14,14,1,135.0,170.3132,281.0,429.0,2.0896351575456054,2.1221802211824192,146.5,2126.0,1.0,True,0.0778080364586228,81.74441786283892,Audit departure window and facility handoff
IND382430AAB,IND395023AAA,25,25,1,204.0,272.8035,373.0,709.0,1.8507462686567164,1.8208901568537441,171.0,4166.0,1.0,True,0.1389429222475407,81.72049441786284,Assess parallel route and capacity relief
IND403726AAA,IND411033AAA,14,14,1,390.0,510.20285,757.0,898.5,1.9510694831938356,2.0060986556623237,369.0,5496.0,1.0,True,0.0778080364586228,81.61283891547049,Audit departure window and facility handoff
IND852113AAA,IND852139AAB,13,13,1,24.0,35.1625,73.0,126.0,3.0416666666666665,3.2399704142011836,49.0,729.0,1.0,True,0.07225031956872117,81.51814194577352,Audit departure window and facility handoff
IND501401AAC,IND500010AAA,10,10,1,14.0,14.449200000000001,100.0,171.0,6.404166666666667,7.089448051948052,84.5,859.0,1.0,True,0.05557716889901628,81.48524720893143,Audit departure window and facility handoff
IND802212AAA,IND821115AAB,5,5,1,42.0,45.5383,997.0,1035.0,23.738095238095237,19.490672741892254,955.0,3859.0,1.0,True,0.02778858444950814,81.44836523125998,Audit departure window and facility handoff
IND562132AAA,IND560300AAA,100,100,1,48.0,38.25995,87.0,181.0,1.7998670212765957,1.8909714950303862,38.0,4296.0,0.98,True,0.5446562552103595,81.4134768740032,Assess parallel route and capacity relief
IND842001AAA,IND846004AAA,15,15,1,50.0,68.45830000000001,111.0,244.0,2.2448979591836733,2.464004801920768,61.0,1096.0,1.0,True,0.08336575334852443,81.38157894736842,Assess parallel route and capacity relief
IND560064AAD,IND560043AAC,28,28,1,15.0,14.39455,38.5,88.5,2.5714285714285716,2.4954644357743097,23.0,641.0,1.0,True,0.1556160729172456,81.31479266347687,Assess parallel route and capacity relief
IND421302AAR,IND421004AAA,15,15,1,11.0,13.8218,46.0,99.0,3.8333333333333335,3.831961926961927,34.0,493.0,1.0,True,0.08336575334852443,81.25,Assess parallel route and capacity relief
IND560300AAA,IND562132AAA,73,73,1,51.0,42.3458,91.0,186.0,1.8,2.0277473450776635,40.0,3851.0,0.9863013698630136,True,0.4001556160729172,81.16626794258373,Assess parallel route and capacity relief
IND246149AAA,IND249407AAA,11,11,1,57.0,74.80380000000001,156.0,644.0,2.689655172413793,3.047610724915471,98.0,1290.0,1.0,True,0.06113488578891791,81.15829346092505,Audit departure window and facility handoff
IND401104AAA,IND401208AAA,23,23,1,18.0,23.5254,44.0,104.0,2.5555555555555554,2.639720838755029,28.0,664.0,1.0,True,0.12782748846773745,81.15131578947368,Assess parallel route and capacity relief
IND380006AAB,IND382430AAB,15,15,1,12.0,15.09,43.0,64.0,3.5833333333333335,3.8710245310245313,31.0,502.0,1.0,True,0.08336575334852443,81.15031897926636,Assess parallel route and capacity relief
IND411033AAA,IND431136AAC,12,12,1,172.0,235.2019,376.0,593.0,2.192353461172311,2.1688132612140616,204.5,2412.0,1.0,True,0.06669260267881955,81.13835725677832,Audit departure window and facility handoff
IND829121AAA,IND834002AAB,6,6,1,62.0,85.52250000000001,452.0,476.5,7.232462877624168,7.034111035565292,389.5,2248.0,1.0,True,0.03334630133940977,80.90111642743221,Audit departure window and facility handoff
IND144001AAB,IND000000ACA,16,16,1,53.0,75.5367,114.0,133.0,2.19811320754717,2.251702213132111,63.5,1054.0,1.0,True,0.08892347023842606,80.70474481658691,Assess parallel route and capacity relief
IND201301AAM,IND000000ACB,21,21,1,80.0,98.7181,232.0,343.0,1.8974358974358974,2.1911288379490506,103.0,2486.0,1.0,True,0.11671205468793419,80.6140350877193,Assess parallel route and capacity relief
IND382430AAB,IND382345AAA,24,24,1,16.0,19.964550000000003,34.0,119.5,2.2509803921568627,3.2643582112332115,18.5,863.0,1.0,True,0.1333852053576391,80.6060606060606,Assess parallel route and capacity relief
IND160002AAC,IND000000ACA,25,25,1,63.0,89.93839999999999,127.0,395.0,1.9682539682539681,1.9588725457457412,63.0,1536.0,1.0,True,0.1389429222475407,80.51834130781499,Assess parallel route and capacity relief
IND486661AAA,IND211002AAB,5,5,1,161.0,195.6941,843.0,1316.0,5.236024844720497,5.817463863967487,682.0,3878.0,1.0,True,0.02778858444950814,80.51435406698565,Audit departure window and facility handoff
IND600032AAB,IND600056AAB,45,45,1,33.0,36.66,60.0,111.0,1.875,2.3118489517018928,28.0,1948.0,1.0,True,0.25009726004557326,80.39074960127593,Assess parallel route and capacity relief
IND413002AAA,IND421302AAG,9,9,1,297.0,397.4751,728.0,793.0,2.442953020134228,2.5086509800423404,430.0,4038.0,1.0,True,0.05001945200911465,80.38078149920256,Audit departure window and facility handoff
IND673592AAA,IND562132AAA,12,12,1,224.0,285.06345,464.5,547.0,2.07847533632287,2.1193505389936935,241.0,3005.0,1.0,True,0.06669260267881955,80.36682615629984,Audit departure window and facility handoff
IND506314AAA,IND506002AAA,9,9,1,24.0,33.923,92.0,705.0,4.0,5.783727858293076,69.0,1049.0,1.0,True,0.05001945200911465,80.3658293460925,Audit departure window and facility handoff
IND210501AAB,IND209304AAA,10,10,1,91.0,115.98855,244.0,267.5,2.6671046344959386,2.6400143334925943,152.5,1494.0,1.0,True,0.05557716889901628,80.30901116427432,Audit departure window and facility handoff
IND000000ACB,IND209304AAA,10,10,1,321.0,444.451,729.0,928.0,2.261682242990654,2.307377821280516,405.0,4233.0,1.0,True,0.05557716889901628,80.2950558213716,Audit departure window and facility handoff
IND415408AAC,IND416012AAA,7,7,1,48.0,54.2263,291.0,511.0,6.0,5.1062925170068025,243.0,1387.0,1.0,True,0.0389040182293114,80.27013556618819,Audit departure window and facility handoff
IND416606AAA,IND416510AAA,4,4,1,45.0,46.8537,1207.0,1281.5,26.880917874396133,26.89159530083443,1162.5,4660.0,1.0,False,0.022230867559606515,80.25219298245614,Monitor; current evidence does not justify capital action
IND712311AAA,IND742101AAC,8,8,1,158.0,215.51875,443.0,544.5,2.848887234218582,2.8717949549696917,287.5,2349.0,1.0,True,0.04446173511921303,80.22328548644337,Audit departure window and facility handoff
IND751002AAB,IND562132AAA,9,9,1,1058.0,1423.655,2392.0,2445.0,2.260869565217391,2.246763285828113,1334.0,11876.0,1.0,True,0.05001945200911465,80.09669059011163,Audit departure window and facility handoff
IND401209AAB,IND401104AAA,8,8,1,19.5,25.748649999999998,171.0,182.0,8.142857142857142,7.285880420748842,150.0,1010.0,1.0,True,0.04446173511921303,80.09070972886762,Audit departure window and facility handoff
IND462022AAA,IND000000ACB,13,13,1,584.0,814.2574000000001,1109.0,1271.0,1.898972602739726,2.022665976355394,525.0,7773.0,1.0,True,0.07225031956872117,80.06180223285487,Audit departure window and facility handoff
IND110037AAM,IND202001AAB,20,20,1,129.0,153.00295,241.0,476.5,1.8724508050089446,1.9413491755457766,112.5,2438.0,1.0,True,0.11115433779803256,80.03189792663477,Assess parallel route and capacity relief
IND821109AAA,IND802213AAB,8,8,1,32.0,44.9854,165.0,197.5,5.077651515151516,5.167850378787879,132.5,1067.0,1.0,True,0.04446173511921303,79.9780701754386,Audit departure window and facility handoff
IND792130AAB,IND786001AAB,9,9,1,84.0,105.1452,241.0,277.0,2.8354430379746836,3.0297329966843467,156.0,1523.0,1.0,True,0.05001945200911465,79.96411483253588,Audit departure window and facility handoff
IND485001AAC,IND486771AAA,5,5,1,90.0,121.9537,589.0,894.0,6.472527472527473,6.8891081203440745,498.0,2655.0,1.0,True,0.02778858444950814,79.93819776714514,Audit departure window and facility handoff
IND261001AAA,IND262701AAA,14,14,1,50.0,53.63265,116.5,136.0,2.322962962962963,2.354006644667721,66.5,945.0,1.0,True,0.0778080364586228,79.93819776714514,Audit departure window and facility handoff
IND421302AAG,IND400701AAB,14,14,1,20.0,22.791,52.0,367.5,2.538095238095238,3.589692671326904,31.5,733.0,1.0,True,0.0778080364586228,79.89832535885168,Audit departure window and facility handoff
IND382430AAB,IND380054AAA,26,26,1,17.0,19.55805,38.0,146.5,2.235294117647059,2.8381913021618903,21.0,793.0,1.0,True,0.14450063913744235,79.89533492822967,Assess parallel route and capacity relief
IND000000AAL,IND411033AAA,14,14,1,26.5,24.28745,68.5,153.0,2.5708333333333333,2.8454185247120027,43.5,715.0,1.0,True,0.0778080364586228,79.88137958532695,Audit departure window and facility handoff
IND245304AAA,IND201007AAA,13,13,1,35.0,31.869,90.0,129.0,2.6470588235294117,2.6305509939731797,56.0,755.0,1.0,True,0.07225031956872117,79.88038277511961,Audit departure window and facility handoff
IND160002AAC,IND173212AAA,13,13,1,88.0,102.5093,191.0,340.0,2.1704545454545454,2.194396029317646,103.0,1373.0,1.0,True,0.07225031956872117,79.80163476874004,Audit departure window and facility handoff
IND423701AAB,IND422011AAD,12,12,1,83.0,111.6091,191.5,252.5,2.3162278744608065,2.313938180257715,108.0,1299.0,1.0,True,0.06669260267881955,79.7846889952153,Audit departure window and facility handoff
IND131028AAB,IND136118AAA,15,15,1,95.0,128.6969,187.0,412.0,1.9893617021276595,2.1401124909197966,93.0,1634.0,1.0,True,0.08336575334852443,79.75079744816588,Assess parallel route and capacity relief
IND842001AAA,IND848114AAA,14,14,1,48.0,69.27965,111.5,178.0,2.3125,2.383807094266278,63.0,936.0,1.0,True,0.0778080364586228,79.73484848484848,Audit departure window and facility handoff
IND000000ACB,IND411033AAA,15,15,1,1011.0,1361.7319,1761.0,1921.0,1.741839762611276,1.7630971342828887,750.0,11563.0,1.0,True,0.08336575334852443,79.7268740031898,Assess parallel route and capacity relief
IND500008AAF,IND500039AAC,13,13,1,17.0,20.3317,54.0,135.0,3.357142857142857,3.6151996696114344,37.0,551.0,1.0,True,0.07225031956872117,79.71391547049441,Audit departure window and facility handoff
IND477001AAB,IND474003AAA,7,7,1,55.0,76.7885,208.0,674.0,3.9245283018867925,5.047205215931276,155.0,1555.0,1.0,True,0.0389040182293114,79.68700159489633,Audit departure window and facility handoff
IND382430AAB,IND380015AAB,23,23,1,12.0,15.4719,29.0,144.0,2.3333333333333335,3.567946546207416,17.0,707.0,1.0,True,0.12782748846773745,79.68700159489632,Assess parallel route and capacity relief
IND571124AAA,IND570020AAA,8,8,1,30.0,38.8739,138.5,349.0,5.096666666666667,5.436061827956989,111.0,1042.0,1.0,True,0.04446173511921303,79.68500797448166,Audit departure window and facility handoff
IND422011AAD,IND421302AAG,14,14,1,97.0,136.31185,187.0,497.5,1.9284651360544216,2.9520265860026496,90.0,2652.0,1.0,True,0.0778080364586228,79.66307814992027,Audit departure window and facility handoff
IND421302AAG,IND131028AAB,12,12,1,1038.0,1427.3543,2003.0,2234.0,1.9296724470134874,1.928252660212367,965.0,11565.0,1.0,True,0.06669260267881955,79.63317384370015,Audit departure window and facility handoff
IND473331AAA,IND473226AAA,12,12,1,81.0,77.32339999999999,162.5,1162.0,1.9817073170731707,6.636716182925897,80.5,5435.0,1.0,True,0.06669260267881955,79.62121212121212,Audit departure window and facility handoff
IND501359AAE,IND462022AAA,10,10,1,614.0,865.7868,1317.5,1488.5,2.1457654723127035,2.163255987592263,703.5,7144.0,1.0,True,0.05557716889901628,79.59728867623605,Audit departure window and facility handoff
IND814133AAB,IND816109AAA,11,11,1,64.0,89.8322,165.0,208.0,2.578125,2.5900141525141525,101.0,1116.0,1.0,True,0.06113488578891791,79.54744816586921,Audit departure window and facility handoff
IND410206AAB,IND000000AFT,20,20,1,17.0,20.45785,40.5,116.5,2.4375,2.971258384932921,23.5,652.0,1.0,True,0.11115433779803256,79.53249601275917,Assess parallel route and capacity relief
IND804420AAA,IND803101AAA,11,11,1,39.0,55.2679,108.0,178.0,2.8421052631578947,3.133446816341553,70.0,913.0,1.0,True,0.06113488578891791,79.48165869218502,Audit departure window and facility handoff
IND210001AAA,IND210427AAA,9,9,1,40.0,54.7757,147.0,195.0,3.8157894736842106,3.734040124284027,107.0,978.0,1.0,True,0.05001945200911465,79.44577352472089,Audit departure window and facility handoff
IND302014AAB,IND302006AAC,15,15,1,20.0,20.3918,45.0,86.0,2.6875,2.8529910529961007,27.0,563.0,1.0,True,0.08336575334852443,79.39992025518342,Assess parallel route and capacity relief
IND261201AAB,IND261001AAA,13,13,1,32.0,37.4744,84.0,111.0,2.6363636363636362,2.7283865328220167,52.0,727.0,1.0,True,0.07225031956872117,79.38496810207336,Audit departure window and facility handoff
IND110044AAB,IND000000ACB,59,59,1,61.0,65.57560000000001,104.0,192.0,1.7142857142857142,1.9144291752396003,44.0,3303.0,1.0,True,0.3279052965041961,79.31419457735247,Assess parallel route and capacity relief
IND131028AAB,IND244001AAA,13,13,1,159.0,201.429,313.0,617.0,1.9440993788819876,2.4998097476786825,152.0,3112.0,1.0,True,0.07225031956872117,79.30622009569377,Audit departure window and facility handoff
IND852201AAA,IND852113AAA,12,12,1,17.0,22.85785,60.0,91.0,3.514705882352941,3.7957086343309254,42.5,580.0,1.0,True,0.06669260267881955,79.25737639553428,Audit departure window and facility handoff
IND395023AAA,IND110037AAM,13,13,1,842.0,1118.8283,1541.0,1950.0,1.83115338882283,1.875515026403494,699.0,9579.0,1.0,True,0.07225031956872117,79.22647527910686,Audit departure window and facility handoff
IND421302AAG,IND400015AAB,16,16,1,32.0,42.59225,71.5,299.5,2.270665322580645,2.564534930715005,40.0,778.0,1.0,True,0.08892347023842606,79.21052631578948,Assess parallel route and capacity relief
IND206001AAA,IND000000ACB,13,13,1,232.0,309.9961,457.0,501.0,1.9446808510638298,1.9659243709836802,222.0,2926.0,1.0,True,0.07225031956872117,79.19258373205741,Audit departure window and facility handoff
IND460001AAA,IND480334AAA,14,14,1,66.0,87.5036,144.0,166.0,2.1893939393939394,2.087560019084925,78.5,1027.0,1.0,True,0.0778080364586228,79.13078149920254,Audit departure window and facility handoff
IND400705AAA,IND421302AAH,10,10,1,26.0,27.251800000000003,93.0,206.0,3.5150862068965516,4.062265560443222,67.0,815.0,1.0,True,0.05557716889901628,78.99222488038278,Audit departure window and facility handoff
IND462022AAA,IND462011AAA,19,19,1,12.0,12.5539,32.0,76.0,2.8333333333333335,3.0231070099491153,21.0,477.0,1.0,True,0.10559662090813093,78.9683014354067,Assess parallel route and capacity relief
IND562132AAA,IND560099AAB,100,100,2,51.0,50.462599999999995,84.0,267.0,1.6569230769230767,1.808498268594275,33.5,4125.0,0.99,True,0.5502139721002612,78.95933014354067,Evaluate FTL/Carting shift on supported corridor
IND580028AAA,IND591123AAC,13,13,1,87.0,112.0127,171.0,718.0,1.9655172413793103,3.0417090180280875,84.0,2478.0,1.0,True,0.07225031956872117,78.95434609250398,Audit departure window and facility handoff
IND131028AAB,IND160002AAC,26,26,1,130.0,181.96365,230.5,378.0,1.7595419847328244,1.7764179876894786,99.5,2624.0,1.0,True,0.14450063913744235,78.93341307814993,Assess parallel route and capacity relief
IND712311AAA,IND781018AAB,5,5,1,688.0,953.5618,2125.0,2733.0,3.102189781021898,3.4848463510664063,1440.0,8542.0,1.0,True,0.02778858444950814,78.90350877192984,Audit departure window and facility handoff
IND400102AAB,IND421302AAG,11,11,1,30.0,33.2652,81.0,180.0,2.793103448275862,3.6785290400696407,52.0,874.0,1.0,True,0.06113488578891791,78.89752791068581,Audit departure window and facility handoff
IND507303AAA,IND507002AAA,11,11,1,55.0,77.81089999999999,132.0,407.0,2.4,3.0791639337093883,77.0,1257.0,1.0,True,0.06113488578891791,78.80283094098883,Audit departure window and facility handoff
IND411033AAA,IND413002AAA,17,17,1,212.0,281.1588,377.0,527.0,1.7867298578199051,1.818197062437677,166.0,2951.0,1.0,True,0.09448118712832768,78.77990430622009,Assess parallel route and capacity relief
IND273014AAB,IND274001AAA,10,10,1,41.0,57.10465,129.0,219.0,3.1865853658536585,3.1253658536585367,88.5,865.0,1.0,True,0.05557716889901628,78.75797448165869,Audit departure window and facility handoff
IND209111AAA,IND285001AAD,15,15,1,36.0,49.9967,84.0,115.0,2.3333333333333335,2.3300792521845155,48.0,721.0,1.0,True,0.08336575334852443,78.72707336523126,Assess parallel route and capacity relief
IND271210AAA,IND271001AAA,9,9,1,47.0,67.5213,150.0,306.0,3.125,3.4458526318328753,102.0,1052.0,1.0,True,0.05001945200911465,78.72208931419458,Audit departure window and facility handoff
IND395023AAA,IND382430AAB,15,15,1,187.0,259.9392,345.0,508.0,1.8288770053475936,1.8920918246896958,156.0,2506.0,1.0,True,0.08336575334852443,78.71810207336523,Assess parallel route and capacity relief
IND244221AAA,IND131028AAB,15,15,1,128.0,163.7988,252.0,304.0,1.9054054054054055,1.9125261611026225,125.0,1773.0,1.0,True,0.08336575334852443,78.70015948963317,Assess parallel route and capacity relief
IND421302AAG,IND410401AAA,11,11,1,67.0,88.8,164.0,248.0,2.462686567164179,2.5400802573925927,97.0,1135.0,1.0,True,0.06113488578891791,78.69318181818183,Audit departure window and facility handoff
IND302014AAA,IND000000ACB,13,13,1,165.0,222.345,327.0,502.0,1.9939024390243902,1.9554107269946237,163.0,2047.0,1.0,True,0.07225031956872117,78.6602870813397,Audit departure window and facility handoff
IND413401AAA,IND411033AAA,12,12,1,175.0,238.4436,357.5,413.5,2.04,2.0697603032024925,182.0,2257.0,1.0,True,0.06669260267881955,78.60047846889951,Audit departure window and facility handoff
IND742101AAC,IND712311AAA,7,7,1,160.0,218.2368,453.0,659.0,2.919254658385093,2.9461155667072174,304.0,2131.0,1.0,True,0.0389040182293114,78.55661881977672,Audit departure window and facility handoff
IND421302AAG,IND400072AAA,15,15,1,22.0,27.3854,58.0,228.0,2.4347826086956523,2.876590752242926,34.0,631.0,1.0,True,0.08336575334852443,78.54864433811804,Assess parallel route and capacity relief
IND125001AAA,IND110037AAM,6,6,1,132.0,172.47105,471.5,561.0,3.545341474445952,3.6220789989446707,338.5,2087.0,1.0,True,0.03334630133940977,78.54465709728868,Audit departure window and facility handoff
IND421302AAG,IND462022AAA,9,9,1,553.0,768.194,1224.0,1447.0,2.213381555153707,2.2057629289257874,671.0,6001.0,1.0,True,0.05001945200911465,78.53269537480064,Audit departure window and facility handoff
IND583101AAA,IND583201AAA,11,11,1,46.0,64.3962,120.0,152.0,2.6666666666666665,2.8139124828301516,75.0,917.0,1.0,True,0.06113488578891791,78.43799840510367,Audit departure window and facility handoff
IND224141AAB,IND224122AAA,13,13,1,20.0,28.0708,57.0,92.0,2.9,3.2211201079622134,38.0,560.0,1.0,True,0.07225031956872117,78.42503987240829,Audit departure window and facility handoff
IND209801AAA,IND209304AAA,4,4,1,32.5,46.540350000000004,736.0,850.0,22.67566287878788,18.826342468805706,703.5,2305.0,1.0,False,0.022230867559606515,78.40410685805423,Monitor; current evidence does not justify capital action
IND600044AAE,IND600056AAB,22,22,1,35.0,36.47125,72.5,172.5,2.042063492063492,2.2545117069310616,37.0,963.0,1.0,True,0.12226977157783582,78.329346092504,Assess parallel route and capacity relief
IND502286AAB,IND502220AAC,15,15,1,49.0,57.4331,105.0,119.0,2.1875,2.157499618313805,57.0,847.0,1.0,True,0.08336575334852443,78.2725279106858,Assess parallel route and capacity relief
IND209304AAA,IND209801AAA,13,13,1,36.0,48.0764,126.0,178.0,2.3636363636363638,2.6406821501107802,66.0,834.0,0.7692307692307693,True,0.05557716889901628,78.18381180223287,Audit departure window and facility handoff
IND000000ACB,IND382430AAB,13,13,1,632.0,873.1134000000001,1140.0,1371.0,1.8037974683544304,1.8428661478310993,508.0,6925.0,1.0,True,0.07225031956872117,78.16786283891547,Audit departure window and facility handoff
IND524101AAB,IND517501AAB,13,13,1,75.0,99.2628,162.0,189.0,2.1315789473684212,2.175098301673644,86.0,1141.0,1.0,True,0.07225031956872117,78.14892344497608,Audit departure window and facility handoff
IND842001AAA,IND843105AAB,14,14,1,16.0,23.60215,49.0,109.5,3.0294117647058822,3.0512079831932772,33.0,466.0,1.0,True,0.0778080364586228,78.10207336523125,Audit departure window and facility handoff
IND411014AAA,IND411033AAA,10,10,1,30.5,30.7317,74.0,121.0,2.4110122358175747,5.3158057906591,42.5,1432.0,1.0,True,0.05557716889901628,78.06319776714513,Audit departure window and facility handoff
IND444602AAA,IND444005AAB,14,14,1,75.0,96.94239999999999,154.0,220.5,2.052982456140351,2.0922872218185846,79.5,1138.0,1.0,True,0.0778080364586228,78.05721690590113,Audit departure window and facility handoff
IND794101AAA,IND781018AAB,9,9,1,159.0,207.3622,383.0,510.0,2.408805031446541,2.409042996471216,224.0,2024.0,1.0,True,0.05001945200911465,78.05622009569377,Audit departure window and facility handoff
IND431136AAC,IND411033AAA,13,13,1,172.0,235.4623,330.0,620.0,1.9298245614035088,2.0402929403590924,159.0,2329.0,1.0,True,0.07225031956872117,78.02731259968103,Audit departure window and facility handoff
IND562132AAA,IND560078AAC,21,21,1,31.0,32.9199,68.0,136.0,2.125,2.229072115160825,36.0,806.0,1.0,True,0.11671205468793419,78.01734449760764,Assess parallel route and capacity relief
IND842001AAA,IND854326AAB,12,12,1,204.0,289.0652,403.5,518.5,1.9830000965903603,2.016313709391803,200.0,2485.0,1.0,True,0.06669260267881955,77.9366028708134,Audit departure window and facility handoff
IND273014AAB,IND277303AAC,14,14,1,101.0,129.62475,198.0,250.0,1.98,1.9952691571678176,98.0,1406.0,1.0,True,0.0778080364586228,77.90570175438597,Audit departure window and facility handoff
IND283203AAA,IND110037AAM,10,10,2,196.0,257.866,435.5,484.0,2.2219387755102042,2.151534477673171,239.5,2253.0,1.0,True,0.05557716889901628,77.90071770334927,Evaluate FTL/Carting shift on supported corridor
IND411036AAA,IND411033AAA,21,21,1,29.0,27.9952,60.0,182.0,2.032258064516129,2.5346833703705096,31.0,951.0,1.0,True,0.11671205468793419,77.86682615629982,Assess parallel route and capacity relief
IND271001AAA,IND271201AAA,5,5,1,32.0,43.4184,128.0,975.0,3.5,18.21493336654627,91.0,2697.0,1.0,True,0.02778858444950814,77.86383572567783,Audit departure window and facility handoff
IND395023AAA,IND411033AAA,6,6,1,291.0,394.92545,813.5,984.0,2.79553264604811,2.946682650784998,522.5,3407.0,1.0,True,0.03334630133940977,77.70534290271132,Audit departure window and facility handoff
IND786181AAC,IND792120AAB,7,7,1,33.0,48.081900000000005,162.0,189.0,5.0625,5.3474827907702664,130.0,1001.0,1.0,True,0.0389040182293114,77.70534290271132,Audit departure window and facility handoff
IND390022AAA,IND395023AAA,15,15,1,121.0,167.256,227.0,299.0,1.884297520661157,1.8387074776416634,107.0,1527.0,1.0,True,0.08336575334852443,77.67942583732058,Assess parallel route and capacity relief
IND000000ACB,IND122001AAA,39,39,1,35.0,35.5418,62.0,135.0,1.8108108108108107,2.0277550704021294,28.0,1417.0,0.9743589743589743,True,0.21119324181626187,77.67344497607657,Assess parallel route and capacity relief
IND382430AAB,IND380005AAA,23,23,1,23.0,26.6477,50.0,110.0,2.0833333333333335,2.5064667300156014,26.0,799.0,1.0,True,0.12782748846773745,77.63157894736842,Assess parallel route and capacity relief
IND788151AAA,IND788713AAA,12,12,1,32.5,46.5072,86.0,134.5,2.606060606060606,2.7654485299646594,54.0,701.0,1.0,True,0.06669260267881955,77.59968102073364,Audit departure window and facility handoff
IND212601AAA,IND210001AAA,12,12,1,61.5,85.13395,135.0,169.0,2.312937062937063,2.3009380220057776,77.0,956.0,1.0,True,0.06669260267881955,77.56379585326954,Audit departure window and facility handoff
IND248001AAA,IND131028AAB,11,11,1,214.0,246.5186,431.0,1078.0,2.042654028436019,2.0732883704485916,220.0,2531.0,1.0,True,0.06113488578891791,77.54784688995215,Audit departure window and facility handoff
IND600032AAB,IND600076AAB,31,31,1,16.0,16.7916,35.0,75.0,2.1875,2.276260504201681,19.0,633.0,0.967741935483871,True,0.16673150669704886,77.53389154704944,Assess parallel route and capacity relief
IND786181AAC,IND786001AAB,8,8,1,60.0,84.917,177.5,208.5,2.958333333333333,3.5108477011494252,117.5,1197.0,1.0,True,0.04446173511921303,77.53289473684211,Audit departure window and facility handoff
IND756032AAA,IND712311AAA,7,7,1,137.0,189.5344,373.0,474.0,2.762962962962963,3.0431913803639867,238.0,1964.0,1.0,True,0.0389040182293114,77.53189792663477,Audit departure window and facility handoff
IND000000ACB,IND462022AAA,12,12,1,588.5,814.1079,1088.0,1265.5,1.8471986417657045,1.8461528152310185,499.0,5976.0,1.0,True,0.06669260267881955,77.49601275917065,Audit departure window and facility handoff
IND577002AAA,IND581115AAC,12,12,1,29.5,37.68155,85.5,136.0,2.836021505376344,2.665097904196903,55.5,596.0,1.0,True,0.06669260267881955,77.46212121212122,Audit departure window and facility handoff
IND712124AAA,IND712103AAA,20,20,1,11.0,11.44705,31.0,54.5,2.844444444444444,2.9042929292929296,20.0,410.0,1.0,True,0.11115433779803256,77.38935406698563,Assess parallel route and capacity relief
IND396191AAC,IND421302AAG,8,8,1,126.0,163.11380000000003,327.5,419.0,2.609936507936508,2.614002999625047,202.0,1625.0,1.0,True,0.04446173511921303,77.3664274322169,Audit departure window and facility handoff
IND641062AAD,IND643231AAA,11,11,1,60.0,70.3282,146.0,250.0,2.459016393442623,2.4411402485489293,86.0,953.0,1.0,True,0.06113488578891791,77.29066985645933,Audit departure window and facility handoff
IND160102AAC,IND160002AAC,24,24,1,34.0,44.51845,67.5,180.5,2.014705882352941,2.0491133417604006,34.0,867.0,1.0,True,0.1333852053576391,77.22089314194577,Assess parallel route and capacity relief
IND131028AAB,IND244235AAA,15,15,1,122.0,154.03670000000002,223.0,399.0,1.824,1.945496779447301,102.0,1744.0,1.0,True,0.08336575334852443,77.2188995215311,Assess parallel route and capacity relief
IND321606AAA,IND301001AAB,4,4,1,69.0,77.48645,531.0,691.5,7.695652173913043,7.577578857630009,462.0,1808.0,1.0,False,0.022230867559606515,77.17304625199361,Monitor; current evidence does not justify capital action
IND848101AAA,IND844505AAB,11,11,1,18.0,25.8744,73.0,86.0,3.8421052631578947,3.687931951089846,54.0,536.0,1.0,True,0.06113488578891791,77.16806220095694,Audit departure window and facility handoff
IND560099AAB,IND562132AAA,83,83,2,57.0,46.524,86.0,261.0,1.5555555555555556,1.7125264035441667,31.0,3375.0,0.8795180722891566,True,0.40571333296281886,77.13516746411483,Evaluate FTL/Carting shift on supported corridor
IND143001AAA,IND144001AAB,14,14,1,65.0,85.9881,131.0,216.5,2.0327868852459017,2.1714266705191765,65.5,1054.0,1.0,True,0.0778080364586228,77.10625996810207,Audit departure window and facility handoff
IND466116AAA,IND462022AAA,9,9,1,74.0,103.4968,181.0,406.0,2.4794520547945207,3.1578351345474633,108.0,1429.0,1.0,True,0.05001945200911465,77.085326953748,Audit departure window and facility handoff
IND121004AAB,IND000000ACB,21,21,1,65.0,76.5961,121.0,160.0,1.8615384615384616,1.9404927126045755,56.0,1281.0,1.0,True,0.11671205468793419,77.0494417862839,Assess parallel route and capacity relief
IND796009AAA,IND796321AAB,4,4,1,131.0,186.14965,648.5,934.0,4.950381679389313,5.113997802452001,517.5,2159.0,1.0,False,0.022230867559606515,77.03947368421052,Monitor; current evidence does not justify capital action
IND411033AAA,IND000000ACB,13,13,1,1015.0,1361.399,1736.0,1919.0,1.7086614173228347,1.7420920259190344,720.0,9785.0,1.0,True,0.07225031956872117,77.00956937799043,Audit departure window and facility handoff
IND313001AAB,IND312001AAA,13,13,1,79.0,108.4229,164.0,598.0,2.0759493670886076,2.0457765335929894,85.0,1079.0,1.0,True,0.07225031956872117,77.00259170653906,Audit departure window and facility handoff
IND000000ACB,IND121004AAB,23,23,1,66.0,78.508,119.0,188.0,1.803030303030303,1.9635144294111684,53.0,1449.0,1.0,True,0.12782748846773745,76.9377990430622,Assess parallel route and capacity relief
IND305001AAC,IND305901AAA,12,12,1,44.0,56.0382,93.0,185.0,2.1136363636363633,3.1787901278994792,49.0,1207.0,1.0,True,0.06669260267881955,76.90789473684211,Audit departure window and facility handoff
IND416404AAA,IND416012AAA,5,5,1,100.0,138.423,477.0,605.0,4.77,3.920122619954303,377.0,1467.0,1.0,True,0.02778858444950814,76.88397129186602,Audit departure window and facility handoff
IND530012AAA,IND501359AAE,10,10,1,433.0,602.57915,877.0,958.0,2.018396101488426,2.064848751853041,442.5,4607.0,1.0,True,0.05557716889901628,76.87200956937798,Audit departure window and facility handoff
IND306401AAB,IND302014AAA,11,11,1,216.0,302.7314,431.0,518.0,2.0046082949308754,2.0401776963594416,217.0,2472.0,1.0,True,0.06113488578891791,76.80422647527911,Audit departure window and facility handoff
IND562132AAA,IND560058AAD,42,42,1,20.0,15.86815,37.0,268.0,1.805952380952381,2.3942674145681666,16.5,1217.0,0.8809523809523809,True,0.20563552492636025,76.78628389154704,Assess parallel route and capacity relief
IND416012AAA,IND395023AAA,13,13,1,492.0,623.3808,863.0,915.0,1.7540650406504066,1.7578536657587103,371.0,4848.0,1.0,True,0.07225031956872117,76.78030303030302,Audit departure window and facility handoff
IND416012AAA,IND415612AAA,7,7,1,97.0,134.45870000000002,276.0,462.0,2.845360824742268,3.208664453693909,179.0,1496.0,1.0,True,0.0389040182293114,76.75637958532695,Audit departure window and facility handoff
IND305001AAC,IND306401AAB,12,12,1,123.0,166.5906,245.5,292.0,2.004032258064516,2.0850559395602524,123.0,1600.0,1.0,True,0.06669260267881955,76.7523923444976,Audit departure window and facility handoff
IND507117AAB,IND507303AAA,12,12,1,93.0,123.4171,192.0,212.0,2.053363074811256,2.2213216058408682,98.5,1364.0,1.0,True,0.06669260267881955,76.71251993620415,Audit departure window and facility handoff
IND600016AAB,IND600044AAC,18,18,1,33.0,37.04,68.0,117.0,2.0298573975044563,2.44574110652542,34.5,864.0,1.0,True,0.1000389040182293,76.71251993620413,Assess parallel route and capacity relief
IND560002AAA,IND560099AAB,14,14,1,22.0,18.4329,59.0,110.5,2.6220238095238093,2.6039874106497187,36.5,498.0,1.0,True,0.0778080364586228,76.70952950558214,Audit departure window and facility handoff
IND321022AAA,IND121004AAB,7,7,1,83.0,106.9437,264.0,290.0,3.180722891566265,3.0234110262301845,181.0,1190.0,1.0,True,0.0389040182293114,76.6866028708134,Audit departure window and facility handoff
IND174101AAB,IND160002AAC,9,9,1,77.0,93.2949,199.0,246.0,2.6184210526315788,2.5865671942669994,123.0,1097.0,1.0,True,0.05001945200911465,76.68460925039872,Audit departure window and facility handoff
IND560002AAA,IND562132AAA,15,15,1,34.0,26.5666,76.0,102.0,2.235294117647059,2.287012439201507,42.0,645.0,0.9333333333333333,True,0.0778080364586228,76.65968899521532,Assess parallel route and capacity relief
IND208017AAA,IND209304AAA,5,5,1,12.0,13.9435,257.0,487.0,16.227272727272727,15.72094861660079,245.0,1142.0,1.0,True,0.02778858444950814,76.58592503987241,Audit departure window and facility handoff
IND583119AAA,IND583101AAA,7,7,1,44.0,53.7635,182.0,284.0,4.232558139534884,4.031870415844127,139.0,937.0,1.0,True,0.0389040182293114,76.5799441786284,Audit departure window and facility handoff
IND209304AAA,IND212601AAA,12,12,1,68.0,96.66810000000001,157.0,271.0,2.2164179104477615,2.133263631495229,81.5,974.0,0.9166666666666666,True,0.06113488578891791,76.5201355661882,Audit departure window and facility handoff
IND160002AAC,IND174001AAA,11,11,1,139.0,180.6741,286.0,369.0,2.0431654676258995,2.2422685228440624,146.0,1895.0,1.0,True,0.06113488578891791,76.46331738437001,Audit departure window and facility handoff
IND635601AAB,IND635802AAB,7,7,1,34.0,41.415,157.0,173.0,4.617647058823529,4.629185335067688,123.0,871.0,1.0,True,0.0389040182293114,76.36363636363637,Audit departure window and facility handoff
IND603301AAA,IND600044AAD,11,11,1,58.0,74.95939999999999,139.0,182.0,2.396551724137931,2.4277386351659858,81.0,926.0,1.0,True,0.06113488578891791,76.3616427432217,Audit departure window and facility handoff
IND400072AAC,IND400011AAA,12,12,1,17.0,18.8958,54.5,129.0,3.2132352941176467,3.341973039215686,37.0,472.0,1.0,True,0.06669260267881955,76.35765550239235,Audit departure window and facility handoff
IND412105AAC,IND411017AAA,23,23,1,16.0,17.9895,36.0,68.0,2.3333333333333335,2.438235294117647,21.0,506.0,1.0,True,0.12782748846773745,76.34968102073366,Assess parallel route and capacity relief
IND147001AAB,IND160002AAC,7,7,1,59.0,46.073,234.0,294.0,3.5384615384615383,3.2917627404167784,175.0,1024.0,1.0,True,0.0389040182293114,76.34070972886762,Audit departure window and facility handoff
IND382430AAB,IND000000ACB,11,11,1,630.0,876.0539,1167.0,1758.0,1.8523809523809525,2.073557183036389,537.0,7435.0,1.0,True,0.06113488578891791,76.33572567783094,Audit departure window and facility handoff
IND501359AAE,IND413002AAA,11,11,1,250.0,327.37690000000003,485.0,680.0,1.9477911646586346,2.0864690489593287,236.0,2986.0,1.0,True,0.06113488578891791,76.31379585326954,Audit departure window and facility handoff
IND207302AAA,IND202001AAB,6,6,1,51.0,68.3236,249.5,403.5,5.019807923169267,4.402954002113666,199.5,1039.0,0.6666666666666666,True,0.022230867559606515,76.28488835725678,Audit departure window and facility handoff
IND700053AAA,IND712311AAA,6,6,1,29.0,29.081049999999998,219.0,308.0,7.5264367816091955,6.434099616858238,190.0,954.0,1.0,True,0.03334630133940977,76.28488835725678,Audit departure window and facility handoff
IND516115AAA,IND517501AAB,11,11,1,67.0,90.2466,150.0,214.0,2.2388059701492535,2.482589730043637,83.0,1092.0,1.0,True,0.06113488578891791,76.2719298245614,Audit departure window and facility handoff
IND843301AAA,IND843320AAA,13,13,1,25.0,28.1183,66.0,108.0,2.64,2.6078106508875742,41.0,530.0,1.0,True,0.07225031956872117,76.25199362041468,Audit departure window and facility handoff
IND533401AAA,IND533106AAA,11,11,1,69.0,93.1386,160.0,203.0,2.2739726027397262,2.3513211603421413,91.0,1036.0,1.0,True,0.06113488578891791,76.23405103668262,Audit departure window and facility handoff
IND121004AAB,IND121102AAA,28,28,1,29.0,40.3407,59.0,87.0,1.9342672413793105,2.0737541493111555,27.0,891.0,1.0,True,0.1556160729172456,76.23106060606061,Assess parallel route and capacity relief
IND524003AAA,IND501359AAE,14,14,1,361.5,495.9846,611.5,658.5,1.6933701657458564,1.6977457002862528,250.5,3534.0,1.0,True,0.0778080364586228,76.20215311004785,Audit departure window and facility handoff
IND722151AAA,IND723130AAA,3,3,1,69.0,88.3888,942.0,957.0,13.457142857142857,10.461559696342304,872.0,1971.0,1.0,False,0.016673150669704886,76.04764752791068,Monitor; current evidence does not justify capital action
IND313001AAB,IND306401AAB,11,11,1,141.0,189.7273,291.0,327.0,2.0492957746478875,2.063543932842704,149.0,1653.0,1.0,True,0.06113488578891791,76.04665071770336,Audit departure window and facility handoff
IND000000ACB,IND000000AEL,17,17,1,63.0,61.0186,114.0,234.0,1.8253968253968254,2.199362028215129,52.0,1273.0,1.0,True,0.09448118712832768,75.97488038277511,Assess parallel route and capacity relief
IND533106AAA,IND501359AAE,8,8,1,298.0,419.76765,653.0,765.5,2.198653198653199,2.4251862114173357,356.0,3409.0,1.0,True,0.04446173511921303,75.91307814992025,Audit departure window and facility handoff
IND370001AAA,IND370110AAA,5,4,1,28.0,40.4539,181.0,208.0,5.838709677419355,9.238165215907152,150.0,1154.0,1.0,True,0.02778858444950814,75.89314194577352,Audit departure window and facility handoff
IND382430AAB,IND313001AAB,11,11,1,195.0,273.4283,388.0,609.0,1.9897435897435898,2.030846502318368,193.0,2215.0,1.0,True,0.06113488578891791,75.87121212121212,Audit departure window and facility handoff
IND411033AAA,IND521225AAB,10,10,1,684.0,912.0385,1325.0,1447.5,1.9371345029239766,1.9799581310523746,641.0,6701.0,1.0,True,0.05557716889901628,75.84529505582137,Audit departure window and facility handoff
IND000000ACB,IND600056AAB,10,10,1,1610.0,2190.58095,3038.0,3310.5,1.8863722235716405,1.9813305268779033,1427.5,15804.0,1.0,True,0.05557716889901628,75.8433014354067,Audit departure window and facility handoff
IND202001AAB,IND205001AAB,8,8,1,104.0,136.7223,264.5,336.0,2.543269230769231,2.607216206123973,160.5,1334.0,1.0,True,0.04446173511921303,75.67783094098883,Audit departure window and facility handoff
IND521225AAB,IND507002AAA,14,14,1,115.0,154.21025,208.0,377.0,1.8008620689655173,2.0453189758504204,92.5,1683.0,1.0,True,0.0778080364586228,75.67085326953747,Audit departure window and facility handoff
IND560099AAB,IND683511AAA,14,14,1,432.0,472.08050000000003,710.0,787.5,1.6381190659481653,1.6434823123290578,276.5,3892.0,1.0,True,0.0778080364586228,75.65988835725676,Audit departure window and facility handoff
IND532001AAB,IND532421AAA,13,13,1,19.0,27.6699,56.0,72.0,3.0,2.666107576633892,36.0,418.0,1.0,True,0.07225031956872117,75.63995215311004,Audit departure window and facility handoff
IND786001AAB,IND786171AAA,8,8,1,53.0,73.9967,156.0,224.5,3.0847371967654986,3.100749174541577,106.0,881.0,1.0,True,0.04446173511921303,75.63397129186603,Audit departure window and facility handoff
IND400701AAB,IND421302AAG,13,13,1,20.0,22.4581,49.0,187.0,2.45,3.234724099429982,29.0,563.0,1.0,True,0.07225031956872117,75.59908293460924,Audit departure window and facility handoff
IND609001AAA,IND614018AAA,12,12,1,59.0,71.81790000000001,129.0,159.5,2.1880479251899474,2.2573356233444732,69.5,895.0,1.0,True,0.06669260267881955,75.58014354066984,Audit departure window and facility handoff
IND000000ACB,IND110064AAA,38,38,1,58.0,55.842,97.0,201.5,1.6083634342873019,1.8471731542056478,36.5,1860.0,0.8947368421052632,True,0.18896237425665535,75.54027113237639,Assess parallel route and capacity relief
IND302020AAA,IND302014AAB,13,13,1,11.0,12.5845,26.0,49.0,2.888888888888889,3.9263791763791764,17.0,433.0,1.0,True,0.07225031956872117,75.52232854864434,Audit departure window and facility handoff
IND243503AAB,IND244901AAB,7,7,1,66.0,93.9184,183.0,566.0,2.772727272727273,3.7907217160948505,117.0,1291.0,1.0,True,0.0389040182293114,75.50837320574163,Audit departure window and facility handoff
IND413002AAA,IND501359AAE,11,11,1,269.0,352.0917,515.0,616.0,1.9144981412639406,1.936058711859078,246.0,2774.0,1.0,True,0.06113488578891791,75.48444976076554,Audit departure window and facility handoff
IND788026AAC,IND788151AAA,13,13,1,22.0,29.8793,56.0,349.0,2.5454545454545454,2.7865431669779497,34.0,527.0,1.0,True,0.07225031956872117,75.46052631578948,Audit departure window and facility handoff
IND600056AAB,IND600044AAE,26,26,1,35.0,35.9044,66.5,191.0,1.9003267973856208,1.9603503358618448,31.5,877.0,1.0,True,0.14450063913744235,75.42364433811802,Assess parallel route and capacity relief
IND160002AAC,IND143001AAA,11,11,1,177.0,247.0728,354.0,792.0,1.9830508474576272,2.0023943198956893,177.0,1961.0,1.0,True,0.06113488578891791,75.39174641148327,Audit departure window and facility handoff
IND110044AAB,IND131028AAB,28,28,1,53.0,43.7872,93.0,201.0,1.7396925227113906,1.8221008267038472,39.5,1225.0,1.0,True,0.1556160729172456,75.3847687400319,Assess parallel route and capacity relief
IND122004AAA,IND122413AAE,32,32,1,35.0,36.35185,63.0,117.0,1.8,1.945160761888703,28.0,1055.0,1.0,True,0.17784694047685212,75.37679425837321,Assess parallel route and capacity relief
IND302014AAA,IND301001AAB,14,14,1,117.0,146.0325,214.0,294.0,1.8212733594089525,1.8816507458383553,96.5,1442.0,1.0,True,0.0778080364586228,75.33094098883572,Audit departure window and facility handoff
IND580028AAA,IND580002AAA,5,5,1,21.0,26.6246,72.0,850.0,3.4285714285714284,14.67186147186147,51.0,1497.0,1.0,True,0.02778858444950814,75.31798245614036,Audit departure window and facility handoff
IND796321AAB,IND796009AAA,3,3,1,131.0,185.792,525.0,574.0,4.046875,7.687361448454006,394.0,2633.0,1.0,False,0.016673150669704886,75.31299840510367,Monitor; current evidence does not justify capital action
IND571114AAA,IND570020AAA,6,6,1,52.0,56.81395,213.0,438.5,4.13499245852187,4.138120775375677,161.5,987.0,1.0,True,0.03334630133940977,75.2671451355662,Audit departure window and facility handoff
IND221010AAB,IND233001AAA,3,3,1,56.0,78.735,628.0,761.0,11.214285714285714,10.690255731922399,572.0,1613.0,1.0,False,0.016673150669704886,75.25817384370015,Monitor; current evidence does not justify capital action
IND600008AAC,IND600056AAB,11,11,1,37.0,44.6605,91.0,119.0,2.3947368421052633,2.974025460867566,53.0,811.0,1.0,True,0.06113488578891791,75.25518341307816,Audit departure window and facility handoff
IND209304AAA,IND209101AAA,11,11,1,15.0,22.2124,65.0,142.0,2.6666666666666665,4.325889356121914,30.0,618.0,0.8181818181818182,True,0.05001945200911465,75.17244816586923,Audit departure window and facility handoff
IND400064AAB,IND400072AAD,12,12,1,14.0,13.5084,47.5,89.5,3.280952380952381,3.509859584859585,33.0,419.0,1.0,True,0.06669260267881955,75.16945773524722,Audit departure window and facility handoff
IND515401AAB,IND515801AAA,14,14,1,22.0,30.637700000000002,51.5,68.5,2.3861283643892337,2.7273269548093837,29.0,524.0,1.0,True,0.0778080364586228,75.14852472089314,Audit departure window and facility handoff
IND712310AAE,IND711303AAA,12,12,1,40.5,54.45455,92.0,150.5,2.271062271062271,2.533126290956843,51.5,736.0,1.0,True,0.06669260267881955,75.13855661881979,Audit departure window and facility handoff
IND560058AAD,IND562132AAA,27,27,1,23.0,15.1598,40.0,268.0,1.7083333333333333,3.0395704242081054,17.0,1312.0,0.9629629629629629,True,0.14450063913744235,75.08373205741627,Assess parallel route and capacity relief
IND606201AAC,IND605601AAA,12,12,1,81.0,102.5459,167.5,175.5,2.067901234567901,2.0422532527359007,86.5,1015.0,1.0,True,0.06669260267881955,74.94218500797449,Audit departure window and facility handoff
IND110030AAD,IND000000ACB,7,7,1,47.0,45.9485,146.0,206.0,3.106382978723404,3.932888677254083,99.0,979.0,1.0,True,0.0389040182293114,74.93022328548645,Audit departure window and facility handoff
IND841424AAA,IND841428AAA,6,6,1,69.0,97.31190000000001,244.0,286.0,3.5727882327492972,3.540204773235273,175.0,1049.0,1.0,True,0.03334630133940977,74.92523923444976,Audit departure window and facility handoff
IND560067AAC,IND562114AAA,17,17,1,10.0,12.6328,27.0,55.0,2.7777777777777777,3.099405822935235,16.0,356.0,1.0,True,0.09448118712832768,74.89334130781499,Assess parallel route and capacity relief
IND713205AAB,IND722143AAB,8,8,1,25.0,32.3291,94.5,177.0,3.7800000000000002,4.349847020933978,69.5,677.0,1.0,True,0.04446173511921303,74.8365231259968,Audit departure window and facility handoff
IND263153AAB,IND131028AAB,10,10,1,228.0,274.06719999999996,456.0,607.0,2.0087719298245617,1.9814517552805289,229.0,2242.0,1.0,True,0.05557716889901628,74.81459330143541,Audit departure window and facility handoff
IND712311AAA,IND000000ACB,9,9,1,1055.0,1435.2395,2040.0,2249.0,1.9299905392620624,2.0321070952702858,983.0,9800.0,1.0,True,0.05001945200911465,74.78269537480064,Audit departure window and facility handoff
IND517583AAA,IND516101AAA,13,13,1,48.0,68.3377,103.0,117.0,2.152173913043478,2.18143427263455,55.0,729.0,1.0,True,0.07225031956872117,74.77970494417863,Audit departure window and facility handoff
IND834002AAB,IND832109AAB,9,9,1,87.0,120.1571,202.0,340.0,2.4022988505747125,2.374458299936073,119.0,1073.0,1.0,True,0.05001945200911465,74.73285486443382,Audit departure window and facility handoff
IND574221AAA,IND562132AAA,6,6,1,215.0,280.82995,553.0,567.0,2.5841904138006333,2.5744404044706575,339.0,2031.0,1.0,True,0.03334630133940977,74.71690590111642,Audit departure window and facility handoff
IND248001AAD,IND131028AAB,9,9,2,212.0,245.4964,449.0,1202.0,2.0787037037037037,2.2237549187793655,233.0,2346.0,1.0,True,0.05001945200911465,74.70693779904305,Evaluate FTL/Carting shift on supported corridor
IND283122AAB,IND282005AAA,3,3,1,22.0,27.7435,401.0,1262.0,16.708333333333332,23.147366522366525,377.0,1448.0,1.0,False,0.016673150669704886,74.66606858054227,Monitor; current evidence does not justify capital action
IND713148AAA,IND713128AAB,10,10,1,35.0,40.93835,97.0,114.5,2.7043650793650795,2.922796451914099,61.0,678.0,1.0,True,0.05557716889901628,74.66307814992025,Audit departure window and facility handoff
IND410401AAA,IND421302AAG,9,9,1,67.0,84.9857,166.0,205.0,2.4776119402985075,2.617039452596959,99.0,994.0,1.0,True,0.05001945200911465,74.63516746411484,Audit departure window and facility handoff
IND000000AEL,IND000000ACB,15,15,1,58.0,63.1451,108.0,287.0,1.8305084745762712,2.216080811809379,49.0,1069.0,1.0,True,0.08336575334852443,74.60526315789473,Assess parallel route and capacity relief
IND416602AAC,IND411033AAA,7,7,1,292.0,357.5046,655.0,705.0,2.243150684931507,2.4285961063269252,363.0,2919.0,1.0,True,0.0389040182293114,74.59928229665073,Audit departure window and facility handoff
IND411033AAA,IND411021AAA,23,23,1,13.0,11.2067,25.0,84.0,1.9230769230769231,3.754375696767001,12.0,790.0,0.7391304347826086,True,0.09448118712832768,74.58433014354067,Assess parallel route and capacity relief
IND600056AAB,IND560099AAB,13,13,1,235.0,313.4672,404.0,535.0,1.7191489361702128,1.766254825162148,169.0,2352.0,1.0,True,0.07225031956872117,74.5255183413078,Audit departure window and facility handoff
IND785634AAA,IND785001AAA,3,3,1,16.0,19.7611,468.0,832.0,31.2,31.108333333333334,453.0,1415.0,1.0,False,0.016673150669704886,74.52252791068581,Monitor; current evidence does not justify capital action
IND632006AAA,IND600056AAB,17,17,1,83.0,105.9961,148.0,190.0,1.783132530120482,1.823631205837218,65.0,1156.0,1.0,True,0.09448118712832768,74.51854066985646,Assess parallel route and capacity relief
IND501359AAE,IND751002AAB,8,8,1,735.0,1037.9544,1487.5,1674.5,2.026566757493188,2.068456870342368,753.5,6284.0,1.0,True,0.04446173511921303,74.47767145135566,Audit departure window and facility handoff
IND224001AAA,IND224141AAB,10,10,1,25.5,35.21725,77.5,108.5,3.037962962962963,3.2455586294154513,50.5,561.0,1.0,True,0.05557716889901628,74.46471291866028,Audit departure window and facility handoff
IND508207AAB,IND521225AAB,10,10,1,117.0,154.89954999999998,249.5,257.5,2.12346081413878,2.148478922207736,132.0,1347.0,1.0,True,0.05557716889901628,74.45374800637958,Audit departure window and facility handoff
IND160002AAC,IND131028AAB,12,12,1,129.5,182.03404999999998,249.0,385.5,1.9154387833599622,1.9255024686071343,119.0,1445.0,1.0,True,0.06669260267881955,74.42185007974483,Audit departure window and facility handoff
IND515004AAA,IND501359AAE,13,13,1,244.0,339.1598,419.0,489.0,1.7172131147540983,1.7379137900801362,175.0,2334.0,1.0,True,0.07225031956872117,74.41188197767144,Audit departure window and facility handoff
IND614809AAA,IND610001AAA,12,12,1,44.0,55.20655000000001,99.0,119.0,2.2523784355179703,2.3234280792420328,54.5,697.0,1.0,True,0.06669260267881955,74.36702551834131,Audit departure window and facility handoff
IND854326AAB,IND854105AAB,11,11,1,20.0,29.4944,53.0,219.0,2.65,3.6045454545454545,33.0,573.0,1.0,True,0.06113488578891791,74.34509569377991,Audit departure window and facility handoff
IND452001AAC,IND425201AAA,5,5,1,17.0,23.2094,40.0,1055.0,2.6666666666666665,27.255555555555553,25.0,2356.0,1.0,True,0.02778858444950814,74.3201754385965,Audit departure window and facility handoff
IND629179AAA,IND627005AAA,11,11,1,95.0,109.6053,196.0,230.0,2.0416666666666665,2.1702895781189118,100.0,1216.0,1.0,True,0.06113488578891791,74.18361244019138,Audit departure window and facility handoff
IND560083AAB,IND562132AAA,24,24,1,44.0,41.5286,74.0,231.5,1.7093023255813953,2.0959566596194503,30.5,1156.0,0.9583333333333334,True,0.12782748846773745,74.14374003189792,Assess parallel route and capacity relief
IND000000ACB,IND110037AAK,26,26,1,38.0,38.93395,69.5,200.0,1.8053306342780027,1.9304501259164535,31.0,935.0,1.0,True,0.14450063913744235,74.14074960127591,Assess parallel route and capacity relief
IND683511AAA,IND562132AAA,8,8,1,426.0,483.7042,881.5,995.0,2.062069097594607,2.046083183514549,454.0,3569.0,1.0,True,0.04446173511921303,74.12280701754386,Audit departure window and facility handoff
IND501359AAE,IND500080AAB,17,17,1,24.0,29.0442,46.0,163.0,2.0,2.6782389354263096,23.0,680.0,1.0,True,0.09448118712832768,74.09190590111643,Assess parallel route and capacity relief
IND505122AAA,IND506002AAA,9,9,1,40.0,48.6676,102.0,741.0,2.5365853658536586,3.4167634533488194,62.0,877.0,1.0,True,0.05001945200911465,74.06000797448166,Audit departure window and facility handoff
IND474003AAA,IND000000ACB,14,14,1,261.5,316.83265,421.0,529.5,1.6068702290076335,1.6936934986584156,159.0,2538.0,1.0,True,0.0778080364586228,74.05701754385964,Audit departure window and facility handoff
IND457226AAA,IND382430AAB,11,11,1,294.0,392.2107,538.0,612.0,1.8299319727891157,1.8377714780606405,244.0,2709.0,1.0,True,0.06113488578891791,74.04106858054227,Audit departure window and facility handoff
IND431515AAA,IND431517AAB,13,13,1,15.0,21.5479,44.0,74.0,2.933333333333333,2.9316849816849815,29.0,378.0,1.0,True,0.07225031956872117,74.04007177033493,Audit departure window and facility handoff
IND562132AAA,IND560083AAB,39,39,1,39.0,41.8985,62.0,279.0,1.5384615384615385,2.032782078182987,21.0,1605.0,0.9743589743589743,True,0.21119324181626187,74.03409090909092,Assess parallel route and capacity relief
IND788806AAA,IND788026AAC,9,9,1,16.0,23.4921,63.0,163.0,3.75,4.747086056644879,46.0,538.0,1.0,True,0.05001945200911465,74.00119617224881,Audit departure window and facility handoff
IND518501AAA,IND518124AAA,11,11,1,28.0,37.8372,76.0,96.0,2.7857142857142856,2.703815660712212,49.0,520.0,1.0,True,0.06113488578891791,73.99322169059012,Audit departure window and facility handoff
IND302014AAB,IND302023AAA,12,12,1,23.0,25.622549999999997,60.0,90.0,2.694508009153318,2.734421538447568,37.0,467.0,1.0,True,0.06669260267881955,73.98624401913875,Audit departure window and facility handoff
IND517501AAB,IND517644AAA,12,12,1,32.0,39.274750000000004,77.0,102.0,2.447619047619048,2.4247681006664643,44.5,552.0,1.0,True,0.06669260267881955,73.94437799043064,Audit departure window and facility handoff
IND000000ACB,IND302022AAD,14,14,1,169.0,221.76344999999998,286.5,416.0,1.6902540898016012,1.7435860823442157,117.0,1757.0,1.0,True,0.0778080364586228,73.93341307814991,Audit departure window and facility handoff
IND302014AAB,IND302004AAA,20,20,1,16.5,19.3843,37.0,64.5,2.2481617647058822,2.3313687404786476,20.5,455.0,0.95,True,0.10559662090813093,73.89354066985645,Assess parallel route and capacity relief
IND000000ABD,IND562132AAA,12,12,1,370.0,443.66679999999997,630.5,725.0,1.704054054054054,1.7562629383971589,260.5,3364.0,1.0,True,0.06669260267881955,73.85765550239233,Audit departure window and facility handoff
IND600056AAB,IND562132AAA,11,11,1,250.0,322.453,461.0,720.0,1.8473895582329318,1.8567011079449998,211.0,2355.0,1.0,True,0.06113488578891791,73.85167464114834,Audit departure window and facility handoff
IND160002AAC,IND144001AAB,9,9,1,118.0,167.2044,245.0,574.0,2.1621621621621623,2.3712736867724473,129.0,1432.0,1.0,True,0.05001945200911465,73.82775119617224,Audit departure window and facility handoff
IND581325AAA,IND580028AAA,14,14,1,68.0,77.76525000000001,132.5,183.5,1.9196504688832055,1.981540722333315,63.5,928.0,1.0,True,0.0778080364586228,73.79585326953747,Audit departure window and facility handoff
IND110085AAB,IND000000ACB,7,7,1,64.0,67.5514,170.0,194.0,2.6984126984126986,3.4129268229210625,107.0,1064.0,1.0,True,0.0389040182293114,73.78090111642744,Audit departure window and facility handoff
IND834002AAB,IND000000ACB,8,8,1,853.0,1162.63,1696.0,1852.0,1.988838757437159,1.9961684476908665,843.0,6796.0,1.0,True,0.04446173511921303,73.75996810207337,Audit departure window and facility handoff
IND610001AAA,IND605010AAB,10,10,1,126.0,149.45915000000002,261.0,276.5,2.071428571428571,2.061458987473894,135.0,1340.0,1.0,True,0.05557716889901628,73.64832535885166,Audit departure window and facility handoff
IND000000ACB,IND834002AAB,9,9,1,851.0,1192.9206,1608.0,1749.0,1.8895417156286722,1.9212237532009877,757.0,7054.0,1.0,True,0.05001945200911465,73.62838915470495,Audit departure window and facility handoff
IND821115AAB,IND000000ACB,7,7,1,647.0,870.3398000000001,1348.0,1445.0,2.0834621329211744,2.1643713271417844,701.0,5280.0,1.0,True,0.0389040182293114,73.61842105263158,Audit departure window and facility handoff
IND000000AFT,IND410209AAA,22,22,1,14.5,17.88745,31.5,56.0,2.2583333333333333,2.322276726896292,17.5,425.0,1.0,True,0.12226977157783582,73.54864433811802,Assess parallel route and capacity relief
IND803116AAA,IND803108AAB,13,13,1,33.0,40.590900000000005,78.0,100.0,2.2285714285714286,2.3256723668488375,43.0,579.0,1.0,True,0.07225031956872117,73.53269537480064,Audit departure window and facility handoff
IND209304AAA,IND110037AAM,4,4,1,347.5,476.6649,957.5,1066.5,2.7606646455610226,2.733887539106386,610.0,2407.0,1.0,False,0.022230867559606515,73.48086124401914,Monitor; current evidence does not justify capital action
IND518002AAA,IND501359AAE,12,12,1,143.5,199.60555,265.0,349.5,1.84375,1.8683021180586359,121.5,1492.0,1.0,True,0.06669260267881955,73.42304625199361,Audit departure window and facility handoff
IND211011AAA,IND212501AAA,8,8,1,21.0,30.671599999999998,82.0,108.5,3.904761904761905,4.203595317725752,61.0,567.0,1.0,True,0.04446173511921303,73.42204944178629,Audit departure window and facility handoff
IND825409AAA,IND000000ACB,8,8,1,773.0,1051.5256,1527.0,1569.5,1.979261101123973,1.9778532944654075,755.5,6046.0,1.0,True,0.04446173511921303,73.40311004784688,Audit departure window and facility handoff
IND000000ACT,IND131028AAB,32,32,1,56.0,43.56815,91.5,194.0,1.604064039408867,1.678626411883157,34.5,1240.0,0.9375,True,0.16673150669704886,73.29844497607655,Assess parallel route and capacity relief
IND151001AAA,IND160002AAC,15,15,1,159.0,203.4229,254.0,375.0,1.5875,1.7299488496138842,94.0,1742.0,1.0,True,0.08336575334852443,73.24860446570973,Assess parallel route and capacity relief
IND606801AAB,IND632006AAA,9,9,1,55.0,64.5543,134.0,150.0,2.576923076923077,2.5341422669685008,82.0,753.0,1.0,True,0.05001945200911465,73.23365231259969,Audit departure window and facility handoff
IND781018AAB,IND712311AAA,3,3,1,689.0,954.6646,1955.0,2275.0,2.8415697674418605,2.757638309615789,1267.0,3635.0,1.0,False,0.016673150669704886,73.2097288676236,Monitor; current evidence does not justify capital action
IND424304AAC,IND424006AAA,2,2,1,41.5,56.7526,926.0,939.5,22.313662790697673,22.313662790697673,884.5,1769.0,1.0,False,0.011115433779803258,73.19178628389156,Monitor; current evidence does not justify capital action
IND342902A1B,IND302014AAA,6,6,1,185.0,244.0446,464.5,538.0,2.4972539384304087,2.474473025406323,278.5,1640.0,1.0,True,0.03334630133940977,73.19178628389156,Audit departure window and facility handoff
IND501359AAE,IND523002AAA,12,12,1,273.0,363.46555,465.0,636.0,1.7158244481664555,1.7181659216171894,194.0,2356.0,1.0,True,0.06669260267881955,73.15091706539076,Audit departure window and facility handoff
IND756100AAC,IND758034AAA,8,8,1,173.5,236.20215000000002,374.0,415.5,2.138121546961326,2.289250285822886,199.0,1789.0,1.0,True,0.04446173511921303,73.14194577352472,Audit departure window and facility handoff
IND201301AAF,IND203205AAA,13,13,1,45.0,45.0338,98.0,142.0,2.0851063829787235,2.135049060303454,51.0,667.0,1.0,True,0.07225031956872117,73.09808612440192,Audit departure window and facility handoff
IND382721AAA,IND382430AAB,9,9,1,41.0,43.8054,112.0,128.0,2.763157894736842,2.7724426111139846,71.0,642.0,1.0,True,0.05001945200911465,73.04126794258374,Audit departure window and facility handoff
IND700028AAB,IND712311AAA,8,8,1,18.0,22.7504,65.5,154.0,3.7074303405572757,4.905121259029928,48.0,563.0,1.0,True,0.04446173511921303,73.03129984051036,Audit departure window and facility handoff
IND501359AAE,IND585104AAA,14,14,1,168.0,217.3965,280.5,509.0,1.6646942800788955,1.659639962174857,112.0,1553.0,1.0,True,0.0778080364586228,73.01634768740031,Audit departure window and facility handoff
IND516101AAA,IND516115AAA,12,12,1,26.0,36.4729,64.0,81.0,2.511904761904762,2.579345238095238,38.0,478.0,1.0,True,0.06669260267881955,72.95753588516747,Audit departure window and facility handoff
IND362265AAA,IND362720AAA,11,11,1,35.0,48.0922,87.0,103.0,2.4444444444444446,2.552182009167303,52.0,591.0,1.0,True,0.06113488578891791,72.94158692185009,Audit departure window and facility handoff
IND600044AAD,IND603001AAA,10,10,1,30.0,38.2886,84.5,171.0,2.8632183908045974,2.763207267334075,55.0,526.0,1.0,True,0.05557716889901628,72.91566985645933,Audit departure window and facility handoff
IND562132AAA,IND462022AAA,7,7,1,1031.0,1393.8468,2067.0,2239.0,2.0048496605237633,2.0498167010922748,1036.0,7580.0,1.0,True,0.0389040182293114,72.84888357256779,Audit departure window and facility handoff
IND723130AAA,IND723101AAA,14,14,1,21.0,30.5855,49.0,73.5,2.333333333333333,2.473098330241187,28.0,443.0,1.0,True,0.0778080364586228,72.84788676236045,Audit departure window and facility handoff
IND248197AAA,IND248122AAB,9,9,1,46.0,45.9393,122.0,140.0,2.6774193548387095,2.642823348537421,72.0,668.0,1.0,True,0.05001945200911465,72.83492822966508,Audit departure window and facility handoff
IND411033AAA,IND562132AAA,10,10,1,615.0,840.75135,1102.0,1468.5,1.7863293210854185,1.8627400654017834,484.0,5312.0,1.0,True,0.05557716889901628,72.83094098883572,Audit departure window and facility handoff
IND160002AAC,IND151001AAA,13,13,1,158.0,204.071,274.0,824.0,1.725609756097561,1.7189782092799484,117.0,1498.0,1.0,True,0.07225031956872117,72.7950558213716,Audit departure window and facility handoff
IND462022AAA,IND842003AAB,5,5,1,217.0,289.0962,563.0,850.0,2.5990783410138247,2.614383853899983,347.0,1750.0,1.0,True,0.02778858444950814,72.73724082934608,Audit departure window and facility handoff
IND313001AAB,IND327001AAB,4,4,1,151.0,212.76280000000003,510.0,686.5,3.377483443708609,3.1031936214708957,359.0,1273.0,1.0,False,0.022230867559606515,72.7292663476874,Monitor; current evidence does not justify capital action
IND431136AAC,IND431122AAA,9,9,1,98.0,137.81779999999998,218.0,382.0,2.2244897959183674,2.2023981309695597,120.0,1064.0,1.0,True,0.05001945200911465,72.68241626794259,Audit departure window and facility handoff
IND632006AAA,IND632402AAA,8,8,1,21.5,23.6773,62.0,357.5,2.9523809523809526,4.643262987012987,41.0,657.0,1.0,True,0.04446173511921303,72.68141945773525,Audit departure window and facility handoff
IND421302AAR,IND421301AAA,10,10,1,10.0,12.847199999999999,45.0,111.0,4.331818181818182,4.910101010101011,35.0,388.0,1.0,True,0.05557716889901628,72.67743221690588,Audit departure window and facility handoff
IND385535AAA,IND384205AAA,12,12,1,79.5,92.2555,157.5,319.5,1.9809335443037974,1.9842386678041535,78.0,941.0,1.0,True,0.06669260267881955,72.58572567783094,Audit departure window and facility handoff
IND110037AAM,IND110085AAB,14,14,1,24.5,22.31185,49.5,215.0,2.0384615384615383,2.662099535314823,25.0,615.0,1.0,True,0.0778080364586228,72.5737639553429,Audit departure window and facility handoff
IND562132AAA,IND600056AAB,9,9,1,242.0,320.11920000000003,484.0,723.0,1.9877049180327868,1.9611811633163587,241.0,2097.0,1.0,True,0.05001945200911465,72.5598086124402,Audit departure window and facility handoff
IND181201AAB,IND181152AAB,6,6,1,25.0,32.6452,131.0,232.5,5.180602006688963,5.321554284416603,106.0,651.0,1.0,True,0.03334630133940977,72.50099681020734,Audit departure window and facility handoff
IND560043AAC,IND560099AAB,17,17,1,34.0,29.9587,66.0,95.0,2.0357142857142856,1.9730457981643696,34.0,543.0,0.8235294117647058,True,0.0778080364586228,72.49999999999999,Assess parallel route and capacity relief
IND411033AAA,IND416012AAA,13,13,1,220.0,249.2718,360.0,630.0,1.6363636363636365,1.6996092143150965,140.0,2005.0,1.0,True,0.07225031956872117,72.48803827751196,Audit departure window and facility handoff
IND176048AAA,IND175015AAA,11,11,1,95.0,78.5847,188.0,196.0,2.021505376344086,1.978297385256344,95.0,1016.0,1.0,True,0.06113488578891791,72.46810207336523,Audit departure window and facility handoff
IND631102AAA,IND600056AAB,12,12,1,62.0,76.02340000000001,128.5,153.5,2.0707196029776673,1.9953050210850316,66.5,741.0,1.0,True,0.06669260267881955,72.46012759170655,Audit departure window and facility handoff
IND560300AAA,IND560078AAC,9,9,1,41.0,40.0796,112.0,162.0,2.6666666666666665,2.775304921646385,70.0,650.0,1.0,True,0.05001945200911465,72.4481658692185,Audit departure window and facility handoff
IND562132AAA,IND416012AAA,12,12,1,437.5,598.3882,708.0,1060.0,1.6183087259542543,1.6316835116814625,270.5,3317.0,1.0,True,0.06669260267881955,72.43620414673046,Audit departure window and facility handoff
IND246763AAA,IND246761AAA,11,11,1,31.0,43.7156,77.0,89.0,2.5161290322580645,2.5656059342029867,47.0,531.0,1.0,True,0.06113488578891791,72.37539872408294,Audit departure window and facility handoff
IND000000ACT,IND000000ACB,71,71,2,42.0,43.7481,54.0,188.0,1.275,1.6719351835911749,11.0,1982.0,0.6619718309859155,True,0.26121269382537654,72.35845295055822,Evaluate FTL/Carting shift on supported corridor
IND431136AAC,IND431203AAA,9,9,1,55.0,75.0347,134.0,378.0,2.4727272727272727,2.5278005905888508,81.0,748.0,1.0,True,0.05001945200911465,72.3335326953748,Audit departure window and facility handoff
IND742148AAA,IND742225AAA,9,9,1,14.0,20.6804,61.0,84.0,4.25,4.335714285714285,47.0,431.0,1.0,True,0.05001945200911465,72.3305422647528,Audit departure window and facility handoff
IND462022AAA,IND466001AAA,8,8,1,43.0,50.074600000000004,122.5,186.0,2.8488372093023253,2.9156599214738748,79.5,663.0,1.0,True,0.04446173511921303,72.28269537480062,Audit departure window and facility handoff
IND451666AAA,IND424006AAA,7,7,1,79.0,111.7037,214.0,246.0,2.6097560975609757,2.70566019156119,132.0,951.0,1.0,True,0.0389040182293114,72.22488038277513,Audit departure window and facility handoff
IND110043AAA,IND000000ACB,5,5,1,40.0,39.945800000000006,202.0,220.0,5.05,4.728421052631579,162.0,745.0,1.0,True,0.02778858444950814,72.13317384370016,Audit departure window and facility handoff
IND424006AAA,IND421302AAG,7,7,1,202.0,284.966,453.0,511.0,2.209756097560976,2.21092623953747,248.0,1720.0,1.0,True,0.0389040182293114,72.09928229665073,Audit departure window and facility handoff
IND000000ACB,IND110085AAB,18,18,1,67.0,65.45724999999999,113.5,236.5,1.6811896400351185,1.86901214513647,46.0,1047.0,1.0,True,0.1000389040182293,72.06738437001596,Assess parallel route and capacity relief
IND506167AAB,IND501359AAE,9,9,1,78.0,108.7747,164.0,247.0,2.1298701298701297,2.625501455881203,87.0,1148.0,1.0,True,0.05001945200911465,72.06539074960128,Audit departure window and facility handoff
IND000000ACB,IND110030AAD,22,22,1,50.0,49.416,85.0,201.5,1.6726844583987441,1.9064781716882557,34.0,1006.0,0.9545454545454546,True,0.11671205468793419,72.05342902711324,Assess parallel route and capacity relief
IND380054AAA,IND382430AAB,14,14,1,17.0,20.31165,42.0,64.5,2.4705882352941178,2.606620148059224,25.0,371.0,1.0,True,0.0778080364586228,72.04645135566187,Audit departure window and facility handoff
IND530012AAA,IND532001AAB,15,15,1,82.0,112.342,142.0,207.0,1.7375,1.7917636731811315,60.0,977.0,1.0,True,0.08336575334852443,72.03648325358851,Assess parallel route and capacity relief
IND395006AAA,IND395023AAD,3,3,1,15.0,14.9404,146.0,200.0,9.733333333333333,28.89027777777778,131.0,985.0,1.0,False,0.016673150669704886,71.87998405103669,Monitor; current evidence does not justify capital action
IND787001AAA,IND787057AAA,8,8,1,47.0,66.50375,132.5,159.5,2.7429787234042555,2.770851063829787,84.5,671.0,1.0,True,0.04446173511921303,71.86004784688996,Audit departure window and facility handoff
IND245101AAA,IND245304AAA,15,15,1,18.0,15.1691,42.0,95.0,2.3333333333333335,2.380411282792687,25.0,379.0,1.0,True,0.08336575334852443,71.85506379585327,Assess parallel route and capacity relief
IND160002AAC,IND142001AAB,12,12,1,119.5,165.5995,221.0,361.0,1.8272542372881357,1.8196672819908597,101.0,1187.0,1.0,True,0.06669260267881955,71.85007974481658,Audit departure window and facility handoff
IND501359AAE,IND518002AAA,12,12,1,139.0,194.5978,245.5,411.5,1.7789855072463767,1.8395119600337269,107.5,1397.0,1.0,True,0.06669260267881955,71.80422647527911,Audit departure window and facility handoff
IND608301AAA,IND639104AAB,11,11,1,119.0,148.53779999999998,229.0,240.0,1.9411764705882353,1.8679649400837002,112.0,1135.0,1.0,True,0.06113488578891791,71.78528708133972,Audit departure window and facility handoff
IND000000ACB,IND474003AAA,2,2,1,253.0,304.9602,1134.5,1371.0,4.475174978127734,4.475174978127734,881.5,1763.0,1.0,False,0.011115433779803258,71.77531897926634,Monitor; current evidence does not justify capital action
IND110037AAM,IND110024AAA,11,11,1,24.0,24.7317,66.0,221.0,2.72,2.623820760559891,42.0,435.0,1.0,True,0.06113488578891791,71.75538277511961,Audit departure window and facility handoff
IND173025AAA,IND160002AAC,8,8,1,100.0,106.6836,225.0,297.0,2.239009900990099,2.372569153974221,124.5,1102.0,1.0,True,0.04446173511921303,71.74242424242424,Audit departure window and facility handoff
IND562132AAA,IND302014AAA,7,7,1,1366.0,1854.5323,2655.0,2984.0,1.9436310395314789,1.9217710570356459,1289.0,8814.0,1.0,True,0.0389040182293114,71.68859649122808,Audit departure window and facility handoff
IND421302AAG,IND422011AAD,14,14,1,97.5,137.0587,169.0,413.0,1.731958762886598,1.7630819649811935,71.0,1047.0,1.0,True,0.0778080364586228,71.66666666666666,Audit departure window and facility handoff
IND713128AAB,IND731204AAB,11,11,1,18.0,24.8792,52.0,79.0,2.8,3.0852737905369483,34.0,416.0,1.0,True,0.06113488578891791,71.66168261562999,Audit departure window and facility handoff
IND147001AAD,IND160002AAC,5,5,1,34.0,45.9474,130.0,210.0,4.193548387096774,4.001577716658281,99.0,760.0,1.0,True,0.02778858444950814,71.6566985645933,Audit departure window and facility handoff
IND560099AAB,IND560058AAB,29,29,1,38.0,32.3586,63.0,135.0,1.641025641025641,1.8819805178651883,25.0,945.0,0.8275862068965517,True,0.1333852053576391,71.63676236044657,Assess parallel route and capacity relief
IND614620AAA,IND630561AAA,12,12,1,74.0,105.50735,146.5,170.0,1.9797297297297298,1.9542218931260027,72.5,847.0,1.0,True,0.06669260267881955,71.63177830940988,Audit departure window and facility handoff
IND854326AAB,IND852131AAA,7,7,1,95.0,134.6026,237.0,316.0,2.4947368421052634,2.481330987042073,142.0,984.0,1.0,True,0.0389040182293114,71.56598883572568,Audit departure window and facility handoff
IND281121AAB,IND110037AAM,9,9,1,119.0,152.82379999999998,247.0,275.0,2.0756302521008405,2.1195790934076078,128.0,1200.0,1.0,True,0.05001945200911465,71.55303030303031,Audit departure window and facility handoff
IND741126AAB,IND741156AAA,13,13,1,17.0,23.778,43.0,64.0,2.588235294117647,2.706315987933635,26.0,363.0,1.0,True,0.07225031956872117,71.5370813397129,Audit departure window and facility handoff
IND518102AAA,IND518002AAA,10,10,1,132.0,176.06165,258.0,326.5,1.9694656488549618,1.9783807500135815,127.0,1294.0,1.0,True,0.05557716889901628,71.52113237639554,Audit departure window and facility handoff
IND421302AAG,IND413002AAA,7,7,1,310.0,411.7283,636.0,829.0,2.064935064935065,2.108777120779346,328.0,2403.0,1.0,True,0.0389040182293114,71.5171451355662,Audit departure window and facility handoff
IND783370AAC,IND783301AAA,8,8,1,48.0,67.64439999999999,127.5,155.0,2.635416666666667,2.765818105466762,78.5,698.0,1.0,True,0.04446173511921303,71.46032695374801,Audit departure window and facility handoff
IND411033AAA,IND501359AAE,11,11,1,480.0,632.2850999999999,791.0,1022.0,1.6479166666666667,1.6876008001008003,311.0,3632.0,1.0,True,0.06113488578891791,71.44537480063796,Audit departure window and facility handoff
IND481661AAA,IND842003AAB,5,5,1,73.0,103.9204,232.0,367.0,3.1780821917808217,3.5643835616438357,159.0,936.0,1.0,True,0.02778858444950814,71.44437799043062,Audit departure window and facility handoff
IND160002AAC,IND160102AAC,24,24,1,35.0,44.63235,61.0,228.5,1.7680672268907562,1.8841182931700173,26.5,730.0,1.0,True,0.1333852053576391,71.39952153110049,Assess parallel route and capacity relief
IND411033AAA,IND411036AAA,24,24,1,28.5,25.74895,49.0,199.0,1.75,2.101062243950175,21.0,753.0,1.0,True,0.1333852053576391,71.39852472089314,Assess parallel route and capacity relief
IND508001AAA,IND501359AAE,14,14,1,87.0,116.5094,153.5,250.5,1.7543103448275863,1.7983095076805375,66.0,975.0,1.0,True,0.0778080364586228,71.38855661881976,Audit departure window and facility handoff
IND530012AAA,IND530043AAA,10,10,1,18.0,21.627499999999998,54.5,95.0,2.9879227053140096,3.2771751843376555,36.5,433.0,1.0,True,0.05557716889901628,71.3676236044657,Audit departure window and facility handoff
IND842003AAB,IND483501AAA,8,8,1,58.0,80.42410000000001,144.0,226.5,2.4827586206896552,2.7089056107539453,86.0,797.0,1.0,True,0.04446173511921303,71.33871610845294,Audit departure window and facility handoff
IND411021AAA,IND411033AAA,21,21,1,15.0,12.9607,29.0,79.0,2.0,2.671918161203876,15.0,501.0,0.7142857142857143,True,0.08336575334852443,71.32276714513557,Assess parallel route and capacity relief
IND403702AAA,IND575004AAB,8,8,1,264.0,301.88185,528.0,624.5,1.9968409617198892,2.046486669977156,263.5,2213.0,1.0,True,0.04446173511921303,71.24601275917067,Audit departure window and facility handoff
IND313001AAB,IND382430AAB,7,7,1,191.0,270.05240000000003,409.0,503.0,2.141361256544503,2.2566779760264537,218.0,1679.0,1.0,True,0.0389040182293114,71.24202551834131,Audit departure window and facility handoff
IND600056AAB,IND524003AAA,14,14,1,150.5,186.65370000000001,241.5,434.5,1.6099999999999999,1.6296954785292044,91.5,1326.0,1.0,True,0.0778080364586228,71.20813397129186,Audit departure window and facility handoff
IND523002AAA,IND600056AAB,11,11,1,253.0,331.1279,438.0,502.0,1.7312252964426877,1.7327709962246411,185.0,2043.0,1.0,True,0.06113488578891791,71.17224880382776,Audit departure window and facility handoff
IND813102AAA,IND812002AAA,12,12,1,40.0,43.4935,86.0,116.0,2.15,2.1766768292682928,46.0,567.0,1.0,True,0.06669260267881955,71.14134768740033,Audit departure window and facility handoff
IND421302AAG,IND395023AAA,6,6,1,189.0,253.55155000000002,428.5,575.0,2.2552631578947366,2.5216660149190946,238.5,1727.0,1.0,True,0.03334630133940977,71.1383572567783,Audit departure window and facility handoff
IND209304AAA,IND211002AAB,14,14,1,139.0,196.4495,247.0,441.0,1.6223021582733814,1.5945182663285906,86.5,1242.0,0.9285714285714286,True,0.07225031956872117,71.11443381180223,Audit departure window and facility handoff
IND302006AAA,IND302014AAB,9,9,1,12.0,14.0073,54.0,74.0,4.583333333333333,4.3978947341692445,43.0,382.0,1.0,True,0.05001945200911465,71.09649122807018,Audit departure window and facility handoff
IND382715AAA,IND382430AAB,12,12,1,54.0,61.001599999999996,110.0,132.0,2.0,2.139495584778604,55.0,740.0,1.0,True,0.06669260267881955,71.09250398724083,Audit departure window and facility handoff
IND382430AAB,IND389001AAA,15,15,1,98.0,136.6921,164.0,482.0,1.6734693877551021,1.6794286771548324,66.0,1003.0,1.0,True,0.08336575334852443,71.07157097288676,Assess parallel route and capacity relief
IND535001AAA,IND530012AAA,6,6,1,57.5,72.22954999999999,177.0,248.5,3.150460898007731,3.1297426260513403,121.0,731.0,1.0,True,0.03334630133940977,71.02671451355663,Audit departure window and facility handoff
IND302014AAA,IND313001AAB,8,8,1,287.5,405.52225000000004,567.0,856.0,1.9655532860747327,1.9840063581293363,278.5,2271.0,1.0,True,0.04446173511921303,70.96092503987241,Audit departure window and facility handoff
IND503111AAC,IND503185AAA,15,15,1,61.0,79.6958,107.0,138.0,1.7833333333333334,1.865298196133733,47.0,787.0,1.0,True,0.08336575334852443,70.94896331738437,Assess parallel route and capacity relief
IND741123AAB,IND741126AAB,11,11,1,32.0,43.649,78.0,99.0,2.393939393939394,2.456095041322314,46.0,517.0,1.0,True,0.06113488578891791,70.94796650717704,Audit departure window and facility handoff
IND798601AAA,IND785001AAA,4,4,1,76.5,105.56455,294.0,768.5,3.843643198906357,3.878716678058783,217.5,881.0,1.0,False,0.022230867559606515,70.78748006379585,Monitor; current evidence does not justify capital action
IND396232AAA,IND396191AAC,10,10,1,14.0,16.40865,50.0,69.0,3.571428571428571,3.6565934065934065,36.0,365.0,1.0,True,0.05557716889901628,70.74960127591706,Audit departure window and facility handoff
IND421302AAN,IND400072AAB,12,12,1,22.0,27.85315,51.0,122.5,2.5543478260869565,2.49710665002427,30.5,385.0,1.0,True,0.06669260267881955,70.7396331738437,Audit departure window and facility handoff
IND110044AAB,IND201007AAA,11,11,1,23.0,19.7873,58.0,152.0,2.5217391304347827,2.8652148247009905,35.0,450.0,1.0,True,0.06113488578891791,70.71969696969698,Audit departure window and facility handoff
IND781018AAB,IND793001AAA,10,10,1,99.5,126.4936,201.0,338.0,2.0251020408163267,1.9927727038009924,101.5,986.0,1.0,True,0.05557716889901628,70.69577352472089,Audit departure window and facility handoff
IND560043AAC,IND562132AAA,12,12,1,40.5,29.6662,82.0,150.0,2.001190476190476,2.4212349980642665,41.0,693.0,1.0,True,0.06669260267881955,70.69377990430623,Audit departure window and facility handoff
IND515201AAA,IND515301AAA,11,11,1,22.0,31.2836,59.0,73.0,2.6818181818181817,2.7022483445408345,37.0,408.0,1.0,True,0.06113488578891791,70.68979266347687,Audit departure window and facility handoff
IND401104AAA,IND421302AAG,11,11,1,25.0,27.978900000000003,57.0,146.0,2.28,3.0392628583537675,32.0,546.0,1.0,True,0.06113488578891791,70.66786283891548,Audit departure window and facility handoff
IND136027AAA,IND132039AAA,14,14,1,35.0,39.973749999999995,66.0,134.5,1.9264705882352942,2.258042316025509,31.5,623.0,1.0,True,0.0778080364586228,70.62599681020734,Audit departure window and facility handoff
IND301019AAA,IND301705AAA,6,6,1,47.5,55.1292,156.0,190.0,3.276595744680851,3.360698002605297,108.0,675.0,1.0,True,0.03334630133940977,70.60805422647528,Audit departure window and facility handoff
IND431708AAA,IND431514AAA,15,15,1,29.0,41.4145,60.0,69.0,2.0689655172413794,2.030623973727422,31.0,445.0,1.0,True,0.08336575334852443,70.5512360446571,Assess parallel route and capacity relief
IND402109AAA,IND402301AAA,13,13,1,47.0,63.0064,93.0,97.0,1.9583333333333333,2.066485111917582,45.0,653.0,1.0,True,0.07225031956872117,70.5322966507177,Audit departure window and facility handoff
IND731237AAB,IND731224AAA,9,9,1,20.0,28.0297,64.0,78.0,3.238095238095238,3.382037163616111,45.0,426.0,1.0,True,0.05001945200911465,70.5073763955343,Audit departure window and facility handoff
IND242221AAA,IND207247AAB,5,5,1,90.0,89.5042,283.0,309.0,3.10989010989011,2.8953113553113554,192.0,855.0,1.0,True,0.02778858444950814,70.49142743221691,Audit departure window and facility handoff
IND600008AAA,IND600044AAC,11,11,1,37.0,44.1964,82.0,139.0,2.2162162162162162,2.410235354972197,45.0,584.0,1.0,True,0.06113488578891791,70.47348484848486,Audit departure window and facility handoff
IND731301AAA,IND713205AAB,12,12,1,71.0,76.603,131.0,150.0,1.8714285714285714,2.0472906417958803,61.0,897.0,1.0,True,0.06669260267881955,70.46451355661883,Audit departure window and facility handoff
IND757037AAA,IND756100AAC,5,5,1,119.0,165.3055,328.0,597.0,2.7563025210084033,2.698045539472074,209.0,1012.0,1.0,True,0.02778858444950814,70.4475677830941,Audit departure window and facility handoff
IND562132AAA,IND518002AAA,12,12,1,286.0,346.25845000000004,453.0,543.0,1.5867807630965527,1.5826834732553061,167.5,1997.0,1.0,True,0.06669260267881955,70.42264752791068,Audit departure window and facility handoff
IND521225AAB,IND521301AAA,13,13,1,45.0,61.0652,84.0,224.0,1.8666666666666667,2.3089931345250494,39.0,763.0,1.0,True,0.07225031956872117,70.39972089314195,Audit departure window and facility handoff
IND462022AAA,IND465669AAB,10,10,1,68.0,97.11585,144.5,201.0,2.125,2.1324790097739292,76.5,772.0,1.0,True,0.05557716889901628,70.316985645933,Audit departure window and facility handoff
IND600076AAB,IND600032AAB,13,13,1,18.0,19.451,46.0,56.0,2.526315789473684,2.4550157444894287,28.0,347.0,1.0,True,0.07225031956872117,70.29804625199361,Audit departure window and facility handoff
IND580028AAA,IND590016AAA,7,7,1,74.0,103.0015,161.0,809.0,2.1733333333333333,3.521244688915922,87.0,1296.0,1.0,True,0.0389040182293114,70.29106858054227,Audit departure window and facility handoff
IND508377AAB,IND501359AAE,10,10,1,115.0,155.28125,217.5,269.0,1.891304347826087,2.1376633369317677,102.5,1314.0,1.0,True,0.05557716889901628,70.27611642743221,Audit departure window and facility handoff
IND395023AAA,IND396191AAC,10,10,1,76.0,104.17615,155.0,382.5,2.052982456140351,2.1587739804055595,79.5,880.0,1.0,True,0.05557716889901628,70.25817384370016,Audit departure window and facility handoff
IND562132AAA,IND573201AAB,16,16,1,132.5,165.34975,197.5,355.5,1.4849624060150375,1.5707734967507896,64.5,1214.0,1.0,True,0.08892347023842606,70.22328548644339,Assess parallel route and capacity relief
IND211002AAB,IND211013AAA,7,7,1,15.0,20.5758,74.0,138.0,5.071428571428571,5.3457482993197285,58.0,446.0,1.0,True,0.0389040182293114,70.1804226475279,Audit departure window and facility handoff
IND671315AAA,IND575004AAB,2,2,1,78.0,80.5539,625.5,824.5,8.01923076923077,8.01923076923077,547.5,1095.0,1.0,False,0.011115433779803258,70.11562998405103,Monitor; current evidence does not justify capital action
IND174001AAA,IND175018AAA,10,10,1,27.0,38.16155,68.0,108.5,2.566951566951567,2.7751729751729752,41.5,476.0,1.0,True,0.05557716889901628,70.04385964912281,Audit departure window and facility handoff
IND262701AAA,IND262802AAA,14,14,1,24.0,33.394999999999996,51.0,80.5,2.145833333333333,2.243271221532091,27.5,413.0,1.0,True,0.0778080364586228,69.96710526315789,Audit departure window and facility handoff
IND271001AAA,IND271210AAA,1,1,1,50.0,70.69439999999999,2536.0,2559.0,50.72,50.72,2486.0,2486.0,1.0,False,0.005557716889901629,69.92025518341308,Monitor; current evidence does not justify capital action
IND431603AAA,IND431708AAA,14,14,1,23.0,32.39319999999999,46.5,108.0,2.0217391304347827,2.527950310559006,23.5,492.0,1.0,True,0.0778080364586228,69.91228070175438,Audit departure window and facility handoff
IND577201AAA,IND562132AAA,10,10,1,214.5,288.7749,384.0,482.5,1.7943925233644862,1.8048378983931563,170.0,1729.0,1.0,True,0.05557716889901628,69.89234449760767,Audit departure window and facility handoff
IND826004AAA,IND815351AAA,6,6,1,38.0,53.0085,127.0,178.5,3.4722222222222223,3.549339986839987,89.0,596.0,1.0,True,0.03334630133940977,69.87041467304624,Audit departure window and facility handoff
IND431001AAB,IND431136AAC,11,11,1,11.0,14.2987,37.0,106.0,3.090909090909091,3.789701207883026,25.0,329.0,1.0,True,0.06113488578891791,69.85047846889952,Audit departure window and facility handoff
IND342902AAA,IND302014AAA,5,5,1,186.0,244.4337,458.0,545.0,2.3870967741935485,2.511281556802244,266.0,1408.0,1.0,True,0.02778858444950814,69.81259968102074,Audit departure window and facility handoff
IND560099AAB,IND560085AAA,12,12,1,22.0,18.8378,54.0,152.0,2.359848484848485,2.6355242932760095,31.0,410.0,1.0,True,0.06669260267881955,69.80761562998406,Audit departure window and facility handoff
IND132103AAB,IND131028AAB,5,5,1,44.0,58.1426,173.0,313.0,4.119047619047619,3.835864859777903,131.0,625.0,1.0,True,0.02778858444950814,69.80163476874004,Audit departure window and facility handoff
IND842001AAA,IND845412AAB,11,11,1,34.0,49.3673,80.0,123.0,2.342857142857143,2.2641595481167673,47.0,478.0,1.0,True,0.06113488578891791,69.79764752791068,Audit departure window and facility handoff
IND560058AAB,IND560099AAB,15,15,1,37.0,38.151900000000005,68.0,97.0,1.837837837837838,2.058485820995826,31.0,604.0,0.8,True,0.06669260267881955,69.78070175438596,Assess parallel route and capacity relief
IND142001AAB,IND152026AAA,20,20,1,62.0,79.8751,103.5,147.0,1.6693548387096775,1.6326648446484182,42.0,788.0,1.0,True,0.11115433779803256,69.76475279106859,Assess parallel route and capacity relief
IND110037AAM,IND110020AAB,6,6,1,25.5,26.762549999999997,100.5,211.5,3.880740740740741,4.625631528964862,74.5,556.0,1.0,True,0.03334630133940977,69.7567783094099,Audit departure window and facility handoff
IND785682AAA,IND786001AAB,10,10,1,63.0,88.27799999999999,135.5,179.5,2.1179315476190474,2.166957701686351,71.5,732.0,1.0,True,0.05557716889901628,69.74980063795854,Audit departure window and facility handoff
IND131028AAB,IND247667AAB,10,10,1,140.0,163.82690000000002,264.0,442.5,1.879078014184397,1.873890577507599,123.5,1227.0,1.0,True,0.05557716889901628,69.74282296650716,Audit departure window and facility handoff
IND000000ACB,IND521225AAB,5,5,1,1283.0,1729.0893999999998,2606.0,2867.0,2.0327613104524183,2.011694996248798,1324.0,6488.0,1.0,True,0.02778858444950814,69.73086124401915,Audit departure window and facility handoff
IND825301AAA,IND825409AAA,8,8,1,41.0,58.3537,109.5,168.0,2.7045731707317073,2.7026386469221837,69.0,559.0,1.0,True,0.04446173511921303,69.72388357256779,Audit departure window and facility handoff
IND000000ACB,IND390022AAA,8,8,1,695.0,913.333,1245.0,1399.5,1.792660626541994,1.8404523658291825,550.5,4669.0,1.0,True,0.04446173511921303,69.72089314194577,Audit departure window and facility handoff
IND751002AAB,IND760003AAB,8,8,1,136.0,181.32594999999998,269.0,409.0,2.0000829279080055,2.2820136289323765,134.5,1395.0,1.0,True,0.04446173511921303,69.63118022328548,Audit departure window and facility handoff
IND421302AAG,IND712311AAA,4,4,1,1383.5,1933.9254999999998,2931.5,3175.5,2.120432311728211,2.127593323494163,1549.0,6239.0,1.0,False,0.022230867559606515,69.60526315789474,Monitor; current evidence does not justify capital action
IND382430AAB,IND370201AAA,12,12,1,320.5,312.83595,478.0,728.5,1.49375,1.5911904530114225,158.0,2274.0,1.0,True,0.06669260267881955,69.58532695374801,Audit departure window and facility handoff
IND591102AAA,IND591307AAC,12,12,1,42.0,45.84915,84.5,103.0,2.0375,2.1157610307981143,42.5,577.0,1.0,True,0.06669260267881955,69.44377990430621,Audit departure window and facility handoff
IND842001AAA,IND843109AAB,11,11,1,10.0,14.6928,37.0,107.0,3.6,3.5592680047225502,26.0,292.0,1.0,True,0.06113488578891791,69.44278309409889,Audit departure window and facility handoff
IND000000AEM,IND110064AAB,11,11,1,55.0,53.5163,113.0,235.0,2.0925925925925926,2.0070281880090493,59.0,613.0,1.0,True,0.06113488578891791,69.39792663476875,Audit departure window and facility handoff
IND244901AAB,IND243002AAA,10,10,1,45.0,60.61365,103.0,486.0,2.2420289855072464,2.3042717648268067,57.0,593.0,1.0,True,0.05557716889901628,69.37300637958533,Audit departure window and facility handoff
IND461111AAA,IND460001AAA,13,13,1,62.0,86.085,115.0,133.0,1.8548387096774193,1.85742179554977,53.0,686.0,1.0,True,0.07225031956872117,69.3042264752791,Audit departure window and facility handoff
IND306401AAB,IND342005AAD,15,15,1,54.0,69.5512,92.0,155.0,1.6923076923076923,1.9515446862871275,37.0,773.0,1.0,True,0.08336575334852443,69.27332535885168,Assess parallel route and capacity relief
IND713130AAA,IND741123AAB,10,10,1,64.0,73.11275,132.0,175.5,2.0625,2.1683114801864805,68.0,753.0,1.0,True,0.05557716889901628,69.2603668261563,Audit departure window and facility handoff
IND321001AAA,IND301001AAB,2,2,1,96.5,107.21575,614.0,790.0,6.366408934707904,6.366408934707904,517.5,1035.0,1.0,False,0.011115433779803258,69.25637958532695,Monitor; current evidence does not justify capital action
IND442101AAB,IND445001AAB,11,11,1,37.0,52.0732,84.0,99.0,2.210526315789474,2.301019146593309,46.0,530.0,1.0,True,0.06113488578891791,69.2354465709729,Audit departure window and facility handoff
IND609602AAA,IND611001AAA,10,10,1,16.5,21.499200000000002,52.5,63.0,3.1944444444444446,3.0946581196581198,36.0,349.0,1.0,True,0.05557716889901628,69.2224880382775,Audit departure window and facility handoff
IND402107AAA,IND402109AAA,11,11,1,30.0,40.7914,70.0,88.0,2.3333333333333335,2.3702053207267335,40.0,459.0,1.0,True,0.06113488578891791,69.22049441786284,Audit departure window and facility handoff
IND263645AAA,IND263601AAA,11,11,1,51.0,50.0952,104.0,129.0,2.054054054054054,2.2034722603719605,52.0,637.0,1.0,True,0.06113488578891791,69.1487240829346,Audit departure window and facility handoff
IND603102AAA,IND600056AAB,12,12,1,68.0,73.2681,125.0,164.0,1.8582089552238807,1.9648250117697954,57.5,783.0,1.0,True,0.06669260267881955,69.09788676236045,Audit departure window and facility handoff
IND742401AAA,IND742102AAB,5,5,1,66.0,63.382,202.0,258.0,3.0606060606060606,3.189142356399819,136.0,722.0,1.0,True,0.02778858444950814,69.02611642743221,Audit departure window and facility handoff
IND741156AAA,IND742101AAC,8,8,1,32.0,44.29815,86.0,172.0,2.6875,3.050914894916911,54.0,533.0,1.0,True,0.04446173511921303,69.02312599681021,Audit departure window and facility handoff
IND742401AAA,IND742101AAC,5,5,1,66.0,63.5561,184.0,260.0,3.0677966101694913,3.2050111537842376,122.0,718.0,1.0,True,0.02778858444950814,68.99820574162679,Audit departure window and facility handoff
IND742102AAB,IND712311AAA,4,4,1,160.0,218.87335000000002,415.0,652.5,2.59375,2.8938653523489934,255.0,1179.0,1.0,False,0.022230867559606515,68.98624401913875,Monitor; current evidence does not justify capital action
IND802158AAB,IND821115AAB,7,7,1,71.0,86.5799,171.0,197.0,2.408450704225352,2.5553308741336913,100.0,783.0,1.0,True,0.0389040182293114,68.9822567783094,Audit departure window and facility handoff
IND000000ACA,IND144514AAA,12,12,1,63.0,85.45885,114.5,264.5,1.8174603174603174,2.140588553222962,51.5,858.0,0.8333333333333334,True,0.05557716889901628,68.97228867623603,Audit departure window and facility handoff
IND600056AAB,IND632006AAA,13,13,1,84.0,107.3825,144.0,672.0,1.7142857142857142,1.8175059643876088,60.0,893.0,1.0,True,0.07225031956872117,68.95833333333333,Audit departure window and facility handoff
IND854326AAB,IND852201AAA,3,3,1,92.0,115.7671,390.0,414.0,4.239130434782608,3.987338748208314,298.0,821.0,1.0,False,0.016673150669704886,68.9383971291866,Monitor; current evidence does not justify capital action
IND743347AAA,IND700053AAA,4,4,1,63.0,82.8519,240.5,282.0,3.817460317460317,3.7807210109208182,177.5,711.0,1.0,False,0.022230867559606515,68.93540669856459,Monitor; current evidence does not justify capital action
IND425508AAB,IND450331AAA,10,10,1,18.0,24.204250000000002,54.5,64.5,3.0294117647058822,2.956612487100103,36.0,354.0,1.0,True,0.05557716889901628,68.88556618819777,Audit departure window and facility handoff
IND201007AAA,IND245304AAA,11,11,1,38.0,32.4253,82.0,140.0,2.2162162162162162,2.1936173361077085,45.0,503.0,1.0,True,0.06113488578891791,68.85865231259969,Audit departure window and facility handoff
IND485001AAC,IND486001AAA,2,2,1,34.5,47.0788,489.5,815.5,14.061764705882354,14.061764705882354,455.0,910.0,1.0,False,0.011115433779803258,68.84070972886762,Monitor; current evidence does not justify capital action
IND518422AAB,IND518102AAA,10,10,1,77.0,108.5009,154.5,171.0,2.019230769230769,2.0467203848782796,78.0,802.0,1.0,True,0.05557716889901628,68.84070972886762,Audit departure window and facility handoff
IND521225AAB,IND521201AAA,15,15,1,53.0,52.9994,85.0,245.0,1.6226415094339623,2.063788098693759,33.0,844.0,1.0,True,0.08336575334852443,68.80781499202551,Assess parallel route and capacity relief
IND751002AAB,IND530012AAA,10,10,1,332.0,454.2031,557.0,696.5,1.6707648776925885,1.671367389545729,222.5,2238.0,1.0,True,0.05557716889901628,68.72607655502392,Audit departure window and facility handoff
IND562132AAA,IND712311AAA,3,3,1,1370.0,1851.2411,3044.0,3553.0,2.221897810218978,2.2210191345942056,1674.0,5018.0,1.0,False,0.016673150669704886,68.71610845295055,Monitor; current evidence does not justify capital action
IND638701AAA,IND641607AAA,12,12,1,23.5,25.71315,53.5,398.0,2.2386363636363633,2.457629007465964,30.0,416.0,1.0,True,0.06669260267881955,68.71112440191388,Audit departure window and facility handoff
IND587103AAB,IND582209AAA,12,12,1,61.0,66.52935,116.0,168.0,1.901639344262295,1.9464708561020034,55.0,689.0,1.0,True,0.06669260267881955,68.69617224880383,Audit departure window and facility handoff
IND402301AAA,IND402107AAA,8,8,1,67.5,94.64105,153.5,169.5,2.273046532045654,2.3601318853303814,86.0,728.0,1.0,True,0.04446173511921303,68.69617224880382,Audit departure window and facility handoff
IND282001AAF,IND283122AAB,12,12,2,19.0,23.8627,46.5,96.5,2.447368421052632,2.541483918128655,27.5,356.0,1.0,True,0.06669260267881955,68.68620414673046,Evaluate FTL/Carting shift on supported corridor
IND370615AAB,IND370001AAA,3,3,1,46.0,50.003800000000005,291.0,386.0,6.0625,6.583077852099591,243.0,707.0,1.0,False,0.016673150669704886,68.60645933014354,Monitor; current evidence does not justify capital action
IND712311AAA,IND732103AAB,3,3,1,215.0,304.3677,605.0,784.0,2.800925925925926,2.843719494688487,389.0,1191.0,1.0,False,0.016673150669704886,68.57854864433813,Monitor; current evidence does not justify capital action
IND742121AAA,IND742101AAC,6,6,1,22.0,25.135550000000002,73.5,104.0,3.6818181818181817,5.069128787878788,54.5,518.0,1.0,True,0.03334630133940977,68.57555821371612,Audit departure window and facility handoff
IND853204AAA,IND851204AAA,11,11,1,46.0,65.2145,94.0,104.0,2.0434782608695654,2.2134826526130875,48.0,612.0,1.0,True,0.06113488578891791,68.56259968102074,Audit departure window and facility handoff
IND712311AAA,IND742102AAB,3,3,1,158.0,215.4741,498.0,571.0,3.151898734177215,3.0807197183477117,340.0,984.0,1.0,False,0.016673150669704886,68.53369218500798,Monitor; current evidence does not justify capital action
IND110020AAB,IND110037AAM,4,4,1,23.5,26.3062,88.0,565.0,3.937747035573123,7.737206851119894,65.5,657.0,1.0,False,0.022230867559606515,68.50777511961724,Monitor; current evidence does not justify capital action
IND140118AAA,IND160002AAC,13,13,1,105.0,125.2077,177.0,211.0,1.6952380952380952,1.6518837307298844,73.0,891.0,1.0,True,0.07225031956872117,68.50578149920254,Audit departure window and facility handoff
IND400016AAB,IND400072AAD,10,10,1,13.0,14.88645,42.5,110.5,3.145604395604396,3.422924297924298,29.0,330.0,1.0,True,0.05557716889901628,68.46491228070175,Audit departure window and facility handoff
IND801103AAA,IND802301AAA,11,11,1,16.0,22.882900000000003,42.0,102.0,2.6666666666666665,3.0222816399286985,26.0,349.0,1.0,True,0.06113488578891791,68.44397926634768,Audit departure window and facility handoff
IND124507AAA,IND131028AAB,9,9,1,45.0,40.2684,104.0,141.0,2.260869565217391,2.5241571163672614,58.0,610.0,1.0,True,0.05001945200911465,68.43401116427432,Audit departure window and facility handoff
IND517501AAB,IND517583AAA,13,13,1,26.0,34.7185,56.0,77.0,2.1538461538461537,2.1821948279640586,30.0,396.0,1.0,True,0.07225031956872117,68.42105263157893,Audit departure window and facility handoff
IND854326AAB,IND854311AAA,14,14,1,31.0,43.131150000000005,55.5,234.0,1.799777530589544,2.4468571229938023,24.0,628.0,1.0,True,0.0778080364586228,68.41307814992025,Audit departure window and facility handoff
IND421502AAA,IND421302AAR,9,9,1,16.0,19.1558,50.0,100.0,3.125,3.5591217605923493,34.0,370.0,1.0,True,0.05001945200911465,68.37818979266348,Audit departure window and facility handoff
IND533003AAA,IND533401AAA,12,12,1,48.0,62.93545,94.5,158.0,1.9711246200607904,2.015401107251411,46.5,587.0,1.0,True,0.06669260267881955,68.35326953748006,Audit departure window and facility handoff
IND313324AAA,IND313001AAB,14,14,1,48.0,65.0061,85.5,125.5,1.7987588652482271,1.925056990881459,38.0,620.0,1.0,True,0.0778080364586228,68.2775119617225,Audit departure window and facility handoff
IND785001AAA,IND785682AAA,11,11,1,46.0,62.6307,85.0,134.0,2.0238095238095237,2.255430077169208,43.0,617.0,1.0,True,0.06113488578891791,68.27153110047847,Audit departure window and facility handoff
IND816109AAA,IND826004AAA,8,8,1,244.0,300.79720000000003,445.0,506.5,1.8175301895702625,2.1350849496851967,199.0,2220.0,1.0,True,0.04446173511921303,68.2615629984051,Audit departure window and facility handoff
IND631501AAA,IND600056AAB,1,1,1,34.0,44.9726,1649.0,2287.0,48.5,48.5,1615.0,1615.0,1.0,False,0.005557716889901629,68.2426236044657,Monitor; current evidence does not justify capital action
IND501359AAE,IND515004AAA,9,9,1,243.0,337.884,434.0,596.0,1.786008230452675,1.7859980088273955,191.0,1721.0,1.0,True,0.05001945200911465,68.1877990430622,Audit departure window and facility handoff
IND712311AAA,IND721306AAA,8,8,1,101.0,131.20175,211.0,475.0,2.089108910891089,2.1522277227722775,110.0,931.0,1.0,True,0.04446173511921303,68.15988835725678,Audit departure window and facility handoff
IND560099AAB,IND560002AAA,18,18,1,22.0,19.72445,42.5,127.0,2.0295454545454543,1.9699173541867714,21.5,371.0,0.7222222222222222,True,0.07225031956872117,68.12599681020734,Assess parallel route and capacity relief
IND560048AAB,IND560099AAB,19,19,1,33.0,27.1854,55.0,99.0,1.71875,1.935601479278858,23.0,594.0,0.6842105263157895,True,0.07225031956872117,68.09908293460924,Assess parallel route and capacity relief
IND533106AAA,IND533308AAB,7,7,1,29.0,33.9879,98.0,194.0,3.0,3.2601126472094215,67.0,483.0,1.0,True,0.0389040182293114,68.08014354066985,Audit departure window and facility handoff
IND500039AAD,IND501359AAE,8,8,1,31.0,36.640299999999996,84.0,351.0,2.717013888888889,2.975241748805257,52.0,475.0,1.0,True,0.04446173511921303,68.07416267942583,Audit departure window and facility handoff
IND533106AAA,IND530012AAA,11,11,1,134.0,183.1511,235.0,301.0,1.7651515151515151,1.7100813085550393,101.0,1047.0,1.0,True,0.06113488578891791,68.0482456140351,Audit departure window and facility handoff
IND560099AAB,IND560043AAC,24,24,1,30.0,27.4859,49.0,143.5,1.6100230414746544,1.9056844702391258,18.0,669.0,0.875,True,0.11671205468793419,68.04226475279106,Assess parallel route and capacity relief
IND135001AAA,IND173025AAA,9,9,1,45.0,58.6111,104.0,136.0,2.311111111111111,2.3742410226221513,59.0,559.0,1.0,True,0.05001945200911465,67.94358054226475,Audit departure window and facility handoff
IND530012AAA,IND764001AAC,3,3,1,167.0,231.3367,472.0,545.0,2.8263473053892216,3.1297405189620755,305.0,1067.0,1.0,False,0.016673150669704886,67.94059011164273,Monitor; current evidence does not justify capital action
IND341510AAB,IND305001AAC,8,8,1,55.0,73.66604999999998,128.5,346.0,2.3363636363636364,2.4204545454545454,73.5,625.0,1.0,True,0.04446173511921303,67.91267942583733,Audit departure window and facility handoff
IND742225AAA,IND742223AAA,9,9,1,9.0,13.9207,42.0,67.0,4.666666666666667,4.559259259259259,33.0,298.0,1.0,True,0.05001945200911465,67.88277511961722,Audit departure window and facility handoff
IND847103AAA,IND847404AAB,13,13,1,33.0,33.3459,66.0,116.0,2.0,2.1175572135012364,33.0,471.0,1.0,True,0.07225031956872117,67.85685805422648,Audit departure window and facility handoff
IND131028AAB,IND251001AAA,10,10,1,95.0,117.0308,181.5,364.0,1.930565088080531,1.907464624628498,87.0,868.0,1.0,True,0.05557716889901628,67.80801435406698,Audit departure window and facility handoff
IND360530AAB,IND362001AAA,11,11,1,69.0,79.2651,127.0,152.0,1.8142857142857143,2.174395898410099,57.0,893.0,1.0,True,0.06113488578891791,67.72826953748006,Audit departure window and facility handoff
IND560048AAB,IND562132AAA,11,11,1,46.0,36.6959,89.0,159.0,1.8936170212765957,2.5090308572385354,42.0,752.0,1.0,True,0.06113488578891791,67.70334928229666,Audit departure window and facility handoff
IND403726AAA,IND581303AAA,13,13,1,82.0,86.2554,132.0,370.0,1.6585365853658536,1.8269397158972132,54.0,869.0,1.0,True,0.07225031956872117,67.70334928229664,Audit departure window and facility handoff
IND843126AAA,IND842001AAA,7,7,1,18.0,25.9384,45.0,553.0,2.5,5.9220354808590105,27.0,616.0,1.0,True,0.0389040182293114,67.69437799043062,Audit departure window and facility handoff
IND786181AAC,IND792121AAB,7,7,1,29.0,42.2057,88.0,119.0,3.0344827586206895,3.296980081387878,59.0,460.0,1.0,True,0.0389040182293114,67.6475279106858,Audit departure window and facility handoff
IND507002AAA,IND508206AAA,11,11,1,30.0,38.8687,64.0,123.0,2.129032258064516,2.5042644183773217,34.0,495.0,1.0,True,0.06113488578891791,67.63855661881979,Audit departure window and facility handoff
IND244001AAA,IND263153AAB,9,9,1,91.0,93.2759,183.0,221.0,2.010989010989011,2.0410258535361625,92.0,851.0,1.0,True,0.05001945200911465,67.63755980861244,Audit departure window and facility handoff
IND585330AAE,IND585401AAA,15,15,1,34.0,48.5523,64.0,101.0,1.8823529411764706,1.8926050420168068,30.0,461.0,1.0,True,0.08336575334852443,67.60267145135566,Assess parallel route and capacity relief
IND000000AET,IND000000AAS,8,8,1,48.5,68.7217,119.0,154.0,2.4646938775510203,2.399138013901213,71.5,541.0,1.0,True,0.04446173511921303,67.57974481658692,Audit departure window and facility handoff
IND504215AAA,IND505001AAB,10,10,1,59.0,65.23935,119.0,229.5,2.016949152542373,2.1633344873862588,60.0,687.0,1.0,True,0.05557716889901628,67.55881180223285,Audit departure window and facility handoff
IND211002AAB,IND209304AAA,10,10,1,138.0,196.00885,253.5,310.0,1.8152173913043477,1.740953234722845,112.5,1056.0,1.0,True,0.05557716889901628,67.54784688995214,Audit departure window and facility handoff
IND210431AAA,IND209304AAA,4,4,1,111.0,125.91454999999999,298.0,628.0,2.68125,3.060470779220779,187.0,918.0,1.0,False,0.022230867559606515,67.53189792663477,Monitor; current evidence does not justify capital action
IND842001AAA,IND843301AAA,5,5,1,52.0,71.3061,160.0,239.0,3.076923076923077,3.3729317851959366,108.0,605.0,1.0,True,0.02778858444950814,67.51196172248804,Audit departure window and facility handoff
IND134102AAA,IND174103AAA,11,11,1,14.0,20.0001,39.0,75.0,2.7857142857142856,2.9687645687645685,25.0,303.0,1.0,True,0.06113488578891791,67.45314992025519,Audit departure window and facility handoff
IND322241AAA,IND322201AAA,12,12,1,23.0,32.315650000000005,53.5,75.5,2.3363636363636364,2.2626235177865612,30.5,350.0,1.0,True,0.06669260267881955,67.4401913875598,Audit departure window and facility handoff
IND160002AAC,IND140901AAA,15,15,1,47.0,56.9173,78.0,127.0,1.6595744680851063,1.9386550519066708,31.0,657.0,1.0,True,0.08336575334852443,67.43221690590111,Assess parallel route and capacity relief
IND474003AAA,IND476111AAA,6,6,1,63.0,70.92025000000001,166.5,201.0,2.623263888888889,2.7092644698491473,103.0,650.0,1.0,True,0.03334630133940977,67.38137958532697,Audit departure window and facility handoff
IND845438AAA,IND845455AAB,12,12,1,32.5,38.68175,67.0,127.0,2.0615530303030303,2.1608846709504914,34.5,455.0,1.0,True,0.06669260267881955,67.37838915470495,Audit departure window and facility handoff
IND136128AAA,IND136027AAA,15,15,1,20.0,28.843,42.0,58.0,2.1,2.113633072580441,22.0,333.0,1.0,True,0.08336575334852443,67.34948165869218,Assess parallel route and capacity relief
IND247667AAA,IND249407AAA,10,10,1,38.0,31.53445,84.0,128.5,2.1618421052631582,2.4039239110741035,45.0,537.0,1.0,True,0.05557716889901628,67.31160287081339,Audit departure window and facility handoff
IND721253AAC,IND721306AAA,9,9,1,42.0,52.5072,94.0,141.0,2.238095238095238,2.5942190251395605,52.0,562.0,1.0,True,0.05001945200911465,67.29964114832535,Audit departure window and facility handoff
IND305601AAC,IND305001AAC,13,13,1,34.0,38.9285,68.0,88.0,1.9705882352941178,2.066130601424719,34.0,470.0,1.0,True,0.07225031956872117,67.29665071770334,Audit departure window and facility handoff
IND389151AAA,IND457661AAA,8,8,1,31.5,43.3804,87.5,116.5,2.7162298387096775,2.734439776928316,55.0,443.0,1.0,True,0.04446173511921303,67.28369218500796,Audit departure window and facility handoff
IND600044AAD,IND600048AAA,8,8,1,11.0,12.687850000000001,47.5,79.0,4.290909090909091,4.59516317016317,36.0,325.0,1.0,True,0.04446173511921303,67.25079744816587,Audit departure window and facility handoff
IND721306AAA,IND721507AAA,10,10,1,44.0,50.557100000000005,90.0,119.0,2.0454545454545454,2.436492847825109,46.0,626.0,1.0,True,0.05557716889901628,67.24481658692186,Audit departure window and facility handoff
IND311302AAA,IND305624AAA,3,3,1,33.0,46.4767,234.0,249.0,7.090909090909091,6.9658348187759955,201.0,597.0,1.0,False,0.016673150669704886,67.2328548644338,Monitor; current evidence does not justify capital action
IND515761AAA,IND515004AAA,14,14,1,53.0,57.643249999999995,93.5,174.5,1.7641509433962264,1.7843459774726622,40.5,590.0,1.0,True,0.0778080364586228,67.21291866028707,Audit departure window and facility handoff
IND560099AAB,IND560048AAB,25,25,1,31.0,26.8498,48.0,143.0,1.5161290322580645,1.8771925381484533,16.0,692.0,0.76,True,0.10559662090813093,67.1939792663477,Assess parallel route and capacity relief
IND602001AAB,IND609001AAA,11,11,1,27.0,36.5822,62.0,75.0,2.2962962962962963,2.3687516187516184,35.0,399.0,1.0,True,0.06113488578891791,67.18301435406698,Audit departure window and facility handoff
IND843105AAB,IND848101AAA,14,14,1,20.0,27.87175,38.5,87.0,1.975,2.435923412427172,19.0,416.0,1.0,True,0.0778080364586228,67.14114832535884,Audit departure window and facility handoff
IND431514AAA,IND431515AAA,15,15,1,21.0,30.6246,43.0,66.0,2.0454545454545454,2.1054834054834055,22.0,352.0,1.0,True,0.08336575334852443,67.11921850079744,Assess parallel route and capacity relief
IND562132AAA,IND560043AAC,15,15,1,34.0,28.5357,63.0,132.0,1.8529411764705883,1.8932293236705002,30.0,458.0,0.9333333333333333,True,0.0778080364586228,67.10725677830939,Assess parallel route and capacity relief
IND562132AAA,IND411033AAA,8,8,1,630.0,850.99605,1060.5,1238.5,1.6819947274154274,1.6489328967985422,430.0,3273.0,1.0,True,0.04446173511921303,67.07535885167465,Audit departure window and facility handoff
IND532001AAB,IND532127AAA,14,14,1,30.0,34.5011,56.5,84.0,1.8833333333333333,2.064070961456683,26.5,473.0,1.0,True,0.0778080364586228,67.00558213716107,Audit departure window and facility handoff
IND175001AAA,IND175101AAA,10,10,1,74.5,63.6836,146.0,193.5,1.933859649122807,2.038325390062953,70.5,776.0,1.0,True,0.05557716889901628,66.97767145135566,Audit departure window and facility handoff
IND396001AAA,IND395023AAD,4,4,1,60.5,80.27375,144.0,1125.5,2.3797814207650276,4.904199706471171,83.5,1147.0,1.0,False,0.022230867559606515,66.95773524720893,Monitor; current evidence does not justify capital action
IND515004AAA,IND515671AAA,7,7,1,32.0,35.7816,78.0,211.0,2.5161290322580645,3.5129913769026673,47.0,563.0,1.0,True,0.0389040182293114,66.95673843700159,Audit departure window and facility handoff
IND828111AAA,IND826004AAA,4,4,1,12.0,13.893699999999999,129.5,173.0,10.791666666666668,11.503525641025641,117.5,466.0,1.0,False,0.022230867559606515,66.89393939393939,Monitor; current evidence does not justify capital action
IND509301AAA,IND501359AAE,13,13,1,49.0,66.8635,90.0,192.0,1.836734693877551,1.8771009942438512,41.0,559.0,1.0,True,0.07225031956872117,66.86901913875597,Audit departure window and facility handoff
IND508223AAA,IND500039AAC,11,11,1,89.0,122.8876,158.0,174.0,1.7840909090909092,1.8910852533218736,69.0,872.0,1.0,True,0.06113488578891791,66.81818181818183,Audit departure window and facility handoff
IND431717AAA,IND431603AAA,2,2,1,52.5,75.12604999999999,420.5,756.0,7.953918722786647,7.953918722786647,368.0,736.0,1.0,False,0.011115433779803258,66.81319776714514,Monitor; current evidence does not justify capital action
IND389001AAA,IND389151AAA,15,15,1,50.0,68.5752,89.0,114.0,1.7,1.73806239688858,36.0,571.0,1.0,True,0.08336575334852443,66.73943381180223,Assess parallel route and capacity relief
IND508213AAB,IND508001AAA,14,14,1,37.0,51.31175,71.0,94.5,1.8441295546558705,1.9480047572152834,32.5,490.0,1.0,True,0.0778080364586228,66.73444976076554,Audit departure window and facility handoff
IND450331AAA,IND452001AAC,7,7,1,68.0,95.9,157.0,172.0,2.328358208955224,2.3799630394308626,89.0,657.0,1.0,True,0.0389040182293114,66.70155502392345,Audit departure window and facility handoff
IND585104AAA,IND585330AAE,14,14,1,43.0,60.18175,79.0,223.5,1.8372093023255813,1.8219319440249673,36.0,494.0,1.0,True,0.0778080364586228,66.68560606060606,Audit departure window and facility handoff
IND000000ACB,IND110043AAA,10,10,1,38.0,38.5343,79.5,176.5,2.1212660028449504,2.3878796914323233,42.0,533.0,1.0,True,0.05557716889901628,66.67364433811802,Audit departure window and facility handoff
IND000000AFT,IND410210AAA,9,9,1,15.0,17.2955,50.0,92.0,3.6,3.1618626337924582,37.0,299.0,1.0,True,0.05001945200911465,66.65570175438596,Audit departure window and facility handoff
IND712311AAA,IND712410AAC,4,4,1,38.5,44.4411,171.0,220.5,4.4466936572199725,4.408897764160922,132.5,524.0,1.0,False,0.022230867559606515,66.6317783094099,Monitor; current evidence does not justify capital action
IND507002AAA,IND508213AAB,14,14,1,45.0,63.823949999999996,80.0,200.0,1.8181818181818181,1.7968907390276492,36.0,505.0,1.0,True,0.0778080364586228,66.60087719298244,Audit departure window and facility handoff
IND431112AAB,IND431136AAC,5,5,1,56.0,75.64880000000001,165.0,174.0,2.9464285714285716,3.088195725161962,109.0,582.0,1.0,True,0.02778858444950814,66.58193779904306,Audit departure window and facility handoff
IND570020AAA,IND571602AAA,9,9,1,34.0,41.2502,83.0,114.0,2.4411764705882355,2.466834447656185,49.0,439.0,1.0,True,0.05001945200911465,66.58193779904306,Audit departure window and facility handoff
IND641011AAA,IND641062AAD,5,5,1,35.0,35.807900000000004,135.0,179.0,3.857142857142857,3.7381605975723624,100.0,477.0,1.0,True,0.02778858444950814,66.52312599681021,Audit departure window and facility handoff
IND211002AAB,IND211011AAA,7,7,1,7.0,10.431,35.0,102.0,4.714285714285714,7.803571428571429,28.0,337.0,1.0,True,0.0389040182293114,66.42942583732057,Audit departure window and facility handoff
IND201304AAA,IND201301AAF,14,14,1,13.0,11.5059,30.0,52.0,2.230769230769231,2.5454081632653063,16.5,292.0,1.0,True,0.0778080364586228,66.39254385964911,Audit departure window and facility handoff
IND501359AAE,IND506002AAA,10,10,1,122.5,168.37345,215.5,644.0,1.7754898040783686,1.832931494069039,94.0,1019.0,1.0,True,0.05557716889901628,66.38157894736841,Audit departure window and facility handoff
IND485001AAC,IND471001AAA,7,7,1,104.0,144.08020000000002,221.0,640.0,2.1346153846153846,2.1393379607257392,117.0,825.0,1.0,True,0.0389040182293114,66.3785885167464,Audit departure window and facility handoff
IND783348AAA,IND783129AAA,10,10,1,89.0,101.53845,167.0,193.5,1.8764044943820224,1.9169050051072525,78.0,814.0,1.0,True,0.05557716889901628,66.35566188197768,Audit departure window and facility handoff
IND415605AAA,IND415709AAA,11,11,1,24.0,33.771300000000004,60.0,78.0,2.4,2.297973087518542,35.0,349.0,1.0,True,0.06113488578891791,66.350677830941,Audit departure window and facility handoff
IND462042AAA,IND462022AAA,5,5,1,20.0,19.2887,111.0,133.0,5.285714285714286,5.113809523809524,90.0,420.0,1.0,True,0.02778858444950814,66.34768740031897,Audit departure window and facility handoff
IND614018AAA,IND613104AAA,10,10,1,60.0,64.76665,121.5,130.5,2.0083333333333333,2.002492933860938,61.0,602.0,1.0,True,0.05557716889901628,66.22807017543859,Audit departure window and facility handoff
IND415612AAA,IND415408AAC,5,5,1,90.0,117.0056,225.0,257.0,2.5568181818181817,2.590542380324989,137.0,716.0,1.0,True,0.02778858444950814,66.21012759170654,Audit departure window and facility handoff
IND562132AAA,IND421302AAG,7,7,1,727.0,977.5999,1242.0,1509.0,1.7083906464924348,1.709368562805835,515.0,3614.0,1.0,True,0.0389040182293114,66.2011562998405,Audit departure window and facility handoff
IND571426AAA,IND571104AAA,10,10,1,80.0,86.54355,151.0,158.5,1.9112179487179488,1.9272485947485947,72.0,734.0,1.0,True,0.05557716889901628,66.146331738437,Audit departure window and facility handoff
IND523002AAA,IND523230AAA,14,14,1,69.5,78.6791,115.0,456.5,1.6125670041691484,1.6915919918454343,44.0,681.0,1.0,True,0.0778080364586228,66.12838915470495,Audit departure window and facility handoff
IND723101AAA,IND723202AAA,13,13,1,39.0,46.325,72.0,100.0,1.8461538461538463,2.0323886639676116,33.0,516.0,1.0,True,0.07225031956872117,66.1054625199362,Audit departure window and facility handoff
IND627401AAA,IND627005AAA,10,10,1,36.0,37.975899999999996,80.0,95.0,2.2192192192192195,2.236108966108966,44.0,447.0,1.0,True,0.05557716889901628,66.01176236044657,Audit departure window and facility handoff
IND575004AAB,IND562132AAA,4,4,1,250.0,334.09995000000004,559.5,598.5,2.238,2.231,309.5,1231.0,1.0,False,0.022230867559606515,65.97288676236045,Monitor; current evidence does not justify capital action
IND852131AAA,IND852201AAA,7,7,1,33.0,36.0427,94.0,113.0,2.8484848484848486,2.8228818800247373,61.0,424.0,1.0,True,0.0389040182293114,65.93899521531101,Audit departure window and facility handoff
IND175018AAA,IND175001AAA,9,9,1,15.0,22.5439,45.0,68.0,3.1176470588235294,3.1789135829770507,31.0,307.0,1.0,True,0.05001945200911465,65.93401116427432,Audit departure window and facility handoff
IND577598AAB,IND573142AAA,11,11,1,57.0,66.37960000000001,106.0,124.0,1.8596491228070176,2.0383121457854103,49.0,651.0,1.0,True,0.06113488578891791,65.85825358851675,Audit departure window and facility handoff
IND742121AAB,IND742121AAA,9,9,1,13.0,14.453,44.0,74.0,3.4615384615384617,3.4170533170533175,32.0,287.0,1.0,True,0.05001945200911465,65.8163875598086,Audit departure window and facility handoff
IND691305AAA,IND689645AAA,11,11,1,27.0,29.1326,60.0,78.0,2.259259259259259,2.2606606356606354,33.0,369.0,1.0,True,0.06113488578891791,65.78648325358851,Audit departure window and facility handoff
IND586128AAA,IND585104AAA,4,4,1,73.0,93.1482,222.0,496.5,3.0410958904109586,3.0332101658255226,149.0,601.0,1.0,False,0.022230867559606515,65.77252791068581,Monitor; current evidence does not justify capital action
IND121001AAA,IND121004AAB,22,22,1,11.0,12.05885,21.5,39.0,1.9166666666666665,2.4906918838737018,9.5,356.0,0.9545454545454546,True,0.11671205468793419,65.77053429027113,Assess parallel route and capacity relief
IND516390AAA,IND515004AAA,9,9,1,85.0,98.7011,169.0,181.0,1.9651162790697674,1.972027450839278,83.0,743.0,1.0,True,0.05001945200911465,65.72169059011163,Audit departure window and facility handoff
IND400072AAB,IND421302AAR,11,11,1,25.0,28.8452,57.0,111.0,2.2222222222222223,2.413319298180958,32.0,381.0,1.0,True,0.06113488578891791,65.69577352472089,Audit departure window and facility handoff
IND312605AAB,IND313001AAB,5,5,1,137.0,173.2019,308.0,331.0,2.2481751824817517,2.391852726492057,171.0,951.0,1.0,True,0.02778858444950814,65.6798245614035,Audit departure window and facility handoff
IND582209AAA,IND582101AAB,11,11,1,37.0,40.4733,78.0,84.0,2.111111111111111,2.044693018377229,41.0,426.0,1.0,True,0.06113488578891791,65.67085326953749,Audit departure window and facility handoff
IND854105AAB,IND853204AAA,5,5,1,49.0,70.35510000000001,149.0,179.0,3.020408163265306,3.1387755102040815,100.0,526.0,1.0,True,0.02778858444950814,65.66088516746412,Audit departure window and facility handoff
IND712311AAA,IND421302AAG,2,2,1,1341.0,1883.85815,3001.5,3584.5,2.2382882532197432,2.2382882532197432,1660.5,3321.0,1.0,False,0.011115433779803258,65.65390749601275,Monitor; current evidence does not justify capital action
IND626123AAA,IND627756AAA,12,12,1,49.0,48.1635,92.0,113.5,1.8775510204081634,1.9029903628117915,43.0,530.0,1.0,True,0.06669260267881955,65.58213716108455,Audit departure window and facility handoff
IND743270AAA,IND712311AAA,1,1,1,76.0,99.4823,1128.0,1130.0,14.842105263157896,14.842105263157896,1052.0,1052.0,1.0,False,0.005557716889901629,65.57814992025519,Monitor; current evidence does not justify capital action
IND431603AAA,IND413531AAA,4,4,1,95.0,134.177,268.0,319.5,2.8210526315789473,2.701993620414673,173.0,655.0,1.0,False,0.022230867559606515,65.57316586921851,Monitor; current evidence does not justify capital action
IND784176AAA,IND781018AAB,4,4,1,180.0,236.67995,422.0,498.5,2.337814610190301,2.399462860650706,241.5,1009.0,1.0,False,0.022230867559606515,65.53827751196172,Monitor; current evidence does not justify capital action
IND560099AAB,IND560078AAC,21,21,1,22.0,20.656,40.0,117.0,1.8,1.8674077785568468,18.0,411.0,0.8571428571428571,True,0.1000389040182293,65.52033492822964,Assess parallel route and capacity relief
IND700026AAC,IND712311AAA,3,3,1,36.0,34.0733,201.0,387.0,5.911764705882353,5.905523170229053,167.0,526.0,1.0,False,0.016673150669704886,65.50538277511961,Monitor; current evidence does not justify capital action
IND517644AAA,IND524132AAA,11,11,1,35.0,45.097,74.0,101.0,2.1142857142857143,2.0928768201495473,39.0,417.0,1.0,True,0.06113488578891791,65.48644338118022,Audit departure window and facility handoff
IND140901AAA,IND160002AAC,13,13,1,47.0,57.1876,86.0,107.0,1.8085106382978724,1.8502277093858963,38.0,520.0,1.0,True,0.07225031956872117,65.45952950558214,Audit departure window and facility handoff
IND788713AAA,IND788806AAA,10,10,1,13.0,19.651049999999998,38.0,94.0,2.9230769230769234,3.0693223443223445,25.0,277.0,1.0,True,0.05557716889901628,65.420653907496,Audit departure window and facility handoff
IND400072AAB,IND411033AAA,8,8,1,100.0,132.78965,198.5,271.0,1.98,2.0541992372314155,98.0,849.0,1.0,True,0.04446173511921303,65.40869218500798,Audit departure window and facility handoff
IND670645AAB,IND673592AAA,6,6,1,37.0,36.16235,99.0,1198.5,2.598752598752599,3.4253388003388,61.0,543.0,1.0,True,0.03334630133940977,65.37978468899522,Audit departure window and facility handoff
IND600056AAB,IND605010AAB,13,13,1,139.0,152.5844,198.0,952.0,1.4316546762589928,1.5242775679122254,60.0,945.0,1.0,True,0.07225031956872117,65.33891547049441,Audit departure window and facility handoff
IND814112AAA,IND814133AAB,6,6,1,55.5,78.96825,143.5,199.5,2.558373205741627,2.644933356117567,87.5,551.0,1.0,True,0.03334630133940977,65.27013556618819,Audit departure window and facility handoff
IND731204AAB,IND731301AAA,11,11,1,21.0,19.0581,51.0,77.0,2.4285714285714284,2.3004247267883633,30.0,309.0,1.0,True,0.06113488578891791,65.26714513556618,Audit departure window and facility handoff
IND263601AAA,IND262501AAA,8,8,1,122.0,112.65629999999999,234.5,252.5,1.9260940251998375,1.9614677958017894,112.5,937.0,1.0,True,0.04446173511921303,65.26016746411484,Audit departure window and facility handoff
IND176303AAA,IND176310AAA,10,10,1,69.0,45.695350000000005,90.0,110.5,1.335704291044776,4.622014616572885,22.0,2627.0,0.8,True,0.04446173511921303,65.21132376395535,Audit departure window and facility handoff
IND415709AAA,IND416012AAA,4,4,1,164.0,197.7034,397.5,649.0,2.3865800865800866,2.3957440310201044,231.0,920.0,1.0,False,0.022230867559606515,65.19736842105263,Monitor; current evidence does not justify capital action
IND473226AAA,IND474003AAA,7,7,1,294.0,248.7597,494.0,531.0,1.6802721088435375,2.3612546282592715,200.0,2797.0,1.0,True,0.0389040182293114,65.18740031897927,Audit departure window and facility handoff
IND600119AAA,IND600016AAC,5,5,1,20.0,21.5946,76.0,119.0,3.619047619047619,5.266766917293234,55.0,436.0,1.0,True,0.02778858444950814,65.17045454545455,Audit departure window and facility handoff
IND382430AAB,IND364004AAB,11,11,1,131.0,157.4853,214.0,476.0,1.633587786259542,1.6602369987172205,83.0,954.0,1.0,True,0.06113488578891791,65.15649920255183,Audit departure window and facility handoff
IND562114AAA,IND560048AAB,8,8,1,14.0,17.05835,49.0,57.0,3.178571428571429,3.5874766573295984,33.5,319.0,1.0,True,0.04446173511921303,65.15649920255183,Audit departure window and facility handoff
IND560060AAB,IND562132AAA,16,16,1,30.0,24.90175,50.0,92.0,1.6770114942528735,2.0666347197944805,20.0,502.0,0.9375,True,0.08336575334852443,65.13955342902712,Assess parallel route and capacity relief
IND302014AAA,IND110037AAM,7,7,1,205.0,264.9664,382.0,586.0,1.891089108910891,1.8333750959853927,180.0,1197.0,1.0,True,0.0389040182293114,65.0787480063796,Audit departure window and facility handoff
IND712311AAA,IND713205AAB,7,7,1,106.0,149.2643,222.0,395.0,2.055045871559633,2.097463485773674,115.0,817.0,1.0,True,0.0389040182293114,65.03189792663477,Audit departure window and facility handoff
IND515801AAA,IND515865AAB,13,13,1,87.0,103.616,138.0,174.0,1.5842696629213484,1.626402055906124,51.0,715.0,1.0,True,0.07225031956872117,65.01295853269538,Audit departure window and facility handoff
IND816107AAA,IND826004AAA,7,7,1,205.0,278.3127,387.0,406.0,1.8786407766990292,1.8368435726932864,181.0,1205.0,1.0,True,0.0389040182293114,64.97208931419458,Audit departure window and facility handoff
IND854335AAA,IND852111AAA,12,12,1,20.0,28.74935,46.0,55.5,2.25,2.258800186741363,25.5,307.0,1.0,True,0.06669260267881955,64.95514354066985,Audit departure window and facility handoff
IND243001AAA,IND243503AAB,9,9,1,27.0,27.5072,62.0,135.0,2.3846153846153846,2.6157549701611007,36.0,401.0,1.0,True,0.05001945200911465,64.95314992025519,Audit departure window and facility handoff
IND518002AAA,IND509103AAB,2,2,1,86.0,88.08075,413.0,1173.5,4.802325581395349,4.802325581395349,327.0,654.0,1.0,False,0.011115433779803258,64.95115629984052,Monitor; current evidence does not justify capital action
IND721212AAA,IND712310AAE,6,6,1,77.0,99.3879,176.5,218.0,2.3266666666666667,2.4179781997187058,99.5,655.0,1.0,True,0.03334630133940977,64.92324561403508,Audit departure window and facility handoff
IND518002AAA,IND562132AAA,10,10,1,285.0,346.81885,433.0,514.5,1.5235391588284029,1.5082186251667946,149.0,1451.0,1.0,True,0.05557716889901628,64.91228070175438,Audit departure window and facility handoff
IND607801AAA,IND606003AAA,12,12,1,23.0,32.4232,50.0,66.0,2.1277173913043477,2.229015700483092,26.5,348.0,0.9166666666666666,True,0.06113488578891791,64.87739234449761,Audit departure window and facility handoff
IND562132AAA,IND560085AAA,11,11,1,31.0,31.2024,54.0,167.0,2.0,2.445418851634091,25.0,471.0,1.0,True,0.06113488578891791,64.87240829346092,Audit departure window and facility handoff
IND742149AAA,IND742148AAA,9,9,1,18.0,26.0217,53.0,87.0,2.8333333333333335,2.7620437466451957,34.0,308.0,1.0,True,0.05001945200911465,64.85944976076556,Audit departure window and facility handoff
IND518002AAA,IND584101AAA,10,10,1,93.0,101.94005,169.5,243.5,1.8128574696865707,1.8399069625562419,76.0,772.0,1.0,True,0.05557716889901628,64.84948165869217,Audit departure window and facility handoff
IND000000ADV,IND600044AAC,11,11,1,37.0,47.9367,76.0,119.0,2.0526315789473686,2.046877020561231,39.0,429.0,1.0,True,0.06113488578891791,64.84051036682617,Audit departure window and facility handoff
IND208019AAA,IND209304AAA,3,3,1,16.0,17.235400000000002,155.0,189.0,9.125,9.291666666666666,139.0,463.0,1.0,False,0.016673150669704886,64.80661881977672,Monitor; current evidence does not justify capital action
IND673027AAB,IND673305AAA,2,2,1,42.0,40.3536,338.5,382.0,8.04849688031764,8.04849688031764,296.5,593.0,1.0,False,0.011115433779803258,64.76973684210527,Monitor; current evidence does not justify capital action
IND600116AAB,IND602024AAA,7,7,1,18.0,21.835,74.0,125.0,3.5238095238095237,3.5606790084454834,53.0,331.0,1.0,True,0.0389040182293114,64.74082934609251,Audit departure window and facility handoff
IND110043AAA,IND110078AAA,22,22,1,21.5,18.98485,37.5,76.0,1.6978260869565216,1.9139002960149205,15.0,436.0,0.9545454545454546,True,0.11671205468793419,64.6341706539075,Assess parallel route and capacity relief
IND331304AAA,IND332001AAB,2,2,1,107.0,133.25195000000002,439.5,486.0,4.104020979020979,4.104020979020979,332.5,665.0,1.0,False,0.011115433779803258,64.52153110047847,Monitor; current evidence does not justify capital action
IND600056AAB,IND600016AAC,9,9,1,33.0,36.8296,79.0,242.0,2.323529411764706,2.3622568471833176,45.0,406.0,1.0,True,0.05001945200911465,64.48066188197768,Audit departure window and facility handoff
IND842003AAB,IND480886AAA,7,7,1,66.0,93.3886,146.0,213.0,2.212121212121212,2.2705443406935943,80.0,599.0,1.0,True,0.0389040182293114,64.46969696969698,Audit departure window and facility handoff
IND751002AAB,IND756100AAC,10,10,1,88.0,123.93430000000001,163.5,297.0,1.8132507027855866,1.829272181307065,72.5,732.0,1.0,True,0.05557716889901628,64.45673843700159,Audit departure window and facility handoff
IND125047AAB,IND125051AAA,8,8,1,57.5,69.07114999999999,126.0,139.0,2.1842105263157894,2.1696725878790186,68.0,536.0,1.0,True,0.04446173511921303,64.4517543859649,Audit departure window and facility handoff
IND160002AAC,IND174307AAA,13,13,1,181.0,194.4836,245.0,318.0,1.3555555555555556,1.3938297155473693,64.0,926.0,1.0,True,0.07225031956872117,64.40390749601276,Audit departure window and facility handoff
IND625008AAA,IND626123AAA,12,12,1,49.0,60.401399999999995,88.5,231.5,1.824829931972789,1.879309807256236,40.0,517.0,1.0,True,0.06669260267881955,64.38895534290272,Audit departure window and facility handoff
IND249407AAA,IND249201AAA,11,11,1,26.0,21.190900000000003,54.0,86.0,2.0384615384615383,2.4228890430464642,28.0,423.0,1.0,True,0.06113488578891791,64.38297448165869,Audit departure window and facility handoff
IND205001AAB,IND205135AAA,7,7,2,40.0,43.6495,81.0,381.0,2.025,3.92149687069456,41.0,813.0,1.0,True,0.0389040182293114,64.38197767145137,Evaluate FTL/Carting shift on supported corridor
IND583231AAA,IND583201AAA,10,10,1,22.0,30.60745,53.0,86.0,2.3567193675889326,2.5630434782608695,30.5,350.0,1.0,True,0.05557716889901628,64.37101275917065,Audit departure window and facility handoff
IND561202AAB,IND515134AAA,11,11,1,65.0,65.9192,118.0,124.0,1.8125,1.8641347278902265,52.0,611.0,1.0,True,0.06113488578891791,64.34310207336523,Audit departure window and facility handoff
IND515004AAA,IND515401AAB,13,13,1,40.0,53.526,71.0,145.0,1.775,1.9493391196758432,31.0,493.0,1.0,True,0.07225031956872117,64.28129984051037,Audit departure window and facility handoff
IND302022AAD,IND000000ACB,7,7,1,165.0,222.3819,314.0,692.0,1.9090909090909092,1.9018781258643596,150.0,1039.0,1.0,True,0.0389040182293114,64.25837320574162,Audit departure window and facility handoff
IND785112AAC,IND785001AAA,2,2,1,19.5,28.3002,292.0,605.0,15.085526315789474,15.085526315789474,272.5,545.0,1.0,False,0.011115433779803258,64.25637958532695,Monitor; current evidence does not justify capital action
IND603203AAA,IND600044AAD,7,7,1,15.0,18.431,62.0,85.0,4.2,3.8831043956043954,48.0,294.0,1.0,True,0.0389040182293114,64.15869218500798,Audit departure window and facility handoff
IND821115AAB,IND209304AAA,5,5,1,325.0,457.1267,628.0,692.0,1.9323076923076923,1.9359772079772077,303.0,1519.0,1.0,True,0.02778858444950814,63.96331738437001,Audit departure window and facility handoff
IND501359AAE,IND500010AAA,10,10,1,39.0,47.60825,80.0,185.0,2.051282051282051,2.2030301455301453,41.0,457.0,1.0,True,0.05557716889901628,63.960326953748,Audit departure window and facility handoff
IND500008AAD,IND501359AAE,5,5,1,22.0,25.8901,64.0,344.0,2.909090909090909,5.094485224920008,42.0,461.0,1.0,True,0.02778858444950814,63.89553429027114,Audit departure window and facility handoff
IND581314AAA,IND403726AAA,9,9,1,113.0,120.1324,202.0,206.0,1.8018018018018018,1.8395118827990278,89.0,855.0,1.0,True,0.05001945200911465,63.80681818181818,Audit departure window and facility handoff
IND273014AAB,IND209304AAA,3,3,1,289.0,391.5147,676.0,751.0,2.339100346020761,2.168893374343201,387.0,1012.0,1.0,False,0.016673150669704886,63.79286283891547,Monitor; current evidence does not justify capital action
IND140501AAA,IND160002AAC,11,11,1,17.0,19.7625,39.0,64.0,2.3125,2.681149732620321,22.0,305.0,1.0,True,0.06113488578891791,63.77492025518342,Audit departure window and facility handoff
IND302004AAA,IND302014AAB,8,8,1,15.0,17.668100000000003,41.5,178.0,2.758928571428571,3.6892113095238095,26.5,329.0,1.0,True,0.04446173511921303,63.73803827751197,Audit departure window and facility handoff
IND562132AAA,IND583101AAA,10,10,1,219.5,292.50020000000006,323.0,623.5,1.4895566181264943,1.5979616683167854,105.0,1306.0,1.0,True,0.05557716889901628,63.72009569377991,Audit departure window and facility handoff
IND741201AAC,IND712311AAA,1,1,1,57.0,80.1623,905.0,964.0,15.87719298245614,15.87719298245614,848.0,848.0,1.0,False,0.005557716889901629,63.68520733652312,Monitor; current evidence does not justify capital action
IND843329AAB,IND843301AAA,7,7,1,19.0,26.2254,63.0,80.0,3.3157894736842106,3.3417293233082708,44.0,313.0,1.0,True,0.0389040182293114,63.646331738437,Audit departure window and facility handoff
IND395023AAA,IND421302AAG,3,3,1,200.0,266.27840000000003,494.0,661.0,2.45771144278607,2.463520394572904,293.0,868.0,1.0,False,0.016673150669704886,63.61742424242425,Monitor; current evidence does not justify capital action
IND262501AAA,IND263153AAB,5,5,1,215.0,233.8614,433.0,454.0,2.013953488372093,2.022372833036115,218.0,1099.0,1.0,True,0.02778858444950814,63.600478468899524,Audit departure window and facility handoff
IND362720AAA,IND362560AAA,12,12,1,27.5,38.7319,56.0,68.0,2.0357142857142856,2.0676590342394943,28.5,353.0,1.0,True,0.06669260267881955,63.57954545454545,Audit departure window and facility handoff
IND204215AAA,IND207001AAA,6,6,1,22.5,32.1965,70.5,113.5,3.1363636363636367,3.7467061923583658,48.0,369.0,1.0,True,0.03334630133940977,63.557615629984056,Audit departure window and facility handoff
IND425409AAA,IND424006AAA,1,1,1,74.0,94.5602,894.0,900.0,12.08108108108108,12.08108108108108,820.0,820.0,1.0,False,0.005557716889901629,63.4878389154705,Monitor; current evidence does not justify capital action
IND262405AAA,IND263153AAB,2,2,1,41.0,41.5601,307.0,766.0,7.487804878048781,7.487804878048781,266.0,532.0,1.0,False,0.011115433779803258,63.478867623604465,Monitor; current evidence does not justify capital action
IND501359AAE,IND500050AAA,14,14,1,30.5,34.68155,54.5,162.5,1.7298387096774195,2.074924269279108,23.0,437.0,1.0,True,0.0778080364586228,63.45494417862838,Audit departure window and facility handoff
IND573142AAA,IND573201AAB,11,11,1,39.0,42.7941,71.0,95.0,1.868421052631579,2.189725187093608,33.0,508.0,1.0,True,0.06113488578891791,63.44597288676237,Audit departure window and facility handoff
IND110078AAA,IND110043AAA,8,8,1,21.0,19.5305,60.0,103.5,2.732919254658385,2.9036843591191417,38.0,323.0,1.0,True,0.04446173511921303,63.40909090909091,Audit departure window and facility handoff
IND403401AAA,IND403726AAB,2,2,1,35.5,30.4925,294.5,416.0,8.228653530377668,8.228653530377668,259.0,518.0,1.0,False,0.011115433779803258,63.28648325358852,Monitor; current evidence does not justify capital action
IND842001AAA,IND845438AAA,4,4,1,91.5,130.29145,237.0,351.0,2.5907787864309606,2.616993321202387,145.5,596.0,1.0,False,0.022230867559606515,63.26355661881977,Monitor; current evidence does not justify capital action
IND303603AAB,IND302014AAB,5,5,1,74.0,87.753,183.0,203.0,2.472972972972973,2.520992225101814,109.0,561.0,1.0,True,0.02778858444950814,63.25259170653907,Audit departure window and facility handoff
IND605601AAA,IND607106AAA,12,12,1,21.5,27.29655,46.0,76.5,2.1363636363636362,2.190458152958153,24.5,302.0,1.0,True,0.06669260267881955,63.25259170653907,Audit departure window and facility handoff
IND000000AFT,IND421302AAG,9,9,1,21.0,23.1841,48.0,140.0,2.238095238095238,3.020594488710431,26.0,393.0,1.0,True,0.05001945200911465,63.217703349282296,Audit departure window and facility handoff
IND494334AAB,IND493445AAB,9,9,1,131.0,173.85,224.0,249.0,1.7099236641221374,1.809457596995321,93.0,950.0,1.0,True,0.05001945200911465,63.19577352472089,Audit departure window and facility handoff
IND683511AAA,IND686028AAB,7,7,1,79.0,80.2878,157.0,409.0,1.9873417721518987,2.3846730349216787,78.0,759.0,1.0,True,0.0389040182293114,63.161881977671456,Audit departure window and facility handoff
IND586211AAA,IND585314AAA,9,9,1,97.0,104.8689,178.0,190.0,1.8350515463917525,1.8265201412752958,81.0,718.0,1.0,True,0.05001945200911465,63.15091706539074,Audit departure window and facility handoff
IND713303AAA,IND713364AAB,6,6,1,18.0,23.33255,75.0,88.0,4.166666666666666,3.865468409586057,57.0,308.0,1.0,True,0.03334630133940977,63.141945773524725,Audit departure window and facility handoff
IND000000ACA,IND144001AAB,14,14,1,50.0,70.09445,82.5,148.0,1.6020408163265305,1.7365295943552248,30.5,519.0,1.0,True,0.0778080364586228,63.116028708133975,Audit departure window and facility handoff
IND742102AAB,IND713130AAA,6,6,1,93.0,96.75755000000001,193.5,255.5,2.152575587905935,2.2028720228714493,104.0,664.0,1.0,True,0.03334630133940977,63.09509569377991,Audit departure window and facility handoff
IND802301AAA,IND804401AAA,10,10,1,67.0,85.23545,122.5,150.0,1.86114663256607,1.9219260701176928,58.0,570.0,1.0,True,0.05557716889901628,63.06818181818181,Audit departure window and facility handoff
IND416510AAA,IND416602AAC,6,6,1,40.0,53.0293,106.5,131.0,2.6625,2.7865528990528987,66.5,423.0,1.0,True,0.03334630133940977,63.06120414673047,Audit departure window and facility handoff
IND764001AAC,IND764059AAA,7,7,1,31.0,44.0106,76.0,93.0,2.533333333333333,2.8465821812596004,46.0,399.0,1.0,True,0.0389040182293114,63.05023923444977,Audit departure window and facility handoff
IND132001AAA,IND132103AAB,2,2,1,29.5,34.0724,276.5,492.0,9.939814814814815,9.939814814814815,247.0,494.0,1.0,False,0.011115433779803258,63.015350877192986,Monitor; current evidence does not justify capital action
IND302026AAA,IND302014AAB,2,2,1,17.0,22.155250000000002,258.0,515.0,14.972222222222221,14.972222222222221,241.0,482.0,1.0,False,0.011115433779803258,62.97348484848485,Monitor; current evidence does not justify capital action
IND174021AAA,IND176048AAA,11,11,1,27.0,28.7706,60.0,66.0,2.1333333333333333,2.1179955612714236,33.0,336.0,1.0,True,0.06113488578891791,62.943580542264755,Audit departure window and facility handoff
IND416012AAA,IND415003AAA,8,8,1,96.0,121.39605,183.5,402.5,1.9114583333333335,1.9400584695108576,87.5,721.0,1.0,True,0.04446173511921303,62.89374003189791,Audit departure window and facility handoff
IND431131AAB,IND431603AAA,1,1,1,111.0,156.47979999999998,903.0,962.0,8.135135135135135,8.135135135135135,792.0,792.0,1.0,False,0.005557716889901629,62.88277511961723,Monitor; current evidence does not justify capital action
IND160002AAC,IND110037AAM,7,7,1,185.0,229.3549,334.0,505.0,1.8054054054054054,1.828558973720264,149.0,1074.0,1.0,True,0.0389040182293114,62.87081339712919,Audit departure window and facility handoff
IND847212AAA,IND847226AAA,14,14,1,28.0,37.67335,48.0,122.5,1.7275132275132274,2.044695962676258,20.0,416.0,1.0,True,0.0778080364586228,62.86981658692184,Audit departure window and facility handoff
IND591123AAC,IND587103AAB,13,13,1,52.0,61.4419,87.0,116.0,1.7058823529411764,1.7082648908620053,36.0,478.0,1.0,True,0.07225031956872117,62.86383572567783,Audit departure window and facility handoff
IND585104AAA,IND586128AAA,9,9,1,73.0,92.4929,142.0,187.0,1.9324324324324325,1.891303850822148,69.0,582.0,1.0,True,0.05001945200911465,62.82795055821372,Audit departure window and facility handoff
IND125001AAA,IND000000ACB,6,6,1,136.5,171.31945000000002,270.5,368.5,2.0037589828634603,2.050138294731916,135.0,858.0,1.0,True,0.03334630133940977,62.815988835725676,Audit departure window and facility handoff
IND577002AAA,IND580028AAA,11,11,1,101.0,140.7195,163.0,227.0,1.613861386138614,1.6678398642003238,62.0,740.0,1.0,True,0.06113488578891791,62.79405901116427,Audit departure window and facility handoff
IND502220AAC,IND501359AAE,15,15,1,130.0,146.9617,169.0,243.0,1.3076923076923077,1.3243345665703312,40.0,631.0,0.8,True,0.06669260267881955,62.7591706539075,Assess parallel route and capacity relief
IND742101AAC,IND731237AAB,7,7,1,30.0,42.0135,79.0,123.0,2.6333333333333333,2.8347184932879186,49.0,364.0,1.0,True,0.0389040182293114,62.68042264752791,Audit departure window and facility handoff
IND515004AAA,IND562132AAA,8,8,1,184.0,205.1086,314.0,419.0,1.7251207729468598,1.703420250257385,132.0,1032.0,1.0,True,0.04446173511921303,62.659489633173834,Audit departure window and facility handoff
IND342005AAD,IND342902AAA,5,5,1,94.0,102.7041,207.0,377.0,2.202127659574468,2.5335697399527186,113.0,707.0,1.0,True,0.02778858444950814,62.60167464114832,Audit departure window and facility handoff
IND756100AAC,IND758001AAA,3,3,1,131.0,176.4991,321.0,449.0,2.3777777777777778,3.188410714066207,186.0,849.0,1.0,False,0.016673150669704886,62.59669059011165,Monitor; current evidence does not justify capital action
IND848210AAA,IND851127AAA,14,14,1,26.0,29.03335,48.0,71.5,1.8304843304843306,1.9355921855921856,22.0,356.0,0.9285714285714286,True,0.07225031956872117,62.585725677830936,Audit departure window and facility handoff
IND600056AAB,IND501359AAE,5,5,1,486.0,678.4175,876.0,1419.0,1.8024691358024691,1.7756056170718257,390.0,1884.0,1.0,True,0.02778858444950814,62.55781499202552,Audit departure window and facility handoff
IND563125AAB,IND560300AAA,3,3,1,53.0,59.1122,204.0,227.0,3.849056603773585,3.8479680696661824,151.0,450.0,1.0,False,0.016673150669704886,62.547846889952154,Monitor; current evidence does not justify capital action
IND131028AAB,IND124507AAA,10,10,1,42.0,36.71885,83.0,184.0,1.9404761904761905,2.1397042065899496,39.5,485.0,1.0,True,0.05557716889901628,62.53987240829346,Audit departure window and facility handoff
IND110014AAA,IND110024AAA,9,9,1,11.0,11.2342,34.0,86.0,3.4285714285714284,3.49500962000962,23.0,225.0,1.0,True,0.05001945200911465,62.52791068580542,Audit departure window and facility handoff
IND382430AAB,IND384205AAA,13,13,1,85.0,95.101,113.0,277.0,1.3333333333333333,1.6816338073691015,28.0,748.0,1.0,True,0.07225031956872117,62.501993620414666,Audit departure window and facility handoff
IND123401AAB,IND123106AAB,10,10,1,50.0,53.46755,98.0,131.5,1.96,1.9276199095022624,48.0,467.0,1.0,True,0.05557716889901628,62.479066985645936,Audit departure window and facility handoff
IND683511AAA,IND68004AAA,13,13,1,48.0,53.6268,69.0,457.0,1.4,2.103813838137546,20.0,691.0,0.9230769230769231,True,0.06669260267881955,62.463118022328544,Audit departure window and facility handoff
IND151506AAA,IND151001AAA,11,11,1,74.0,82.5825,108.0,359.0,1.4594594594594594,2.0631318916664965,34.0,926.0,0.9090909090909091,True,0.05557716889901628,62.44118819776714,Audit departure window and facility handoff
IND131021AAA,IND131028AAA,42,42,1,12.0,13.2862,18.0,45.0,1.696969696969697,1.7767348392348392,7.5,345.0,0.8809523809523809,True,0.20563552492636025,62.40929027113238,Assess parallel route and capacity relief
IND580028AAA,IND581402AAA,15,15,1,83.0,93.0582,120.0,636.0,1.4216867469879517,1.4387555461833288,35.0,547.0,1.0,True,0.08336575334852443,62.407296650717704,Assess parallel route and capacity relief
IND600044AAD,IND600056AAB,12,12,1,36.0,36.621399999999994,67.0,114.0,1.8611111111111112,1.9509241384241385,31.0,406.0,1.0,True,0.06669260267881955,62.400318979266345,Audit departure window and facility handoff
IND500010AAA,IND501359AAE,6,6,1,36.0,45.38835,88.5,427.5,2.243886743886744,3.527585725260144,49.0,554.0,1.0,True,0.03334630133940977,62.372408293460936,Audit departure window and facility handoff
IND465683AAA,IND465001AAA,13,13,1,68.0,55.097,100.0,110.0,1.4492753623188406,1.7330543773896065,31.0,646.0,0.9230769230769231,True,0.06669260267881955,62.3604465709729,Audit departure window and facility handoff
IND688524AAA,IND683511AAA,7,7,1,51.0,54.2155,118.0,174.0,2.269230769230769,2.2593578970049557,66.0,455.0,1.0,True,0.0389040182293114,62.35346889952154,Audit departure window and facility handoff
IND160002AAC,IND147101AAA,7,7,1,59.0,73.8163,132.0,218.0,2.176470588235294,2.1766728787629375,73.0,505.0,1.0,True,0.0389040182293114,62.27372408293461,Audit departure window and facility handoff
IND621704AAA,IND621802AAA,12,12,1,31.0,38.7775,61.0,77.5,1.953125,1.9313815888412662,30.5,357.0,1.0,True,0.06669260267881955,62.259768740031895,Audit departure window and facility handoff
IND485001AAC,IND485771AAA,3,3,1,33.0,43.3326,101.0,424.0,3.0606060606060606,6.191919191919191,68.0,514.0,1.0,False,0.016673150669704886,62.2079346092504,Monitor; current evidence does not justify capital action
IND679303AAA,IND679531AAA,9,9,1,16.0,17.1335,46.0,58.0,2.8125,2.7004901960784315,30.0,252.0,1.0,True,0.05001945200911465,62.07934609250398,Audit departure window and facility handoff
IND742202AAA,IND712311AAA,2,2,1,180.0,253.411,522.5,675.5,2.9034383777277077,2.9034383777277077,342.5,685.0,1.0,False,0.011115433779803258,62.063397129186605,Monitor; current evidence does not justify capital action
IND562132AAA,IND577598AAC,10,10,1,117.5,145.95639999999997,194.0,613.5,1.6425467188179053,1.6670892085647817,76.0,785.0,1.0,True,0.05557716889901628,62.043460925039874,Audit departure window and facility handoff
IND821115AAB,IND802101AAA,6,6,1,76.0,84.54055,165.0,192.5,2.2156756756756755,2.234172593646278,90.5,559.0,1.0,True,0.03334630133940977,62.03448963317385,Audit departure window and facility handoff
IND574104AAA,IND574216AAA,10,10,1,46.5,54.019149999999996,90.5,109.5,1.9673913043478262,1.948381128584644,44.5,442.0,1.0,True,0.05557716889901628,61.96371610845295,Audit departure window and facility handoff
IND532127AAA,IND535591AAA,14,14,1,43.0,48.6219,70.5,87.0,1.6705426356589148,1.699244222001697,28.5,422.0,1.0,True,0.0778080364586228,61.96371610845295,Audit departure window and facility handoff
IND790001AAB,IND784001AAA,1,1,1,120.0,153.8969,846.0,909.0,7.05,7.05,726.0,726.0,1.0,False,0.005557716889901629,61.9298245614035,Monitor; current evidence does not justify capital action
IND802119AAA,IND802158AAB,12,12,1,38.0,51.8673,69.0,101.5,1.8513513513513513,1.8553212987423515,31.5,392.0,1.0,True,0.06669260267881955,61.88297448165869,Audit departure window and facility handoff
IND521301AAA,IND521001AAA,13,13,1,25.0,36.3732,48.0,66.0,1.92,1.982800788954635,23.0,329.0,1.0,True,0.07225031956872117,61.87998405103667,Audit departure window and facility handoff
IND246424AAA,IND246174AAA,10,10,1,138.0,92.3446,175.0,1134.5,1.2563086548488007,1.9592230699345379,35.5,1352.0,0.6,True,0.03334630133940977,61.85007974481659,Audit departure window and facility handoff
IND444005AAB,IND443301AAA,5,5,1,81.0,110.207,188.0,351.0,2.375,2.3365260006327206,109.0,539.0,1.0,True,0.02778858444950814,61.797248803827756,Audit departure window and facility handoff
IND400011AAA,IND400072AAB,11,11,1,15.0,16.5948,34.0,73.0,2.357142857142857,2.5521995161701043,19.0,251.0,1.0,True,0.06113488578891791,61.733452950558224,Audit departure window and facility handoff
IND176061AAA,IND160002AAC,1,1,1,280.0,301.92240000000004,1121.0,1144.0,4.003571428571429,4.003571428571429,841.0,841.0,1.0,False,0.005557716889901629,61.69657097288677,Monitor; current evidence does not justify capital action
IND521225AAB,IND501359AAE,6,6,1,255.0,316.0443,446.0,704.5,1.7490196078431373,1.9071917393724995,191.0,1384.0,1.0,True,0.03334630133940977,61.64673046251994,Audit departure window and facility handoff
IND562132AAA,IND560048AAB,11,11,1,40.0,35.4207,77.0,143.0,1.925,1.9142346741833263,37.0,401.0,0.9090909090909091,True,0.05557716889901628,61.60685805422648,Audit departure window and facility handoff
IND495677AAA,IND496001AAA,5,5,1,111.0,132.0614,242.0,296.0,2.18018018018018,2.1608434286186577,131.0,642.0,1.0,True,0.02778858444950814,61.49421850079745,Audit departure window and facility handoff
IND302014AAB,IND303901AAA,6,6,1,20.0,25.29275,63.5,129.0,3.119047619047619,3.5642857142857145,43.5,314.0,1.0,True,0.03334630133940977,61.4872408293461,Audit departure window and facility handoff
IND144001AAC,IND000000ACA,9,9,2,54.0,76.2764,96.0,391.0,1.9245283018867925,2.066853363081626,47.0,522.0,1.0,True,0.05001945200911465,61.35765550239235,Evaluate FTL/Carting shift on supported corridor
IND424201AAA,IND424006AAA,1,1,1,67.0,85.721,707.0,721.0,10.552238805970148,10.552238805970148,640.0,640.0,1.0,False,0.005557716889901629,61.35267145135567,Monitor; current evidence does not justify capital action
IND331507AAA,IND302014AAA,3,3,1,166.0,215.9508,401.0,420.0,2.4011976047904193,2.3938274600853062,234.0,694.0,1.0,False,0.016673150669704886,61.343700159489636,Monitor; current evidence does not justify capital action
IND643212AAA,IND641062AAD,2,2,1,110.5,138.74235000000002,380.5,390.5,3.4441441441441443,3.4441441441441443,270.0,540.0,1.0,False,0.011115433779803258,61.29186602870813,Monitor; current evidence does not justify capital action
IND846004AAA,IND847103AAA,15,15,1,24.0,26.2448,43.0,114.0,1.7916666666666667,1.8881642512077295,19.0,319.0,1.0,True,0.08336575334852443,61.28787878787879,Assess parallel route and capacity relief
IND585104AAA,IND585211AAA,11,11,1,38.0,47.653400000000005,73.0,110.0,1.9210526315789473,1.9325716957295904,35.0,389.0,1.0,True,0.06113488578891791,61.19318181818182,Audit departure window and facility handoff
IND401501AAA,IND401602AAA,10,10,1,25.0,27.90195,54.0,111.5,2.12,2.312648829431438,28.5,337.0,1.0,True,0.05557716889901628,61.19318181818182,Audit departure window and facility handoff
IND000000ACB,IND110043AAC,9,9,1,55.0,52.015,107.0,140.0,1.9454545454545455,1.9872641761530652,52.0,489.0,1.0,True,0.05001945200911465,61.17623604465711,Audit departure window and facility handoff
IND562132AAA,IND683511AAA,2,2,1,434.0,484.35375,977.5,1267.5,2.2549161741199213,2.2549161741199213,543.5,1087.0,1.0,False,0.011115433779803258,61.12240829346093,Monitor; current evidence does not justify capital action
IND396191AAC,IND396232AAA,11,11,1,14.0,16.1013,36.0,72.0,2.5,2.4349941724941724,22.0,217.0,1.0,True,0.06113488578891791,61.10944976076554,Audit departure window and facility handoff
IND573201AAB,IND573116AAA,9,9,1,30.0,39.0488,69.0,105.0,2.090909090909091,2.392391496065331,36.0,386.0,1.0,True,0.05001945200911465,61.10346889952153,Audit departure window and facility handoff
IND506132AAA,IND122001AAJ,12,12,1,34.0,48.3942,63.5,74.0,1.8403361344537816,1.9289746201510907,29.0,377.0,1.0,True,0.06669260267881955,61.08851674641148,Audit departure window and facility handoff
IND395023AAA,IND390022AAA,8,8,1,122.5,169.30975,213.5,401.5,1.735854045478583,1.8574273387419225,90.5,845.0,1.0,True,0.04446173511921303,61.076555023923454,Audit departure window and facility handoff
IND783301AAA,IND783348AAA,11,11,1,33.0,43.2133,63.0,109.0,1.9090909090909092,2.084796831955923,30.0,389.0,1.0,True,0.06113488578891791,61.028708133971286,Audit departure window and facility handoff
IND515134AAA,IND515201AAA,12,12,1,59.0,62.8782,96.5,135.0,1.6497662185856226,1.7028950350776864,38.0,498.0,1.0,True,0.06669260267881955,61.0097687400319,Audit departure window and facility handoff
IND365560AAB,IND364290AAA,7,7,1,29.0,39.9877,74.0,97.0,2.4827586206896552,2.7057100482017056,43.0,352.0,1.0,True,0.0389040182293114,60.98584529505583,Audit departure window and facility handoff
IND802101AAA,IND802119AAA,10,10,1,13.0,18.40215,33.0,71.5,2.5384615384615383,2.770879120879121,20.0,236.0,1.0,True,0.05557716889901628,60.90510366826156,Audit departure window and facility handoff
IND834002AAB,IND829122AAA,7,7,1,32.0,43.9317,78.0,300.0,2.5161290322580645,2.5421947004608296,47.0,342.0,1.0,True,0.0389040182293114,60.90111642743222,Audit departure window and facility handoff
IND441206AAB,IND442605AAA,5,5,1,45.0,58.0608,123.0,135.0,2.7333333333333334,2.7056756233461696,78.0,384.0,1.0,True,0.02778858444950814,60.84529505582137,Audit departure window and facility handoff
IND570020AAA,IND571301AAA,7,7,1,22.0,26.6325,60.0,136.0,2.95,2.68462727748442,39.0,274.0,1.0,True,0.0389040182293114,60.81539074960127,Audit departure window and facility handoff
IND532421AAA,IND532201AAA,13,13,1,20.0,27.8023,42.0,48.0,2.0,2.053266740998939,22.0,269.0,1.0,True,0.07225031956872117,60.805422647527905,Audit departure window and facility handoff
IND209206AAB,IND210301AAA,11,11,1,15.0,21.9401,31.0,55.0,2.2,2.5141552075375606,17.0,267.0,1.0,True,0.06113488578891791,60.77950558213716,Audit departure window and facility handoff
IND311301AAA,IND305624AAA,3,3,1,35.0,47.2019,145.0,182.0,4.142857142857143,4.677344877344878,110.0,376.0,1.0,False,0.016673150669704886,60.736642743221694,Monitor; current evidence does not justify capital action
IND263153AAB,IND244715AAA,11,11,1,93.0,80.53460000000001,144.0,234.0,1.5483870967741935,1.629281158696873,51.0,644.0,1.0,True,0.06113488578891791,60.68082137161085,Audit departure window and facility handoff
IND781124AAA,IND781018AAB,3,3,1,31.0,32.274,146.0,170.0,4.709677419354839,4.90752688172043,115.0,360.0,1.0,False,0.016673150669704886,60.64992025518341,Monitor; current evidence does not justify capital action
IND583201AAA,IND583227AAA,11,11,1,30.0,27.722900000000003,60.0,79.0,2.0,2.002423568274514,30.0,335.0,1.0,True,0.06113488578891791,60.62001594896332,Audit departure window and facility handoff
IND341306AAA,IND302014AAA,3,3,1,171.0,217.0141,400.0,436.0,2.3529411764705883,2.3219197830232385,230.0,679.0,1.0,False,0.016673150669704886,60.60705741626794,Monitor; current evidence does not justify capital action
IND742102AAB,IND731237AAB,5,5,1,30.0,42.2272,88.0,154.0,2.9655172413793105,3.3507993008104244,57.0,349.0,1.0,True,0.02778858444950814,60.562200956937794,Audit departure window and facility handoff
IND131028AAB,IND110037AAM,6,6,1,57.5,49.28985,132.5,307.5,2.2650496785505556,2.3246540716335127,74.0,454.0,1.0,True,0.03334630133940977,60.558213716108455,Audit departure window and facility handoff
IND560043AAC,IND560064AAA,27,27,1,18.0,13.7851,29.0,51.0,1.6111111111111112,1.6971742855686784,11.0,338.0,1.0,True,0.15005835602734396,60.55322966507176,Assess parallel route and capacity relief
IND201306AAA,IND201301AAF,7,7,1,19.0,17.377599999999997,62.0,136.0,2.9523809523809526,2.9807912638739706,41.0,269.0,1.0,True,0.0389040182293114,60.51634768740032,Audit departure window and facility handoff
IND131028AAB,IND132103AAA,2,2,1,46.0,59.6565,256.0,450.0,5.326923076923077,5.326923076923077,210.0,420.0,1.0,False,0.011115433779803258,60.50139553429027,Monitor; current evidence does not justify capital action
IND533106AAA,IND534260AAC,3,3,1,59.0,72.3474,206.0,306.0,3.433333333333333,3.2827651146178325,146.0,405.0,1.0,False,0.016673150669704886,60.494417862838915,Monitor; current evidence does not justify capital action
IND625106AAA,IND625008AAA,13,13,1,43.0,44.142300000000006,77.0,91.0,1.7173913043478262,1.6745282972279938,33.0,383.0,1.0,True,0.07225031956872117,60.48943381180224,Audit departure window and facility handoff
IND641062AAD,IND642126AAA,12,12,1,72.0,71.57885,107.5,314.0,1.482781582952816,1.6831037578191737,35.0,593.0,1.0,True,0.06669260267881955,60.48544657097289,Audit departure window and facility handoff
IND263153AAB,IND263139AAA,7,7,1,41.0,35.443400000000004,95.0,182.0,2.261904761904762,2.3579766052762565,53.0,391.0,1.0,True,0.0389040182293114,60.46451355661881,Audit departure window and facility handoff
IND416012AAA,IND591237AAB,8,8,1,31.5,40.43745,76.0,195.0,2.3014705882352944,2.343160119110368,43.0,338.0,1.0,True,0.04446173511921303,60.45454545454545,Audit departure window and facility handoff
IND400015AAB,IND400072AAB,5,5,1,17.0,18.7698,78.0,124.0,4.411764705882353,4.087462863933452,58.0,276.0,1.0,True,0.02778858444950814,60.41467304625199,Audit departure window and facility handoff
IND787057AAA,IND787059AAB,10,10,1,24.5,27.167650000000002,53.0,91.0,2.12,2.292277591973244,28.0,316.0,1.0,True,0.05557716889901628,60.412679425837325,Audit departure window and facility handoff
IND441614AAA,IND481001AAA,9,9,1,27.0,38.9986,62.0,88.0,2.2962962962962963,2.2551440329218106,35.0,302.0,1.0,True,0.05001945200911465,60.40370813397129,Audit departure window and facility handoff
IND854105AAB,IND851204AAA,4,4,1,95.0,135.0675,226.0,255.5,2.3917693169092944,2.416937290033595,131.5,537.0,1.0,False,0.022230867559606515,60.38377192982456,Monitor; current evidence does not justify capital action
IND501359AAG,IND000000ACN,6,6,1,20.0,24.6488,55.0,196.0,2.822368421052632,3.5628146453089244,35.5,318.0,1.0,True,0.03334630133940977,60.37579744816587,Audit departure window and facility handoff
IND627117AAA,IND629001AAA,11,11,1,32.0,35.1044,62.0,93.0,1.9375,1.98308117368515,30.0,359.0,1.0,True,0.06113488578891791,60.36582934609251,Audit departure window and facility handoff
IND68004AAA,IND683511AAA,6,6,1,52.5,56.272450000000006,125.5,179.0,2.3693019943019946,2.307645272267914,72.5,412.0,1.0,True,0.03334630133940977,60.344896331738425,Audit departure window and facility handoff
IND411014AAA,IND411043AAA,3,3,1,15.0,15.8151,65.0,226.0,4.333333333333333,7.922222222222222,50.0,359.0,1.0,False,0.016673150669704886,60.3329346092504,Monitor; current evidence does not justify capital action
IND421301AAA,IND421302AAR,7,7,1,10.0,12.6019,38.0,147.0,3.8,4.277272727272727,28.0,230.0,1.0,True,0.0389040182293114,60.313995215311,Audit departure window and facility handoff
IND741156AAA,IND742102AAB,6,6,1,32.0,44.33595,81.5,154.5,2.5056818181818183,2.9081439393939394,49.0,371.0,1.0,True,0.03334630133940977,60.31299840510367,Audit departure window and facility handoff
IND581110AAE,IND581119AAB,11,11,1,43.0,54.336400000000005,82.0,111.0,1.8636363636363635,1.814722275610225,38.0,388.0,1.0,True,0.06113488578891791,60.31100478468899,Audit departure window and facility handoff
IND395004AAB,IND395023AAD,3,3,1,17.0,17.4013,143.0,170.0,8.411764705882353,7.768627450980392,126.0,326.0,1.0,False,0.016673150669704886,60.29505582137161,Monitor; current evidence does not justify capital action
IND160002AAC,IND184104AAA,5,5,1,249.0,314.2983,459.0,946.0,1.8433734939759037,1.8552886643347584,210.0,1065.0,1.0,True,0.02778858444950814,60.23524720893142,Audit departure window and facility handoff
IND583201AAA,IND583119AAA,7,7,1,27.0,29.0801,63.0,88.0,2.3333333333333335,2.955433455433455,36.0,368.0,1.0,True,0.0389040182293114,60.20434609250399,Audit departure window and facility handoff
IND560078AAC,IND562132AAA,14,14,1,42.0,34.737849999999995,63.5,105.5,1.5119047619047619,1.7619090376565458,21.5,439.0,0.9285714285714286,True,0.07225031956872117,60.18042264752791,Audit departure window and facility handoff
IND341503AAB,IND341510AAB,7,7,1,33.0,47.3069,81.0,104.0,2.4545454545454546,2.43353705118411,48.0,335.0,1.0,True,0.0389040182293114,60.150518341307816,Audit departure window and facility handoff
IND277201AAA,IND221706AAA,5,5,1,62.0,86.38380000000001,142.0,184.0,2.4107142857142856,2.4600230414746544,79.0,445.0,1.0,True,0.02778858444950814,60.14055023923445,Audit departure window and facility handoff
IND784168AAB,IND784176AAA,6,6,1,41.0,58.5142,105.0,147.0,2.5272938443670148,2.4981865232186156,63.5,363.0,1.0,True,0.03334630133940977,60.12858851674642,Audit departure window and facility handoff
IND501359AAE,IND712311AAA,2,2,1,1057.5,1471.3070500000001,2093.0,2378.0,1.979167151030219,1.979167151030219,1035.5,2071.0,1.0,False,0.011115433779803258,60.12161084529506,Monitor; current evidence does not justify capital action
IND110037AAM,IND282001AAA,2,2,1,149.5,202.68355,430.5,587.0,2.8709951673527834,2.8709951673527834,281.0,562.0,1.0,False,0.011115433779803258,60.08871610845294,Monitor; current evidence does not justify capital action
IND110092AAC,IND000000ACB,6,6,1,68.0,69.1793,144.0,187.5,2.196239151398264,2.1748191317391767,77.5,474.0,1.0,True,0.03334630133940977,60.038875598086115,Audit departure window and facility handoff
IND501359AAE,IND509001AAA,13,13,1,56.0,76.8268,84.0,300.0,1.4736842105263157,1.684734563681932,27.0,504.0,1.0,True,0.07225031956872117,60.013955342902705,Audit departure window and facility handoff
IND533106AAA,IND533242AAA,3,3,1,76.0,94.0226,211.0,280.0,2.74025974025974,3.071314650262019,134.0,474.0,1.0,False,0.016673150669704886,60.00697767145135,Monitor; current evidence does not justify capital action
IND611001AAA,IND610001AAA,10,10,1,17.0,23.65435,38.5,61.5,2.34375,2.4741013071895424,22.0,251.0,1.0,True,0.05557716889901628,60.0,Audit departure window and facility handoff
IND620020AAA,IND621112AAA,24,24,1,13.5,15.641,22.5,49.5,1.7596153846153846,1.8603956807081807,10.0,272.0,1.0,True,0.1333852053576391,59.95713716108453,Assess parallel route and capacity relief
IND742101AAC,IND742303AAB,7,7,1,29.0,38.274,70.0,159.0,2.5,2.58515130190007,42.0,318.0,1.0,True,0.0389040182293114,59.952153110047846,Audit departure window and facility handoff
IND152026AAA,IND160002AAC,1,1,1,180.0,243.8385,811.0,975.0,4.5055555555555555,4.5055555555555555,631.0,631.0,1.0,False,0.005557716889901629,59.89234449760765,Monitor; current evidence does not justify capital action
IND583101AAA,IND577535AAC,10,10,1,43.0,59.75025,79.0,150.5,1.8372093023255813,2.03953488372093,36.0,447.0,1.0,True,0.05557716889901628,59.89134768740032,Audit departure window and facility handoff
IND173212AAA,IND173220AAA,5,5,1,28.0,36.8201,86.0,133.0,3.3076923076923075,3.2189458689458688,60.0,304.0,1.0,True,0.02778858444950814,59.87739234449761,Audit departure window and facility handoff
IND560300AAA,IND560058AAB,26,26,1,35.0,31.3395,46.0,100.5,1.343137254901961,1.4565216359334008,12.0,413.0,0.5769230769230769,True,0.08336575334852442,59.869417862838915,Assess parallel route and capacity relief
IND733129AAA,IND732103AAB,3,3,1,48.0,60.4425,163.0,211.0,3.7906976744186047,3.6385658914728682,120.0,366.0,1.0,False,0.016673150669704886,59.82854864433812,Monitor; current evidence does not justify capital action
IND563131AAA,IND563125AAB,11,11,1,43.0,51.4255,79.0,91.0,1.8372093023255813,1.8223283359930604,36.0,388.0,1.0,True,0.06113488578891791,59.822567783094094,Audit departure window and facility handoff
IND400102AAC,IND400052AAA,6,6,1,11.5,11.08465,47.0,101.0,4.007142857142857,4.451302401302401,35.5,244.0,1.0,True,0.03334630133940977,59.786682615629985,Audit departure window and facility handoff
IND184121AAA,IND160002AAC,4,4,1,265.5,340.5617,496.0,548.5,1.8680876720102142,2.1020747623776423,230.5,1171.0,1.0,False,0.022230867559606515,59.784688995215305,Monitor; current evidence does not justify capital action
IND221010AAB,IND232101AAB,1,1,1,21.0,25.0859,567.0,697.0,27.0,27.0,546.0,546.0,1.0,False,0.005557716889901629,59.773724082934606,Monitor; current evidence does not justify capital action
IND160002AAC,IND562132AAA,1,1,1,1686.0,2326.1991000000003,3784.0,3802.0,2.244365361803084,2.244365361803084,2098.0,2098.0,1.0,False,0.005557716889901629,59.762759170653915,Monitor; current evidence does not justify capital action
IND788121AAA,IND796081AAA,3,3,1,50.0,71.14580000000001,182.0,185.0,3.5,3.48,130.0,377.0,1.0,False,0.016673150669704886,59.7597687400319,Monitor; current evidence does not justify capital action
IND631003AAA,IND600056AAB,5,5,1,39.0,42.421800000000005,106.0,210.0,2.717948717948718,2.8824358974358977,67.0,358.0,1.0,True,0.02778858444950814,59.73185805422647,Audit departure window and facility handoff
IND160002AAC,IND140301AAA,14,14,1,47.0,63.0595,68.0,139.0,1.4468085106382977,1.6896392229417205,21.0,452.0,0.9285714285714286,True,0.07225031956872117,59.7298644338118,Audit departure window and facility handoff
IND110037AAM,IND201301AAD,3,3,1,37.0,32.6532,169.0,257.0,4.5675675675675675,4.107593307593308,132.0,337.0,1.0,False,0.016673150669704886,59.69896331738437,Monitor; current evidence does not justify capital action
IND713205AAB,IND722101AAC,4,4,1,51.0,53.3044,141.5,177.0,2.7745098039215685,2.8551309412653954,90.5,387.0,1.0,False,0.022230867559606515,59.66307814992026,Monitor; current evidence does not justify capital action
IND524201AAA,IND523002AAA,12,12,1,67.5,88.0688,77.0,421.0,1.1666666666666667,1.8862288128683147,11.5,698.0,0.3333333333333333,False,0.022230867559606515,59.66008771929825,Monitor; current evidence does not justify capital action
IND695012AAA,IND691001AAB,12,12,1,65.0,63.7633,100.0,169.0,1.547008547008547,1.6410416261978762,35.0,497.0,1.0,True,0.06669260267881955,59.6371610845295,Audit departure window and facility handoff
IND562132AAA,IND515004AAA,9,9,1,183.0,203.4164,280.0,386.0,1.5469613259668509,1.4981686922272903,99.0,818.0,1.0,True,0.05001945200911465,59.55542264752791,Audit departure window and facility handoff
IND781018AAB,IND784001AAA,4,4,1,138.5,177.5864,299.5,501.0,2.162991346053592,2.127706879244304,161.0,624.0,1.0,False,0.022230867559606515,59.55542264752791,Monitor; current evidence does not justify capital action
IND421302AAG,IND421401AAC,6,6,1,31.0,42.894499999999994,78.5,119.0,2.571068548387097,2.8279809907834106,47.5,338.0,1.0,True,0.03334630133940977,59.55342902711324,Audit departure window and facility handoff
IND000000ACB,IND124112AAA,5,5,1,90.0,112.7103,188.0,283.0,2.065934065934066,2.352254913545236,97.0,615.0,1.0,True,0.02778858444950814,59.53349282296651,Audit departure window and facility handoff
IND673573AAA,IND673592AAA,12,12,1,62.0,59.90395,97.5,120.5,1.60193019566367,1.6306526684485616,37.0,464.0,1.0,True,0.06669260267881955,59.52950558213716,Audit departure window and facility handoff
IND431127AAA,IND414502AAA,7,7,1,56.0,62.2876,118.0,139.0,2.107142857142857,2.0888381668456857,62.0,430.0,1.0,True,0.0389040182293114,59.526515151515156,Audit departure window and facility handoff
IND110037AAM,IND811399AAA,7,7,1,37.0,32.5571,80.0,263.0,2.1052631578947367,2.6742033940176353,42.0,431.0,0.5714285714285714,True,0.022230867559606515,59.51355661881978,Audit departure window and facility handoff
IND683511AAA,IND680104AAA,11,11,1,80.0,79.1653,121.0,457.0,1.5,1.7021271895217043,40.0,615.0,0.9090909090909091,True,0.05557716889901628,59.510566188197764,Audit departure window and facility handoff
IND125001AAA,IND335523AAB,2,2,1,118.5,127.4623,366.0,437.0,3.0882352941176467,3.0882352941176467,247.5,495.0,1.0,False,0.011115433779803258,59.502591706539086,Monitor; current evidence does not justify capital action
IND141003AAB,IND142026AAA,15,15,1,33.0,42.215900000000005,56.0,83.0,1.6774193548387097,1.650157624633431,22.0,324.0,1.0,True,0.08336575334852443,59.49262360446571,Assess parallel route and capacity relief
IND110052AAA,IND000000ACB,10,10,1,63.5,67.77295000000001,107.0,229.0,1.6617866004962778,1.893538294143133,42.0,569.0,1.0,True,0.05557716889901628,59.491626794258366,Audit departure window and facility handoff
IND403726AAA,IND416510AAA,4,4,1,83.5,87.15074999999999,194.0,278.5,2.414342300709688,2.460112326825432,111.5,478.0,1.0,False,0.022230867559606515,59.46670653907496,Monitor; current evidence does not justify capital action
IND124141AAA,IND000000ACB,7,7,1,79.0,92.8497,156.0,168.0,1.9746835443037976,1.9557549575126212,77.0,531.0,1.0,True,0.0389040182293114,59.40590111642744,Audit departure window and facility handoff
IND811399AAA,IND209304AAA,6,6,1,323.5,435.66369999999995,525.0,567.5,1.6231389637444336,1.6824050968972308,201.5,1322.0,1.0,True,0.03334630133940977,59.391945773524725,Audit departure window and facility handoff
IND642001AAA,IND641062AAD,12,12,1,57.0,64.3744,91.5,153.0,1.619517543859649,1.6462708495376372,35.0,446.0,1.0,True,0.06669260267881955,59.361044657097295,Audit departure window and facility handoff
IND370110AAA,IND370001AAA,10,10,1,31.5,43.04605,62.0,78.5,2.0339366515837103,2.0849181032352284,31.5,327.0,1.0,True,0.05557716889901628,59.35905103668261,Audit departure window and facility handoff
IND742121AAA,IND742102AAB,5,5,1,22.0,25.3586,82.0,91.0,3.5652173913043477,3.6071611253196934,59.0,277.0,1.0,True,0.02778858444950814,59.3122009569378,Audit departure window and facility handoff
IND413002AAA,IND413501AAA,14,14,1,48.0,64.72665,74.0,113.5,1.5638297872340425,1.5703204154002026,26.5,381.0,1.0,True,0.0778080364586228,59.21650717703349,Audit departure window and facility handoff
IND416510AAA,IND416606AAA,8,8,1,46.5,48.2077,96.0,115.5,2.0531914893617023,2.0625513927433445,49.5,394.0,1.0,True,0.04446173511921303,59.21451355661882,Audit departure window and facility handoff
IND110044AAB,IND110030AAD,22,22,1,15.0,13.515799999999999,25.0,88.0,1.657142857142857,1.8723575036075035,10.0,302.0,1.0,True,0.12226977157783582,59.190590111642734,Assess parallel route and capacity relief
IND805110AAD,IND803116AAA,9,9,1,21.0,24.829,49.0,76.0,2.3333333333333335,2.43787306430327,28.0,267.0,1.0,True,0.05001945200911465,59.166666666666664,Audit departure window and facility handoff
IND144001AAB,IND160002AAC,1,1,1,116.0,162.17829999999998,674.0,865.0,5.810344827586207,5.810344827586207,558.0,558.0,1.0,False,0.005557716889901629,59.15071770334927,Monitor; current evidence does not justify capital action
IND673121AAA,IND670645AAB,8,8,1,31.5,30.5652,69.5,87.5,2.207157258064516,2.340460698575618,38.0,336.0,1.0,True,0.04446173511921303,59.13377192982456,Audit departure window and facility handoff
IND342005AAD,IND342601AAA,6,6,1,49.5,60.78105,106.5,285.5,2.1734693877551017,2.4653554755235425,57.5,443.0,1.0,True,0.03334630133940977,59.09589314194578,Audit departure window and facility handoff
IND362001AAA,IND362220AAA,10,10,1,24.0,34.604150000000004,49.0,75.5,2.0416666666666665,2.247848636870376,25.0,314.0,1.0,True,0.05557716889901628,59.08193779904306,Audit departure window and facility handoff
IND000000ACB,IND124103AAA,10,10,1,47.0,49.4519,84.0,257.5,1.8043478260869565,1.8962492792043542,37.0,440.0,1.0,True,0.05557716889901628,59.021132376395535,Audit departure window and facility handoff
IND680587AAA,IND683511AAA,3,3,1,80.0,91.7184,219.0,281.0,2.7375,2.8125,139.0,435.0,1.0,False,0.016673150669704886,59.01814194577353,Monitor; current evidence does not justify capital action
IND400037AAA,IND400072AAJ,7,7,1,13.0,14.5401,44.0,109.0,3.3333333333333335,3.2473892567060267,32.0,221.0,1.0,True,0.0389040182293114,59.01315789473684,Audit departure window and facility handoff
IND577522AAA,IND562132AAA,10,10,1,140.0,183.659,209.0,234.5,1.4928571428571429,1.4991880781089413,69.0,697.0,1.0,True,0.05557716889901628,58.962320574162675,Audit departure window and facility handoff
IND503122AAA,IND502110AAA,14,14,1,37.0,40.5767,58.0,74.0,1.5526315789473684,1.7301220393325656,21.0,378.0,1.0,True,0.0778080364586228,58.95933014354067,Audit departure window and facility handoff
IND518002AAA,IND518501AAA,14,14,1,57.0,71.74279999999999,86.5,270.5,1.5080645161290323,1.4950611494897335,29.5,396.0,1.0,True,0.0778080364586228,58.88257575757575,Audit departure window and facility handoff
IND421302AAG,IND834002AAB,1,1,1,1140.0,1589.5032,2622.0,2864.0,2.3,2.3,1482.0,1482.0,1.0,False,0.005557716889901629,58.84669059011164,Monitor; current evidence does not justify capital action
IND395023AAD,IND395004AAB,10,10,1,15.0,16.284950000000002,38.0,78.0,2.3529411764705883,2.47316454787043,20.5,230.0,1.0,True,0.05557716889901628,58.84569377990431,Audit departure window and facility handoff
IND803101AAA,IND805110AAD,9,9,1,23.0,32.2741,52.0,102.0,2.260869565217391,2.3249942489072923,29.0,270.0,1.0,True,0.05001945200911465,58.68221690590112,Audit departure window and facility handoff
IND110037AAM,IND201007AAA,6,6,1,34.5,30.137050000000002,88.0,253.0,2.492016806722689,2.5746000201882553,52.5,332.0,1.0,True,0.03334630133940977,58.66427432216905,Audit departure window and facility handoff
IND263153AAB,IND263002AAA,10,10,1,99.0,95.3921,148.5,241.0,1.5091117359158597,1.6606999844366932,50.0,654.0,1.0,True,0.05557716889901628,58.64932216905901,Audit departure window and facility handoff
IND501359AAE,IND500039AAD,6,6,1,30.0,36.22695,75.5,226.5,2.7270114942528734,2.667785193424793,48.5,291.0,1.0,True,0.03334630133940977,58.64234449760766,Audit departure window and facility handoff
IND302014AAB,IND302020AAA,13,13,1,12.0,13.878,24.0,56.0,2.0833333333333335,2.2959028151335845,13.0,205.0,1.0,True,0.07225031956872117,58.630382775119614,Audit departure window and facility handoff
IND560099AAB,IND560060AAB,21,21,1,33.0,31.640400000000003,44.0,120.0,1.375,1.5416813646720124,12.0,381.0,0.7619047619047619,True,0.08892347023842606,58.61742424242424,Assess parallel route and capacity relief
IND842001AAA,IND845418AAB,6,6,1,80.0,101.6531,159.0,235.0,1.9875,2.1597222222222223,79.0,560.0,1.0,True,0.03334630133940977,58.57854864433813,Audit departure window and facility handoff
IND781018AAB,IND785612AAB,2,2,1,196.5,265.5495,497.0,758.5,2.5335275835275834,2.5335275835275834,300.5,601.0,1.0,False,0.011115433779803258,58.567583732057415,Monitor; current evidence does not justify capital action
IND761200AAA,IND532001AAB,7,7,1,50.0,71.4701,110.0,116.0,2.1153846153846154,2.112077138547727,58.0,392.0,1.0,True,0.0389040182293114,58.50777511961722,Audit departure window and facility handoff
IND486889AAA,IND231216AAA,3,3,1,91.0,110.3874,236.0,291.0,2.5934065934065935,2.6501035196687375,145.0,452.0,1.0,False,0.016673150669704886,58.49581339712919,Monitor; current evidence does not justify capital action
IND487551AAA,IND464668AAA,4,4,1,67.5,80.392,165.0,197.5,2.498277841561424,2.5398997903459293,99.0,415.0,1.0,False,0.022230867559606515,58.49581339712919,Monitor; current evidence does not justify capital action
IND500050AAA,IND501218AAC,3,3,1,28.0,32.4683,160.0,217.0,5.566666666666666,4.403174603174603,132.0,295.0,1.0,False,0.016673150669704886,58.44597288676236,Monitor; current evidence does not justify capital action
IND132001AAA,IND131028AAB,2,2,1,76.0,95.79400000000001,278.5,412.5,3.664473684210526,3.664473684210526,202.5,405.0,1.0,False,0.011115433779803258,58.37719298245614,Monitor; current evidence does not justify capital action
IND285205AAB,IND210431AAA,4,4,1,80.0,82.2774,190.5,244.5,2.38125,2.394212962962963,110.5,448.0,1.0,False,0.022230867559606515,58.3732057416268,Monitor; current evidence does not justify capital action
IND532201AAA,IND532222AAA,14,14,1,24.5,27.6346,42.5,69.0,1.7349999999999999,1.8624482401656315,18.0,294.0,1.0,True,0.0778080364586228,58.37320574162679,Audit departure window and facility handoff
IND123001AAA,IND123401AAB,10,10,1,34.5,44.05245,67.5,91.5,1.9558823529411766,1.983547237076649,33.0,337.0,1.0,True,0.05557716889901628,58.34728867623604,Audit departure window and facility handoff
IND621802AAA,IND608301AAA,9,9,1,17.0,24.2885,42.0,54.0,2.5555555555555554,2.390432098765432,26.0,216.0,1.0,True,0.05001945200911465,58.325358851674636,Audit departure window and facility handoff
IND140301AAA,IND140901AAA,12,12,1,15.0,16.18535,32.0,51.5,2.133928571428571,2.149404761904762,17.0,208.0,1.0,True,0.06669260267881955,58.26555023923446,Audit departure window and facility handoff
IND121004AAA,IND121004AAB,9,9,1,14.0,17.301299999999998,32.0,77.0,2.2666666666666666,3.0393722018722023,19.0,259.0,1.0,True,0.05001945200911465,58.249601275917065,Audit departure window and facility handoff
IND441904AAB,IND441912AAA,12,12,1,29.0,31.0344,50.0,75.0,1.7857142857142856,1.9588464696223316,22.0,331.0,1.0,True,0.06669260267881955,58.227671451355654,Audit departure window and facility handoff
IND522647AAA,IND523201AAA,13,13,1,50.0,59.9626,79.0,117.0,1.58,1.5810256410256411,29.0,379.0,1.0,True,0.07225031956872117,58.18082137161083,Audit departure window and facility handoff
IND148028AAA,IND147001AAB,9,9,1,53.0,65.1176,98.0,121.0,1.849056603773585,1.8905914432643993,45.0,429.0,1.0,True,0.05001945200911465,58.13895534290271,Audit departure window and facility handoff
IND335051AAA,IND335513AAA,5,5,1,100.0,110.4233,214.0,337.0,2.118811881188119,1.9966381932310877,113.0,502.0,1.0,True,0.02778858444950814,58.12500000000001,Audit departure window and facility handoff
IND845418AAB,IND845438AAA,6,6,1,57.0,72.4673,123.0,174.5,2.173321234119782,2.195540706520743,67.0,409.0,1.0,True,0.03334630133940977,58.12500000000001,Audit departure window and facility handoff
IND209304AAA,IND206122AAA,12,12,1,49.0,70.33945,81.5,527.5,1.6428571428571428,1.624676306998209,31.5,386.0,0.9166666666666666,True,0.06113488578891791,57.98644338118022,Audit departure window and facility handoff
IND607106AAA,IND607801AAA,12,12,1,12.0,17.6402,27.0,43.0,2.16025641025641,2.3488733488733486,14.5,198.0,1.0,True,0.06669260267881955,57.9774720893142,Audit departure window and facility handoff
IND501359AAE,IND508252AAB,7,7,1,46.0,66.4524,94.0,389.0,2.0434782608695654,2.2403679173532765,48.0,410.0,1.0,True,0.0389040182293114,57.949561403508774,Audit departure window and facility handoff
IND581119AAB,IND577002AAA,10,10,1,45.0,38.93295,80.5,95.5,1.7958656330749352,1.9127853356619788,35.0,408.0,1.0,True,0.05557716889901628,57.89174641148325,Audit departure window and facility handoff
IND713205AAB,IND723130AAA,2,2,1,87.0,110.6939,290.5,537.0,3.316391275611368,3.316391275611368,203.5,407.0,1.0,False,0.011115433779803258,57.85785486443381,Monitor; current evidence does not justify capital action
IND815301AAA,IND814133AAB,3,3,1,115.0,144.9505,281.0,319.0,2.4224137931034484,2.3958770614692653,165.0,483.0,1.0,False,0.016673150669704886,57.84589314194577,Monitor; current evidence does not justify capital action
IND784001AAA,IND791111AAC,3,3,1,119.0,167.8739,285.0,361.0,2.3949579831932772,2.3893557422969187,166.0,496.0,1.0,False,0.016673150669704886,57.79804625199362,Monitor; current evidence does not justify capital action
IND244713AAA,IND263401AAA,11,11,1,23.0,24.3593,44.0,75.0,2.0,2.0774344232842257,22.0,268.0,1.0,True,0.06113488578891791,57.758173843700156,Audit departure window and facility handoff
IND712311AAA,IND713103AAA,6,6,1,59.0,82.56360000000001,126.5,373.5,2.1633547632963177,2.1363237872589127,68.0,400.0,1.0,True,0.03334630133940977,57.75717703349282,Audit departure window and facility handoff
IND501359AAE,IND500008AAC,14,14,1,21.0,27.2718,39.0,134.0,1.814935064935065,1.8218257932543647,17.5,250.0,1.0,True,0.0778080364586228,57.699362041467296,Audit departure window and facility handoff
IND562114AAA,IND560067AAC,7,7,1,10.0,11.492299999999998,33.0,92.0,3.4444444444444446,3.933766233766234,22.0,197.0,1.0,True,0.0389040182293114,57.68939393939394,Audit departure window and facility handoff
IND226004AAA,IND226016AAA,4,4,1,20.0,20.86035,86.5,100.0,3.901656314699793,4.285967476235346,64.5,264.0,1.0,False,0.022230867559606515,57.61961722488038,Monitor; current evidence does not justify capital action
IND332001AAB,IND334001AAB,7,7,1,154.0,213.5774,253.0,348.0,1.65359477124183,1.7207488670048217,100.0,779.0,1.0,True,0.0389040182293114,57.53189792663478,Audit departure window and facility handoff
IND504208AAB,IND505001AAB,5,5,1,61.0,85.93719999999999,135.0,215.0,2.142857142857143,2.4772833723653394,72.0,458.0,1.0,True,0.02778858444950814,57.503987240829346,Audit departure window and facility handoff
IND505001AAB,IND505209AAA,3,3,1,46.0,64.65169999999999,166.0,195.0,3.608695652173913,3.196256038647343,120.0,309.0,1.0,False,0.016673150669704886,57.49900318979266,Monitor; current evidence does not justify capital action
IND607001AAA,IND608001AAA,10,10,1,28.0,39.6363,56.5,71.0,2.0,2.0584765553731073,28.0,298.0,1.0,True,0.05557716889901628,57.49501594896332,Audit departure window and facility handoff
IND000000ACB,IND328001AAA,5,5,1,198.0,244.709,360.0,544.0,1.8181818181818181,1.8239757985950882,162.0,815.0,1.0,True,0.02778858444950814,57.46810207336524,Audit departure window and facility handoff
IND472001AAA,IND474003AAA,2,2,1,206.0,227.41955000000002,500.5,1150.5,2.4263319189061763,2.4263319189061763,294.5,589.0,1.0,False,0.011115433779803258,57.44417862838915,Monitor; current evidence does not justify capital action
IND632006AAA,IND632301AAA,10,10,1,32.0,40.3792,62.0,565.0,1.9375,1.982649969811972,30.0,319.0,1.0,True,0.05557716889901628,57.33951355661881,Audit departure window and facility handoff
IND144001AAB,IND143001AAA,12,12,1,64.5,85.98175,97.5,112.0,1.503129513721714,1.5561197528219364,32.5,429.0,1.0,True,0.06669260267881955,57.319577352472095,Audit departure window and facility handoff
IND635802AAB,IND562132AAA,6,6,1,168.0,195.6802,295.5,324.0,1.7587985114300904,1.7406073374036761,127.5,744.0,1.0,True,0.03334630133940977,57.298644338118024,Audit departure window and facility handoff
IND531163AAA,IND535001AAA,9,9,1,21.0,27.0287,48.0,57.0,2.3,2.242881192881193,26.0,236.0,1.0,True,0.05001945200911465,57.25279106858054,Audit departure window and facility handoff
IND140001AAA,IND140118AAA,12,12,1,33.0,39.724050000000005,59.0,87.5,1.7611408199643495,1.782155854766149,25.5,313.0,1.0,True,0.06669260267881955,57.252791068580535,Audit departure window and facility handoff
IND562159AAA,IND562117AAA,11,11,1,27.0,28.5816,52.0,81.0,1.9259259259259258,1.9756865020501382,25.0,287.0,1.0,True,0.06113488578891791,57.21192185007975,Audit departure window and facility handoff
IND125005AAA,IND000000ACB,5,5,1,137.0,171.9355,264.0,367.0,1.927007299270073,1.9270180334907685,127.0,634.0,1.0,True,0.02778858444950814,57.1969696969697,Audit departure window and facility handoff
IND630561AAA,IND623407AAA,11,11,1,33.0,46.9658,59.0,112.0,1.84375,1.8765495867768593,27.0,314.0,1.0,True,0.06113488578891791,57.18201754385965,Audit departure window and facility handoff
IND530012AAA,IND764020AAC,1,1,1,152.0,211.1522,648.0,718.0,4.2631578947368425,4.2631578947368425,496.0,496.0,1.0,False,0.005557716889901629,57.164074960127586,Monitor; current evidence does not justify capital action
IND000000ACB,IND110024AAA,6,6,1,66.5,59.611999999999995,138.0,266.0,2.07658371040724,2.0483682472049463,71.5,418.0,1.0,True,0.03334630133940977,57.054425837320565,Audit departure window and facility handoff
IND848114AAA,IND848210AAA,15,15,1,24.0,23.6211,41.0,73.0,1.7083333333333333,1.6995555555555555,17.0,256.0,1.0,True,0.08336575334852443,57.02751196172249,Assess parallel route and capacity relief
IND176110AAB,IND177033AAA,9,9,1,30.0,27.3424,63.0,80.0,2.1,2.0468480557468323,33.0,278.0,1.0,True,0.05001945200911465,56.96670653907496,Audit departure window and facility handoff
IND423109AAA,IND423601AAA,10,10,1,9.0,12.374099999999999,21.5,45.0,2.513888888888889,2.917777777777778,13.0,175.0,1.0,True,0.05557716889901628,56.93879585326953,Audit departure window and facility handoff
IND577598AAC,IND577501AAA,11,11,1,32.0,43.3243,59.0,78.0,1.8387096774193548,1.8777076113036524,26.0,309.0,1.0,True,0.06113488578891791,56.93381180223286,Audit departure window and facility handoff
IND312001AAA,IND311001AAA,13,13,1,46.0,59.4752,72.0,110.0,1.565217391304348,1.5887796704439348,26.0,351.0,1.0,True,0.07225031956872117,56.928827751196174,Audit departure window and facility handoff
IND000000ACN,IND501359AAF,11,11,1,18.0,21.7443,34.0,94.0,1.9411764705882353,2.387622353566626,16.0,271.0,1.0,True,0.06113488578891791,56.875,Audit departure window and facility handoff
IND731224AAA,IND742147AAA,8,8,1,31.0,28.87925,66.5,86.5,2.168202764976958,2.2198374635370604,35.5,291.0,1.0,True,0.04446173511921303,56.872009569377994,Audit departure window and facility handoff
IND303303AAA,IND322230AAA,13,13,1,77.0,97.0507,104.0,120.0,1.3506493506493507,1.4189250021233828,27.0,421.0,0.9230769230769231,True,0.06669260267881955,56.81618819776714,Audit departure window and facility handoff
IND573134AAB,IND573201AAB,8,8,1,32.5,44.4516,67.0,90.5,2.09375,2.1962594696969697,35.0,310.0,1.0,True,0.04446173511921303,56.8122009569378,Audit departure window and facility handoff
IND713205AAB,IND713303AAA,5,5,1,27.0,36.3498,69.0,152.0,2.6538461538461537,3.133943833943834,43.0,294.0,1.0,True,0.02778858444950814,56.706539074960126,Audit departure window and facility handoff
IND501359AAE,IND000000ACB,1,1,1,1191.0,1635.114,2559.0,2744.0,2.1486146095717884,2.1486146095717884,1368.0,1368.0,1.0,False,0.005557716889901629,56.62081339712919,Monitor; current evidence does not justify capital action
IND563131AAB,IND563116AAA,12,12,1,18.0,18.20205,34.0,66.5,1.8888888888888888,2.1521757825937393,16.0,251.0,1.0,True,0.06669260267881955,56.545055821371605,Audit departure window and facility handoff
IND501359AAE,IND562132AAA,4,4,1,425.0,542.3396,716.5,937.0,1.687935627081021,1.6910266370699223,292.0,1174.0,1.0,False,0.022230867559606515,56.523125996810194,Monitor; current evidence does not justify capital action
IND205001AAB,IND110037AAM,1,1,1,232.0,285.9302,770.0,950.0,3.3189655172413794,3.3189655172413794,538.0,538.0,1.0,False,0.005557716889901629,56.48125996810207,Monitor; current evidence does not justify capital action
IND248122AAB,IND248001AAA,8,8,1,37.5,34.982800000000005,72.5,188.5,2.121977240398293,2.1285104244200355,34.0,295.0,1.0,True,0.04446173511921303,56.4683014354067,Audit departure window and facility handoff
IND458664AAA,IND312403AAA,3,3,1,45.0,53.964,118.0,152.0,2.6818181818181817,3.730976430976431,74.0,367.0,1.0,False,0.016673150669704886,56.45235247208931,Monitor; current evidence does not justify capital action
IND413709AAA,IND423109AAA,10,10,1,27.0,29.43975,54.5,79.0,1.982804232804233,2.0158123868468696,27.0,280.0,1.0,True,0.05557716889901628,56.443381180223284,Audit departure window and facility handoff
IND575004AAB,IND574211AAA,8,8,1,17.0,24.77365,36.0,95.0,2.1160130718954244,3.1647773692810457,19.0,295.0,1.0,True,0.04446173511921303,56.328748006379584,Audit departure window and facility handoff
IND515865AAB,IND515761AAA,13,13,1,33.0,40.6439,55.0,63.0,1.696969696969697,1.6843968531468532,23.0,288.0,1.0,True,0.07225031956872117,56.31479266347688,Audit departure window and facility handoff
IND509124AAA,IND509103AAB,8,8,1,39.5,45.5189,81.0,104.5,2.0477564102564103,2.001362179487179,41.5,317.0,1.0,True,0.04446173511921303,56.28887559808613,Audit departure window and facility handoff
IND201301AAD,IND110037AAM,2,2,1,36.0,35.39905,188.5,230.0,5.252123552123551,5.252123552123551,152.5,305.0,1.0,False,0.011115433779803258,56.271929824561404,Monitor; current evidence does not justify capital action
IND132103AAA,IND131028AAB,3,3,1,45.0,59.3272,169.0,297.0,2.913793103448276,3.291850069797143,111.0,328.0,1.0,False,0.016673150669704886,56.22208931419458,Monitor; current evidence does not justify capital action
IND533106AAA,IND533003AAA,2,2,1,56.0,60.48480000000001,220.5,254.5,3.9569875279820916,3.9569875279820916,164.5,329.0,1.0,False,0.011115433779803258,56.21212121212121,Monitor; current evidence does not justify capital action
IND572101AAA,IND561203AAB,8,8,1,42.5,56.97095,83.0,118.0,2.0,2.0,41.5,339.0,1.0,True,0.04446173511921303,56.188197767145134,Audit departure window and facility handoff
IND509324AAA,IND508248AAB,7,7,1,34.0,48.359300000000005,75.0,85.0,2.2058823529411766,2.2890028738768238,41.0,302.0,1.0,True,0.0389040182293114,56.1543062200957,Audit departure window and facility handoff
IND341505AAA,IND341503AAB,6,6,1,68.0,80.62245000000001,137.5,181.5,2.007459505541347,2.0413824950269963,69.0,427.0,1.0,True,0.03334630133940977,56.092503987240825,Audit departure window and facility handoff
IND508248AAB,IND508377AAB,11,11,1,34.0,48.7195,60.0,74.0,1.8125,1.8046867645129678,26.0,305.0,1.0,True,0.06113488578891791,56.08951355661883,Audit departure window and facility handoff
IND562132AAA,IND560060AAB,16,16,1,28.0,25.76235,40.5,96.0,1.4735221674876846,1.6857809934318555,13.5,304.0,1.0,True,0.08892347023842606,56.071570972886754,Assess parallel route and capacity relief
IND263401AAA,IND263153AAB,9,9,1,39.0,40.2126,71.0,693.0,1.8205128205128205,2.0856500224921275,32.0,380.0,1.0,True,0.05001945200911465,56.06259968102073,Audit departure window and facility handoff
IND828401AAB,IND826004AAA,6,6,1,21.5,29.56185,59.0,301.0,2.678571428571429,2.887987012987013,36.5,245.0,1.0,True,0.03334630133940977,56.0316985645933,Audit departure window and facility handoff
IND231217AAA,IND231225AAB,7,7,1,26.0,36.3769,61.0,95.0,2.4,2.4092307692307693,35.0,252.0,1.0,True,0.0389040182293114,56.015749601275914,Audit departure window and facility handoff
IND581115AAC,IND581110AAE,13,13,1,26.0,33.9326,45.0,71.0,1.7307692307692308,1.8021597633136095,19.0,267.0,1.0,True,0.07225031956872117,55.98883572567783,Audit departure window and facility handoff
IND501359AAE,IND509358AAA,12,12,1,27.0,36.89165,42.0,170.0,1.5555555555555556,2.1163851580518247,15.0,363.0,1.0,True,0.06669260267881955,55.977870813397125,Audit departure window and facility handoff
IND845412AAB,IND845401AAA,11,11,1,27.0,36.4615,51.0,81.0,1.8518518518518519,1.953604717722365,23.0,282.0,0.8181818181818182,True,0.05001945200911465,55.973883572567786,Audit departure window and facility handoff
IND421302AAR,IND400612AAA,10,10,1,12.0,14.2547,28.0,80.5,2.390151515151515,2.4690209790209794,16.0,178.0,1.0,True,0.05557716889901628,55.9499601275917,Audit departure window and facility handoff
IND802213AAB,IND802212AAA,5,5,1,17.0,19.7494,59.0,61.0,3.5,3.5341993464052286,40.0,218.0,1.0,True,0.02778858444950814,55.9469696969697,Audit departure window and facility handoff
IND826004AAA,IND209304AAA,3,3,1,578.0,803.823,997.0,1078.0,1.7249134948096885,1.733738319060226,419.0,1273.0,1.0,False,0.016673150669704886,55.938995215311,Monitor; current evidence does not justify capital action
IND363421AAB,IND364710AAA,9,9,1,38.0,54.4647,74.0,94.0,1.8974358974358974,1.9931773879142298,35.0,344.0,1.0,True,0.05001945200911465,55.93700159489633,Audit departure window and facility handoff
IND360490AAA,IND362001AAA,7,7,1,36.0,43.306,80.0,97.0,2.1621621621621623,2.2241959683136154,43.0,305.0,1.0,True,0.0389040182293114,55.864234449760765,Audit departure window and facility handoff
IND396321AAA,IND396580AAB,11,11,1,32.0,42.1252,56.0,75.0,1.8125,1.8649482551779295,26.0,299.0,1.0,True,0.06113488578891791,55.838317384370015,Audit departure window and facility handoff
IND560300AAA,IND560043AAC,22,22,1,31.5,29.95935,38.5,86.5,1.21875,1.480374122456234,7.0,332.0,0.5,True,0.06113488578891791,55.834330143540654,Assess parallel route and capacity relief
IND454001AAA,IND457001AAA,13,13,1,89.0,87.4747,103.0,138.0,1.1555555555555554,1.3696747073151567,14.0,429.0,0.38461538461538464,False,0.02778858444950814,55.818381180223284,Monitor; current evidence does not justify capital action
IND400701AAA,IND410206AAA,9,9,1,20.0,23.6882,42.0,69.0,2.210526315789474,2.299624060150376,23.0,231.0,1.0,True,0.05001945200911465,55.80841307814992,Audit departure window and facility handoff
IND250002AAA,IND131028AAB,5,5,1,67.0,81.0077,132.0,373.0,2.0,2.4368532251553208,65.0,486.0,1.0,True,0.02778858444950814,55.76654704944178,Audit departure window and facility handoff
IND205135AAA,IND283203AAA,8,8,2,19.0,23.59415,44.0,80.5,2.2578947368421054,2.5949561403508774,24.5,245.0,1.0,True,0.04446173511921303,55.73664274322169,Evaluate FTL/Carting shift on supported corridor
IND302014AAB,IND302006AAA,12,12,1,16.0,16.542949999999998,31.0,69.0,1.9393382352941178,2.1348924291938998,15.5,220.0,1.0,True,0.06669260267881955,55.6359649122807,Audit departure window and facility handoff
IND786190AAA,IND792103AAB,6,6,1,37.0,49.9456,87.0,91.0,2.3843843843843846,2.3053489060748587,50.5,282.0,1.0,True,0.03334630133940977,55.614035087719294,Audit departure window and facility handoff
IND600056AAB,IND600076AAB,8,8,1,36.0,45.38235,75.5,230.5,2.039118065433855,2.0572216013005487,38.5,306.0,1.0,True,0.04446173511921303,55.58512759170654,Audit departure window and facility handoff
IND736135AAA,IND736165AAA,5,5,1,37.0,38.8109,96.0,112.0,2.5526315789473686,2.5499306825622616,59.0,285.0,1.0,True,0.02778858444950814,55.572169059011166,Audit departure window and facility handoff
IND638501AAB,IND641062AAD,11,11,1,75.0,80.297,110.0,167.0,1.4473684210526316,1.5427272727272727,34.0,449.0,0.8181818181818182,True,0.05001945200911465,55.528309409888365,Audit departure window and facility handoff
IND509358AAA,IND508248AAB,5,5,1,59.0,82.9442,127.0,155.0,2.189655172413793,2.2632963179427237,69.0,370.0,1.0,True,0.02778858444950814,55.425637958532704,Audit departure window and facility handoff
IND201307AAA,IND201301AAL,20,20,1,21.0,19.573349999999998,32.0,68.0,1.4931818181818182,1.6160992535928596,10.5,273.0,0.65,True,0.07225031956872117,55.39374003189792,Assess parallel route and capacity relief
IND444203AAA,IND444005AAB,5,5,1,40.0,50.5628,100.0,432.0,2.5,2.4581478007087765,60.0,290.0,1.0,True,0.02778858444950814,55.37679425837321,Audit departure window and facility handoff
IND131028AAB,IND201204AAA,7,7,1,47.0,63.058800000000005,94.0,300.0,2.0,2.055016423513884,47.0,360.0,1.0,True,0.0389040182293114,55.35386762360447,Audit departure window and facility handoff
IND636705AAB,IND562132AAA,5,5,1,155.0,151.5052,283.0,381.0,1.8376623376623376,1.784214495182237,129.0,606.0,1.0,True,0.02778858444950814,55.33891547049441,Audit departure window and facility handoff
IND606105AAA,IND606201AAC,11,11,1,54.0,73.099,88.0,102.0,1.6111111111111112,1.6211658860054583,33.0,371.0,1.0,True,0.06113488578891791,55.31997607655502,Audit departure window and facility handoff
IND673592AAA,IND673121AAA,11,11,1,17.0,18.16,32.0,57.0,2.0,2.250668449197861,15.0,223.0,1.0,True,0.06113488578891791,55.30003987240829,Audit departure window and facility handoff
IND627005AAA,IND628801AAA,12,12,1,44.5,45.7727,70.0,117.5,1.5975158562367864,1.5956776231751804,26.0,332.0,0.9166666666666666,True,0.06113488578891791,55.291068580542266,Audit departure window and facility handoff
IND781018AAB,IND785001AAA,2,2,1,242.5,331.44264999999996,538.0,796.5,2.2180984933510186,2.2180984933510186,295.5,591.0,1.0,False,0.011115433779803258,55.23624401913876,Monitor; current evidence does not justify capital action
IND504293AAA,IND505001AAB,3,3,1,118.0,147.64329999999998,267.0,377.0,2.26271186440678,2.23126488303684,149.0,438.0,1.0,False,0.016673150669704886,55.181419457735245,Monitor; current evidence does not justify capital action
IND485771AAA,IND486771AAA,1,1,1,91.0,124.0555,481.0,481.0,5.285714285714286,5.285714285714286,390.0,390.0,1.0,False,0.005557716889901629,55.07077352472089,Monitor; current evidence does not justify capital action
IND600056AAB,IND631501AAA,6,6,1,34.0,44.4848,80.0,200.0,2.4171122994652405,2.3031788472964942,47.0,263.0,1.0,True,0.03334630133940977,55.01495215311005,Audit departure window and facility handoff
IND571104AAA,IND577598AAB,11,11,1,20.0,28.3782,37.0,52.0,1.9473684210526316,2.052348847324924,18.0,233.0,1.0,True,0.06113488578891791,54.996012759170654,Audit departure window and facility handoff
IND121004AAC,IND121004AAB,3,3,1,12.0,15.2706,87.0,99.0,8.7,7.214102564102563,77.0,217.0,1.0,False,0.016673150669704886,54.996012759170654,Monitor; current evidence does not justify capital action
IND302014AAA,IND303702AAB,6,6,1,38.0,51.9977,83.5,237.0,2.1842105263157894,2.3849527665317143,45.0,318.0,1.0,True,0.03334630133940977,54.978070175438596,Audit departure window and facility handoff
IND362560AAA,IND362150AAA,8,8,1,61.0,73.2015,109.5,122.0,1.8101092896174862,1.813302251344086,49.0,399.0,1.0,True,0.04446173511921303,54.90530303030303,Audit departure window and facility handoff
IND121004AAB,IND121001AAA,19,19,1,11.0,11.509,20.0,49.0,1.8181818181818181,1.8318511897459266,8.0,180.0,1.0,True,0.10559662090813093,54.90231259968101,Assess parallel route and capacity relief
IND302014AAA,IND306401AAB,2,2,1,220.5,302.1241,495.0,729.5,2.2460691500308707,2.2460691500308707,274.5,549.0,1.0,False,0.011115433779803258,54.890350877192986,Monitor; current evidence does not justify capital action
IND641062AAD,IND638401AAA,9,9,1,43.0,54.008,78.0,288.0,1.813953488372093,1.9016779890231834,36.0,352.0,1.0,True,0.05001945200911465,54.8335326953748,Audit departure window and facility handoff
IND626138AAA,IND625008AAA,11,11,1,61.0,66.4281,94.0,109.0,1.5396825396825398,1.5670918579598412,34.0,384.0,0.9090909090909091,True,0.05557716889901628,54.826555023923454,Audit departure window and facility handoff
IND560300AAB,IND563101AAB,9,9,1,58.0,66.9706,100.0,155.0,1.7413793103448276,1.7438247858723726,41.0,384.0,1.0,True,0.05001945200911465,54.81858054226475,Audit departure window and facility handoff
IND743513AAA,IND743347AAA,8,8,1,36.0,51.94585,72.5,113.0,1.9583333333333335,2.0934215465465464,35.0,321.0,1.0,True,0.04446173511921303,54.78269537480064,Audit departure window and facility handoff
IND363310AAB,IND382430AAB,9,9,1,143.0,128.3247,203.0,216.0,1.4097222222222223,1.442421004921005,59.0,571.0,1.0,True,0.05001945200911465,54.73783891547049,Audit departure window and facility handoff
IND274304AAA,IND274304AAB,4,4,1,13.0,19.49525,63.0,87.5,5.038461538461538,4.884615384615385,50.5,198.0,1.0,False,0.022230867559606515,54.73385167464115,Monitor; current evidence does not justify capital action
IND207247AAB,IND205001AAB,5,5,1,54.0,51.3904,126.0,228.0,2.3333333333333335,2.140740740740741,72.0,308.0,1.0,True,0.02778858444950814,54.722886762360446,Audit departure window and facility handoff
IND628613AAA,IND627005AAA,10,10,1,47.0,39.774,82.5,92.5,1.7446808510638299,1.7555587434966005,35.0,339.0,1.0,True,0.05557716889901628,54.7159090909091,Audit departure window and facility handoff
IND380006AAA,IND382430AAB,9,9,1,10.0,13.3915,26.0,50.0,2.6,2.71672278338945,16.0,156.0,1.0,True,0.05001945200911465,54.71491228070175,Audit departure window and facility handoff
IND425409AAA,IND425406AAA,6,6,1,36.0,50.4679,80.0,92.0,2.320707070707071,2.3235690235690236,45.5,275.0,1.0,True,0.03334630133940977,54.69098883572568,Audit departure window and facility handoff
IND486886AAA,IND486889AAA,7,7,1,20.0,24.7239,48.0,91.0,2.4,2.5743537414965987,28.0,229.0,1.0,True,0.0389040182293114,54.634170653907496,Audit departure window and facility handoff
IND395023AAD,IND395001AAA,7,7,1,13.0,13.6887,33.0,81.0,2.5384615384615383,3.326923076923077,20.0,210.0,1.0,True,0.0389040182293114,54.628189792663484,Audit departure window and facility handoff
IND251309AAB,IND131028AAB,6,6,1,70.5,69.83850000000001,140.0,166.0,1.971825396825397,1.949010002041233,69.0,403.0,1.0,True,0.03334630133940977,54.599282296650706,Audit departure window and facility handoff
IND207123AAA,IND202001AAB,1,1,1,51.0,70.0116,413.0,479.0,8.098039215686274,8.098039215686274,362.0,362.0,1.0,False,0.005557716889901629,54.55641945773525,Monitor; current evidence does not justify capital action
IND125001AAA,IND335524AAA,4,4,1,164.5,167.6989,311.0,395.5,1.8906134515890614,1.9111456914131026,146.5,600.0,1.0,False,0.022230867559606515,54.551435406698566,Monitor; current evidence does not justify capital action
IND301001AAB,IND302014AAA,2,2,1,114.5,145.25765,306.5,508.5,2.6730769230769234,2.6730769230769234,192.0,384.0,1.0,False,0.011115433779803258,54.535486443381174,Monitor; current evidence does not justify capital action
IND516269AAA,IND516390AAA,9,9,1,76.0,82.7305,121.0,134.0,1.5921052631578947,1.672514619883041,45.0,457.0,1.0,True,0.05001945200911465,54.516547049441776,Audit departure window and facility handoff
IND110037AAM,IND125001AAA,1,1,1,133.0,164.5073,534.0,840.0,4.015037593984962,4.015037593984962,401.0,401.0,1.0,False,0.005557716889901629,54.40590111642744,Monitor; current evidence does not justify capital action
IND122001AAA,IND000000ACB,13,13,1,34.0,35.8336,52.0,96.0,1.5294117647058822,1.6546378634613927,18.0,299.0,0.9230769230769231,True,0.06669260267881955,54.396929824561404,Audit departure window and facility handoff
IND000000ACB,IND125005AAA,4,4,1,135.5,170.56535,265.5,407.5,1.9522058823529411,1.9872140522875816,129.5,535.0,1.0,False,0.022230867559606515,54.32017543859649,Monitor; current evidence does not justify capital action
IND503187AAA,IND503122AAA,15,15,1,26.0,28.6293,40.0,59.0,1.5384615384615385,1.6273341473341472,14.0,252.0,1.0,True,0.08336575334852443,54.27930622009569,Assess parallel route and capacity relief
IND641062AAD,IND641607AAA,12,12,1,30.0,31.04755,49.5,286.0,1.7000000000000002,1.7810291613452531,19.5,270.0,1.0,True,0.06669260267881955,54.249401913875595,Audit departure window and facility handoff
IND462011AAA,IND462022AAA,10,10,1,12.0,12.55235,26.5,38.5,2.3068181818181817,2.4006993006993005,15.0,165.0,1.0,True,0.05557716889901628,54.24541467304624,Audit departure window and facility handoff
IND144401AAB,IND144001AAB,13,13,1,11.0,13.544,22.0,34.0,2.0,2.187252918022149,11.0,162.0,1.0,True,0.07225031956872117,54.22946570972886,Audit departure window and facility handoff
IND140301AAA,IND140001AAA,13,13,1,24.0,26.856900000000003,40.0,74.0,1.6666666666666667,1.808846153846154,16.0,254.0,1.0,True,0.07225031956872117,54.20952950558213,Audit departure window and facility handoff
IND144001AAA,IND144040AAA,11,11,1,20.0,26.2995,36.0,71.0,1.85,2.1259170653907495,17.0,248.0,1.0,True,0.06113488578891791,54.1537081339713,Audit departure window and facility handoff
IND722122AAA,IND713205AAB,6,6,1,71.5,86.24235000000002,132.5,150.5,1.8785714285714286,2.0196394798789705,61.5,443.0,1.0,True,0.03334630133940977,54.15171451355663,Audit departure window and facility handoff
IND000000ACB,IND201007AAA,9,9,1,77.0,72.811,123.0,195.0,1.5974025974025974,1.6371603740024794,46.0,440.0,0.7777777777777778,True,0.0389040182293114,54.08791866028708,Audit departure window and facility handoff
IND600110AAA,IND600056AAB,6,6,1,37.0,47.6327,84.5,122.5,2.254267425320057,2.2236842105263155,47.0,274.0,1.0,True,0.03334630133940977,54.03708133971292,Audit departure window and facility handoff
IND631501AAA,IND631003AAA,5,5,1,26.0,28.8665,69.0,105.0,2.6538461538461537,2.799430199430199,43.0,238.0,1.0,True,0.02778858444950814,54.0061802232855,Audit departure window and facility handoff
IND425412AAA,IND425409AAA,7,7,1,30.0,39.0922,69.0,76.0,2.225806451612903,2.1790570872397903,38.0,250.0,1.0,True,0.0389040182293114,53.98524720893142,Audit departure window and facility handoff
IND627005AAA,IND627117AAA,11,11,1,41.0,49.8261,67.0,93.0,1.6341463414634145,1.7322062084257206,26.0,327.0,1.0,True,0.06113488578891791,53.98026315789474,Audit departure window and facility handoff
IND140901AAA,IND160055AAA,13,13,1,14.0,13.9013,26.0,64.0,1.8571428571428572,1.9824220023315047,12.0,194.0,1.0,True,0.07225031956872117,53.96531100478469,Audit departure window and facility handoff
IND530026AAA,IND531036AAA,4,4,1,32.0,38.5391,90.5,117.5,2.828125,2.9296875,58.5,247.0,1.0,False,0.022230867559606515,53.91846092503987,Monitor; current evidence does not justify capital action
IND251001AAA,IND247554AAA,10,10,1,24.0,25.49175,46.0,92.0,1.8958333333333335,2.069514492753623,21.5,257.0,1.0,True,0.05557716889901628,53.843700159489636,Audit departure window and facility handoff
IND411033AAA,IND400072AAB,5,5,1,103.0,131.0094,196.0,261.0,1.9029126213592233,1.922740851381628,93.0,477.0,1.0,True,0.02778858444950814,53.81379585326953,Audit departure window and facility handoff
IND507111AAA,IND507117AAB,13,13,1,31.0,36.7156,52.0,72.0,1.625,1.6272647379502219,20.0,257.0,1.0,True,0.07225031956872117,53.80681818181819,Audit departure window and facility handoff
IND147101AAA,IND160002AAC,1,1,1,58.0,76.0523,407.0,429.0,7.017241379310345,7.017241379310345,349.0,349.0,1.0,False,0.005557716889901629,53.791866028708135,Monitor; current evidence does not justify capital action
IND413531AAA,IND413517AAA,4,4,1,46.0,65.23055,116.0,127.0,2.578557312252965,2.501235177865613,71.0,273.0,1.0,False,0.022230867559606515,53.78887559808613,Monitor; current evidence does not justify capital action
IND788713AAA,IND788026AAC,1,1,1,30.0,43.217,361.0,745.0,12.033333333333333,12.033333333333333,331.0,331.0,1.0,False,0.005557716889901629,53.76295853269537,Monitor; current evidence does not justify capital action
IND722154AAA,IND712311AAA,1,1,1,86.0,93.142,444.0,781.0,5.162790697674419,5.162790697674419,358.0,358.0,1.0,False,0.005557716889901629,53.75897129186602,Monitor; current evidence does not justify capital action
IND700053AAA,IND743513AAA,4,4,1,27.0,31.329950000000004,78.0,122.0,3.0,3.1206896551724137,51.0,230.0,1.0,False,0.022230867559606515,53.73205741626794,Monitor; current evidence does not justify capital action
IND605601AAA,IND600056AAB,6,6,1,125.0,151.9599,215.0,285.5,1.72,1.7287204301075267,90.0,546.0,1.0,True,0.03334630133940977,53.721092503987244,Audit departure window and facility handoff
IND509001AAA,IND509203AAA,14,14,1,34.0,38.34715,51.5,78.0,1.5147058823529411,1.555640437993379,17.5,264.0,1.0,True,0.0778080364586228,53.7061403508772,Audit departure window and facility handoff
IND322230AAA,IND322241AAA,13,13,1,28.0,32.2703,45.0,62.0,1.6071428571428572,1.7140681795854211,17.0,263.0,1.0,True,0.07225031956872117,53.699162679425825,Audit departure window and facility handoff
IND000000ACB,IND282002AAD,3,3,1,137.0,183.7427,282.0,457.0,2.073529411764706,2.166792677083528,146.0,480.0,1.0,False,0.016673150669704886,53.69417862838915,Monitor; current evidence does not justify capital action
IND480334AAA,IND480106AAA,14,14,1,36.0,38.927949999999996,52.0,77.5,1.4444444444444444,1.5657596371882085,16.0,281.0,1.0,True,0.0778080364586228,53.686204146730454,Audit departure window and facility handoff
IND000000ACA,IND142401AAA,6,6,1,25.5,36.48175,54.5,237.5,2.35,2.7104922577113904,28.5,250.0,0.8333333333333334,True,0.02778858444950814,53.646331738437006,Audit departure window and facility handoff
IND732202AAA,IND732204AAB,6,6,1,15.0,20.3689,45.0,69.5,3.0,2.977777777777778,30.0,178.0,1.0,True,0.03334630133940977,53.600478468899524,Audit departure window and facility handoff
IND608001AAA,IND609110AAA,7,7,1,16.0,21.1767,41.0,47.0,2.7333333333333334,2.567857142857143,26.0,170.0,1.0,True,0.0389040182293114,53.59649122807018,Audit departure window and facility handoff
IND000000AFR,IND683511AAA,6,6,1,32.0,28.6496,70.5,84.0,2.171875,2.46665738265003,38.0,287.0,1.0,True,0.03334630133940977,53.46790271132377,Audit departure window and facility handoff
IND842003AAB,IND482002AAA,2,2,1,8.0,11.25275,123.0,443.0,15.375,15.375,115.0,230.0,1.0,False,0.011115433779803258,53.454944178628395,Monitor; current evidence does not justify capital action
IND520011AAA,IND521185AAA,5,5,1,33.0,46.7835,93.0,139.0,2.4545454545454546,2.3661733615221987,60.0,255.0,1.0,True,0.02778858444950814,53.42204944178628,Audit departure window and facility handoff
IND509103AAC,IND518002AAA,5,5,1,59.0,77.69619999999999,123.0,157.0,2.0847457627118646,2.2573707083876577,64.0,355.0,1.0,True,0.02778858444950814,53.39912280701754,Audit departure window and facility handoff
IND829122AAA,IND825301AAA,7,7,1,37.0,51.7314,76.0,212.0,2.0,2.1709408656777076,38.0,308.0,1.0,True,0.0389040182293114,53.39812599681021,Audit departure window and facility handoff
IND176201AAA,IND176303AAA,9,9,1,74.0,65.2679,117.0,128.0,1.6027397260273972,1.6155887208662982,44.0,410.0,1.0,True,0.05001945200911465,53.34230462519937,Audit departure window and facility handoff
IND581402AAA,IND577401AAA,9,9,1,72.0,76.6258,114.0,140.0,1.625,1.6164221535740604,44.0,399.0,1.0,True,0.05001945200911465,53.319377990430624,Audit departure window and facility handoff
IND000000AFF,IND734203AAA,3,3,1,19.0,27.8663,92.0,100.0,4.842105263157895,4.5964912280701755,73.0,205.0,1.0,False,0.016673150669704886,53.275518341307816,Monitor; current evidence does not justify capital action
IND713205AAB,IND722202AAA,3,3,1,19.0,17.5708,73.0,194.0,4.055555555555555,4.7860623781676415,55.0,214.0,1.0,False,0.016673150669704886,53.1549043062201,Monitor; current evidence does not justify capital action
IND282001AAA,IND110037AAM,5,5,2,193.0,233.202,314.0,408.0,1.6526315789473685,1.7104717752931553,124.0,683.0,1.0,True,0.02778858444950814,53.134968102073366,Evaluate FTL/Carting shift on supported corridor
IND577501AAA,IND577002AAA,10,10,1,44.0,61.3275,74.0,109.0,1.692764857881137,1.7366870339510847,30.5,322.0,1.0,True,0.05557716889901628,53.13197767145136,Audit departure window and facility handoff
IND591307AAC,IND580028AAA,2,2,1,109.5,125.55845,287.5,371.0,2.624854045037531,2.624854045037531,178.0,356.0,1.0,False,0.011115433779803258,53.12400318979267,Monitor; current evidence does not justify capital action
IND110037AAM,IND000000ACB,12,12,1,43.0,44.05995,66.5,324.5,1.5424418604651162,1.5790936776401894,23.0,297.0,1.0,True,0.06669260267881955,53.12400318979266,Audit departure window and facility handoff
IND262122AAB,IND244901AAB,2,2,1,101.5,143.2278,273.5,446.5,2.6949136090079593,2.6949136090079593,172.0,344.0,1.0,False,0.011115433779803258,53.08712121212121,Monitor; current evidence does not justify capital action
IND423601AAA,IND423701AAB,8,8,1,24.0,33.221000000000004,52.0,85.5,2.170289855072464,2.118726309921962,27.5,217.0,1.0,True,0.04446173511921303,53.07814992025518,Audit departure window and facility handoff
IND500039AAC,IND508116AAA,8,8,1,29.0,37.936499999999995,55.0,80.5,1.9642857142857144,2.2182881773399017,27.0,279.0,1.0,True,0.04446173511921303,53.04126794258374,Audit departure window and facility handoff
IND506002AAA,IND506143AAA,10,10,1,21.5,29.662950000000002,42.0,269.5,1.9565217391304348,2.0430359495576886,21.0,225.0,1.0,True,0.05557716889901628,53.03728070175438,Audit departure window and facility handoff
IND160055AAA,IND160002AAC,14,14,1,41.0,34.0367,56.0,113.5,1.3510452961672472,1.4969348160550253,14.5,288.0,0.5714285714285714,True,0.04446173511921303,53.02631578947368,Audit departure window and facility handoff
IND573201AAB,IND573103AAA,3,3,1,40.0,44.1091,114.0,235.0,2.85,3.181196581196581,74.0,260.0,1.0,False,0.016673150669704886,53.01435406698564,Monitor; current evidence does not justify capital action
IND274304AAB,IND274301AAB,8,8,1,17.0,25.361649999999997,40.5,69.5,2.352941176470588,2.3402777777777777,23.0,186.0,1.0,True,0.04446173511921303,52.974481658692184,Audit departure window and facility handoff
IND125001AAA,IND335513AAA,5,5,1,150.0,179.062,262.0,350.0,1.7466666666666666,1.7537812939834363,112.0,566.0,1.0,True,0.02778858444950814,52.970494417862845,Audit departure window and facility handoff
IND700088AAA,IND712311AAA,5,5,1,29.0,30.1216,70.0,153.0,2.5,2.6834975369458127,42.0,240.0,1.0,True,0.02778858444950814,52.96351674641148,Audit departure window and facility handoff
IND560099AAB,IND632006AAA,8,8,1,168.0,198.33884999999998,233.0,279.0,1.3705882352941177,1.4322620984319248,63.0,580.0,1.0,True,0.04446173511921303,52.92962519936204,Audit departure window and facility handoff
IND781001AAA,IND781018AAB,4,4,1,37.0,28.284750000000003,106.5,169.0,2.838549075391181,2.5067370001580525,69.0,227.0,0.75,False,0.016673150669704886,52.90271132376396,Monitor; current evidence does not justify capital action
IND734214AAB,IND000000AFF,3,3,1,36.0,40.4697,118.0,132.0,3.1794871794871793,3.1153846153846154,82.0,235.0,1.0,False,0.016673150669704886,52.90271132376395,Monitor; current evidence does not justify capital action
IND786001AAB,IND786184AAA,7,7,1,13.0,19.841900000000003,29.0,111.0,2.230769230769231,3.297592883307169,16.0,230.0,1.0,True,0.0389040182293114,52.872807017543856,Audit departure window and facility handoff
IND000000ACB,IND301001AAB,6,6,1,92.0,115.6808,156.5,297.0,1.7142857142857144,1.9278310296595338,65.0,513.0,1.0,True,0.03334630133940977,52.81698564593301,Audit departure window and facility handoff
IND691001AAB,IND683511AAA,9,9,1,168.0,175.9663,211.0,477.0,1.255952380952381,1.3601249178172254,43.0,545.0,0.8888888888888888,True,0.04446173511921303,52.81200159489633,Audit departure window and facility handoff
IND742223AAA,IND742226AAA,10,10,1,45.0,46.41595,70.0,122.5,1.5795454545454546,1.7928744895766173,25.5,359.0,1.0,True,0.05557716889901628,52.79605263157895,Audit departure window and facility handoff
IND244901AAB,IND244921AAB,4,4,1,23.0,28.130699999999997,70.0,296.5,3.0434782608695654,3.3043478260869565,47.0,212.0,1.0,False,0.022230867559606515,52.77212918660287,Monitor; current evidence does not justify capital action
IND605010AAB,IND607001AAA,11,11,1,29.0,25.6768,52.0,107.0,1.793103448275862,1.7666815942678011,23.0,245.0,1.0,True,0.06113488578891791,52.75318979266348,Audit departure window and facility handoff
IND395023AAD,IND395006AAA,14,14,1,14.0,15.37185,25.0,72.0,1.8131868131868132,1.8821559392987963,11.5,169.0,1.0,True,0.0778080364586228,52.70633971291866,Audit departure window and facility handoff
IND686507AAA,IND686513AAA,10,10,1,9.0,13.05035,21.5,42.5,2.4097222222222223,2.4458333333333333,12.5,127.0,1.0,True,0.05557716889901628,52.609649122807014,Audit departure window and facility handoff
IND125121AAA,IND125001AAA,3,3,1,30.0,36.9483,117.0,492.0,3.9,3.3337164750957853,87.0,209.0,1.0,False,0.016673150669704886,52.579744816586924,Monitor; current evidence does not justify capital action
IND781102AAA,IND781018AAB,2,2,1,35.0,38.87455,154.5,726.0,4.345588235294118,4.345588235294118,119.5,239.0,1.0,False,0.011115433779803258,52.57575757575758,Monitor; current evidence does not justify capital action
IND632301AAA,IND606803AAA,9,9,1,20.0,23.2538,41.0,54.0,2.15,2.0629705577074,22.0,191.0,1.0,True,0.05001945200911465,52.56180223285487,Audit departure window and facility handoff
IND000000ACB,IND201301AAF,9,9,1,78.0,75.2903,114.0,180.0,1.425,1.6573286375085177,34.0,462.0,0.8888888888888888,True,0.04446173511921303,52.52791068580542,Audit departure window and facility handoff
IND639001AAA,IND624001AAA,9,9,1,55.0,75.358,94.0,111.0,1.709090909090909,1.6806617386806064,39.0,337.0,1.0,True,0.05001945200911465,52.462121212121204,Audit departure window and facility handoff
IND786125AAA,IND786190AAA,5,5,1,15.0,22.4799,49.0,70.0,3.0625,3.4444047619047624,33.0,182.0,1.0,True,0.02778858444950814,52.453149920255186,Audit departure window and facility handoff
IND285001AAD,IND285205AAB,14,14,1,32.0,29.530099999999997,48.5,85.5,1.4933712121212122,1.540278043035396,16.0,247.0,0.9285714285714286,True,0.07225031956872117,52.437200956937794,Audit departure window and facility handoff
IND201301AAF,IND201304AAA,12,12,1,16.0,11.358550000000001,28.5,82.0,1.7951388888888888,2.109165888577653,13.0,212.0,1.0,True,0.06669260267881955,52.43221690590112,Audit departure window and facility handoff
IND523226AAA,IND523316AAB,6,6,1,60.0,73.01490000000001,114.0,130.0,1.9660714285714285,1.968562971636742,56.0,346.0,1.0,True,0.03334630133940977,52.40929027113238,Audit departure window and facility handoff
IND562132AAA,IND560058AAB,13,13,1,17.0,13.922,29.0,90.0,1.8461538461538463,1.8422933275874451,12.0,171.0,0.7692307692307693,True,0.05557716889901628,52.406299840510364,Audit departure window and facility handoff
IND364004AAB,IND365560AAA,5,5,1,78.0,109.636,148.0,237.0,1.9473684210526316,2.0143445938915625,72.0,395.0,1.0,True,0.02778858444950814,52.39433811802232,Audit departure window and facility handoff
IND637211AAA,IND636402AAA,11,11,1,61.0,65.0082,90.0,105.0,1.4754098360655739,1.5145906446805442,29.0,346.0,1.0,True,0.06113488578891791,52.37539872408294,Audit departure window and facility handoff
IND503185AAA,IND503187AAA,14,14,1,28.0,32.317750000000004,43.0,62.0,1.5357142857142856,1.6032690854119427,15.0,233.0,1.0,True,0.0778080364586228,52.3744019138756,Audit departure window and facility handoff
IND560300AAA,IND560085AAA,12,12,1,38.0,36.6518,56.0,135.0,1.4541160593792173,1.667339633819095,17.5,306.0,1.0,True,0.06669260267881955,52.36742424242424,Audit departure window and facility handoff
IND275503AAA,IND275303AAA,4,4,1,13.0,18.88785,55.5,85.0,4.26923076923077,4.230769230769231,42.5,168.0,1.0,False,0.022230867559606515,52.336523125996806,Monitor; current evidence does not justify capital action
IND184104AAA,IND160002AAC,3,3,1,229.0,300.5381,426.0,442.0,1.868421052631579,1.864437294108634,198.0,593.0,1.0,False,0.016673150669704886,52.25877192982457,Monitor; current evidence does not justify capital action
IND335001AAA,IND125104AAA,6,6,1,80.0,109.62905,149.5,189.5,1.824264705882353,1.8369325859739114,68.0,406.0,1.0,True,0.03334630133940977,52.15709728867623,Audit departure window and facility handoff
IND534001AAA,IND521333AAA,10,10,1,26.0,25.002299999999998,46.5,67.5,1.8076923076923077,1.9855099715099715,21.0,255.0,1.0,True,0.05557716889901628,52.13915470494418,Audit departure window and facility handoff
IND303503AAA,IND302014AAB,8,8,1,57.5,79.6807,97.5,112.5,1.7257053291536049,1.7863891400403404,41.0,359.0,1.0,True,0.04446173511921303,52.12021531100478,Audit departure window and facility handoff
IND305001AAC,IND305802AAA,6,6,1,26.0,29.92875,57.0,320.5,2.197037037037037,2.6100759734093066,31.0,252.0,1.0,True,0.03334630133940977,52.07336523125996,Audit departure window and facility handoff
IND583227AAA,IND583231AAA,10,10,1,39.0,45.1447,67.0,80.0,1.6958333333333333,1.7553846153846155,27.5,297.0,1.0,True,0.05557716889901628,52.063397129186605,Audit departure window and facility handoff
IND842001AAA,IND843126AAA,3,3,1,18.0,26.2572,54.0,181.0,3.0,4.951851851851852,36.0,231.0,1.0,False,0.016673150669704886,52.0305023923445,Monitor; current evidence does not justify capital action
IND332001AAB,IND333042AAA,11,11,1,39.0,38.3224,56.0,104.0,1.3658536585365855,1.9134763149521552,15.0,362.0,0.8181818181818182,True,0.05001945200911465,52.0085725677831,Audit departure window and facility handoff
IND233001AAA,IND275101AAA,3,3,1,29.0,41.6421,100.0,138.0,3.4482758620689653,3.410727969348659,71.0,212.0,1.0,False,0.016673150669704886,51.975677830940995,Monitor; current evidence does not justify capital action
IND586101AAA,IND416404AAA,4,4,1,44.5,62.198,102.0,148.5,2.2519762845849804,2.6653820816864293,56.5,297.0,1.0,False,0.022230867559606515,51.82416267942583,Monitor; current evidence does not justify capital action
IND574216AAA,IND575004AAB,4,4,1,47.0,66.65355,110.5,129.5,2.3769657724329325,2.421331344748815,64.0,269.0,1.0,False,0.022230867559606515,51.781299840510364,Monitor; current evidence does not justify capital action
IND621306AAA,IND625106AAA,12,12,1,73.0,72.35735,96.0,122.0,1.3373538011695907,1.3691815162305472,24.5,319.0,0.8333333333333334,True,0.05557716889901628,51.771331738437,Audit departure window and facility handoff
IND160002AAC,IND147001AAD,7,7,1,38.0,52.5001,71.0,204.0,2.0526315789473686,2.0156784005468213,36.0,252.0,1.0,True,0.0389040182293114,51.76933811802233,Audit departure window and facility handoff
IND562132AAA,IND570020AAA,9,9,1,152.0,181.5229,204.0,358.0,1.3377483443708609,1.3437885291408074,51.0,469.0,1.0,True,0.05001945200911465,51.74641148325358,Audit departure window and facility handoff
IND563116AAA,IND563131AAB,10,10,1,18.0,18.08325,32.5,98.0,1.9166666666666665,2.2187994496044032,15.0,216.0,1.0,True,0.05557716889901628,51.71551036682616,Audit departure window and facility handoff
IND732103AAB,IND732202AAA,3,3,1,18.0,23.2893,74.0,120.0,4.111111111111111,4.733796296296297,56.0,191.0,1.0,False,0.016673150669704886,51.714513556618826,Monitor; current evidence does not justify capital action
IND804452AAA,IND804420AAA,6,6,1,11.5,16.881999999999998,34.0,57.5,2.962121212121212,3.1136363636363638,22.5,152.0,1.0,True,0.03334630133940977,51.6975677830941,Audit departure window and facility handoff
IND781003AAA,IND781018AAB,3,3,1,37.0,28.2131,115.0,154.0,3.108108108108108,2.9729729729729732,78.0,219.0,1.0,False,0.016673150669704886,51.69557416267943,Monitor; current evidence does not justify capital action
IND713205AAB,IND713148AAA,3,3,1,18.0,22.3882,80.0,154.0,4.444444444444445,4.4259259259259265,62.0,185.0,1.0,False,0.016673150669704886,51.65171451355661,Monitor; current evidence does not justify capital action
IND482002AAA,IND842003AAB,2,2,1,8.5,11.65375,109.0,446.0,12.8125,12.8125,100.5,201.0,1.0,False,0.011115433779803258,51.63377192982457,Monitor; current evidence does not justify capital action
IND203135AAA,IND203396AAB,9,9,1,58.0,56.340900000000005,90.0,153.0,1.5517241379310345,1.7294101674986797,32.0,377.0,1.0,True,0.05001945200911465,51.62579744816587,Audit departure window and facility handoff
IND524132AAA,IND524101AAB,11,11,1,36.0,39.9062,58.0,80.0,1.6571428571428573,1.6675695175695175,23.0,264.0,1.0,True,0.06113488578891791,51.56299840510368,Audit departure window and facility handoff
IND560058AAB,IND560060AAB,32,32,1,17.0,16.8716,22.5,43.5,1.3529411764705883,1.4023245448651795,6.0,214.0,0.71875,True,0.12782748846773745,51.551036682615624,Assess parallel route and capacity relief
IND246701AAA,IND246763AAA,9,9,1,25.0,34.383300000000006,50.0,68.0,2.0,1.935897435897436,25.0,214.0,1.0,True,0.05001945200911465,51.53508771929825,Audit departure window and facility handoff
IND201007AAB,IND110044AAB,10,10,1,33.5,28.59585,54.0,157.0,1.7543103448275863,1.7932731253420908,23.0,263.0,0.9,True,0.05001945200911465,51.5231259968102,Audit departure window and facility handoff
IND444005AAB,IND000000AAZ,1,1,1,84.0,118.9976,390.0,666.0,4.642857142857143,4.642857142857143,306.0,306.0,1.0,False,0.005557716889901629,51.50618022328548,Monitor; current evidence does not justify capital action
IND000000AAS,IND783370AAC,9,9,1,30.0,41.7822,53.0,93.0,1.7666666666666666,2.0901234567901232,23.0,288.0,1.0,True,0.05001945200911465,51.40849282296651,Audit departure window and facility handoff
IND457001AAA,IND382430AAB,2,2,1,263.5,371.6548,532.5,579.0,2.020797326880977,2.020797326880977,269.0,538.0,1.0,False,0.011115433779803258,51.38955342902711,Monitor; current evidence does not justify capital action
IND403726AAA,IND575004AAB,2,2,1,313.0,353.0259,612.0,784.5,1.9553017311775274,1.9553017311775274,299.0,598.0,1.0,False,0.011115433779803258,51.357655502392355,Monitor; current evidence does not justify capital action
IND627756AAA,IND626117AAA,12,12,1,29.0,31.47825,48.0,79.5,1.6490147783251232,1.6704501915708814,19.0,232.0,1.0,True,0.06669260267881955,51.3456937799043,Audit departure window and facility handoff
IND685514AAA,IND625008AAA,6,6,1,169.0,151.0704,264.0,318.5,1.5558823529411763,1.5437166779926959,94.5,552.0,1.0,True,0.03334630133940977,51.330741626794264,Audit departure window and facility handoff
IND673027AAB,IND673104AAA,1,1,1,65.0,61.9803,359.0,367.0,5.523076923076923,5.523076923076923,294.0,294.0,1.0,False,0.005557716889901629,51.32177033492823,Monitor; current evidence does not justify capital action
IND362150AAA,IND362001AAA,8,8,1,67.0,68.0373,110.5,118.5,1.6492537313432836,1.6970482710879988,43.5,372.0,1.0,True,0.04446173511921303,51.28987240829347,Audit departure window and facility handoff
IND721501AAC,IND721253AAC,5,5,1,92.0,100.1757,171.0,183.0,1.858695652173913,1.8825578348720005,79.0,407.0,1.0,True,0.02778858444950814,51.27890749601275,Audit departure window and facility handoff
IND641001AAA,IND641062AAD,2,2,1,35.5,35.2176,146.5,164.0,4.120238095238095,4.120238095238095,111.0,222.0,1.0,False,0.011115433779803258,51.27392344497608,Monitor; current evidence does not justify capital action
IND301001AAB,IND321001AAB,8,8,1,65.0,74.20535,108.0,171.0,1.695852534562212,1.6663684982290161,44.5,354.0,1.0,True,0.04446173511921303,51.26893939393939,Audit departure window and facility handoff
IND403726AAA,IND403702AAA,8,8,1,48.0,50.80825,86.0,154.5,1.7723404255319148,1.8280126163940753,37.5,317.0,1.0,True,0.04446173511921303,51.25498405103668,Audit departure window and facility handoff
IND610001AAA,IND614715AAA,12,12,1,25.0,27.8336,43.0,57.5,1.7061538461538461,1.7133954451345756,18.0,215.0,1.0,True,0.06669260267881955,51.226076555023916,Audit departure window and facility handoff
IND521105AAA,IND521333AAA,4,4,1,44.0,43.65745,107.5,122.5,2.4154040404040407,2.412247474747475,63.0,250.0,1.0,False,0.022230867559606515,51.20614035087719,Monitor; current evidence does not justify capital action
IND689645AAA,IND691551AAA,11,11,1,25.0,26.547,42.0,65.0,1.6666666666666667,1.923975653975654,16.0,252.0,1.0,True,0.06113488578891791,51.11742424242425,Audit departure window and facility handoff
IND521185AAA,IND521225AAB,4,4,1,44.0,58.311800000000005,106.0,159.0,2.3782828282828286,2.433459595959596,61.5,254.0,1.0,False,0.022230867559606515,51.07655502392344,Monitor; current evidence does not justify capital action
IND331701AAA,IND125001AAA,1,1,1,64.0,69.678,351.0,631.0,5.484375,5.484375,287.0,287.0,1.0,False,0.005557716889901629,50.99780701754386,Monitor; current evidence does not justify capital action
IND333042AAA,IND333031AAA,8,8,1,73.5,83.0435,119.0,144.5,1.608187134502924,1.6489960616708994,45.0,383.0,1.0,True,0.04446173511921303,50.99381977671451,Audit departure window and facility handoff
IND400072AAJ,IND400037AAA,2,2,1,12.0,13.96195,108.0,187.0,9.0,9.0,96.0,192.0,1.0,False,0.011115433779803258,50.827352472089316,Monitor; current evidence does not justify capital action
IND122001AAD,IND122050AAA,8,8,1,20.0,16.741149999999998,43.5,58.5,2.113095238095238,2.2730733082706767,23.0,196.0,0.875,True,0.0389040182293114,50.824362041467296,Audit departure window and facility handoff
IND274001AAA,IND274509AAB,8,8,1,24.0,28.55585,48.0,111.0,1.94,2.4107608695652174,23.5,246.0,1.0,True,0.04446173511921303,50.816387559808604,Audit departure window and facility handoff
IND500039AAC,IND500035AAD,5,5,1,13.0,13.4204,44.0,75.0,3.142857142857143,3.4314851814851814,30.0,152.0,1.0,True,0.02778858444950814,50.77452153110047,Audit departure window and facility handoff
IND500018AAA,IND500080AAB,4,4,1,16.0,14.5286,51.5,127.0,3.041666666666667,3.7770833333333336,34.5,180.0,1.0,False,0.022230867559606515,50.73863636363636,Monitor; current evidence does not justify capital action
IND781018AAB,IND781354AAA,8,8,1,54.0,64.85095,92.0,218.0,1.7037037037037037,1.7681397306397306,38.0,333.0,1.0,True,0.04446173511921303,50.68879585326953,Audit departure window and facility handoff
IND505184AAC,IND505001AAB,6,6,1,62.0,68.60145,110.0,170.0,1.810655737704918,1.9742388007082514,49.0,369.0,1.0,True,0.03334630133940977,50.609051036682615,Audit departure window and facility handoff
IND515591AAA,IND516269AAA,8,8,1,65.0,71.40445,106.0,130.0,1.6307692307692307,1.6961538461538461,41.0,362.0,1.0,True,0.04446173511921303,50.591108452950564,Audit departure window and facility handoff
IND332713AAA,IND332709AAA,2,2,1,36.5,36.510850000000005,144.0,168.5,3.9489489489489493,3.9489489489489493,107.5,215.0,1.0,False,0.011115433779803258,50.57615629984051,Monitor; current evidence does not justify capital action
IND484446AAA,IND842003AAB,2,2,1,234.5,323.05355,476.5,654.0,2.0319967266775776,2.0319967266775776,242.0,484.0,1.0,False,0.011115433779803258,50.48245614035088,Monitor; current evidence does not justify capital action
IND575004AAB,IND574117AAA,5,5,1,30.0,33.8991,69.0,503.0,2.3448275862068964,2.4597988505747126,39.0,222.0,1.0,True,0.02778858444950814,50.47647527910686,Audit departure window and facility handoff
IND301001AAB,IND321606AAA,2,2,1,67.5,76.19895,195.5,263.5,2.881752305665349,2.881752305665349,128.0,256.0,1.0,False,0.011115433779803258,50.46451355661882,Monitor; current evidence does not justify capital action
IND483770AAA,IND842003AAB,2,2,1,104.5,131.93885,260.0,627.5,2.485253709470599,2.485253709470599,155.5,311.0,1.0,False,0.011115433779803258,50.448564593301434,Monitor; current evidence does not justify capital action
IND507002AAA,IND507167AAA,4,4,1,24.5,34.58295,69.5,105.0,2.9438095238095237,2.9070009157509156,44.5,182.0,1.0,False,0.022230867559606515,50.43759968102073,Monitor; current evidence does not justify capital action
IND501359AAE,IND501141AAA,7,7,1,94.0,109.3605,152.0,284.0,1.6170212765957446,1.6199258441230049,58.0,409.0,1.0,True,0.0389040182293114,50.37978468899522,Audit departure window and facility handoff
IND518401AAA,IND518422AAB,6,6,1,25.5,36.5498,62.0,73.5,2.378205128205128,2.259797332297332,36.0,192.0,1.0,True,0.03334630133940977,50.36981658692184,Audit departure window and facility handoff
IND390022AAA,IND382430AAB,8,8,1,70.0,99.4065,111.0,199.0,1.5857142857142859,1.6609154929577465,41.0,371.0,1.0,True,0.04446173511921303,50.358851674641144,Audit departure window and facility handoff
IND530012AAC,IND501359AAE,1,1,1,435.0,603.5103,979.0,1072.0,2.250574712643678,2.250574712643678,544.0,544.0,1.0,False,0.005557716889901629,50.326953748006375,Monitor; current evidence does not justify capital action
IND201007AAB,IND201301AAF,5,5,1,16.0,13.0087,44.0,119.0,2.933333333333333,3.0020588235294117,29.0,158.0,1.0,True,0.02778858444950814,50.313995215311,Audit departure window and facility handoff
IND410206AAA,IND000000AFT,6,6,1,15.0,18.92605,35.5,88.5,2.4452380952380954,2.9307247899159665,21.0,181.0,1.0,True,0.03334630133940977,50.28209728867623,Audit departure window and facility handoff
IND523230AAA,IND523105AAA,12,12,1,45.0,48.327749999999995,64.5,70.5,1.4482029598308668,1.486554268491482,19.5,262.0,1.0,True,0.06669260267881955,50.272129186602875,Audit departure window and facility handoff
IND792110AAA,IND786001AAB,2,2,1,101.0,143.4434,253.5,272.0,2.505098039215686,2.505098039215686,152.5,305.0,1.0,False,0.011115433779803258,50.26116427432217,Monitor; current evidence does not justify capital action
IND600056AAB,IND530012AAA,2,2,1,598.5,814.08745,1027.0,1333.5,1.7159715242881073,1.7159715242881073,428.5,857.0,1.0,False,0.011115433779803258,50.233253588516746,Monitor; current evidence does not justify capital action
IND791102AAA,IND784168AAB,1,1,1,202.0,285.3696,570.0,633.0,2.8217821782178216,2.8217821782178216,368.0,368.0,1.0,False,0.005557716889901629,50.2183014354067,Monitor; current evidence does not justify capital action
IND245304AAA,IND245101AAA,14,14,1,16.0,15.96575,26.5,54.5,1.7104166666666667,1.749350999140915,11.0,160.0,1.0,True,0.0778080364586228,50.15849282296651,Audit departure window and facility handoff
IND533201AAA,IND533262AAA,6,6,1,39.0,46.604150000000004,75.5,116.0,1.9612010796221322,2.2447593342330183,37.0,291.0,1.0,True,0.03334630133940977,50.12958532695375,Audit departure window and facility handoff
IND742226AAA,IND742101AAC,6,6,1,36.5,33.30995,77.5,118.5,2.0945945945945947,2.097769197769198,40.5,240.0,1.0,True,0.03334630133940977,50.09370015948964,Audit departure window and facility handoff
IND521001AAA,IND521225AAB,4,4,1,55.5,74.4136,121.0,270.0,2.2223719676549862,2.2188158539573632,66.5,268.0,1.0,False,0.022230867559606515,50.09370015948963,Monitor; current evidence does not justify capital action
IND784125AAA,IND784110AAA,3,3,1,49.0,62.4792,124.0,172.0,2.5833333333333335,2.596605308790183,76.0,237.0,1.0,False,0.016673150669704886,50.08472886762361,Monitor; current evidence does not justify capital action
IND388220AAA,IND388320AAA,9,9,1,25.0,27.0758,46.0,90.0,1.7692307692307692,2.1354273504273507,20.0,257.0,1.0,True,0.05001945200911465,50.05681818181819,Audit departure window and facility handoff
IND411033AAA,IND413501AAA,1,1,1,212.0,276.3396,582.0,664.0,2.7452830188679247,2.7452830188679247,370.0,370.0,1.0,False,0.005557716889901629,50.02591706539074,Monitor; current evidence does not justify capital action
IND421802AAA,IND411033AAA,7,7,1,75.0,80.0409,127.0,246.0,1.6933333333333334,1.683915457298916,52.0,362.0,1.0,True,0.0389040182293114,49.96909888357257,Audit departure window and facility handoff
IND530012AAC,IND533106AAA,4,4,1,133.5,181.89405,243.0,263.5,1.8071649712516584,1.8459188805741644,108.5,450.0,1.0,False,0.022230867559606515,49.96212121212121,Monitor; current evidence does not justify capital action
IND643001AAA,IND643212AAA,4,4,1,36.5,50.13015,92.0,108.5,2.483187134502924,2.4728247984826934,55.0,217.0,1.0,False,0.022230867559606515,49.936204146730454,Monitor; current evidence does not justify capital action
IND591302AAB,IND580028AAA,5,5,1,81.0,100.5714,150.0,268.0,1.8518518518518519,1.9105269497139417,69.0,369.0,1.0,True,0.02778858444950814,49.90031897926635,Audit departure window and facility handoff
IND121004AAB,IND121004AAA,14,14,1,12.5,16.84585,22.5,62.0,1.6923076923076923,1.8615280552780553,9.0,162.0,1.0,True,0.0778080364586228,49.88935406698564,Audit departure window and facility handoff
IND124103AAA,IND127021AAA,6,6,1,52.0,74.34125,100.0,121.0,1.9230769230769231,1.955732946298984,48.0,300.0,1.0,True,0.03334630133940977,49.82655502392345,Audit departure window and facility handoff
IND521165AAA,IND521225AAB,1,1,1,30.0,35.6563,279.0,298.0,9.3,9.3,249.0,249.0,1.0,False,0.005557716889901629,49.81758373205742,Monitor; current evidence does not justify capital action
IND793001AAA,IND781018AAB,1,1,1,131.0,175.8073,438.0,455.0,3.3435114503816794,3.3435114503816794,307.0,307.0,1.0,False,0.005557716889901629,49.80462519936204,Monitor; current evidence does not justify capital action
IND562132AAA,IND501359AAE,2,2,1,426.0,544.46635,767.5,1023.0,1.8011268769803002,1.8011268769803002,341.5,683.0,1.0,False,0.011115433779803258,49.79565390749602,Monitor; current evidence does not justify capital action
IND250611AAA,IND247776AAA,8,8,1,32.5,39.09065,63.0,77.5,1.90282131661442,1.9232042150716087,30.0,237.0,1.0,True,0.04446173511921303,49.76674641148325,Audit departure window and facility handoff
IND141115AAA,IND000000ACA,14,14,1,30.0,29.4784,42.0,52.5,1.4474358974358974,1.48097634454542,13.0,211.0,0.8571428571428571,True,0.06669260267881955,49.765749601275914,Audit departure window and facility handoff
IND560099AAB,IND635001AAA,4,4,1,68.5,71.2072,150.5,162.0,2.1180266031367876,2.048903007450747,79.5,290.0,1.0,False,0.022230867559606515,49.71790271132377,Monitor; current evidence does not justify capital action
IND695101AAB,IND695012AAA,1,1,1,31.0,33.6594,279.0,306.0,9.0,9.0,248.0,248.0,1.0,False,0.005557716889901629,49.708931419457734,Monitor; current evidence does not justify capital action
IND486889AAA,IND231205AAA,4,4,1,70.0,87.15825000000001,143.0,183.5,2.1076923076923078,2.0544500185804533,75.0,292.0,1.0,False,0.022230867559606515,49.696969696969695,Monitor; current evidence does not justify capital action
IND421401AAC,IND421601AAB,6,6,1,18.5,26.4105,46.0,64.5,2.486842105263158,2.516020955165692,27.5,166.0,1.0,True,0.03334630133940977,49.68102073365232,Audit departure window and facility handoff
IND141109AAA,IND000000ACA,11,11,1,56.0,59.7947,77.0,120.0,1.375,1.4834902695610501,21.0,300.0,0.5454545454545454,True,0.03334630133940977,49.67304625199362,Audit departure window and facility handoff
IND723133AAA,IND723130AAA,12,12,1,45.0,30.382350000000002,60.0,78.5,1.3333333333333333,1.501462542087542,15.0,273.0,0.5833333333333334,True,0.0389040182293114,49.66108452950559,Audit departure window and facility handoff
IND686513AAA,IND686540AAA,4,4,1,36.5,40.62705,90.5,102.0,2.548809523809524,2.4230534105534107,55.0,206.0,1.0,False,0.022230867559606515,49.66108452950559,Monitor; current evidence does not justify capital action
IND000000ACA,IND142001AAB,8,8,1,56.5,76.09785,99.0,186.5,1.6520737327188941,1.713957769224754,40.0,329.0,1.0,True,0.04446173511921303,49.64314194577352,Audit departure window and facility handoff
IND515301AAA,IND561202AAB,12,12,1,17.0,17.44555,29.5,40.0,1.7573529411764706,1.8672045206971675,12.5,175.0,1.0,True,0.06669260267881955,49.63616427432216,Audit departure window and facility handoff
IND535558AAA,IND535501AAB,13,13,1,23.0,25.8238,36.0,60.0,1.565217391304348,1.667462971810798,13.0,202.0,1.0,True,0.07225031956872117,49.63516746411483,Audit departure window and facility handoff
IND442001AAA,IND442101AAB,4,4,1,13.5,17.883650000000003,50.5,65.0,3.730769230769231,3.6085164835164836,37.0,140.0,1.0,False,0.022230867559606515,49.60725677830941,Monitor; current evidence does not justify capital action
IND122503AAA,IND122001AAA,2,2,1,26.5,34.04905,121.5,226.0,4.5997150997151,4.5997150997151,95.0,190.0,1.0,False,0.011115433779803258,49.570374800637964,Monitor; current evidence does not justify capital action
IND842001AAA,IND843320AAA,1,1,1,48.0,65.86930000000001,300.0,339.0,6.25,6.25,252.0,252.0,1.0,False,0.005557716889901629,49.568381180223284,Monitor; current evidence does not justify capital action
IND600032AAB,IND600044AAD,12,12,1,11.0,10.10115,19.0,55.0,1.8954545454545455,1.9416278166278167,9.0,139.0,0.8333333333333334,True,0.05557716889901628,49.551435406698566,Audit departure window and facility handoff
IND473001AAA,IND473331AAA,8,8,1,39.0,42.668400000000005,67.0,93.0,1.7863247863247862,1.8717155811668007,29.5,273.0,1.0,True,0.04446173511921303,49.53448963317385,Audit departure window and facility handoff
IND244901AAB,IND244221AAA,14,14,1,99.0,90.54015,98.5,360.5,0.9802436125965538,1.0974155605990037,0.0,250.0,0.2857142857142857,False,0.022230867559606515,49.51555023923444,Monitor; current evidence does not justify capital action
IND562132AAA,IND395023AAA,1,1,1,865.0,1188.1769,1687.0,1946.0,1.9502890173410405,1.9502890173410405,822.0,822.0,1.0,False,0.005557716889901629,49.50159489633174,Monitor; current evidence does not justify capital action
IND202001AAC,IND204215AAA,4,4,1,24.0,34.220699999999994,68.5,76.0,2.8001672240802673,2.8063336120401337,44.0,175.0,1.0,False,0.022230867559606515,49.492623604465706,Monitor; current evidence does not justify capital action
IND243301AAB,IND244901AAB,7,7,1,85.0,69.80860000000001,110.0,607.0,1.2941176470588236,1.8825268038249783,25.0,526.0,0.7142857142857143,True,0.02778858444950814,49.47368421052632,Audit departure window and facility handoff
IND600044AAD,IND600032AAB,7,7,1,11.0,10.5967,31.0,43.0,2.5833333333333335,2.5581585081585083,19.0,128.0,1.0,True,0.0389040182293114,49.46570972886762,Audit departure window and facility handoff
IND843320AAA,IND847223AAA,7,7,1,20.0,23.465,43.0,72.0,2.15,2.3510204081632655,23.0,191.0,1.0,True,0.0389040182293114,49.46371610845296,Audit departure window and facility handoff
IND786001AAB,IND786602AAA,10,10,1,35.0,37.254999999999995,54.0,128.0,1.5647058823529412,1.781344537815126,19.5,278.0,1.0,True,0.05557716889901628,49.44477671451356,Audit departure window and facility handoff
IND580002AAA,IND580028AAA,2,2,1,20.5,23.8393,112.5,175.5,4.979166666666666,4.979166666666666,92.0,184.0,1.0,False,0.011115433779803258,49.364035087719294,Monitor; current evidence does not justify capital action
IND422605AAA,IND413709AAA,7,7,1,46.0,50.1062,87.0,100.0,1.891304347826087,1.8150110561823072,41.0,263.0,1.0,True,0.0389040182293114,49.358054226475275,Audit departure window and facility handoff
IND134203AAA,IND140501AAA,10,10,1,40.5,49.072900000000004,63.5,105.0,1.5875,1.6625419905297953,23.5,270.0,1.0,True,0.05557716889901628,49.28628389154704,Audit departure window and facility handoff
IND160002AAC,IND140603AAA,17,17,1,29.0,38.4476,36.0,114.0,1.2413793103448276,1.424949290060852,7.0,209.0,0.7647058823529411,True,0.07225031956872117,49.21052631578947,Assess parallel route and capacity relief
IND535501AAB,IND532440AAA,11,11,1,42.0,46.0541,63.0,91.0,1.5,1.5545045745891413,21.0,261.0,1.0,True,0.06113488578891791,49.17563795853269,Audit departure window and facility handoff
IND736146AAA,IND736135AAA,8,8,1,57.0,52.1802,93.0,136.5,1.631578947368421,1.737148064547922,36.0,321.0,1.0,True,0.04446173511921303,49.12081339712919,Audit departure window and facility handoff
IND384205AAA,IND382715AAA,12,12,1,40.0,42.3417,56.0,92.5,1.4125,1.5189411830859199,16.5,247.0,1.0,True,0.06669260267881955,49.11782296650718,Audit departure window and facility handoff
IND370001AAA,IND370201AAA,1,1,1,44.0,53.6104,285.0,332.0,6.4772727272727275,6.4772727272727275,241.0,241.0,1.0,False,0.005557716889901629,49.05103668261563,Monitor; current evidence does not justify capital action
IND144001AAB,IND144601AAA,3,3,1,16.0,19.5231,59.0,120.0,3.6875,4.131944444444444,43.0,159.0,1.0,False,0.016673150669704886,48.94039074960128,Monitor; current evidence does not justify capital action
IND000000AAZ,IND444203AAA,1,1,1,48.0,67.4982,289.0,322.0,6.020833333333333,6.020833333333333,241.0,241.0,1.0,False,0.005557716889901629,48.92145135566188,Monitor; current evidence does not justify capital action
IND591307AAC,IND580002AAA,2,2,1,89.0,95.9118,224.5,238.5,2.5224719101123596,2.5224719101123596,135.5,271.0,1.0,False,0.011115433779803258,48.90849282296651,Monitor; current evidence does not justify capital action
IND586128AAA,IND586211AAA,9,9,1,47.0,48.2317,76.0,90.0,1.6595744680851063,1.6398312319411612,31.0,272.0,1.0,True,0.05001945200911465,48.90350877192983,Audit departure window and facility handoff
IND370201AAA,IND363330AAB,7,7,1,135.0,140.8112,190.0,285.0,1.4074074074074074,1.4761094155738579,55.0,449.0,1.0,True,0.0389040182293114,48.87858851674642,Audit departure window and facility handoff
IND788026AAC,IND799250AAA,1,1,1,80.0,112.4945,336.0,591.0,4.2,4.2,256.0,256.0,1.0,False,0.005557716889901629,48.817783094098885,Monitor; current evidence does not justify capital action
IND764071AAB,IND530012AAA,1,1,1,245.0,337.81870000000004,623.0,647.0,2.5428571428571427,2.5428571428571427,378.0,378.0,1.0,False,0.005557716889901629,48.80781499202552,Monitor; current evidence does not justify capital action
IND203131AAA,IND203135AAA,11,11,1,38.0,34.685,58.0,75.0,1.5675675675675675,1.5556450266976583,21.0,234.0,1.0,True,0.06113488578891791,48.798843700159495,Audit departure window and facility handoff
IND380005AAA,IND382421AAA,5,5,1,9.0,10.7295,27.0,55.0,2.7,4.331111111111111,17.0,152.0,1.0,True,0.02778858444950814,48.770933014354064,Audit departure window and facility handoff
IND637408AAA,IND637001AAA,10,10,1,29.0,34.407650000000004,51.0,59.5,1.7586206896551726,1.792198314762033,22.0,214.0,1.0,True,0.05557716889901628,48.76295853269538,Audit departure window and facility handoff
IND605601AAA,IND636102AAA,6,6,1,89.5,121.38215,149.0,175.5,1.6653558052434456,1.7152933832709116,59.5,386.0,1.0,True,0.03334630133940977,48.75000000000001,Audit departure window and facility handoff
IND691574AAA,IND695614AAA,14,14,1,20.0,21.951349999999998,31.0,47.0,1.525,1.6275510204081631,10.5,178.0,1.0,True,0.0778080364586228,48.712121212121204,Audit departure window and facility handoff
IND361001AAA,IND361305AAC,9,9,1,39.0,53.9585,65.0,105.0,1.6666666666666667,1.7488566501724396,26.0,266.0,1.0,True,0.05001945200911465,48.68022328548645,Audit departure window and facility handoff
IND505209AAA,IND505001AAB,2,2,1,46.0,63.73075,149.0,228.0,3.211820330969267,3.211820330969267,103.0,206.0,1.0,False,0.011115433779803258,48.65629984051037,Monitor; current evidence does not justify capital action
IND464668AAA,IND462022AAA,2,2,1,84.0,119.1635,214.5,228.5,2.553571428571429,2.553571428571429,130.5,261.0,1.0,False,0.011115433779803258,48.600478468899524,Monitor; current evidence does not justify capital action
IND509203AAA,IND509301AAA,14,14,1,26.0,28.6363,38.5,56.5,1.49,1.5175457875457874,12.5,186.0,1.0,True,0.0778080364586228,48.580542264752786,Audit departure window and facility handoff
IND614715AAA,IND614809AAA,12,12,1,38.0,40.549549999999996,57.0,65.0,1.4804318488529016,1.4899910031488979,18.5,226.0,1.0,True,0.06669260267881955,48.57755183413078,Audit departure window and facility handoff
IND173212AAA,IND134102AAA,2,2,1,33.0,43.25705000000001,127.0,166.5,3.8484848484848486,3.8484848484848486,94.0,188.0,1.0,False,0.011115433779803258,48.57555821371611,Monitor; current evidence does not justify capital action
IND110039AAA,IND110085AAB,3,3,1,15.0,13.4506,56.0,131.0,3.7333333333333334,4.428968253968254,41.0,151.0,1.0,False,0.016673150669704886,48.543660287081345,Monitor; current evidence does not justify capital action
IND203001AAA,IND203131AAA,4,4,1,12.0,17.43265,46.0,49.0,3.6826923076923075,3.6349067599067597,33.5,127.0,1.0,False,0.022230867559606515,48.52272727272727,Monitor; current evidence does not justify capital action
IND413501AAA,IND413401AAA,14,14,1,35.0,38.197599999999994,48.5,88.5,1.3857142857142857,1.4141056422569027,13.5,201.0,1.0,True,0.0778080364586228,48.5207336523126,Audit departure window and facility handoff
IND144040AAA,IND144001AAB,7,7,1,19.0,27.7996,44.0,57.0,2.25,2.134207998989069,22.0,156.0,1.0,True,0.0389040182293114,48.42703349282297,Audit departure window and facility handoff
IND000000ACB,IND125033AAA,2,2,1,119.0,152.07659999999998,272.0,373.0,2.286087570621469,2.286087570621469,153.0,306.0,1.0,False,0.011115433779803258,48.368221690590104,Monitor; current evidence does not justify capital action
IND786001AAB,IND785675AAA,3,3,1,28.0,40.2528,90.0,203.0,3.2142857142857144,2.9134920634920634,62.0,163.0,1.0,False,0.016673150669704886,48.34728867623605,Monitor; current evidence does not justify capital action
IND360575AAA,IND360510AAB,8,8,1,40.0,45.003150000000005,69.5,91.5,1.7375,1.821128439649781,29.5,264.0,1.0,True,0.04446173511921303,48.34629186602871,Audit departure window and facility handoff
IND791125AAB,IND791102AAA,4,4,1,80.5,109.68465,157.0,184.5,1.9503858024691358,2.014960232668566,76.5,324.0,1.0,False,0.022230867559606515,48.34230462519937,Monitor; current evidence does not justify capital action
IND110037AAM,IND201301AAF,5,5,1,39.0,35.1773,84.0,240.0,2.1538461538461537,2.1389914749349925,45.0,222.0,1.0,True,0.02778858444950814,48.32834928229665,Audit departure window and facility handoff
IND388320AAA,IND390022AAA,6,6,1,31.0,38.718,61.0,98.5,2.091578947368421,2.1273005093378607,31.5,213.0,1.0,True,0.03334630133940977,48.32336523125997,Audit departure window and facility handoff
IND621010AAA,IND621212AAA,11,11,1,35.0,37.4173,52.0,70.0,1.5294117647058822,1.5983722675673138,18.0,235.0,1.0,True,0.06113488578891791,48.29047049441787,Audit departure window and facility handoff
IND691506AAA,IND691305AAA,14,14,1,19.0,18.32365,28.5,42.5,1.54093567251462,1.6187720383209105,9.5,168.0,1.0,True,0.0778080364586228,48.27352472089314,Audit departure window and facility handoff
IND502110AAA,IND502313AAA,14,14,1,36.0,39.8186,48.5,67.0,1.3472222222222223,1.4008089722375436,12.5,203.0,0.9285714285714286,True,0.07225031956872117,48.254585326953745,Audit departure window and facility handoff
IND803213AAA,IND803212AAB,2,2,1,47.5,65.0574,149.0,330.5,3.1445035460992905,3.1445035460992905,101.5,203.0,1.0,False,0.011115433779803258,48.24262360446571,Monitor; current evidence does not justify capital action
IND160002AAC,IND181152AAA,2,2,1,309.0,378.49694999999997,573.0,962.5,1.8546606619187265,1.8546606619187265,264.0,528.0,1.0,False,0.011115433779803258,48.22966507177034,Monitor; current evidence does not justify capital action
IND271201AAA,IND271210AAA,6,6,1,21.0,29.749250000000004,48.5,70.5,2.3666666666666667,2.305555555555556,28.0,162.0,1.0,True,0.03334630133940977,48.223684210526315,Audit departure window and facility handoff
IND713205AAB,IND722101AAB,1,1,1,50.0,52.231300000000005,281.0,303.0,5.62,5.62,231.0,231.0,1.0,False,0.005557716889901629,48.211722488038276,Monitor; current evidence does not justify capital action
IND584101AAA,IND518002AAA,1,1,1,91.0,100.1564,346.0,388.0,3.802197802197802,3.802197802197802,255.0,255.0,1.0,False,0.005557716889901629,48.1768341307815,Monitor; current evidence does not justify capital action
IND614616AAA,IND630002AAA,11,11,1,33.0,33.0955,53.0,83.0,1.588235294117647,1.607744144045248,20.0,221.0,1.0,True,0.06113488578891791,48.173843700159495,Audit departure window and facility handoff
IND532440AAA,IND532001AAB,11,11,1,37.0,41.5318,57.0,71.0,1.5405405405405406,1.5646986015407067,20.0,231.0,1.0,True,0.06113488578891791,48.140948963317385,Audit departure window and facility handoff
IND581400AAB,IND581325AAA,12,12,1,108.0,120.85589999999999,114.0,128.5,1.1727272727272728,1.2928726815204723,19.0,261.0,0.5,False,0.03334630133940977,48.13397129186603,Monitor; current evidence does not justify capital action
IND388620AAB,IND388320AAA,8,8,1,46.0,54.411,78.0,107.5,1.6956521739130435,1.7455272707444929,31.5,274.0,1.0,True,0.04446173511921303,48.10007974481659,Audit departure window and facility handoff
IND531036AAA,IND530012AAA,4,4,1,37.0,40.00965,88.5,119.0,2.360597439544808,2.3830014224751066,51.0,206.0,1.0,False,0.022230867559606515,48.05622009569378,Monitor; current evidence does not justify capital action
IND322201AAA,IND303503AAA,9,9,1,30.0,42.7044,53.0,63.0,1.7666666666666666,1.7978968193033202,23.0,223.0,1.0,True,0.05001945200911465,48.03528708133971,Audit departure window and facility handoff
IND532222AAA,IND761200AAA,7,7,1,79.0,70.59710000000001,132.0,158.0,1.6708860759493671,1.577332846478416,53.0,318.0,0.7142857142857143,True,0.02778858444950814,48.015350877192986,Audit departure window and facility handoff
IND465669AAB,IND465683AAA,11,11,1,35.0,39.0004,55.0,83.0,1.5277777777777777,1.585900761442557,19.0,231.0,1.0,True,0.06113488578891791,48.00139553429027,Audit departure window and facility handoff
IND206122AAA,IND206001AAA,11,11,1,47.0,67.0545,73.0,93.0,1.4893617021276595,1.4513435708543878,25.0,242.0,0.7272727272727273,True,0.04446173511921303,47.9994019138756,Audit departure window and facility handoff
IND585211AAA,IND585104AAA,3,3,1,38.0,47.5274,84.0,570.0,2.210526315789474,3.301868670289723,46.0,266.0,1.0,False,0.016673150669704886,47.982456140350884,Monitor; current evidence does not justify capital action
IND721139AAC,IND721602AAB,2,2,1,59.5,70.58865,168.0,211.5,2.827966101694915,2.827966101694915,108.5,217.0,1.0,False,0.011115433779803258,47.92464114832535,Monitor; current evidence does not justify capital action
IND465001AAA,IND462022AAA,4,4,1,173.5,213.95544999999998,285.5,583.0,1.6458374858813367,1.6900704272141387,112.0,479.0,1.0,False,0.022230867559606515,47.90869218500797,Monitor; current evidence does not justify capital action
IND585222AAA,IND585307AAB,11,11,1,36.0,39.6567,57.0,94.0,1.5405405405405406,1.5646853146853146,20.0,227.0,1.0,True,0.06113488578891791,47.90769537480064,Audit departure window and facility handoff
IND466001AAA,IND466116AAA,9,9,1,33.0,43.8187,58.0,67.0,1.7575757575757576,1.7621654559510347,25.0,222.0,1.0,True,0.05001945200911465,47.789074960127586,Audit departure window and facility handoff
IND125001AAA,IND125047AAB,6,6,1,35.0,41.82770000000001,72.5,147.0,2.0424603174603173,2.0270683020683022,37.0,216.0,1.0,True,0.03334630133940977,47.77113237639553,Audit departure window and facility handoff
IND721133AAA,IND721434AAB,2,2,1,55.0,55.6613,159.5,178.0,2.9147633234028465,2.9147633234028465,104.5,209.0,1.0,False,0.011115433779803258,47.7511961722488,Monitor; current evidence does not justify capital action
IND175101AAA,IND160002AAC,1,1,1,264.0,284.5308,639.0,656.0,2.4204545454545454,2.4204545454545454,375.0,375.0,1.0,False,0.005557716889901629,47.71531100478468,Monitor; current evidence does not justify capital action
IND174103AAA,IND160002AAC,2,2,1,65.5,77.6722,177.5,204.0,2.715268065268065,2.715268065268065,112.0,224.0,1.0,False,0.011115433779803258,47.71232057416268,Monitor; current evidence does not justify capital action
IND560300AAA,IND563101AAB,5,5,1,55.0,64.2559,110.0,194.0,1.9661016949152543,1.9860990107582743,55.0,268.0,1.0,True,0.02778858444950814,47.67344497607655,Audit departure window and facility handoff
IND492001AAB,IND492007AAA,6,6,1,10.0,11.13735,29.0,243.5,2.840909090909091,2.669191919191919,19.0,107.0,1.0,True,0.03334630133940977,47.53289473684211,Audit departure window and facility handoff
IND451666AAA,IND421302AAG,1,1,1,280.0,395.4855,664.0,716.0,2.3714285714285714,2.3714285714285714,384.0,384.0,1.0,False,0.005557716889901629,47.52591706539075,Monitor; current evidence does not justify capital action
IND131028AAB,IND250611AAA,2,2,1,35.5,39.916349999999994,124.5,203.0,3.50436507936508,3.50436507936508,89.0,178.0,1.0,False,0.011115433779803258,47.50897129186603,Monitor; current evidence does not justify capital action
IND691001AAB,IND691506AAA,15,15,1,25.0,23.6438,37.0,183.0,1.4230769230769231,1.4304509879222522,11.0,166.0,0.9333333333333333,True,0.0778080364586228,47.491028708133975,Assess parallel route and capacity relief
IND680104AAA,IND679576AAA,12,12,1,33.0,31.1629,50.0,79.5,1.4705882352941178,1.5322494393651889,16.0,211.0,0.8333333333333334,True,0.05557716889901628,47.483054226475275,Audit departure window and facility handoff
IND425201AAA,IND425508AAB,5,5,1,38.0,41.5469,82.0,101.0,2.1538461538461537,2.1070138964875804,45.0,209.0,1.0,True,0.02778858444950814,47.46710526315789,Audit departure window and facility handoff
IND362001AAA,IND360370AAA,8,8,1,23.0,32.80485,45.5,70.5,1.9782608695652175,1.9937648221343873,22.5,181.0,1.0,True,0.04446173511921303,47.46511164274322,Audit departure window and facility handoff
IND673104AAA,IND673506AAA,12,12,1,17.0,16.1896,28.0,50.0,1.6875,1.8005717418546368,11.0,163.0,0.9166666666666666,True,0.06113488578891791,47.44318181818182,Audit departure window and facility handoff
IND181152AAB,IND181201AAB,3,3,1,23.0,32.1035,74.0,104.0,3.217391304347826,3.0933333333333333,51.0,149.0,1.0,False,0.016673150669704886,47.41626794258374,Monitor; current evidence does not justify capital action
IND785001AAA,IND798601AAA,1,1,1,74.0,103.5959,306.0,429.0,4.135135135135135,4.135135135135135,232.0,232.0,1.0,False,0.005557716889901629,47.394338118022326,Monitor; current evidence does not justify capital action
IND632006AAA,IND562132AAA,2,2,1,182.0,226.7142,369.0,554.0,2.0274725274725274,2.0274725274725274,187.0,374.0,1.0,False,0.011115433779803258,47.31060606060606,Monitor; current evidence does not justify capital action
IND205001AAB,IND209721AAB,4,4,1,41.0,53.7641,94.0,187.5,2.2665505226480835,2.255226480836237,52.5,207.0,1.0,False,0.022230867559606515,47.2707336523126,Monitor; current evidence does not justify capital action
IND821115AAB,IND821109AAA,4,4,1,40.0,53.230050000000006,92.0,123.5,2.3,2.26875,52.0,203.0,1.0,False,0.022230867559606515,47.24381977671451,Monitor; current evidence does not justify capital action
IND383255AAB,IND384205AAA,7,7,1,104.0,101.3193,146.0,267.0,1.3904761904761904,1.5379597535683929,41.0,397.0,0.7142857142857143,True,0.02778858444950814,47.23086124401914,Audit departure window and facility handoff
IND637301AAA,IND638001AAA,10,10,1,18.0,21.73915,32.0,39.5,1.8529411764705883,1.9107155142758856,14.5,162.0,1.0,True,0.05557716889901628,47.16407496012759,Audit departure window and facility handoff
IND431107AAB,IND431136AAC,6,6,1,50.0,49.06375,93.5,116.5,1.87,1.8706990881458967,43.5,257.0,1.0,True,0.03334630133940977,47.153110047846894,Audit departure window and facility handoff
IND136118AAA,IND136128AAA,15,15,1,28.0,28.594,38.0,70.0,1.3703703703703705,1.3998747187252936,10.0,168.0,1.0,True,0.08336575334852443,47.13915470494418,Assess parallel route and capacity relief
IND500055AAC,IND501401AAC,9,9,1,11.0,15.9629,23.0,50.0,2.090909090909091,2.1544289044289044,12.0,124.0,1.0,True,0.05001945200911465,47.135167464114836,Audit departure window and facility handoff
IND571105AAA,IND571213AAA,8,8,1,39.0,43.62905,68.0,84.5,1.721794871794872,1.7750668739155582,28.5,246.0,1.0,True,0.04446173511921303,47.088317384370015,Audit departure window and facility handoff
IND723130AAA,IND723131AAA,4,4,1,49.5,34.64575,60.0,78.0,1.2000000000000002,4.503061224489796,10.0,687.0,0.5,False,0.011115433779803258,47.06439393939394,Monitor; current evidence does not justify capital action
IND421302AAG,IND401104AAB,4,4,1,26.0,29.20815,65.5,312.5,2.5903703703703704,2.5706481481481482,41.0,161.0,1.0,False,0.022230867559606515,46.979665071770334,Monitor; current evidence does not justify capital action
IND641664AAA,IND638657AAA,11,11,1,38.0,40.6633,55.0,75.0,1.4473684210526316,1.5528769476137896,17.0,231.0,1.0,True,0.06113488578891791,46.92484051036682,Audit departure window and facility handoff
IND387001AAA,IND388220AAA,9,9,1,25.0,27.4003,44.0,77.0,1.76,1.9207183753802108,19.0,207.0,1.0,True,0.05001945200911465,46.9078947368421,Audit departure window and facility handoff
IND246174AAA,IND246444AAB,11,11,1,93.0,62.274,110.0,173.0,1.1956521739130435,1.2497556734213426,18.0,265.0,0.45454545454545453,False,0.02778858444950814,46.90191387559809,Monitor; current evidence does not justify capital action
IND742102AAB,IND742303AAB,6,6,1,29.0,38.09375,60.0,126.0,2.105911330049261,2.090646475703947,31.5,187.0,1.0,True,0.03334630133940977,46.85207336523126,Audit departure window and facility handoff
IND584101AAA,IND509124AAA,9,9,1,56.0,51.3161,82.0,133.0,1.490909090909091,1.5539998987367407,27.0,279.0,1.0,True,0.05001945200911465,46.8450956937799,Audit departure window and facility handoff
IND530012AAA,IND751002AAB,3,3,1,318.0,445.6972,504.0,537.0,1.5799373040752351,1.587065452038596,185.0,560.0,1.0,False,0.016673150669704886,46.834130781499205,Monitor; current evidence does not justify capital action
IND201001AAA,IND201007AAA,4,4,1,13.5,10.6157,43.0,63.0,3.2884615384615383,3.135989010989011,30.0,115.0,1.0,False,0.022230867559606515,46.79027113237639,Monitor; current evidence does not justify capital action
IND431122AAA,IND431127AAA,7,7,1,21.0,29.9666,44.0,83.0,2.0952380952380953,2.100803957946815,23.0,162.0,1.0,True,0.0389040182293114,46.76834130781499,Audit departure window and facility handoff
IND623315AAB,IND614620AAA,12,12,1,30.0,35.15495,45.5,59.5,1.5086206896551724,1.529572982326041,15.0,191.0,1.0,True,0.06669260267881955,46.758373205741634,Audit departure window and facility handoff
IND523201AAA,IND523002AAA,1,1,1,32.0,37.6072,234.0,265.0,7.3125,7.3125,202.0,202.0,1.0,False,0.005557716889901629,46.686602870813395,Monitor; current evidence does not justify capital action
IND577535AAC,IND577522AAA,10,10,1,39.0,56.0231,62.0,76.0,1.5823717948717948,1.5658333333333334,23.0,222.0,1.0,True,0.05557716889901628,46.557017543859644,Audit departure window and facility handoff
IND609110AAA,IND609602AAA,7,7,1,29.0,41.6848,57.0,65.0,1.9655172413793103,1.9442835198595567,28.0,194.0,1.0,True,0.0389040182293114,46.54405901116427,Audit departure window and facility handoff
IND110085AAB,IND110083AAA,3,3,1,15.0,11.9201,56.0,65.0,4.0,3.711111111111111,42.0,119.0,1.0,False,0.016673150669704886,46.53209728867623,Monitor; current evidence does not justify capital action
IND683565AAA,IND683511AAA,9,9,1,20.0,15.9314,36.0,70.0,1.894736842105263,1.9209969367864106,17.0,165.0,1.0,True,0.05001945200911465,46.5311004784689,Audit departure window and facility handoff
IND305404AAA,IND305601AAC,9,9,1,55.0,59.1595,80.0,100.0,1.4545454545454546,1.5572910249810836,25.0,280.0,1.0,True,0.05001945200911465,46.50618022328549,Audit departure window and facility handoff
IND636016AAA,IND637211AAA,10,10,1,46.0,53.3804,69.0,91.5,1.5108695652173911,1.5201361440491876,23.5,237.0,1.0,True,0.05557716889901628,46.48524720893142,Audit departure window and facility handoff
IND560300AAB,IND563130AAA,6,6,1,46.0,55.2915,86.0,149.5,1.8917257683215132,1.8730068181039503,41.0,240.0,1.0,True,0.03334630133940977,46.47527910685806,Audit departure window and facility handoff
IND311001AAA,IND313324AAA,5,5,1,65.0,89.73939999999999,120.0,124.0,1.8461538461538463,1.873846153846154,55.0,284.0,1.0,True,0.02778858444950814,46.39852472089314,Audit departure window and facility handoff
IND574211AAA,IND574202AAA,5,5,1,19.0,26.3832,47.0,52.0,2.473684210526316,2.528138974888201,28.0,141.0,1.0,True,0.02778858444950814,46.39254385964912,Audit departure window and facility handoff
IND635001AAA,IND562132AAA,4,4,1,118.0,113.72505,207.5,257.0,1.7584745762711864,1.774345822182575,89.5,363.0,1.0,False,0.022230867559606515,46.38456937799043,Monitor; current evidence does not justify capital action
IND509103AAB,IND518002AAA,3,3,1,58.0,76.7957,133.0,149.0,2.2542372881355934,2.280148061562439,74.0,224.0,1.0,False,0.016673150669704886,46.32077352472089,Monitor; current evidence does not justify capital action
IND573116AAA,IND571432AAB,7,7,1,44.0,59.6781,74.0,105.0,1.7619047619047619,1.8060313625097677,32.0,249.0,1.0,True,0.0389040182293114,46.31678628389155,Audit departure window and facility handoff
IND473226AAA,IND473001AAA,8,8,1,39.5,32.646,66.5,94.5,1.6904315196998123,1.7687471477105623,28.0,244.0,1.0,True,0.04446173511921303,46.2938596491228,Audit departure window and facility handoff
IND638657AAA,IND638701AAA,12,12,1,29.0,31.625950000000003,43.5,61.5,1.4747126436781608,1.5397822977911966,14.0,191.0,1.0,True,0.06669260267881955,46.25,Audit departure window and facility handoff
IND231205AAA,IND231216AAA,3,3,1,21.0,22.9972,66.0,84.0,3.3,2.9476190476190474,46.0,130.0,1.0,False,0.016673150669704886,46.24302232854865,Monitor; current evidence does not justify capital action
IND854326AAB,IND854105AAA,2,2,1,17.0,24.7618,85.0,223.0,4.854166666666666,4.854166666666666,68.0,136.0,1.0,False,0.011115433779803258,46.2310606060606,Monitor; current evidence does not justify capital action
IND577401AAA,IND562132AAA,1,1,1,298.0,371.1157,674.0,815.0,2.261744966442953,2.261744966442953,376.0,376.0,1.0,False,0.005557716889901629,46.21710526315789,Monitor; current evidence does not justify capital action
IND284403AAA,IND474003AAA,1,1,1,208.0,223.2655,521.0,580.0,2.5048076923076925,2.5048076923076925,313.0,313.0,1.0,False,0.005557716889901629,46.154306220095684,Monitor; current evidence does not justify capital action
IND695121AAA,IND695572AAB,11,11,1,14.0,13.3164,26.0,53.0,1.8461538461538463,1.822977022977023,11.0,126.0,1.0,True,0.06113488578891791,46.14732854864434,Audit departure window and facility handoff
IND600056AAB,IND605601AAA,6,6,1,135.0,152.96405,181.0,386.5,1.3458093763821317,1.5350228785471305,46.5,433.0,1.0,True,0.03334630133940977,46.12639553429027,Audit departure window and facility handoff
IND518002AAA,IND518401AAA,7,7,1,31.0,31.7606,60.0,191.0,1.935483870967742,1.879739960500329,29.0,196.0,1.0,True,0.0389040182293114,46.11543062200957,Audit departure window and facility handoff
IND600004AAA,IND600008AAC,2,2,1,13.5,12.086749999999999,78.5,233.5,5.826923076923077,5.826923076923077,65.0,130.0,1.0,False,0.011115433779803258,46.10446570972887,Monitor; current evidence does not justify capital action
IND577132AAD,IND573134AAB,7,7,1,32.0,37.7462,63.0,71.0,1.9090909090909092,1.9373771121351766,30.0,203.0,1.0,True,0.0389040182293114,46.100478468899524,Audit departure window and facility handoff
IND635802AAB,IND635601AAB,7,7,1,41.0,49.7089,69.0,139.0,1.853658536585366,1.842298199767712,31.0,214.0,1.0,True,0.0389040182293114,45.979864433811805,Audit departure window and facility handoff
IND410505AAB,IND410501AAF,3,3,1,10.0,15.5234,49.0,57.0,4.454545454545454,4.451515151515151,38.0,107.0,1.0,False,0.016673150669704886,45.97587719298246,Monitor; current evidence does not justify capital action
IND396445AAA,IND396321AAA,6,6,1,25.0,27.3898,52.5,108.0,2.1208333333333336,2.135277777777778,28.0,168.0,1.0,True,0.03334630133940977,45.92503987240829,Audit departure window and facility handoff
IND274001AAA,IND273014AAB,1,1,1,42.0,58.3432,237.0,315.0,5.642857142857143,5.642857142857143,195.0,195.0,1.0,False,0.005557716889901629,45.9170653907496,Monitor; current evidence does not justify capital action
IND521225AAB,IND521165AAA,1,1,1,29.0,38.4822,219.0,1219.0,7.551724137931035,7.551724137931035,190.0,190.0,1.0,False,0.005557716889901629,45.91008771929825,Monitor; current evidence does not justify capital action
IND414302AAB,IND411033AAA,2,2,1,83.5,106.7019,200.0,333.5,2.3962994836488813,2.3962994836488813,116.5,233.0,1.0,False,0.011115433779803258,45.78349282296651,Monitor; current evidence does not justify capital action
IND335513AAA,IND335001AAA,6,6,1,50.0,62.9906,89.5,160.0,1.790516206482593,1.869191676670668,39.5,262.0,1.0,True,0.03334630133940977,45.70075757575758,Audit departure window and facility handoff
IND600056AAA,IND602105AAB,4,4,1,12.5,16.45895,39.5,56.0,3.166666666666667,3.15224358974359,27.0,107.0,1.0,False,0.022230867559606515,45.70075757575758,Monitor; current evidence does not justify capital action
IND384355AAB,IND385001AAA,8,8,1,65.0,70.50255,96.0,104.0,1.5038461538461538,1.5464980332167833,31.5,282.0,1.0,True,0.04446173511921303,45.69976076555024,Audit departure window and facility handoff
IND841101AAA,IND841207AAB,3,3,1,15.0,22.268,47.0,94.0,2.611111111111111,4.714814814814814,29.0,164.0,1.0,False,0.016673150669704886,45.659888357256776,Monitor; current evidence does not justify capital action
IND396191AAB,IND421302AAG,2,2,1,125.5,163.3236,269.0,362.5,2.1443809523809523,2.1443809523809523,143.5,287.0,1.0,False,0.011115433779803258,45.646929824561404,Monitor; current evidence does not justify capital action
IND501359AAE,IND500039AAC,6,6,1,29.0,36.2654,58.0,161.0,1.9988095238095238,2.152774736970139,29.0,199.0,1.0,True,0.03334630133940977,45.64294258373206,Audit departure window and facility handoff
IND591304AAA,IND586101AAA,8,8,1,67.0,76.62555,99.5,116.0,1.5010332950631458,1.5280247781876815,33.0,281.0,1.0,True,0.04446173511921303,45.63496810207336,Audit departure window and facility handoff
IND505326AAB,IND505001AAB,1,1,1,59.0,63.4686,259.0,303.0,4.389830508474576,4.389830508474576,200.0,200.0,1.0,False,0.005557716889901629,45.620015948963314,Monitor; current evidence does not justify capital action
IND523316AAB,IND522647AAA,7,7,1,55.0,77.9587,91.0,112.0,1.6545454545454545,1.708186991205859,36.0,270.0,1.0,True,0.0389040182293114,45.61104465709729,Audit departure window and facility handoff
IND563101AAB,IND563131AAA,11,11,1,24.0,31.3281,37.0,76.0,1.565217391304348,1.694584795968195,13.0,186.0,1.0,True,0.06113488578891791,45.61004784688995,Audit departure window and facility handoff
IND390022AAA,IND388320AAA,12,12,1,36.0,45.3408,50.5,88.0,1.4017857142857144,1.453718803389856,15.0,192.0,1.0,True,0.06669260267881955,45.60107655502392,Audit departure window and facility handoff
IND786184AAA,IND786125AAA,4,4,1,14.5,20.726100000000002,41.5,61.5,2.8666666666666667,3.05,27.0,118.0,1.0,False,0.022230867559606515,45.58114035087719,Monitor; current evidence does not justify capital action
IND507123AAA,IND506314AAA,8,8,1,109.0,130.9128,146.5,157.5,1.357754890081357,1.3638823174914572,38.5,316.0,0.875,True,0.0389040182293114,45.57715311004785,Audit departure window and facility handoff
IND244601AAB,IND244901AAB,8,8,1,81.5,71.5335,98.0,277.5,1.188234419158114,1.538691253183523,15.5,347.0,0.5,False,0.022230867559606515,45.54126794258372,Monitor; current evidence does not justify capital action
IND131028AAB,IND247667AAA,3,3,1,140.0,163.7787,255.0,504.0,1.8214285714285714,1.852646575871728,115.0,357.0,1.0,False,0.016673150669704886,45.480462519936204,Monitor; current evidence does not justify capital action
IND303002AAA,IND302014AAA,7,7,1,35.0,48.2061,61.0,82.0,1.7142857142857142,2.0368371992795957,25.0,248.0,1.0,True,0.0389040182293114,45.46551036682616,Audit departure window and facility handoff
IND312605AAB,IND458001AAB,7,7,1,32.0,34.3671,60.0,109.0,1.8214285714285714,1.9669140383426098,27.0,215.0,1.0,True,0.0389040182293114,45.45354864433811,Audit departure window and facility handoff
IND410501AAF,IND411033AAA,2,2,1,15.5,17.34915,78.0,137.5,5.070833333333333,5.070833333333333,62.5,125.0,1.0,False,0.011115433779803258,45.442583732057415,Monitor; current evidence does not justify capital action
IND160002AAC,IND147105AAA,2,2,1,88.0,106.1036,205.0,272.0,2.3427278603749193,2.3427278603749193,117.0,234.0,1.0,False,0.011115433779803258,45.33791866028708,Monitor; current evidence does not justify capital action
IND344022AAB,IND342301AAA,1,1,1,199.0,238.0381,497.0,514.0,2.4974874371859297,2.4974874371859297,298.0,298.0,1.0,False,0.005557716889901629,45.31897926634769,Monitor; current evidence does not justify capital action
IND695012AAB,IND695012AAA,3,3,1,14.0,13.8356,62.0,333.0,3.3,3.636796536796537,46.0,118.0,1.0,False,0.016673150669704886,45.193381180223284,Monitor; current evidence does not justify capital action
IND121004AAB,IND121004AAC,9,9,1,13.0,16.6152,26.0,51.0,1.8461538461538463,2.3392094017094016,11.0,155.0,1.0,True,0.05001945200911465,45.09170653907496,Audit departure window and facility handoff
IND131301AAA,IND131028AAB,2,2,1,39.5,55.265699999999995,120.0,365.5,3.0358974358974358,3.0358974358974358,80.5,161.0,1.0,False,0.011115433779803258,45.03787878787879,Monitor; current evidence does not justify capital action
IND509358AAA,IND509324AAA,7,7,1,28.0,37.6749,46.0,69.0,1.7037037037037037,2.2349675502384865,19.0,245.0,1.0,True,0.0389040182293114,45.036881977671456,Audit departure window and facility handoff
IND332001AAB,IND333031AAA,2,2,1,95.0,109.61735,215.0,262.0,2.267508865248227,2.267508865248227,120.0,240.0,1.0,False,0.011115433779803258,44.99401913875598,Monitor; current evidence does not justify capital action
IND621211AAA,IND621010AAA,10,10,1,22.0,24.27475,37.0,42.5,1.7613636363636362,1.704004329004329,16.0,153.0,1.0,True,0.05557716889901628,44.8853668261563,Audit departure window and facility handoff
IND276129AAA,IND221010AAB,1,1,1,75.0,79.65169999999999,278.0,1145.0,3.7066666666666666,3.7066666666666666,203.0,203.0,1.0,False,0.005557716889901629,44.85147527910686,Monitor; current evidence does not justify capital action
IND602024AAA,IND600116AAB,3,3,1,17.0,19.5747,64.0,99.0,3.3684210526315788,3.08359133126935,45.0,111.0,1.0,False,0.016673150669704886,44.84748803827751,Monitor; current evidence does not justify capital action
IND142026AAA,IND141109AAA,12,12,1,35.5,23.851,49.5,76.5,1.3797619047619047,1.4285888331940964,13.5,184.0,1.0,True,0.06669260267881955,44.84051036682615,Audit departure window and facility handoff
IND493118AAC,IND495334AAB,8,8,1,49.5,54.43005,79.0,97.5,1.6363265306122448,1.5878996146330873,31.0,231.0,1.0,True,0.04446173511921303,44.79465709728867,Audit departure window and facility handoff
IND788026AAC,IND788121AAA,2,2,1,21.0,29.318,84.5,455.0,4.023809523809524,4.023809523809524,63.5,127.0,1.0,False,0.011115433779803258,44.78668261562999,Monitor; current evidence does not justify capital action
IND621212AAA,IND621704AAA,11,11,1,23.0,30.7652,35.0,42.0,1.5454545454545454,1.6869086118097976,12.0,175.0,1.0,True,0.06113488578891791,44.786682615629985,Audit departure window and facility handoff
IND531001AAA,IND530012AAA,1,1,1,22.0,24.7421,190.0,205.0,8.636363636363637,8.636363636363637,168.0,168.0,1.0,False,0.005557716889901629,44.740829346092504,Monitor; current evidence does not justify capital action
IND421302AAF,IND421302AAR,5,5,1,9.0,11.5255,27.0,140.0,3.0,2.933333333333333,18.0,87.0,1.0,True,0.02778858444950814,44.70095693779904,Audit departure window and facility handoff
IND854311AAA,IND854326AAB,1,1,1,32.0,45.026,203.0,253.0,6.34375,6.34375,171.0,171.0,1.0,False,0.005557716889901629,44.66806220095694,Monitor; current evidence does not justify capital action
IND842001AAA,IND845401AAA,3,3,1,61.0,84.7759,126.0,205.0,2.0655737704918034,2.3062841530054645,65.0,238.0,1.0,False,0.016673150669704886,44.640151515151516,Monitor; current evidence does not justify capital action
IND814101AAB,IND816107AAA,7,7,1,87.0,89.27680000000001,128.0,146.0,1.4883720930232558,1.4988734868446174,42.0,302.0,1.0,True,0.0389040182293114,44.61124401913876,Audit departure window and facility handoff
IND784110AAA,IND781018AAB,1,1,1,135.0,181.0777,375.0,431.0,2.7777777777777777,2.7777777777777777,240.0,240.0,1.0,False,0.005557716889901629,44.52850877192982,Monitor; current evidence does not justify capital action
IND742101AAC,IND741123AAB,1,1,1,120.0,167.1225,350.0,422.0,2.9166666666666665,2.9166666666666665,230.0,230.0,1.0,False,0.005557716889901629,44.526515151515156,Monitor; current evidence does not justify capital action
IND458990AAA,IND312605AAB,5,5,1,57.0,61.976,94.0,461.0,1.6785714285714286,2.086591478696742,38.0,309.0,1.0,True,0.02778858444950814,44.51654704944178,Audit departure window and facility handoff
IND415409AAB,IND415124AAA,9,9,1,23.0,30.4288,40.0,49.0,1.7391304347826086,1.8364624505928855,17.0,173.0,1.0,True,0.05001945200911465,44.4896331738437,Audit departure window and facility handoff
IND602024AAA,IND602001AAA,6,6,1,11.0,16.7747,28.0,50.0,2.4545454545454546,2.5164141414141414,16.5,103.0,1.0,True,0.03334630133940977,44.441786283891545,Audit departure window and facility handoff
IND344001AAA,IND342301AAA,3,3,1,199.0,236.9164,333.0,364.0,1.6485148514851484,1.691883509959036,131.0,415.0,1.0,False,0.016673150669704886,44.40689792663477,Monitor; current evidence does not justify capital action
IND263002AAA,IND263645AAA,11,11,1,84.0,55.7548,103.0,127.0,1.1645569620253164,1.2349289428535097,13.0,223.0,0.36363636363636365,False,0.022230867559606515,44.36004784688995,Monitor; current evidence does not justify capital action
IND712311AAA,IND826004AAA,3,3,1,182.0,257.9808,314.0,489.0,1.7527472527472527,1.6671063453850339,137.0,360.0,1.0,False,0.016673150669704886,44.34210526315789,Monitor; current evidence does not justify capital action
IND201306AAA,IND201304AAA,1,1,1,15.0,13.3995,174.0,216.0,11.6,11.6,159.0,159.0,1.0,False,0.005557716889901629,44.334130781499205,Monitor; current evidence does not justify capital action
IND125111AAA,IND125121AAA,2,2,1,33.0,37.91675,103.5,128.5,3.1820276497695854,3.1820276497695854,70.5,141.0,1.0,False,0.011115433779803258,44.334130781499205,Monitor; current evidence does not justify capital action
IND413517AAA,IND431717AAA,2,2,1,41.5,59.78545,120.5,155.0,2.8998257839721253,2.8998257839721253,79.0,158.0,1.0,False,0.011115433779803258,44.27830940988836,Monitor; current evidence does not justify capital action
IND302014AAB,IND303008AAB,5,5,1,55.0,73.9501,103.0,173.0,1.8727272727272728,1.8484175084175085,48.0,233.0,1.0,True,0.02778858444950814,44.26834130781499,Audit departure window and facility handoff
IND273014AAB,IND273155AAA,3,3,1,33.0,46.4485,63.0,132.0,1.9375,3.4702311577311575,30.0,277.0,1.0,False,0.016673150669704886,44.244417862838915,Monitor; current evidence does not justify capital action
IND246444AAB,IND246424AAA,11,11,1,42.0,28.4756,60.0,64.0,1.4090909090909092,1.420999624655583,18.0,195.0,1.0,True,0.06113488578891791,44.2414274322169,Audit departure window and facility handoff
IND395023AAD,IND395009AAA,4,4,1,15.5,15.74085,44.5,96.0,2.877083333333333,2.6520833333333336,29.0,103.0,1.0,False,0.022230867559606515,44.17464114832536,Monitor; current evidence does not justify capital action
IND486001AAA,IND486771AAA,2,2,1,52.0,72.82249999999999,138.5,184.5,2.6642619311875695,2.6642619311875695,86.5,173.0,1.0,False,0.011115433779803258,44.1566985645933,Monitor; current evidence does not justify capital action
IND306116AAA,IND306001AAA,2,2,1,80.5,103.9418,188.0,208.0,2.3429299166409385,2.3429299166409385,107.5,215.0,1.0,False,0.011115433779803258,44.14673046251993,Monitor; current evidence does not justify capital action
IND484001AAA,IND484446AAA,3,3,1,78.0,106.0722,158.0,182.0,2.0256410256410255,2.046731046731047,80.0,244.0,1.0,False,0.016673150669704886,44.14473684210526,Monitor; current evidence does not justify capital action
IND125005AAA,IND335513AAA,3,3,1,150.0,179.057,266.0,333.0,1.7733333333333334,1.7751528709917972,116.0,348.0,1.0,False,0.016673150669704886,44.115829346092504,Monitor; current evidence does not justify capital action
IND736135AAA,IND736101AAA,6,6,1,23.0,22.63475,48.5,68.5,2.0890269151138714,2.072803657694962,24.5,149.0,1.0,True,0.03334630133940977,44.08891547049441,Audit departure window and facility handoff
IND306401AAB,IND343001AAA,3,3,1,87.0,118.6815,174.0,191.0,2.0344827586206895,1.919900833896777,89.0,238.0,1.0,False,0.016673150669704886,44.02212918660287,Monitor; current evidence does not justify capital action
IND385001AAA,IND385535AAA,10,10,1,18.0,25.493299999999998,31.0,44.5,1.7777777777777777,1.7513742690058478,14.0,136.0,1.0,True,0.05557716889901628,43.97129186602871,Audit departure window and facility handoff
IND632402AAA,IND631102AAA,11,11,1,25.0,26.6491,38.0,64.0,1.52,1.617727272727273,13.0,169.0,1.0,True,0.06113488578891791,43.944377990430624,Audit departure window and facility handoff
IND811105AAA,IND803212AAB,2,2,1,48.5,66.1587,131.5,168.5,2.7136479591836737,2.7136479591836737,83.0,166.0,1.0,False,0.011115433779803258,43.93341307814992,Monitor; current evidence does not justify capital action
IND384205AAA,IND383001AAA,8,8,1,59.0,81.37344999999999,89.5,104.0,1.5046610169491526,1.5124601232222872,30.0,247.0,1.0,True,0.04446173511921303,43.85267145135566,Audit departure window and facility handoff
IND785112AAC,IND785634AAA,2,2,1,29.5,40.69029999999999,95.5,104.0,3.2195402298850575,3.2195402298850575,66.0,132.0,1.0,False,0.011115433779803258,43.78090111642743,Monitor; current evidence does not justify capital action
IND244235AAA,IND244901AAB,14,14,1,103.0,105.88995,90.5,198.0,0.8786407766990292,1.0138984361926282,0.0,161.0,0.21428571428571427,False,0.016673150669704886,43.753987240829346,Monitor; current evidence does not justify capital action
IND722143AAB,IND723133AAA,9,9,1,52.0,45.1762,74.0,107.0,1.411764705882353,1.5005731870414851,21.0,235.0,1.0,True,0.05001945200911465,43.73704146730462,Audit departure window and facility handoff
IND411043AAA,IND411014AAA,2,2,1,15.5,15.3781,70.0,97.0,4.525,4.525,54.5,109.0,1.0,False,0.011115433779803258,43.73305422647528,Monitor; current evidence does not justify capital action
IND841424AAA,IND841226AAB,3,3,1,44.0,62.9374,101.0,220.0,2.3488372093023258,2.275201628690001,58.0,168.0,1.0,False,0.016673150669704886,43.65530303030303,Monitor; current evidence does not justify capital action
IND471001AAA,IND472001AAA,6,6,1,79.5,96.05805000000001,129.0,158.5,1.622626582278481,1.5699835936937354,49.5,273.0,1.0,True,0.03334630133940977,43.60944976076555,Audit departure window and facility handoff
IND600016AAC,IND600119AAA,6,6,1,32.0,34.21695,50.0,180.5,1.9635416666666667,2.0863320707070705,23.5,173.0,0.8333333333333334,True,0.02778858444950814,43.574561403508774,Audit departure window and facility handoff
IND403507AAA,IND403726AAB,3,3,1,31.0,26.3098,50.0,471.0,1.6129032258064515,5.3659621802002215,19.0,405.0,1.0,False,0.016673150669704886,43.54864433811802,Monitor; current evidence does not justify capital action
IND431203AAA,IND431112AAB,5,5,1,48.0,66.8608,92.0,128.0,1.9166666666666667,1.883503401360544,44.0,213.0,1.0,True,0.02778858444950814,43.542663476874,Audit departure window and facility handoff
IND713130AAA,IND741126AAB,1,1,1,69.0,81.7059,253.0,305.0,3.6666666666666665,3.6666666666666665,184.0,184.0,1.0,False,0.005557716889901629,43.47089314194578,Monitor; current evidence does not justify capital action
IND361305AAC,IND361315AAA,8,8,1,32.0,44.301199999999994,55.5,61.5,1.723908918406072,1.7276047955839227,23.5,187.0,1.0,True,0.04446173511921303,43.4469696969697,Audit departure window and facility handoff
IND412210AAC,IND411033AAA,2,2,1,63.0,82.65045,156.0,181.5,2.4761904761904763,2.4761904761904763,93.0,186.0,1.0,False,0.011115433779803258,43.43500797448166,Monitor; current evidence does not justify capital action
IND203396AAB,IND203390AAA,11,11,1,39.0,43.4223,53.0,72.0,1.358974358974359,1.4416083916083915,14.0,190.0,0.9090909090909091,True,0.05557716889901628,43.372208931419465,Audit departure window and facility handoff
IND784168AAB,IND791111AAC,2,2,1,25.0,36.046549999999996,86.0,105.0,3.4400000000000004,3.4400000000000004,61.0,122.0,1.0,False,0.011115433779803258,43.35725677830942,Monitor; current evidence does not justify capital action
IND733140AAA,IND733102AAA,6,6,2,25.0,33.7765,49.5,60.0,2.024166666666667,2.0288247863247864,25.0,154.0,1.0,True,0.03334630133940977,43.351275917065394,Evaluate FTL/Carting shift on supported corridor
IND721602AAB,IND721139AAC,4,4,1,60.5,70.1466,111.5,144.0,1.7979166666666666,2.12088456284153,49.5,273.0,1.0,False,0.022230867559606515,43.332336523125996,Monitor; current evidence does not justify capital action
IND209304AAA,IND208012AAA,13,13,1,21.0,28.1186,35.0,154.0,1.5238095238095237,1.3680699582108033,11.0,119.0,0.5384615384615384,True,0.0389040182293114,43.279505582137155,Audit departure window and facility handoff
IND781022AAA,IND781018AAB,10,10,1,34.0,35.3221,39.0,89.5,1.1294117647058823,1.6180250509294627,4.5,233.0,0.4,False,0.022230867559606515,43.25956937799043,Monitor; current evidence does not justify capital action
IND571432AAB,IND571426AAA,11,11,1,37.0,40.7991,49.0,65.0,1.3125,1.4780165425624348,11.0,194.0,0.8181818181818182,True,0.05001945200911465,43.24062998405104,Audit departure window and facility handoff
IND301019AAA,IND123001AAA,2,2,1,64.0,77.6375,156.5,214.5,2.4550671550671552,2.4550671550671552,92.5,185.0,1.0,False,0.011115433779803258,43.18480861244019,Monitor; current evidence does not justify capital action
IND560300AAA,IND560002AAA,13,13,1,33.0,32.0947,35.0,98.0,1.0909090909090908,1.3754417151475975,3.0,163.0,0.3076923076923077,False,0.022230867559606515,43.18082137161084,Monitor; current evidence does not justify capital action
IND431136AAC,IND431112AAB,1,1,1,57.0,77.4368,226.0,547.0,3.9649122807017543,3.9649122807017543,169.0,169.0,1.0,False,0.005557716889901629,43.172846889952154,Monitor; current evidence does not justify capital action
IND523002AAA,IND523105AAA,1,1,1,42.0,54.0026,201.0,600.0,4.785714285714286,4.785714285714286,159.0,159.0,1.0,False,0.005557716889901629,43.15291068580542,Monitor; current evidence does not justify capital action
IND277211AAA,IND277201AAA,4,4,1,21.0,23.579349999999998,51.5,71.5,2.4523809523809526,2.4523809523809526,30.5,122.0,1.0,False,0.022230867559606515,43.121012759170654,Monitor; current evidence does not justify capital action
IND585314AAA,IND586211AAA,3,3,1,97.0,104.968,188.0,197.0,1.9381443298969072,1.8752147766323024,91.0,254.0,1.0,False,0.016673150669704886,43.09808612440192,Monitor; current evidence does not justify capital action
IND713103AAA,IND713205AAB,4,4,1,51.0,69.79105,98.5,110.5,2.007300792657489,2.008552357113058,49.5,202.0,1.0,False,0.022230867559606515,43.09808612440192,Monitor; current evidence does not justify capital action
IND403507AAB,IND403726AAB,1,1,1,44.0,36.4867,203.0,382.0,4.613636363636363,4.613636363636363,159.0,159.0,1.0,False,0.005557716889901629,43.0432615629984,Monitor; current evidence does not justify capital action
IND603001AAA,IND603301AAA,11,11,1,35.0,37.5596,49.0,71.0,1.4285714285714286,1.4450810627281216,15.0,171.0,0.5454545454545454,True,0.03334630133940977,43.02232854864434,Audit departure window and facility handoff
IND562125AAA,IND000000ACS,1,1,1,24.0,16.7946,171.0,228.0,7.125,7.125,147.0,147.0,1.0,False,0.005557716889901629,42.9994019138756,Monitor; current evidence does not justify capital action
IND272207AAB,IND272153AAC,3,3,1,17.0,22.9428,52.0,60.0,3.0588235294117645,3.036764705882353,35.0,102.0,1.0,False,0.016673150669704886,42.98544657097288,Monitor; current evidence does not justify capital action
IND424006AAA,IND424304AAC,4,4,1,41.0,55.238,83.5,108.0,2.062226391494684,2.1408692933083175,42.5,185.0,1.0,False,0.022230867559606515,42.97348484848485,Monitor; current evidence does not justify capital action
IND341001AAC,IND341303AAA,4,4,1,84.0,98.33615,132.5,168.5,1.5681372549019608,2.0429971988795517,48.0,351.0,1.0,False,0.022230867559606515,42.96551036682616,Monitor; current evidence does not justify capital action
IND641607AAA,IND641654AAA,7,7,1,16.0,18.3289,34.0,134.0,2.0,2.14390756302521,17.0,131.0,1.0,True,0.0389040182293114,42.94657097288677,Audit departure window and facility handoff
IND781018AAB,IND784168AAB,1,1,1,224.0,299.235,511.0,650.0,2.28125,2.28125,287.0,287.0,1.0,False,0.005557716889901629,42.89374003189792,Monitor; current evidence does not justify capital action
IND813102AAA,IND813203AAA,1,1,1,62.0,74.7621,232.0,260.0,3.7419354838709675,3.7419354838709675,170.0,170.0,1.0,False,0.005557716889901629,42.89274322169059,Monitor; current evidence does not justify capital action
IND424006AAA,IND425412AAA,3,3,1,76.0,104.8513,155.0,174.0,2.012987012987013,1.9877208171945016,78.0,225.0,1.0,False,0.016673150669704886,42.87579744816586,Monitor; current evidence does not justify capital action
IND415124AAA,IND415605AAA,11,11,1,167.0,89.2895,184.0,196.0,1.1017964071856288,1.106899598988637,17.0,203.0,0.18181818181818182,False,0.011115433779803258,42.85187400318979,Monitor; current evidence does not justify capital action
IND732103AAA,IND732138AAA,2,2,1,37.0,40.13805000000001,105.5,134.5,2.8513513513513513,2.8513513513513513,68.5,137.0,1.0,False,0.011115433779803258,42.82994417862839,Monitor; current evidence does not justify capital action
IND824101AAA,IND821115AAB,4,4,1,31.5,42.0412,63.0,118.0,2.030952380952381,2.507900432900433,31.5,191.0,1.0,False,0.022230867559606515,42.75717703349282,Monitor; current evidence does not justify capital action
IND413002AAA,IND413304AAA,4,4,1,53.0,73.1013,104.0,144.0,1.9811320754716981,1.9677740149438263,51.5,205.0,1.0,False,0.022230867559606515,42.733253588516746,Monitor; current evidence does not justify capital action
IND305802AAA,IND341512AAA,4,4,1,35.0,38.345150000000004,70.0,91.0,2.090017825311943,2.196184126331185,36.5,172.0,1.0,False,0.022230867559606515,42.71730462519937,Monitor; current evidence does not justify capital action
IND400612AAA,IND421302AAR,6,6,1,12.0,14.367149999999999,24.5,164.0,2.0416666666666665,2.957070707070707,12.5,140.0,1.0,True,0.03334630133940977,42.712320574162675,Audit departure window and facility handoff
IND585211AAA,IND585222AAA,11,11,1,24.0,25.332,36.0,61.0,1.5,1.5837878787878787,12.0,156.0,1.0,True,0.06113488578891791,42.67145135566188,Audit departure window and facility handoff
IND465333AAA,IND462022AAA,3,3,1,103.0,146.42010000000002,194.0,624.0,1.8653846153846154,1.867749564351506,90.0,269.0,1.0,False,0.016673150669704886,42.661483253588514,Monitor; current evidence does not justify capital action
IND851127AAA,IND851112AAB,4,4,1,26.0,32.1446,59.0,88.5,2.269230769230769,2.293091168091168,33.0,136.0,1.0,False,0.022230867559606515,42.59569377990431,Monitor; current evidence does not justify capital action
IND799250AAA,IND799008AAA,1,1,1,124.0,171.3245,338.0,360.0,2.725806451612903,2.725806451612903,214.0,214.0,1.0,False,0.005557716889901629,42.58273524720893,Monitor; current evidence does not justify capital action
IND722101AAA,IND722122AAA,7,7,1,21.0,30.0546,37.0,47.0,1.9444444444444444,1.9314798383121363,17.0,139.0,1.0,True,0.0389040182293114,42.5328947368421,Audit departure window and facility handoff
IND284001AAA,IND284403AAA,5,5,1,78.0,103.2207,122.0,173.0,1.5263157894736843,1.7883249399295615,40.0,311.0,1.0,True,0.02778858444950814,42.49401913875598,Audit departure window and facility handoff
IND581303AAA,IND581400AAB,12,12,1,44.5,47.04730000000001,52.5,69.5,1.3659156976744184,1.3242057890945147,13.5,149.0,0.5833333333333334,True,0.0389040182293114,42.44019138755981,Audit departure window and facility handoff
IND826004AAA,IND814112AAA,3,3,1,115.0,130.618,202.0,297.0,1.7565217391304349,1.8729468599033818,87.0,308.0,1.0,False,0.016673150669704886,42.43620414673046,Monitor; current evidence does not justify capital action
IND792120AAB,IND786181AAC,2,2,1,31.5,45.3672,94.0,131.5,2.9726166328600403,2.9726166328600403,62.5,125.0,1.0,False,0.011115433779803258,42.3225677830941,Monitor; current evidence does not justify capital action
IND562132AAA,IND580028AAA,1,1,1,287.0,387.387,608.0,1071.0,2.1184668989547037,2.1184668989547037,321.0,321.0,1.0,False,0.005557716889901629,42.32057416267943,Monitor; current evidence does not justify capital action
IND413517AAA,IND431603AAA,1,1,1,85.0,110.0454,266.0,904.0,3.1294117647058823,3.1294117647058823,181.0,181.0,1.0,False,0.005557716889901629,42.229864433811805,Monitor; current evidence does not justify capital action
IND305624AAA,IND305404AAA,4,4,1,74.0,88.99775,133.5,162.5,1.804054054054054,1.8409346846846848,59.5,248.0,1.0,False,0.022230867559606515,42.158094098883566,Monitor; current evidence does not justify capital action
IND854311AAA,IND854334AAA,7,7,1,19.0,25.3079,32.0,79.0,1.7777777777777777,2.296908939014202,14.0,174.0,1.0,True,0.0389040182293114,42.03648325358852,Audit departure window and facility handoff
IND587103AAB,IND582101AAB,2,2,1,92.0,109.555,199.0,242.5,2.1630434782608696,2.1630434782608696,107.0,214.0,1.0,False,0.011115433779803258,42.026515151515156,Monitor; current evidence does not justify capital action
IND576201AAA,IND581320AAA,4,4,1,36.5,49.532849999999996,74.5,96.0,2.0412912912912913,2.185119329856172,38.0,174.0,1.0,False,0.022230867559606515,41.993620414673046,Monitor; current evidence does not justify capital action
IND247776AAA,IND251309AAB,9,9,1,18.0,24.5242,32.0,46.0,1.7777777777777777,1.7988953866146846,14.0,130.0,1.0,True,0.05001945200911465,41.97667464114833,Audit departure window and facility handoff
IND574227AAA,IND574104AAA,9,9,1,14.0,18.3005,25.0,35.0,1.7857142857142858,2.0434796140678495,11.0,129.0,1.0,True,0.05001945200911465,41.972687400318975,Audit departure window and facility handoff
IND735224AAA,IND736146AAA,8,8,1,49.0,57.716049999999996,72.5,88.0,1.494047619047619,1.5508375850340137,24.0,216.0,1.0,True,0.04446173511921303,41.93381180223285,Audit departure window and facility handoff
IND642126AAA,IND642001AAA,12,12,1,31.0,30.80585,42.0,55.0,1.370967741935484,1.3819878955011742,11.5,140.0,0.9166666666666666,True,0.06113488578891791,41.92583732057416,Audit departure window and facility handoff
IND395023AAA,IND394221AAA,2,2,1,14.0,14.55975,62.5,588.5,4.0133689839572195,4.0133689839572195,48.5,97.0,1.0,False,0.011115433779803258,41.91387559808612,Monitor; current evidence does not justify capital action
IND422103AAC,IND422605AAA,7,7,1,30.0,38.9855,54.0,69.0,1.793103448275862,1.7988651411621377,23.0,169.0,1.0,True,0.0389040182293114,41.879984051036686,Audit departure window and facility handoff
IND534260AAC,IND533106AAA,2,2,1,57.5,70.5323,140.5,178.0,2.440829297820823,2.440829297820823,83.0,166.0,1.0,False,0.011115433779803258,41.85007974481659,Monitor; current evidence does not justify capital action
IND680587AAA,IND68004AAA,6,6,1,43.5,43.0277,73.0,107.5,1.6781183932346724,1.854660646622224,29.5,226.0,1.0,True,0.03334630133940977,41.833133971291865,Audit departure window and facility handoff
IND384205AAA,IND384355AAB,8,8,1,33.0,36.5268,54.0,80.5,1.5882352941176472,1.7316176470588236,20.0,195.0,1.0,True,0.04446173511921303,41.832137161084525,Audit departure window and facility handoff
IND621112AAA,IND620012AAA,1,1,1,24.0,22.6467,155.0,167.0,6.458333333333333,6.458333333333333,131.0,131.0,1.0,False,0.005557716889901629,41.827153110047846,Monitor; current evidence does not justify capital action
IND573116AAA,IND571426AAA,1,1,1,29.0,32.2457,162.0,195.0,5.586206896551724,5.586206896551724,133.0,133.0,1.0,False,0.005557716889901629,41.823165869218506,Monitor; current evidence does not justify capital action
IND562117AAA,IND562132AAA,10,10,1,90.0,85.4873,104.5,141.0,1.1562812187812188,1.2354390710616214,14.0,209.0,0.4,False,0.022230867559606515,41.78827751196172,Monitor; current evidence does not justify capital action
IND509124AAA,IND518002AAA,1,1,1,45.0,59.5891,190.0,407.0,4.222222222222222,4.222222222222222,145.0,145.0,1.0,False,0.005557716889901629,41.78728070175438,Monitor; current evidence does not justify capital action
IND786171AAA,IND786181AAC,6,6,1,8.5,13.0436,22.0,34.5,2.416666666666667,2.465277777777778,13.5,81.0,1.0,True,0.03334630133940977,41.76335725677831,Audit departure window and facility handoff
IND506001AAC,IND505467AAA,8,8,1,35.0,42.05905,57.5,70.0,1.6202380952380953,1.6693510737628385,22.0,188.0,1.0,True,0.04446173511921303,41.75737639553429,Audit departure window and facility handoff
IND630002AAA,IND622407AAA,9,9,1,47.0,49.8296,68.0,93.0,1.4583333333333333,1.466333470380649,22.0,197.0,1.0,True,0.05001945200911465,41.75338915470495,Audit departure window and facility handoff
IND362001AAA,IND360575AAA,7,7,1,84.0,103.3616,118.0,141.0,1.4216867469879517,1.4337964101303171,35.0,254.0,1.0,True,0.0389040182293114,41.7494019138756,Audit departure window and facility handoff
IND000000ACB,IND301705AAA,1,1,1,56.0,62.9226,210.0,417.0,3.75,3.75,154.0,154.0,1.0,False,0.005557716889901629,41.72846889952153,Monitor; current evidence does not justify capital action
IND403726AAB,IND403401AAA,5,5,1,24.0,22.683,50.0,212.0,2.0833333333333335,2.084518058431102,26.0,137.0,1.0,True,0.02778858444950814,41.713516746411486,Audit departure window and facility handoff
IND673506AAA,IND670643AAA,12,12,1,23.5,21.83895,33.5,49.0,1.490036231884058,1.4460606706450696,10.5,122.0,1.0,True,0.06669260267881955,41.69457735247209,Audit departure window and facility handoff
IND480886AAA,IND480001AAA,5,5,1,99.0,138.1583,155.0,160.0,1.5656565656565657,1.5657631990003125,56.0,280.0,1.0,True,0.02778858444950814,41.68261562998405,Audit departure window and facility handoff
IND365560AAA,IND365560AAB,5,5,1,59.0,72.2758,100.0,121.0,1.7142857142857142,1.8050605326876514,41.0,236.0,1.0,True,0.02778858444950814,41.59888357256778,Audit departure window and facility handoff
IND523105AAA,IND524201AAA,12,12,1,42.5,55.373400000000004,53.0,69.0,1.2956349206349207,1.2937434833854662,11.0,146.0,0.8333333333333334,True,0.05557716889901628,41.597886762360446,Audit departure window and facility handoff
IND403601AAA,IND403726AAB,3,3,1,14.0,15.2687,21.0,520.0,1.9,3.6431372549019607,9.0,238.0,1.0,False,0.016673150669704886,41.5749601275917,Monitor; current evidence does not justify capital action
IND470117AAA,IND470227AAB,3,3,1,95.0,122.5636,170.0,188.0,1.7894736842105263,1.9696637426900585,75.0,277.0,1.0,False,0.016673150669704886,41.56798245614035,Monitor; current evidence does not justify capital action
IND505467AAA,IND505122AAA,7,7,1,46.0,51.077,75.0,111.0,1.6304347826086956,1.6364785692260253,29.0,206.0,1.0,True,0.0389040182293114,41.55502392344498,Audit departure window and facility handoff
IND591201AAA,IND591304AAA,8,8,1,60.0,73.78635,87.5,103.0,1.4344262295081966,1.4573428961748633,26.5,221.0,1.0,True,0.04446173511921303,41.553030303030305,Audit departure window and facility handoff
IND624001AAA,IND625008AAA,9,9,1,49.0,67.7051,68.0,119.0,1.3958333333333333,1.4627173091458805,19.0,204.0,1.0,True,0.05001945200911465,41.54904306220095,Audit departure window and facility handoff
IND370001AAA,IND370615AAB,6,6,1,43.5,47.3254,78.0,96.5,1.7727272727272727,1.7565270646665994,34.0,196.0,1.0,True,0.03334630133940977,41.54007177033493,Audit departure window and facility handoff
IND742202AAA,IND732103AAA,1,1,1,36.0,51.1885,170.0,220.0,4.722222222222222,4.722222222222222,134.0,134.0,1.0,False,0.005557716889901629,41.51714513556619,Monitor; current evidence does not justify capital action
IND462022AAA,IND461001AAA,2,2,1,51.5,73.69635,128.5,197.0,2.4950980392156863,2.4950980392156863,77.0,154.0,1.0,False,0.011115433779803258,41.501196172248804,Monitor; current evidence does not justify capital action
IND571301AAA,IND571111AAB,6,6,1,23.5,34.0262,47.0,64.5,1.914855072463768,2.0990208101077665,22.0,158.0,1.0,True,0.03334630133940977,41.49322169059011,Audit departure window and facility handoff
IND678683AAA,IND000000ABD,13,13,1,34.0,32.2254,41.0,74.0,1.2121212121212122,1.2893642305407012,7.0,131.0,0.5384615384615384,True,0.0389040182293114,41.48624401913876,Audit departure window and facility handoff
IND502313AAA,IND503111AAC,5,5,1,62.0,85.3094,108.0,202.0,1.7142857142857142,1.743932411674347,45.0,232.0,1.0,True,0.02778858444950814,41.36562998405103,Audit departure window and facility handoff
IND202001AAB,IND207123AAA,2,2,1,60.5,79.23894999999999,144.5,343.5,2.376114827201784,2.376114827201784,84.0,168.0,1.0,False,0.011115433779803258,41.36363636363636,Monitor; current evidence does not justify capital action
IND854105AAA,IND853204AAA,2,2,1,51.0,72.029,127.0,168.0,2.4876923076923076,2.4876923076923076,76.0,152.0,1.0,False,0.011115433779803258,41.34469696969697,Monitor; current evidence does not justify capital action
IND533308AAB,IND533003AAA,8,8,1,41.5,44.303700000000006,64.0,109.0,1.542973286875726,1.5897854036679901,22.5,196.0,1.0,True,0.04446173511921303,41.3347288676236,Audit departure window and facility handoff
IND845418AAB,IND842001AAA,1,1,1,69.0,85.9194,229.0,279.0,3.318840579710145,3.318840579710145,160.0,160.0,1.0,False,0.005557716889901629,41.2828947368421,Monitor; current evidence does not justify capital action
IND488001AAA,IND471001AAA,3,3,1,47.0,66.9039,103.0,110.0,2.1458333333333335,2.183825418850858,55.0,167.0,1.0,False,0.016673150669704886,41.277910685805416,Monitor; current evidence does not justify capital action
IND713128AAB,IND731301AAA,1,1,1,35.0,40.8526,166.0,196.0,4.742857142857143,4.742857142857143,131.0,131.0,1.0,False,0.005557716889901629,41.24900318979267,Monitor; current evidence does not justify capital action
IND110024AAA,IND110014AAA,9,9,1,7.0,9.7226,14.0,44.0,2.0,2.248236331569665,7.0,82.0,1.0,True,0.05001945200911465,41.23604465709729,Audit departure window and facility handoff
IND212501AAA,IND212402AAA,8,8,1,25.0,28.9581,43.0,73.0,1.72,1.7771739130434783,18.0,153.0,1.0,True,0.04446173511921303,41.22408293460925,Audit departure window and facility handoff
IND333031AAA,IND331023AAA,2,2,1,28.0,39.53035,83.5,102.5,2.982142857142857,2.982142857142857,55.5,111.0,1.0,False,0.011115433779803258,41.18520733652313,Monitor; current evidence does not justify capital action
IND160002AAC,IND160055AAA,14,14,1,42.0,33.97030000000001,44.5,117.0,1.0822259136212624,1.177580391502214,3.5,120.0,0.21428571428571427,False,0.016673150669704886,41.17723285486443,Monitor; current evidence does not justify capital action
IND614602AAA,IND614804AAA,11,11,1,24.0,22.6755,36.0,55.0,1.5,1.510540184453228,12.0,133.0,1.0,True,0.06113488578891791,41.16427432216906,Audit departure window and facility handoff
IND122001AAA,IND122001AAD,3,3,1,13.0,12.7244,41.0,62.0,3.2,3.22051282051282,28.0,80.0,1.0,False,0.016673150669704886,41.08951355661882,Monitor; current evidence does not justify capital action
IND506002AAA,IND506132AAA,13,13,1,37.0,35.192,46.0,88.0,1.1388888888888888,1.2424905837164415,5.0,130.0,0.38461538461538464,False,0.02778858444950814,41.036682615629985,Monitor; current evidence does not justify capital action
IND431603AAA,IND431401AAA,1,1,1,59.0,80.169,208.0,210.0,3.5254237288135593,3.5254237288135593,149.0,149.0,1.0,False,0.005557716889901629,41.030701754385966,Monitor; current evidence does not justify capital action
IND625516AAA,IND685514AAA,5,5,1,47.0,33.4105,87.0,111.0,1.8125,1.8528330249768732,39.0,201.0,1.0,True,0.02778858444950814,41.01774322169059,Audit departure window and facility handoff
IND174307AAA,IND176041AAA,11,11,1,54.0,36.5139,66.0,78.0,1.1818181818181819,1.2825907622767911,10.0,169.0,0.45454545454545453,False,0.02778858444950814,41.00378787878788,Monitor; current evidence does not justify capital action
IND484661AAE,IND484001AAA,2,2,1,45.5,65.60575,115.5,118.5,2.5488394584139265,2.5488394584139265,70.0,140.0,1.0,False,0.011115433779803258,40.98684210526316,Monitor; current evidence does not justify capital action
IND751014AAA,IND751002AAB,4,4,1,7.0,10.69915,18.5,56.5,2.642857142857143,3.799107142857143,11.5,85.0,1.0,False,0.022230867559606515,40.96092503987241,Monitor; current evidence does not justify capital action
IND341303AAA,IND341306AAA,8,8,1,24.5,34.0289,42.0,62.0,1.6733333333333333,1.8172435897435897,17.0,163.0,1.0,True,0.04446173511921303,40.95693779904306,Audit departure window and facility handoff
IND845455AAB,IND845418AAB,2,2,1,91.0,112.83085,193.5,225.0,2.1242753623188406,2.1242753623188406,102.5,205.0,1.0,False,0.011115433779803258,40.91108452950558,Monitor; current evidence does not justify capital action
IND247554AAA,IND248001AAA,9,9,1,129.0,91.9635,154.0,206.0,1.193798449612403,1.185299693354041,25.0,215.0,0.4444444444444444,False,0.022230867559606515,40.90111642743221,Monitor; current evidence does not justify capital action
IND721434AAB,IND721401AAA,2,2,1,50.0,49.69545,123.5,144.5,2.4699999999999998,2.4699999999999998,73.5,147.0,1.0,False,0.011115433779803258,40.76355661881978,Monitor; current evidence does not justify capital action
IND530043AAA,IND531163AAA,9,9,1,23.0,26.2057,38.0,58.0,1.6521739130434783,1.6932367149758454,15.0,141.0,1.0,True,0.05001945200911465,40.729665071770334,Audit departure window and facility handoff
IND201007AAB,IND201007AAA,2,2,1,14.0,11.77685,56.5,84.5,4.035714285714286,4.035714285714286,42.5,85.0,1.0,False,0.011115433779803258,40.723684210526315,Monitor; current evidence does not justify capital action
IND411033AAA,IND414001AAA,3,3,1,107.0,141.5488,190.0,332.0,1.7757009345794392,1.8253688355963087,83.0,264.0,1.0,False,0.016673150669704886,40.7097288676236,Monitor; current evidence does not justify capital action
IND413501AAA,IND411033AAA,1,1,1,211.0,277.2859,468.0,501.0,2.2180094786729856,2.2180094786729856,257.0,257.0,1.0,False,0.005557716889901629,40.69577352472089,Monitor; current evidence does not justify capital action
IND232101AAB,IND232104AAB,4,4,1,12.0,14.962800000000001,35.0,74.5,2.5487179487179485,2.81981351981352,21.0,88.0,1.0,False,0.022230867559606515,40.65291068580542,Monitor; current evidence does not justify capital action
IND140401AAA,IND000000ACA,2,2,1,52.5,75.28685,127.5,168.0,2.417211328976035,2.417211328976035,75.0,150.0,1.0,False,0.011115433779803258,40.62300637958533,Monitor; current evidence does not justify capital action
IND125001AAA,IND125051AAA,1,1,1,63.0,78.5245,211.0,304.0,3.3492063492063493,3.3492063492063493,148.0,148.0,1.0,False,0.005557716889901629,40.57416267942583,Monitor; current evidence does not justify capital action
IND600044AAD,IND603203AAA,2,2,1,16.5,19.01395,60.5,79.5,3.670955882352941,3.670955882352941,44.0,88.0,1.0,False,0.011115433779803258,40.53528708133971,Monitor; current evidence does not justify capital action
IND533106AAA,IND533262AAA,3,3,1,47.0,53.4446,101.0,116.0,2.1041666666666665,2.1589898756295614,53.0,164.0,1.0,False,0.016673150669704886,40.45155502392345,Monitor; current evidence does not justify capital action
IND177001AAA,IND176110AAB,7,7,1,22.0,24.0675,38.0,68.0,1.8095238095238095,1.861591745871035,19.0,142.0,1.0,True,0.0389040182293114,40.42464114832536,Audit departure window and facility handoff
IND125005AAA,IND335523AAB,1,1,1,119.0,127.9463,310.0,388.0,2.6050420168067228,2.6050420168067228,191.0,191.0,1.0,False,0.005557716889901629,40.27511961722489,Monitor; current evidence does not justify capital action
IND741165AAB,IND742121AAB,9,9,1,82.0,93.2994,100.0,126.0,1.2195121951219512,1.2766569641005052,18.0,203.0,0.5555555555555556,True,0.02778858444950814,40.21232057416268,Audit departure window and facility handoff
IND571213AAA,IND571114AAA,6,6,1,67.0,73.65189999999998,106.5,134.5,1.58955223880597,1.5504296698326547,39.5,220.0,1.0,True,0.03334630133940977,40.209330143540676,Audit departure window and facility handoff
IND473443AAA,IND470113AAA,4,4,1,59.0,75.0984,108.5,116.0,1.8389830508474576,1.8601694915254237,49.5,203.0,1.0,False,0.022230867559606515,40.1963716108453,Monitor; current evidence does not justify capital action
IND506143AAA,IND506167AAB,9,9,1,18.0,25.87,31.0,67.0,1.736842105263158,1.739732637694454,14.0,116.0,1.0,True,0.05001945200911465,40.19238437001595,Audit departure window and facility handoff
IND742149AAA,IND742225AAA,1,1,1,40.0,54.9441,164.0,217.0,4.1,4.1,124.0,124.0,1.0,False,0.005557716889901629,40.07675438596491,Monitor; current evidence does not justify capital action
IND756019AAA,IND757025AAA,4,4,1,19.0,27.0089,44.0,780.0,2.3771929824561404,2.295175438596491,25.5,98.0,1.0,False,0.022230867559606515,40.07476076555024,Monitor; current evidence does not justify capital action
IND571111AAB,IND571313AAB,7,7,1,31.0,33.8642,53.0,62.0,1.7096774193548387,1.7549307431537688,22.0,163.0,1.0,True,0.0389040182293114,40.04585326953748,Audit departure window and facility handoff
IND577101AAA,IND577132AAD,5,5,1,21.0,29.509400000000003,45.0,52.0,2.1363636363636362,2.0327865117338804,24.0,108.0,1.0,True,0.02778858444950814,40.040869218500795,Audit departure window and facility handoff
IND495334AAB,IND491995AAB,8,8,1,50.0,64.41605,72.5,82.5,1.462222222222222,1.5036359761295823,22.5,193.0,1.0,True,0.04446173511921303,40.01993620414673,Audit departure window and facility handoff
IND781014AAA,IND781124AAA,5,5,1,23.0,32.7611,46.0,87.0,2.0434782608695654,2.1208695652173915,24.0,124.0,1.0,True,0.02778858444950814,39.989035087719294,Audit departure window and facility handoff
IND400064AAB,IND400072AAB,3,3,1,13.0,12.8154,35.0,80.0,3.076923076923077,2.953379953379953,23.0,72.0,1.0,False,0.016673150669704886,39.98803827751196,Monitor; current evidence does not justify capital action
IND000000ACB,IND110092AAC,5,5,1,74.0,69.59060000000001,121.0,238.0,1.6575342465753424,1.6148833765272124,48.0,226.0,1.0,True,0.02778858444950814,39.97308612440192,Audit departure window and facility handoff
IND533262AAA,IND533106AAA,5,5,1,47.0,53.5566,85.0,126.0,1.8297872340425532,1.7549491211840889,39.0,176.0,1.0,True,0.02778858444950814,39.94019138755981,Audit departure window and facility handoff
IND413304AAA,IND413002AAA,3,3,1,52.0,74.0872,104.0,125.0,2.0754716981132075,2.0518238993710693,54.0,163.0,1.0,False,0.016673150669704886,39.93421052631579,Monitor; current evidence does not justify capital action
IND313001AAB,IND311001AAA,1,1,1,110.0,152.546,291.0,686.0,2.6454545454545455,2.6454545454545455,181.0,181.0,1.0,False,0.005557716889901629,39.89732854864434,Monitor; current evidence does not justify capital action
IND476111AAA,IND477001AAA,4,4,1,51.0,64.8048,99.0,110.0,1.9598039215686274,1.815547539770625,48.5,166.0,1.0,False,0.022230867559606515,39.83452950558214,Monitor; current evidence does not justify capital action
IND361315AAA,IND361335AAA,9,9,1,28.0,40.5641,43.0,46.0,1.5555555555555556,1.5762445240939864,15.0,148.0,1.0,True,0.05001945200911465,39.80263157894737,Audit departure window and facility handoff
IND854335AAA,IND854326AAB,1,1,1,61.0,87.43180000000001,199.0,222.0,3.262295081967213,3.262295081967213,138.0,138.0,1.0,False,0.005557716889901629,39.77272727272727,Monitor; current evidence does not justify capital action
IND533003AAA,IND533106AAA,2,2,1,49.5,56.21645,119.0,281.0,2.406938775510204,2.406938775510204,69.5,139.0,1.0,False,0.011115433779803258,39.740829346092504,Monitor; current evidence does not justify capital action
IND422011AAD,IND422103AAC,8,8,1,36.5,40.53125,51.0,90.5,1.3971471471471473,1.6907732035441014,14.5,199.0,1.0,True,0.04446173511921303,39.73584529505582,Audit departure window and facility handoff
IND209304AAA,IND282001AAA,2,2,1,189.0,268.85540000000003,336.0,401.0,1.78787284144427,1.78787284144427,147.0,294.0,1.0,False,0.011115433779803258,39.710925039872414,Monitor; current evidence does not justify capital action
IND244901AAB,IND246725AAB,9,9,1,125.0,117.5051,149.0,207.0,1.176,1.172243523379022,22.0,198.0,0.3333333333333333,False,0.016673150669704886,39.65809409888357,Monitor; current evidence does not justify capital action
IND124112AAA,IND125005AAA,2,2,1,45.5,56.3482,111.5,131.5,2.4507246376811596,2.4507246376811596,66.0,132.0,1.0,False,0.011115433779803258,39.634170653907496,Monitor; current evidence does not justify capital action
IND686028AAB,IND686632AAA,1,1,1,21.0,21.2599,128.0,399.0,6.095238095238095,6.095238095238095,107.0,107.0,1.0,False,0.005557716889901629,39.63018341307814,Monitor; current evidence does not justify capital action
IND000000AAZ,IND444303AAA,1,1,1,40.0,53.7322,160.0,174.0,4.0,4.0,120.0,120.0,1.0,False,0.005557716889901629,39.58831738437002,Monitor; current evidence does not justify capital action
IND785682AAA,IND785690AAB,1,1,1,34.0,46.3498,148.0,193.0,4.352941176470588,4.352941176470588,114.0,114.0,1.0,False,0.005557716889901629,39.5713716108453,Monitor; current evidence does not justify capital action
IND680712AAA,IND683511AAA,6,6,1,39.0,42.16935,64.0,87.5,1.6842105263157894,1.7978012573648003,26.0,190.0,1.0,True,0.03334630133940977,39.51854066985646,Audit departure window and facility handoff
IND585104AAA,IND585314AAA,4,4,1,38.5,41.411150000000006,70.0,123.5,1.8421052631578947,2.241565452091768,32.0,192.0,1.0,False,0.022230867559606515,39.51654704944178,Monitor; current evidence does not justify capital action
IND400072AAI,IND000000AFS,1,1,1,12.0,14.7276,113.0,1393.0,9.416666666666666,9.416666666666666,101.0,101.0,1.0,False,0.005557716889901629,39.50159489633174,Monitor; current evidence does not justify capital action
IND501359AAE,IND501218AAC,1,1,1,18.0,24.5035,122.0,394.0,6.777777777777778,6.777777777777778,104.0,104.0,1.0,False,0.005557716889901629,39.44477671451356,Monitor; current evidence does not justify capital action
IND276305AAA,IND223101AAB,3,3,1,25.0,27.6786,63.0,98.0,2.5185185185185186,2.2528395061728395,38.0,97.0,1.0,False,0.016673150669704886,39.43580542264753,Monitor; current evidence does not justify capital action
IND305901AAA,IND342602AAC,4,4,1,54.0,75.72975,98.0,165.0,1.8686502177068216,1.8552666672949694,45.5,184.0,1.0,False,0.022230867559606515,39.42384370015949,Monitor; current evidence does not justify capital action
IND477001AAA,IND474003AAA,1,1,1,55.0,76.084,185.0,678.0,3.3636363636363638,3.3636363636363638,130.0,130.0,1.0,False,0.005557716889901629,39.37400318979266,Monitor; current evidence does not justify capital action
IND606003AAA,IND606105AAA,11,11,1,15.0,16.107200000000002,24.0,37.0,1.6,1.6194805194805193,9.0,99.0,1.0,True,0.06113488578891791,39.36602870813397,Audit departure window and facility handoff
IND821307AAA,IND824101AAA,5,5,1,20.0,29.1833,42.0,82.0,2.0952380952380953,2.050952380952381,22.0,107.0,1.0,True,0.02778858444950814,39.313197767145134,Audit departure window and facility handoff
IND562132AAA,IND000000ACS,6,6,1,30.5,32.16785,55.5,146.0,1.777217741935484,1.9144090999601753,24.5,162.0,1.0,True,0.03334630133940977,39.302232854864435,Audit departure window and facility handoff
IND201007AAA,IND201005AAA,2,2,1,14.5,11.59145,54.0,119.5,3.5697115384615383,3.5697115384615383,39.5,79.0,1.0,False,0.011115433779803258,39.29525518341308,Monitor; current evidence does not justify capital action
IND518002AAA,IND509124AAA,3,3,1,47.0,61.3278,72.0,144.0,1.6,2.9943262411347518,27.0,295.0,1.0,False,0.016673150669704886,39.26734449760765,Monitor; current evidence does not justify capital action
IND530043AAA,IND530012AAA,1,1,1,21.0,24.6676,125.0,170.0,5.9523809523809526,5.9523809523809526,104.0,104.0,1.0,False,0.005557716889901629,39.265350877192986,Monitor; current evidence does not justify capital action
IND854326AAB,IND854334AAA,1,1,1,48.0,67.3785,171.0,336.0,3.5625,3.5625,123.0,123.0,1.0,False,0.005557716889901629,39.197567783094094,Monitor; current evidence does not justify capital action
IND275101AAA,IND275503AAA,2,2,1,11.0,15.9229,45.5,81.5,4.136363636363637,4.136363636363637,34.5,69.0,1.0,False,0.011115433779803258,39.192583732057415,Monitor; current evidence does not justify capital action
IND424006AAA,IND452001AAC,1,1,1,72.0,100.5391,214.0,227.0,2.9722222222222223,2.9722222222222223,142.0,142.0,1.0,False,0.005557716889901629,39.13078149920255,Monitor; current evidence does not justify capital action
IND125104AAA,IND125005AAA,1,1,1,109.0,152.1319,282.0,447.0,2.5871559633027523,2.5871559633027523,173.0,173.0,1.0,False,0.005557716889901629,39.11084529505582,Monitor; current evidence does not justify capital action
IND443301AAA,IND443201AAA,2,2,1,31.5,44.5664,84.5,125.0,2.680947580645161,2.680947580645161,53.0,106.0,1.0,False,0.011115433779803258,39.05602073365231,Monitor; current evidence does not justify capital action
IND508206AAA,IND507159AAA,10,10,1,37.0,50.973,50.0,70.0,1.3513513513513513,1.4122511830716165,13.0,149.0,0.9,True,0.05001945200911465,39.047049441786285,Audit departure window and facility handoff
IND380005AAA,IND382721AAA,2,2,1,19.0,18.5494,61.0,104.5,3.2,3.2,42.0,84.0,1.0,False,0.011115433779803258,39.041068580542266,Monitor; current evidence does not justify capital action
IND842003AAB,IND487001AAB,3,3,1,78.0,93.486,140.0,200.0,1.8181818181818181,1.933197358197358,63.0,219.0,1.0,False,0.016673150669704886,39.04106858054226,Monitor; current evidence does not justify capital action
IND570020AAA,IND571430AAA,1,1,1,50.0,52.2919,173.0,197.0,3.46,3.46,123.0,123.0,1.0,False,0.005557716889901629,38.988237639553425,Monitor; current evidence does not justify capital action
IND424006AAA,IND423105AAA,1,1,1,34.0,47.7911,143.0,148.0,4.205882352941177,4.205882352941177,109.0,109.0,1.0,False,0.005557716889901629,38.906499202551835,Monitor; current evidence does not justify capital action
IND560058AAB,IND562132AAA,9,9,1,20.0,13.6761,32.0,72.0,1.6842105263157894,1.6666438824333563,12.0,112.0,1.0,True,0.05001945200911465,38.90251196172249,Audit departure window and facility handoff
IND628204AAA,IND627657AAA,12,12,1,41.0,42.59235,50.0,65.0,1.2380952380952381,1.233207510646535,10.0,115.0,0.75,True,0.05001945200911465,38.879585326953745,Audit departure window and facility handoff
IND431603AAA,IND413517AAA,1,1,1,84.0,107.4206,235.0,400.0,2.7976190476190474,2.7976190476190474,151.0,151.0,1.0,False,0.005557716889901629,38.87858851674642,Monitor; current evidence does not justify capital action
IND814112AAA,IND814133AAA,2,2,1,56.5,79.6487,128.5,163.5,2.273652882205514,2.273652882205514,72.0,144.0,1.0,False,0.011115433779803258,38.8646331738437,Monitor; current evidence does not justify capital action
IND784001AAA,IND784101AAA,1,1,1,16.0,21.655,114.0,148.0,7.125,7.125,98.0,98.0,1.0,False,0.005557716889901629,38.86363636363637,Monitor; current evidence does not justify capital action
IND600116AAB,IND600056AAA,2,2,1,11.5,12.127500000000001,46.0,110.5,3.912878787878788,3.912878787878788,34.5,69.0,1.0,False,0.011115433779803258,38.853668261563,Monitor; current evidence does not justify capital action
IND605010AAB,IND600056AAB,3,3,1,130.0,152.2299,220.0,267.0,1.6923076923076923,1.653846153846154,90.0,255.0,1.0,False,0.016673150669704886,38.82775119617225,Monitor; current evidence does not justify capital action
IND854326AAB,IND852113AAA,1,1,1,69.0,97.4648,206.0,304.0,2.9855072463768115,2.9855072463768115,137.0,137.0,1.0,False,0.005557716889901629,38.82077352472089,Monitor; current evidence does not justify capital action
IND342005AAD,IND344022AAB,3,3,1,75.0,105.9706,142.0,151.0,1.8933333333333333,1.8618759018759017,67.0,196.0,1.0,False,0.016673150669704886,38.796850079744814,Monitor; current evidence does not justify capital action
IND784110AAA,IND784001AAA,2,2,1,25.0,35.439499999999995,71.5,78.5,2.8600000000000003,2.8600000000000003,46.5,93.0,1.0,False,0.011115433779803258,38.74202551834131,Monitor; current evidence does not justify capital action
IND683511AAA,IND000000ADM,8,8,1,25.0,22.9723,40.5,489.0,1.6107692307692307,1.7001691595441595,15.5,144.0,0.875,True,0.0389040182293114,38.72507974481659,Audit departure window and facility handoff
IND622407AAA,IND622001AAA,9,9,1,34.0,36.7775,50.0,62.0,1.4848484848484849,1.489007724301842,16.0,148.0,1.0,True,0.05001945200911465,38.70614035087719,Audit departure window and facility handoff
IND181152AAB,IND160002AAC,1,1,1,298.0,376.721,591.0,773.0,1.983221476510067,1.983221476510067,293.0,293.0,1.0,False,0.005557716889901629,38.678229665071775,Monitor; current evidence does not justify capital action
IND815353AAA,IND814133AAB,3,3,1,93.0,116.25,171.0,222.0,1.8387096774193548,1.7419354838709677,78.0,207.0,1.0,False,0.016673150669704886,38.65929027113238,Monitor; current evidence does not justify capital action
IND328001AAA,IND474003AAA,6,6,1,58.5,60.5127,92.5,107.5,1.5819696084161308,1.5169038961845012,34.0,196.0,0.8333333333333334,True,0.02778858444950814,38.529704944178626,Audit departure window and facility handoff
IND604303AAA,IND603102AAA,4,4,1,39.0,53.4901,75.0,75.5,1.9483805668016194,1.9557607962213226,36.5,149.0,1.0,False,0.022230867559606515,38.48883572567783,Monitor; current evidence does not justify capital action
IND626607AAB,IND625008AAA,7,7,1,50.0,53.8978,76.0,85.0,1.52,1.5025091004924973,26.0,183.0,1.0,True,0.0389040182293114,38.480861244019145,Audit departure window and facility handoff
IND480001AAA,IND480661AAA,6,6,1,51.5,72.83635000000001,78.5,102.0,1.556122448979592,1.660047352274243,28.0,199.0,1.0,True,0.03334630133940977,38.47587719298245,Audit departure window and facility handoff
IND303301AAB,IND303303AAA,10,10,1,22.5,30.632199999999997,30.5,37.5,1.4654761904761906,1.5372925625099538,9.5,125.0,1.0,True,0.05557716889901628,38.42304625199362,Audit departure window and facility handoff
IND530012AAA,IND535001AAA,1,1,1,54.0,68.91839999999999,175.0,207.0,3.240740740740741,3.240740740740741,121.0,121.0,1.0,False,0.005557716889901629,38.343301435406694,Monitor; current evidence does not justify capital action
IND571313AAB,IND571440AAA,7,7,1,46.0,41.067800000000005,58.0,77.0,1.288888888888889,1.6807679582359112,13.0,216.0,0.8571428571428571,True,0.03334630133940977,38.3213716108453,Audit departure window and facility handoff
IND400072AAB,IND400701AAB,3,3,1,19.0,22.2049,46.0,96.0,2.4210526315789473,2.649122807017544,27.0,94.0,1.0,False,0.016673150669704886,38.269537480063796,Monitor; current evidence does not justify capital action
IND561203AAB,IND562101AAA,9,9,1,26.0,27.8534,38.0,58.0,1.52,1.5663311174422287,13.0,132.0,1.0,True,0.05001945200911465,38.23265550239235,Audit departure window and facility handoff
IND842001AAA,IND848101AAA,1,1,1,37.0,52.4093,144.0,202.0,3.891891891891892,3.891891891891892,107.0,107.0,1.0,False,0.005557716889901629,38.224681020733655,Monitor; current evidence does not justify capital action
IND562108AAA,IND572101AAA,1,1,1,58.0,68.88189999999999,181.0,971.0,3.1206896551724137,3.1206896551724137,123.0,123.0,1.0,False,0.005557716889901629,38.18082137161084,Monitor; current evidence does not justify capital action
IND781018AAB,IND781003AAA,1,1,1,45.0,42.5184,157.0,226.0,3.488888888888889,3.488888888888889,112.0,112.0,1.0,False,0.005557716889901629,38.15889154704944,Monitor; current evidence does not justify capital action
IND751015AAA,IND752056AAA,4,4,1,17.5,25.29655,42.0,75.5,2.1984126984126986,2.3786181139122315,22.5,98.0,1.0,False,0.022230867559606515,38.13098086124402,Monitor; current evidence does not justify capital action
IND125005AAA,IND125047AAB,3,3,1,35.0,42.031400000000005,74.0,136.0,2.1714285714285713,2.1445378151260504,40.0,119.0,1.0,False,0.016673150669704886,38.09409888357257,Monitor; current evidence does not justify capital action
IND244301AAA,IND244412AAA,8,8,1,31.0,28.63365,48.0,70.5,1.5727370689655173,1.570384274708524,17.5,140.0,1.0,True,0.04446173511921303,38.04625199362041,Audit departure window and facility handoff
IND533106AAA,IND533201AAA,1,1,1,87.0,102.6441,235.0,326.0,2.7011494252873565,2.7011494252873565,148.0,148.0,1.0,False,0.005557716889901629,38.04226475279107,Monitor; current evidence does not justify capital action
IND628801AAA,IND628204AAA,12,12,1,16.0,17.979349999999997,23.5,37.0,1.4375,1.4634803921568629,7.0,89.0,1.0,True,0.06669260267881955,38.02731259968102,Audit departure window and facility handoff
IND144001AAB,IND144401AAB,11,11,1,14.0,14.4596,18.0,34.0,1.5,1.6313686313686313,8.0,99.0,0.8181818181818182,True,0.05001945200911465,38.01535087719298,Audit departure window and facility handoff
IND272001AAA,IND273014AAB,4,4,1,76.0,107.22625,129.0,153.0,1.707967707967708,1.6824648666420818,53.5,206.0,0.75,False,0.016673150669704886,37.988437001594896,Monitor; current evidence does not justify capital action
IND721134AAB,IND721139AAC,10,10,1,16.0,18.2402,25.0,49.0,1.5916666666666668,1.614688832054561,9.5,102.0,0.9,True,0.05001945200911465,37.97547846889952,Audit departure window and facility handoff
IND160102AAD,IND160002AAD,3,3,1,34.0,44.446,72.0,147.0,2.1176470588235294,2.2244008714596952,38.0,126.0,1.0,False,0.016673150669704886,37.93062200956938,Monitor; current evidence does not justify capital action
IND231208AAA,IND231217AAA,6,6,1,23.5,33.65495,42.5,90.0,1.8070652173913042,1.930253623188406,19.0,132.0,1.0,True,0.03334630133940977,37.91566985645933,Audit departure window and facility handoff
IND274402AAA,IND274304AAB,2,2,1,13.0,18.64955,46.0,58.0,3.5384615384615383,3.5384615384615383,33.0,66.0,1.0,False,0.011115433779803258,37.91367623604466,Monitor; current evidence does not justify capital action
IND202001AAB,IND282002AAD,3,3,1,76.0,96.7406,137.0,193.0,1.7792207792207793,1.948099671783882,60.0,214.0,1.0,False,0.016673150669704886,37.86383572567783,Monitor; current evidence does not justify capital action
IND363330AAB,IND363310AAB,7,7,1,37.0,29.5622,57.0,85.0,1.5555555555555556,1.6339431268002698,20.0,164.0,0.8571428571428571,True,0.03334630133940977,37.86184210526316,Audit departure window and facility handoff
IND390020AAA,IND390022AAA,1,1,1,14.0,13.8227,101.0,112.0,7.214285714285714,7.214285714285714,87.0,87.0,1.0,False,0.005557716889901629,37.85586124401914,Monitor; current evidence does not justify capital action
IND713205AAB,IND722101AAA,1,1,1,49.0,51.1261,162.0,408.0,3.306122448979592,3.306122448979592,113.0,113.0,1.0,False,0.005557716889901629,37.84290271132377,Monitor; current evidence does not justify capital action
IND281401AAA,IND121004AAB,2,2,1,65.5,93.20275000000001,141.0,153.5,2.1534965034965037,2.1534965034965037,75.5,151.0,1.0,False,0.011115433779803258,37.804027113237645,Monitor; current evidence does not justify capital action
IND390022AAA,IND390020AAA,1,1,1,15.0,13.4591,102.0,160.0,6.8,6.8,87.0,87.0,1.0,False,0.005557716889901629,37.78608452950558,Monitor; current evidence does not justify capital action
IND712311AAA,IND743235AAA,1,1,1,57.0,79.817,176.0,210.0,3.087719298245614,3.087719298245614,119.0,119.0,1.0,False,0.005557716889901629,37.70434609250399,Monitor; current evidence does not justify capital action
IND533401AAA,IND533308AAB,1,1,1,83.0,96.2851,224.0,261.0,2.6987951807228914,2.6987951807228914,141.0,141.0,1.0,False,0.005557716889901629,37.66347687400319,Monitor; current evidence does not justify capital action
IND560077AAA,IND560099AAB,1,1,1,44.0,40.1245,152.0,266.0,3.4545454545454546,3.4545454545454546,108.0,108.0,1.0,False,0.005557716889901629,37.64154704944179,Monitor; current evidence does not justify capital action
IND383315AAC,IND383255AAB,8,8,1,91.0,91.64375000000001,109.0,118.0,1.1980676328502415,1.2614326189439842,18.0,189.0,0.5,False,0.022230867559606515,37.636562998405104,Monitor; current evidence does not justify capital action
IND683511AAA,IND680012AAA,6,6,1,57.0,59.82095,87.0,433.0,1.526315789473684,1.564327485380117,30.0,193.0,1.0,True,0.03334630133940977,37.603668261562994,Audit departure window and facility handoff
IND360510AAB,IND360530AAB,8,8,1,25.5,28.2083,39.5,50.5,1.5192307692307692,1.7001138373121132,13.5,145.0,0.875,True,0.0389040182293114,37.572767145135565,Audit departure window and facility handoff
IND680012AAA,IND679303AAA,7,7,1,57.0,54.781,82.0,97.0,1.4385964912280702,1.4654940923737916,25.0,184.0,1.0,True,0.0389040182293114,37.53787878787879,Audit departure window and facility handoff
IND760003AAB,IND754022AAA,1,1,1,75.0,104.374,207.0,470.0,2.76,2.76,132.0,132.0,1.0,False,0.005557716889901629,37.4043062200957,Monitor; current evidence does not justify capital action
IND781335AAA,IND000000AET,4,4,1,51.0,69.45645,91.0,116.0,1.8025490196078433,1.837549019607843,40.5,170.0,1.0,False,0.022230867559606515,37.400318979266345,Monitor; current evidence does not justify capital action
IND411014AAA,IND411048AAA,2,2,1,15.0,14.6725,48.5,103.5,3.2333333333333334,3.2333333333333334,33.5,67.0,1.0,False,0.011115433779803258,37.396331738437006,Monitor; current evidence does not justify capital action
IND362220AAA,IND362225AAA,5,5,1,25.0,27.9983,48.0,63.0,1.9230769230769231,1.9736524216524216,24.0,121.0,1.0,True,0.02778858444950814,37.383373205741634,Audit departure window and facility handoff
IND209304AAA,IND221313AAA,1,1,1,231.0,326.2439,472.0,1090.0,2.0432900432900434,2.0432900432900434,241.0,241.0,1.0,False,0.005557716889901629,37.35845295055821,Monitor; current evidence does not justify capital action
IND562132AAA,IND560066AAB,2,2,1,43.0,39.636849999999995,101.0,288.0,2.3488372093023258,2.3488372093023258,58.0,116.0,1.0,False,0.011115433779803258,37.32755183413079,Monitor; current evidence does not justify capital action
IND793001AAA,IND793150AAA,2,2,1,45.5,64.71585,105.5,148.0,2.3171497584541063,2.3171497584541063,60.0,120.0,1.0,False,0.011115433779803258,37.32755183413078,Monitor; current evidence does not justify capital action
IND391110AAD,IND390022AAA,1,1,1,34.0,34.9421,132.0,362.0,3.8823529411764706,3.8823529411764706,98.0,98.0,1.0,False,0.005557716889901629,37.26375598086125,Monitor; current evidence does not justify capital action
IND742137AAA,IND742401AAA,3,3,1,29.0,26.5929,62.0,81.0,2.2333333333333334,2.2174771588564695,36.0,103.0,1.0,False,0.016673150669704886,37.25777511961723,Monitor; current evidence does not justify capital action
IND443201AAA,IND000000AAZ,1,1,1,16.0,23.79,100.0,136.0,6.25,6.25,84.0,84.0,1.0,False,0.005557716889901629,37.21491228070175,Monitor; current evidence does not justify capital action
IND754022AAA,IND751002AAB,2,2,1,51.5,69.20005,115.5,129.5,2.2413273001508296,2.2413273001508296,64.0,128.0,1.0,False,0.011115433779803258,37.17404306220096,Monitor; current evidence does not justify capital action
IND641062AAD,IND643217AAA,1,1,1,73.0,72.0566,202.0,335.0,2.767123287671233,2.767123287671233,129.0,129.0,1.0,False,0.005557716889901629,37.172049441786285,Monitor; current evidence does not justify capital action
IND627811AAA,IND627401AAA,6,6,1,32.0,34.2061,56.0,73.0,1.7125237191650853,1.7383876717842561,23.5,144.0,1.0,True,0.03334630133940977,37.126196172248804,Audit departure window and facility handoff
IND127201AAA,IND124141AAA,2,2,1,37.0,51.3745,90.0,95.5,2.424264705882353,2.424264705882353,53.0,106.0,1.0,False,0.011115433779803258,37.12220893141946,Monitor; current evidence does not justify capital action
IND781018AAB,IND784125AAA,4,4,1,65.0,80.40955,111.5,296.0,1.7153846153846155,1.7307692307692308,46.5,190.0,1.0,False,0.022230867559606515,37.088317384370015,Monitor; current evidence does not justify capital action
IND600016AAA,IND600119AAA,4,4,1,26.0,22.13855,44.0,67.0,1.9545454545454546,2.1743157380254154,21.0,128.0,1.0,False,0.022230867559606515,37.087320574162675,Monitor; current evidence does not justify capital action
IND244901AAB,IND243201AAA,1,1,1,64.0,72.38080000000001,185.0,430.0,2.890625,2.890625,121.0,121.0,1.0,False,0.005557716889901629,37.057416267942585,Monitor; current evidence does not justify capital action
IND233001AAA,IND275503AAA,1,1,1,42.0,59.8164,145.0,184.0,3.4523809523809526,3.4523809523809526,103.0,103.0,1.0,False,0.005557716889901629,37.057416267942585,Monitor; current evidence does not justify capital action
IND127021AAA,IND127201AAA,3,3,1,39.0,55.6692,80.0,122.0,2.1052631578947367,2.0179937022042282,42.0,118.0,1.0,False,0.016673150669704886,37.049441786283886,Monitor; current evidence does not justify capital action
IND110037AAM,IND226004AAC,1,1,1,375.0,489.2995,686.0,1041.0,1.8293333333333333,1.8293333333333333,311.0,311.0,1.0,False,0.005557716889901629,36.96969696969697,Monitor; current evidence does not justify capital action
IND110044AAB,IND201301AAF,7,7,1,14.0,12.7695,29.0,75.0,1.6111111111111112,2.3811791383219956,11.0,140.0,1.0,True,0.0389040182293114,36.910885167464116,Audit departure window and facility handoff
IND414001AAA,IND411033AAA,1,1,1,104.0,140.2953,258.0,303.0,2.480769230769231,2.480769230769231,154.0,154.0,1.0,False,0.005557716889901629,36.87400318979266,Monitor; current evidence does not justify capital action
IND201007AAA,IND201007AAB,1,1,1,19.0,13.7023,102.0,115.0,5.368421052631579,5.368421052631579,83.0,83.0,1.0,False,0.005557716889901629,36.867025518341315,Monitor; current evidence does not justify capital action
IND209304AAA,IND208006AAA,7,7,1,25.0,30.5815,74.0,179.0,1.44,1.8800207039337473,16.0,170.0,0.5714285714285714,True,0.022230867559606515,36.83512759170654,Audit departure window and facility handoff
IND721306AAA,IND721102AAA,4,4,1,18.0,18.8789,35.0,88.0,1.9444444444444444,2.75,17.0,126.0,1.0,False,0.022230867559606515,36.743421052631575,Monitor; current evidence does not justify capital action
IND581343AAC,IND581314AAA,6,6,1,32.5,34.6189,54.5,63.5,1.7288306451612905,1.6716566758668276,23.0,133.0,0.8333333333333334,True,0.02778858444950814,36.73744019138756,Audit departure window and facility handoff
IND781354AAA,IND781335AAA,2,2,1,15.0,19.553350000000002,47.0,53.5,3.1333333333333333,3.1333333333333333,32.0,64.0,1.0,False,0.011115433779803258,36.6975677830941,Monitor; current evidence does not justify capital action
IND563130AAA,IND563131AAB,8,8,1,33.0,33.60645,46.5,91.5,1.4090909090909092,1.5654234560007056,13.5,150.0,1.0,True,0.04446173511921303,36.660685805422645,Audit departure window and facility handoff
IND000000AFT,IND400072AAB,6,6,1,19.0,21.3712,36.0,99.0,1.9236842105263157,1.8926900584795323,17.0,97.0,1.0,True,0.03334630133940977,36.64673046251994,Audit departure window and facility handoff
IND000000ACB,IND122015AAC,2,2,1,34.5,35.485749999999996,84.5,245.0,2.4449579831932775,2.4449579831932775,50.0,100.0,1.0,False,0.011115433779803258,36.64174641148325,Monitor; current evidence does not justify capital action
IND133004AAA,IND135001AAA,5,5,1,54.0,56.6907,90.0,147.0,1.6363636363636365,1.651043771043771,35.0,177.0,1.0,True,0.02778858444950814,36.578947368421055,Audit departure window and facility handoff
IND413709AAA,IND423701AAB,2,2,1,37.5,41.058350000000004,89.5,113.0,2.393162393162393,2.393162393162393,52.0,104.0,1.0,False,0.011115433779803258,36.56598883572568,Monitor; current evidence does not justify capital action
IND244501AAA,IND244601AAB,8,8,1,71.5,30.96275,93.0,108.0,1.309920634920635,1.2752644254948522,22.0,163.0,0.75,True,0.03334630133940977,36.54106858054226,Audit departure window and facility handoff
IND263139AAA,IND263153AAB,6,6,1,41.5,35.6109,56.5,847.5,1.3617886178861789,1.8219850948509484,15.0,205.0,0.6666666666666666,True,0.022230867559606515,36.521132376395535,Audit departure window and facility handoff
IND792001AAA,IND786001AAB,1,1,1,117.0,165.7911,279.0,301.0,2.3846153846153846,2.3846153846153846,162.0,162.0,1.0,False,0.005557716889901629,36.44836523125996,Monitor; current evidence does not justify capital action
IND275303AAA,IND276140AAA,4,4,1,16.0,23.16285,35.5,62.5,2.1525735294117645,2.3262867647058822,19.0,86.0,1.0,False,0.022230867559606515,36.437400318979265,Monitor; current evidence does not justify capital action
IND342601AAA,IND342902A1B,3,3,1,43.0,41.5361,84.0,105.0,1.9534883720930232,2.1023608174770967,41.0,143.0,1.0,False,0.016673150669704886,36.411483253588514,Monitor; current evidence does not justify capital action
IND424304AAC,IND425412AAA,4,4,1,38.5,54.98485,72.5,81.5,1.8819163292847505,1.8880277617119723,34.0,135.0,1.0,False,0.022230867559606515,36.39952153110048,Monitor; current evidence does not justify capital action
IND124001AAB,IND126102AAA,2,2,1,43.5,60.825199999999995,99.0,136.0,2.281712473572939,2.281712473572939,55.5,111.0,1.0,False,0.011115433779803258,36.360645933014354,Monitor; current evidence does not justify capital action
IND401104AAB,IND400072AAB,4,4,1,15.0,20.06155,33.5,79.0,2.2333333333333334,2.2490196078431373,18.5,77.0,1.0,False,0.022230867559606515,36.35765550239235,Monitor; current evidence does not justify capital action
IND581110AAE,IND577002AAA,2,2,1,58.0,71.70255,124.0,194.5,2.1445138269402317,2.1445138269402317,66.0,132.0,1.0,False,0.011115433779803258,36.34469696969697,Monitor; current evidence does not justify capital action
IND787059AAB,IND791102AAA,1,1,1,71.0,98.5959,193.0,228.0,2.7183098591549295,2.7183098591549295,122.0,122.0,1.0,False,0.005557716889901629,36.317783094098885,Monitor; current evidence does not justify capital action
IND842003AAB,IND483225AAA,2,2,1,23.0,33.116699999999994,62.0,177.5,2.702651515151515,2.702651515151515,39.0,78.0,1.0,False,0.011115433779803258,36.272926634768744,Monitor; current evidence does not justify capital action
IND673592AAA,IND670645AAB,1,1,1,38.0,38.0694,133.0,150.0,3.5,3.5,95.0,95.0,1.0,False,0.005557716889901629,36.25498405103668,Monitor; current evidence does not justify capital action
IND282002AAD,IND474003AAA,3,3,1,121.0,121.6169,196.0,276.0,1.6333333333333333,1.620526775515689,76.0,226.0,1.0,False,0.016673150669704886,36.253987240829346,Monitor; current evidence does not justify capital action
IND474003AAA,IND475661AAB,1,1,1,63.0,81.44810000000001,178.0,287.0,2.8253968253968256,2.8253968253968256,115.0,115.0,1.0,False,0.005557716889901629,36.24401913875598,Monitor; current evidence does not justify capital action
IND000000ACA,IND147301AAA,2,2,1,32.0,43.52075,81.0,192.5,2.4144144144144146,2.4144144144144146,49.0,98.0,1.0,False,0.011115433779803258,36.16925837320574,Monitor; current evidence does not justify capital action
IND413307AAC,IND413002AAA,1,1,1,65.0,91.1822,181.0,192.0,2.7846153846153845,2.7846153846153845,116.0,116.0,1.0,False,0.005557716889901629,36.16427432216906,Monitor; current evidence does not justify capital action
IND781014AAA,IND781102AAA,3,3,1,18.0,22.9088,41.0,94.0,2.3529411764705883,2.5065359477124183,23.0,80.0,1.0,False,0.016673150669704886,36.11543062200957,Monitor; current evidence does not justify capital action
IND000000AFT,IND400706AAA,1,1,1,18.0,18.1351,94.0,96.0,5.222222222222222,5.222222222222222,76.0,76.0,1.0,False,0.005557716889901629,36.11443381180223,Monitor; current evidence does not justify capital action
IND781005AAA,IND781018AAB,6,6,1,36.0,35.461650000000006,50.5,112.5,1.4027777777777777,2.302736006683375,14.5,193.0,0.8333333333333334,True,0.02778858444950814,36.10845295055821,Audit departure window and facility handoff
IND458001AAB,IND458990AAA,6,6,1,28.0,31.090400000000002,39.5,62.0,1.437830687830688,2.0897038253360094,12.0,187.0,1.0,True,0.03334630133940977,36.05661881977672,Audit departure window and facility handoff
IND695582AAA,IND695101AAB,12,12,1,22.5,20.11285,26.0,53.5,1.133399209486166,1.3308904259991217,3.0,91.0,0.25,False,0.016673150669704886,36.05362838915471,Monitor; current evidence does not justify capital action
IND160002AAC,IND147001AAB,3,3,1,35.0,46.7842,74.0,223.0,2.0555555555555554,2.0868658574540926,38.0,114.0,1.0,False,0.016673150669704886,36.04366028708134,Monitor; current evidence does not justify capital action
IND500039AAC,IND500035AAA,2,2,1,11.5,13.6078,38.5,104.0,3.2153846153846155,3.2153846153846155,27.0,54.0,1.0,False,0.011115433779803258,35.80342902711324,Monitor; current evidence does not justify capital action
IND231225AAB,IND486886AAA,7,7,1,27.0,23.9771,44.0,71.0,1.6296296296296295,1.6767480667480668,17.0,121.0,1.0,True,0.0389040182293114,35.65988835725678,Audit departure window and facility handoff
IND207001AAA,IND207302AAA,6,6,1,42.0,51.51875,67.5,106.5,1.6024970963995355,1.5884263999692247,25.0,149.0,1.0,True,0.03334630133940977,35.65590111642743,Audit departure window and facility handoff
IND803213AAA,IND811105AAA,3,3,1,46.0,52.7775,83.0,107.0,1.8043478260869565,2.237520128824477,37.0,170.0,1.0,False,0.016673150669704886,35.62699362041467,Monitor; current evidence does not justify capital action
IND785612AAB,IND781018AAB,1,1,1,166.0,235.463,356.0,393.0,2.144578313253012,2.144578313253012,190.0,190.0,1.0,False,0.005557716889901629,35.61303827751197,Monitor; current evidence does not justify capital action
IND388121AAA,IND388620AAB,6,6,1,44.0,54.20355,67.5,94.0,1.5517970401691332,1.6081747709654686,24.0,157.0,1.0,True,0.03334630133940977,35.59708931419458,Audit departure window and facility handoff
IND444303AAA,IND444203AAA,2,2,1,11.5,16.9471,37.0,72.5,3.242424242424242,3.242424242424242,25.5,51.0,1.0,False,0.011115433779803258,35.56917862838915,Monitor; current evidence does not justify capital action
IND561207AAB,IND562108AAA,9,9,1,46.0,48.016,60.0,76.0,1.326086956521739,1.3085500792404392,15.0,126.0,0.8888888888888888,True,0.04446173511921303,35.558213716108455,Audit departure window and facility handoff
IND791110AAA,IND787001AAA,1,1,1,34.0,48.9821,120.0,157.0,3.5294117647058822,3.5294117647058822,86.0,86.0,1.0,False,0.005557716889901629,35.55023923444976,Monitor; current evidence does not justify capital action
IND742226AAA,IND742102AAB,5,5,1,36.0,33.0899,64.0,111.0,1.7777777777777777,1.7186786786786787,28.0,129.0,1.0,True,0.02778858444950814,35.514354066985646,Audit departure window and facility handoff
IND791109AAA,IND787001AAA,1,1,1,33.0,46.8909,118.0,162.0,3.5757575757575757,3.5757575757575757,85.0,85.0,1.0,False,0.005557716889901629,35.488437001594896,Monitor; current evidence does not justify capital action
IND721134AAB,IND712310AAE,1,1,1,54.0,68.92110000000001,157.0,341.0,2.9074074074074074,2.9074074074074074,103.0,103.0,1.0,False,0.005557716889901629,35.432615629984056,Monitor; current evidence does not justify capital action
IND796081AAA,IND788026AAC,1,1,1,72.0,102.1034,190.0,997.0,2.638888888888889,2.638888888888889,118.0,118.0,1.0,False,0.005557716889901629,35.353867623604465,Monitor; current evidence does not justify capital action
IND395023AAD,IND396445AAA,6,6,1,17.0,22.5622,30.0,121.5,1.8198529411764706,1.9939370485036119,13.5,101.0,1.0,True,0.03334630133940977,35.35287081339713,Audit departure window and facility handoff
IND577126AAA,IND577201AAA,1,1,1,65.0,68.85130000000001,176.0,514.0,2.707692307692308,2.707692307692308,111.0,111.0,1.0,False,0.005557716889901629,35.33193779904306,Monitor; current evidence does not justify capital action
IND328001AAA,IND282002AAD,1,1,1,66.0,65.39359999999999,178.0,217.0,2.696969696969697,2.696969696969697,112.0,112.0,1.0,False,0.005557716889901629,35.327950558213715,Monitor; current evidence does not justify capital action
IND742121AAB,IND742101AAC,1,1,1,36.0,40.9957,122.0,145.0,3.388888888888889,3.388888888888889,86.0,86.0,1.0,False,0.005557716889901629,35.2811004784689,Monitor; current evidence does not justify capital action
IND742101AAC,IND713130AAA,3,3,1,92.0,96.0117,155.0,205.0,1.684782608695652,1.7239435023446241,63.0,198.0,1.0,False,0.016673150669704886,35.23225677830941,Monitor; current evidence does not justify capital action
IND384205AAA,IND385001AAA,1,1,1,62.0,66.1726,170.0,184.0,2.7419354838709675,2.7419354838709675,108.0,108.0,1.0,False,0.005557716889901629,35.22926634768741,Monitor; current evidence does not justify capital action
IND732138AAA,IND733102AAA,2,2,1,62.5,60.16355,129.0,137.5,2.0600358422939067,2.0600358422939067,66.5,133.0,1.0,False,0.011115433779803258,35.226275917065394,Monitor; current evidence does not justify capital action
IND733140AAA,IND732103AAA,1,1,1,55.0,77.8815,157.0,740.0,2.8545454545454545,2.8545454545454545,102.0,102.0,1.0,False,0.005557716889901629,35.15450558213716,Monitor; current evidence does not justify capital action
IND686028AAB,IND689101AAA,10,10,1,25.5,27.84,34.0,118.0,1.333846153846154,1.4142364672364671,8.5,104.0,0.8,True,0.04446173511921303,35.13855661881978,Audit departure window and facility handoff
IND606803AAA,IND606801AAB,10,10,1,24.0,24.999900000000004,32.0,44.5,1.3614130434782608,1.4229466403162054,8.5,101.0,0.9,True,0.05001945200911465,35.135566188197764,Audit departure window and facility handoff
IND400015AAA,IND421302AAG,1,1,1,29.0,40.5514,109.0,169.0,3.7586206896551726,3.7586206896551726,80.0,80.0,1.0,False,0.005557716889901629,35.12759170653907,Monitor; current evidence does not justify capital action
IND852118AAA,IND852111AAA,1,1,1,30.0,42.0784,111.0,149.0,3.7,3.7,81.0,81.0,1.0,False,0.005557716889901629,35.11662679425837,Monitor; current evidence does not justify capital action
IND382430AAB,IND388320AAA,9,9,1,77.0,80.1094,79.0,230.0,1.025974025974026,1.1815457500389008,2.0,136.0,0.1111111111111111,False,0.005557716889901629,35.08074162679426,Monitor; current evidence does not justify capital action
IND515134AAA,IND515591AAA,6,6,1,48.0,44.93195,75.0,115.0,1.5461309523809523,1.517573696145125,26.5,150.0,1.0,True,0.03334630133940977,35.07675438596492,Audit departure window and facility handoff
IND423106AAA,IND423105AAA,6,6,1,34.0,36.742850000000004,51.5,76.0,1.5276497695852536,1.7756556654920033,17.5,154.0,1.0,True,0.03334630133940977,35.06778309409888,Audit departure window and facility handoff
IND384265AAB,IND385340AAB,1,1,1,46.0,62.0344,140.0,147.0,3.0434782608695654,3.0434782608695654,94.0,94.0,1.0,False,0.005557716889901629,35.03887559808613,Monitor; current evidence does not justify capital action
IND581320AAA,IND575004AAB,1,1,1,111.0,137.9959,259.0,262.0,2.3333333333333335,2.3333333333333335,148.0,148.0,1.0,False,0.005557716889901629,35.021929824561404,Monitor; current evidence does not justify capital action
IND462022AAA,IND462042AAA,1,1,1,21.0,20.8394,91.0,94.0,4.333333333333333,4.333333333333333,70.0,70.0,1.0,False,0.005557716889901629,35.015948963317385,Monitor; current evidence does not justify capital action
IND462021AAA,IND462001AAA,1,1,1,11.0,11.7024,74.0,80.0,6.7272727272727275,6.7272727272727275,63.0,63.0,1.0,False,0.005557716889901629,34.99401913875598,Monitor; current evidence does not justify capital action
IND627005AAA,IND627811AAA,6,6,1,59.0,63.20415,83.0,117.0,1.4067796610169492,1.487617702448211,24.0,173.0,0.8333333333333334,True,0.02778858444950814,34.97208931419458,Audit departure window and facility handoff
IND273303AAA,IND273304AAA,1,1,1,24.0,33.892199999999995,97.0,107.0,4.041666666666667,4.041666666666667,73.0,73.0,1.0,False,0.005557716889901629,34.959130781499205,Monitor; current evidence does not justify capital action
IND282002AAD,IND204101AAA,1,1,1,44.0,53.5151,135.0,227.0,3.0681818181818183,3.0681818181818183,91.0,91.0,1.0,False,0.005557716889901629,34.953149920255186,Monitor; current evidence does not justify capital action
IND173220AAA,IND173212AAA,1,1,1,32.0,41.0419,113.0,127.0,3.53125,3.53125,81.0,81.0,1.0,False,0.005557716889901629,34.887360446570966,Monitor; current evidence does not justify capital action
IND515201AAA,IND515134AAA,3,3,1,61.0,64.1522,98.0,140.0,1.6065573770491803,2.1503642987249543,37.0,210.0,1.0,False,0.016673150669704886,34.77970494417863,Monitor; current evidence does not justify capital action
IND160102AAD,IND160002AAC,6,6,1,33.5,44.046350000000004,56.0,84.5,1.6617647058823528,1.6204879679144384,22.5,124.0,1.0,True,0.03334630133940977,34.74182615629984,Audit departure window and facility handoff
IND580028AAA,IND591115AAB,4,4,1,43.5,59.267849999999996,77.0,484.5,1.7906976744186047,1.7770407564012216,34.0,136.0,1.0,False,0.022230867559606515,34.735845295055825,Monitor; current evidence does not justify capital action
IND144527AAA,IND141115AAA,4,4,1,34.0,34.76015,63.5,69.5,1.8676470588235294,1.8599598930481283,29.5,118.0,1.0,False,0.022230867559606515,34.735845295055825,Monitor; current evidence does not justify capital action
IND636016AAA,IND636402AAA,1,1,1,60.0,63.962,164.0,184.0,2.7333333333333334,2.7333333333333334,104.0,104.0,1.0,False,0.005557716889901629,34.729864433811805,Monitor; current evidence does not justify capital action
IND713205AAB,IND723133AAA,1,1,1,71.0,82.39,184.0,315.0,2.591549295774648,2.591549295774648,113.0,113.0,1.0,False,0.005557716889901629,34.70295055821372,Monitor; current evidence does not justify capital action
IND485001AAC,IND488001AAA,2,2,1,56.0,77.0469,117.0,400.5,2.0896331738437004,2.0896331738437004,61.0,122.0,1.0,False,0.011115433779803258,34.69497607655503,Monitor; current evidence does not justify capital action
IND504251AAA,IND504293AAA,2,2,1,36.5,40.2221,84.0,92.5,2.305263157894737,2.305263157894737,47.5,95.0,1.0,False,0.011115433779803258,34.68700159489633,Monitor; current evidence does not justify capital action
IND142001AAB,IND151001AAA,1,1,1,66.0,85.58139999999999,175.0,203.0,2.6515151515151514,2.6515151515151514,109.0,109.0,1.0,False,0.005557716889901629,34.68002392344498,Monitor; current evidence does not justify capital action
IND574239AAA,IND574221AAA,7,7,1,35.0,33.2592,53.0,55.0,1.5128205128205128,1.5113911151505135,18.0,128.0,1.0,True,0.0389040182293114,34.658094098883566,Audit departure window and facility handoff
IND411048AAA,IND411014AAA,1,1,1,16.0,16.3611,80.0,144.0,5.0,5.0,64.0,64.0,1.0,False,0.005557716889901629,34.64712918660287,Monitor; current evidence does not justify capital action
IND388320AAA,IND387001AAA,6,6,1,14.5,19.753700000000002,24.5,55.5,1.712820512820513,2.262210012210012,10.0,111.0,1.0,True,0.03334630133940977,34.552432216905906,Audit departure window and facility handoff
IND841226AAB,IND841428AAA,2,2,2,23.0,32.21025,58.5,79.0,2.553030303030303,2.553030303030303,35.5,71.0,1.0,False,0.011115433779803258,34.532496012759175,Monitor; current evidence does not justify capital action
IND125005AAA,IND335524AAA,2,2,1,166.5,169.06279999999998,280.0,376.5,1.6818181818181819,1.6818181818181819,113.5,227.0,1.0,False,0.011115433779803258,34.52352472089314,Monitor; current evidence does not justify capital action
IND508252AAB,IND508207AAB,6,6,1,82.0,109.42665,112.0,112.5,1.3634293270643552,1.3500495885982957,30.0,172.0,1.0,True,0.03334630133940977,34.52153110047848,Audit departure window and facility handoff
IND560085AAA,IND562132AAA,4,4,1,36.5,29.6078,66.0,148.5,1.806766917293233,1.9177375256322624,29.5,129.0,1.0,False,0.022230867559606515,34.52053429027113,Monitor; current evidence does not justify capital action
IND842001AAA,IND843329AAB,7,7,1,58.0,70.415,79.0,134.0,1.3793103448275863,1.3651801918589577,22.0,147.0,1.0,True,0.0389040182293114,34.5195374800638,Audit departure window and facility handoff
IND396580AAB,IND396321AAA,4,4,1,31.5,41.915499999999994,61.0,311.5,1.9090909090909092,1.8545454545454545,29.0,108.0,1.0,False,0.022230867559606515,34.506578947368425,Monitor; current evidence does not justify capital action
IND636102AAA,IND605601AAA,5,5,1,105.0,130.5501,142.0,153.0,1.3523809523809525,1.3775280957133784,37.0,199.0,1.0,True,0.02778858444950814,34.50259170653908,Audit departure window and facility handoff
IND732138AAA,IND733124AAA,3,3,2,36.0,41.021800000000006,72.0,75.0,2.0277777777777777,1.9836601307189543,37.0,104.0,1.0,False,0.016673150669704886,34.47667464114833,Monitor; current evidence does not justify capital action
IND521225AAB,IND521001AAA,1,1,1,53.0,72.8774,150.0,278.0,2.830188679245283,2.830188679245283,97.0,97.0,1.0,False,0.005557716889901629,34.45574162679426,Monitor; current evidence does not justify capital action
IND124507AAA,IND131028AAE,1,1,1,45.0,42.8551,134.0,345.0,2.977777777777778,2.977777777777778,89.0,89.0,1.0,False,0.005557716889901629,34.44976076555024,Monitor; current evidence does not justify capital action
IND384265AAB,IND385320AAA,7,7,1,76.0,81.8326,98.0,108.0,1.2933333333333332,1.2964867603985948,22.0,157.0,0.8571428571428571,True,0.03334630133940977,34.44078947368421,Audit departure window and facility handoff
IND852111AAA,IND854311AAA,1,1,1,52.0,74.12110000000001,148.0,196.0,2.8461538461538463,2.8461538461538463,96.0,96.0,1.0,False,0.005557716889901629,34.43082137161085,Monitor; current evidence does not justify capital action
IND507002AAA,IND508001AAA,1,1,1,83.0,115.3405,205.0,265.0,2.4698795180722892,2.4698795180722892,122.0,122.0,1.0,False,0.005557716889901629,34.41387559808612,Monitor; current evidence does not justify capital action
IND689503AAB,IND683511AAA,1,1,1,120.0,125.4579,270.0,352.0,2.25,2.25,150.0,150.0,1.0,False,0.005557716889901629,34.39593301435407,Monitor; current evidence does not justify capital action
IND784001AAA,IND790114AAA,1,1,1,51.0,59.5592,146.0,223.0,2.8627450980392157,2.8627450980392157,95.0,95.0,1.0,False,0.005557716889901629,34.3859649122807,Monitor; current evidence does not justify capital action
IND624001AAA,IND624619AAA,8,8,1,27.5,29.551949999999998,40.0,52.0,1.4914529914529915,1.489188548754469,13.0,110.0,0.875,True,0.0389040182293114,34.37300637958533,Audit departure window and facility handoff
IND486771AAA,IND486661AAA,6,6,1,20.5,25.976300000000002,37.0,57.5,1.6875,1.9128968253968255,15.0,115.0,1.0,True,0.03334630133940977,34.333133971291865,Audit departure window and facility handoff
IND500032AAA,IND502295AAA,4,4,1,21.0,26.69585,41.5,54.0,1.9795454545454545,2.097924901185771,20.5,95.0,1.0,False,0.022230867559606515,34.28628389154705,Monitor; current evidence does not justify capital action
IND683572AAA,IND680307AAA,7,7,1,12.0,13.9758,24.0,37.0,1.8461538461538463,1.8308358308358308,11.0,69.0,0.8571428571428571,True,0.03334630133940977,34.26933811802233,Audit departure window and facility handoff
IND223101AAB,IND222125AAB,3,3,1,28.0,30.059900000000003,59.0,83.0,2.107142857142857,2.067765567765568,31.0,88.0,1.0,False,0.016673150669704886,34.25438596491228,Monitor; current evidence does not justify capital action
IND145001AAA,IND176201AAA,6,6,1,21.5,17.476149999999997,37.5,69.0,1.6577380952380953,1.909361471861472,15.0,119.0,1.0,True,0.03334630133940977,34.223484848484844,Audit departure window and facility handoff
IND560027AAA,IND560099AAA,2,2,1,21.5,17.8043,53.5,142.5,2.6222222222222222,2.6222222222222222,32.0,64.0,1.0,False,0.011115433779803258,34.21052631578947,Monitor; current evidence does not justify capital action
IND574216AAA,IND562132AAA,1,1,1,220.0,290.45340000000004,433.0,440.0,1.9681818181818183,1.9681818181818183,213.0,213.0,1.0,False,0.005557716889901629,34.12081339712918,Monitor; current evidence does not justify capital action
IND781018AAB,IND785621AAA,1,1,1,231.0,312.81690000000003,449.0,718.0,1.9437229437229437,1.9437229437229437,218.0,218.0,1.0,False,0.005557716889901629,34.09988038277512,Monitor; current evidence does not justify capital action
IND574117AAA,IND576201AAA,1,1,1,42.0,53.204800000000006,127.0,128.0,3.0238095238095237,3.0238095238095237,85.0,85.0,1.0,False,0.005557716889901629,34.0829346092504,Monitor; current evidence does not justify capital action
IND504215AAA,IND505326AAB,1,1,1,58.0,64.6296,157.0,177.0,2.706896551724138,2.706896551724138,99.0,99.0,1.0,False,0.005557716889901629,34.03907496012759,Monitor; current evidence does not justify capital action
IND209625AAA,IND241124AAB,6,6,1,66.0,53.05175,89.0,132.5,1.3587412587412588,1.4218319822797436,23.5,167.0,0.6666666666666666,True,0.022230867559606515,34.02312599681021,Audit departure window and facility handoff
IND173220AAA,IND174103AAA,2,2,1,18.0,21.279449999999997,49.0,73.0,2.628571428571429,2.628571428571429,31.0,62.0,1.0,False,0.011115433779803258,34.00817384370016,Monitor; current evidence does not justify capital action
IND721401AAA,IND721306AAA,2,2,1,81.5,88.13534999999999,157.0,190.0,1.9301957831325303,1.9301957831325303,75.5,151.0,1.0,False,0.011115433779803258,33.976275917065394,Monitor; current evidence does not justify capital action
IND581334AAA,IND581314AAA,3,3,1,51.0,55.1553,96.0,108.0,1.9038461538461537,1.804027149321267,46.0,123.0,1.0,False,0.016673150669704886,33.97029505582137,Monitor; current evidence does not justify capital action
IND332404AAA,IND332001AAB,7,7,1,37.0,51.1163,52.0,77.0,1.4054054054054055,1.5061875061875063,15.0,134.0,1.0,True,0.0389040182293114,33.939393939393945,Audit departure window and facility handoff
IND515671AAA,IND515134AAA,7,7,1,36.0,37.7623,51.0,72.0,1.4166666666666667,1.535954381752701,15.0,132.0,1.0,True,0.0389040182293114,33.928429027113246,Audit departure window and facility handoff
IND505001AAB,IND504208AAB,5,5,1,61.0,84.80789999999999,89.0,144.0,1.4666666666666666,1.5526190185629636,28.0,171.0,1.0,True,0.02778858444950814,33.91447368421052,Audit departure window and facility handoff
IND509216AAC,IND501359AAE,6,6,1,25.5,33.5947,42.0,168.0,1.5854700854700856,1.8343447293447293,15.5,126.0,1.0,True,0.03334630133940977,33.80582137161085,Audit departure window and facility handoff
IND783370AAB,IND783301AAA,2,2,1,47.0,66.3479,100.0,140.0,2.127659574468085,2.127659574468085,53.0,106.0,1.0,False,0.011115433779803258,33.80283094098884,Monitor; current evidence does not justify capital action
IND132103AAA,IND132001AAA,4,4,1,35.5,39.1148,63.5,83.5,1.8440476190476192,1.7928264303264303,29.5,111.0,1.0,False,0.022230867559606515,33.796850079744814,Monitor; current evidence does not justify capital action
IND641062AAD,IND641008AAA,1,1,1,35.0,35.9118,112.0,253.0,3.2,3.2,77.0,77.0,1.0,False,0.005557716889901629,33.79585326953748,Monitor; current evidence does not justify capital action
IND205001AAB,IND209625AAA,1,1,1,59.0,65.611,158.0,203.0,2.6779661016949152,2.6779661016949152,99.0,99.0,1.0,False,0.005557716889901629,33.78987240829346,Monitor; current evidence does not justify capital action
IND695012AAA,IND695101AAB,2,2,1,26.0,28.2589,63.0,710.0,2.4230769230769234,2.4230769230769234,37.0,74.0,1.0,False,0.011115433779803258,33.78389154704944,Monitor; current evidence does not justify capital action
IND414502AAA,IND431107AAB,7,7,1,25.0,26.9384,41.0,58.0,1.5769230769230769,1.6142578436056696,15.0,107.0,1.0,True,0.0389040182293114,33.697169059011166,Audit departure window and facility handoff
IND246725AAB,IND246701AAA,7,7,1,35.0,38.0795,53.0,63.0,1.5142857142857142,1.4830295754665503,18.0,116.0,1.0,True,0.0389040182293114,33.69019138755981,Audit departure window and facility handoff
IND754142AAA,IND754211AAA,1,1,1,25.0,36.5854,92.0,112.0,3.68,3.68,67.0,67.0,1.0,False,0.005557716889901629,33.676236044657095,Monitor; current evidence does not justify capital action
IND400072AAA,IND421302AAG,1,1,1,21.0,26.4331,84.0,302.0,4.0,4.0,63.0,63.0,1.0,False,0.005557716889901629,33.65829346092504,Monitor; current evidence does not justify capital action
IND110037AAM,IND282001AAC,1,1,1,151.0,202.6035,318.0,459.0,2.1059602649006623,2.1059602649006623,167.0,167.0,1.0,False,0.005557716889901629,33.656299840510364,Monitor; current evidence does not justify capital action
IND282001AAC,IND000000ACB,2,2,1,178.5,214.1981,291.0,378.5,1.6307199799133762,1.6307199799133762,112.5,225.0,1.0,False,0.011115433779803258,33.631379585326954,Monitor; current evidence does not justify capital action
IND334803AAA,IND341001AAC,3,3,1,37.0,53.403400000000005,79.0,83.0,1.975,1.9392506142506143,39.0,105.0,1.0,False,0.016673150669704886,33.57057416267942,Monitor; current evidence does not justify capital action
IND624202AAA,IND625218AAA,8,8,1,23.0,26.152700000000003,35.0,45.5,1.5217391304347827,1.5260416666666667,12.0,98.0,1.0,True,0.04446173511921303,33.567583732057415,Audit departure window and facility handoff
IND274402AAA,IND274301AAB,1,1,1,30.0,43.1058,100.0,110.0,3.3333333333333335,3.3333333333333335,70.0,70.0,1.0,False,0.005557716889901629,33.436004784689,Monitor; current evidence does not justify capital action
IND505001AAB,IND501359AAE,1,1,1,166.0,185.6649,340.0,408.0,2.0481927710843375,2.0481927710843375,174.0,174.0,1.0,False,0.005557716889901629,33.34130781499202,Monitor; current evidence does not justify capital action
IND758034AAA,IND756100AAC,1,1,1,163.0,224.601,335.0,472.0,2.0552147239263805,2.0552147239263805,172.0,172.0,1.0,False,0.005557716889901629,33.337320574162675,Monitor; current evidence does not justify capital action
IND802101AAA,IND802158AAB,1,1,1,50.0,70.8523,138.0,165.0,2.76,2.76,88.0,88.0,1.0,False,0.005557716889901629,33.33133971291866,Monitor; current evidence does not justify capital action
IND132001AAA,IND132103AAA,1,1,1,34.0,38.0852,107.0,306.0,3.1470588235294117,3.1470588235294117,73.0,73.0,1.0,False,0.005557716889901629,33.274521531100476,Monitor; current evidence does not justify capital action
IND362225AAA,IND362265AAA,5,5,1,27.0,37.798,49.0,54.0,1.75,1.77985754985755,21.0,108.0,1.0,True,0.02778858444950814,33.25259170653908,Audit departure window and facility handoff
IND560060AAB,IND560099AAB,9,9,1,33.0,30.8395,44.0,63.0,1.34375,1.3424706254284053,11.0,99.0,0.6666666666666666,True,0.03334630133940977,33.21271929824562,Audit departure window and facility handoff
IND785675AAA,IND785612AAB,1,1,1,121.0,172.4213,265.0,304.0,2.190082644628099,2.190082644628099,144.0,144.0,1.0,False,0.005557716889901629,33.20075757575758,Monitor; current evidence does not justify capital action
IND574202AAA,IND574239AAA,6,6,1,31.0,33.981049999999996,50.0,69.5,1.5620723362658846,1.644850724991854,18.0,122.0,1.0,True,0.03334630133940977,33.19577352472089,Audit departure window and facility handoff
IND421302AAR,IND421302AAF,1,1,1,17.0,20.5132,72.0,131.0,4.235294117647059,4.235294117647059,55.0,55.0,1.0,False,0.005557716889901629,33.09708931419458,Monitor; current evidence does not justify capital action
IND201301AAL,IND201301AAF,7,7,1,26.0,23.3817,40.0,77.0,1.5416666666666667,1.579106634106634,14.0,104.0,1.0,True,0.0389040182293114,32.938596491228076,Audit departure window and facility handoff
IND515671AAA,IND515591AAA,1,1,1,60.0,79.4562,156.0,182.0,2.6,2.6,96.0,96.0,1.0,False,0.005557716889901629,32.92065390749601,Monitor; current evidence does not justify capital action
IND636005AAA,IND636005AAC,1,1,1,12.0,15.441,61.0,281.0,5.083333333333333,5.083333333333333,49.0,49.0,1.0,False,0.005557716889901629,32.91566985645933,Monitor; current evidence does not justify capital action
IND425412AAA,IND425406AAA,2,2,1,40.0,55.9246,86.5,96.5,2.157285803627267,2.157285803627267,46.5,93.0,1.0,False,0.011115433779803258,32.840909090909086,Monitor; current evidence does not justify capital action
IND600116AAB,IND600056AAB,2,2,1,28.5,32.413650000000004,66.0,86.5,2.3226600985221677,2.3226600985221677,37.5,75.0,1.0,False,0.011115433779803258,32.834928229665074,Monitor; current evidence does not justify capital action
IND110037AAM,IND201001AAC,1,1,1,46.0,41.939800000000005,129.0,188.0,2.8043478260869565,2.8043478260869565,83.0,83.0,1.0,False,0.005557716889901629,32.81997607655502,Monitor; current evidence does not justify capital action
IND583201AAA,IND583101AAA,1,1,1,45.0,62.6445,127.0,424.0,2.8222222222222224,2.8222222222222224,82.0,82.0,1.0,False,0.005557716889901629,32.752192982456144,Monitor; current evidence does not justify capital action
IND400016AAB,IND400072AAB,1,1,1,12.0,11.184,60.0,81.0,5.0,5.0,48.0,48.0,1.0,False,0.005557716889901629,32.72727272727273,Monitor; current evidence does not justify capital action
IND303108AAB,IND303106AAA,6,6,1,31.0,44.07705,47.5,70.0,1.5408602150537636,1.6429883512544803,16.5,120.0,1.0,True,0.03334630133940977,32.69836523125997,Audit departure window and facility handoff
IND591115AAB,IND590016AAA,4,4,1,30.5,43.001549999999995,55.5,88.0,1.8333333333333335,1.836021505376344,25.0,102.0,1.0,False,0.022230867559606515,32.62759170653907,Monitor; current evidence does not justify capital action
IND457001AAA,IND457226AAA,11,11,1,40.0,37.9953,41.0,86.0,1.075,1.1565192857058886,3.0,76.0,0.2727272727272727,False,0.016673150669704886,32.58971291866029,Monitor; current evidence does not justify capital action
IND695101AAB,IND691574AAA,13,13,1,15.0,14.6765,19.0,45.0,1.2666666666666666,1.2186777275012568,4.0,44.0,0.6153846153846154,True,0.04446173511921303,32.57974481658692,Audit departure window and facility handoff
IND614804AAA,IND614616AAA,11,11,1,27.0,25.4239,32.0,51.0,1.1851851851851851,1.2359307359307359,5.0,71.0,0.45454545454545453,False,0.02778858444950814,32.52093301435407,Monitor; current evidence does not justify capital action
IND575004AAB,IND575014AAA,2,2,1,18.5,19.896349999999998,46.5,522.5,2.5175438596491224,2.5175438596491224,28.0,56.0,1.0,False,0.011115433779803258,32.51495215311005,Monitor; current evidence does not justify capital action
IND141003AAB,IND000000ACA,7,7,1,11.0,15.2594,20.0,46.0,1.8181818181818181,1.8885543028400171,9.0,59.0,0.7142857142857143,True,0.02778858444950814,32.49202551834131,Audit departure window and facility handoff
IND400706AAA,IND000000AFT,1,1,1,11.0,10.7606,56.0,86.0,5.090909090909091,5.090909090909091,45.0,45.0,1.0,False,0.005557716889901629,32.44118819776715,Monitor; current evidence does not justify capital action
IND480661AAA,IND481661AAA,3,3,1,105.0,125.2843,170.0,177.0,1.619047619047619,1.5365073549722752,65.0,169.0,1.0,False,0.016673150669704886,32.428229665071775,Monitor; current evidence does not justify capital action
IND742101AAC,IND742202AAA,1,1,1,60.0,83.81660000000001,154.0,290.0,2.566666666666667,2.566666666666667,94.0,94.0,1.0,False,0.005557716889901629,32.40231259968102,Monitor; current evidence does not justify capital action
IND470004AAA,IND462022AAA,1,1,1,126.0,177.7757,268.0,545.0,2.126984126984127,2.126984126984127,142.0,142.0,1.0,False,0.005557716889901629,32.342503987240825,Monitor; current evidence does not justify capital action
IND563131AAB,IND560300AAA,3,3,1,79.0,78.8571,125.0,137.0,1.5625,1.7646275138363745,45.0,179.0,1.0,False,0.016673150669704886,32.331539074960126,Monitor; current evidence does not justify capital action
IND411033AAA,IND580028AAA,1,1,1,354.0,487.6291,608.0,868.0,1.7175141242937852,1.7175141242937852,254.0,254.0,1.0,False,0.005557716889901629,32.29665071770334,Monitor; current evidence does not justify capital action
IND160003AAA,IND160002AAC,1,1,1,34.0,44.446,102.0,484.0,3.0,3.0,68.0,68.0,1.0,False,0.005557716889901629,32.23983253588517,Monitor; current evidence does not justify capital action
IND345021AAA,IND342301AAA,6,6,1,45.0,62.8452,67.5,86.0,1.4818840579710144,1.4578099838969403,22.0,125.0,0.8333333333333334,True,0.02778858444950814,32.23086124401914,Audit departure window and facility handoff
IND563131AAB,IND560300AAB,2,2,1,78.0,82.9015,146.5,504.0,1.8753289473684212,1.8753289473684212,68.5,137.0,1.0,False,0.011115433779803258,32.17404306220096,Monitor; current evidence does not justify capital action
IND530012AAA,IND533106AAA,2,2,1,133.0,181.73559999999998,226.0,311.0,1.699248120300752,1.699248120300752,93.0,186.0,1.0,False,0.011115433779803258,32.171052631578945,Monitor; current evidence does not justify capital action
IND854311AAA,IND852118A1B,1,1,1,24.0,30.7923,82.0,136.0,3.4166666666666665,3.4166666666666665,58.0,58.0,1.0,False,0.005557716889901629,32.14214513556619,Monitor; current evidence does not justify capital action
IND560099AAB,IND683511AAB,1,1,1,432.0,471.0635,709.0,807.0,1.6412037037037037,1.6412037037037037,277.0,277.0,1.0,False,0.005557716889901629,32.107256778309406,Monitor; current evidence does not justify capital action
IND580028AAA,IND562132AAA,1,1,1,285.0,382.8824,513.0,567.0,1.8,1.8,228.0,228.0,1.0,False,0.005557716889901629,32.07535885167464,Monitor; current evidence does not justify capital action
IND852113AAA,IND852201AAA,1,1,1,17.0,22.5405,67.0,107.0,3.9411764705882355,3.9411764705882355,50.0,50.0,1.0,False,0.005557716889901629,32.07037480063796,Monitor; current evidence does not justify capital action
IND600032AAB,IND600008AAC,1,1,1,8.0,10.0476,48.0,50.0,6.0,6.0,40.0,40.0,1.0,False,0.005557716889901629,32.05841307814992,Monitor; current evidence does not justify capital action
IND571430AAA,IND571124AAA,7,7,1,34.0,35.2606,47.0,59.0,1.4242424242424243,1.4627742005893265,14.0,109.0,1.0,True,0.0389040182293114,32.006578947368425,Audit departure window and facility handoff
IND643231AAA,IND643217AAA,9,9,1,34.0,22.1994,38.0,58.0,1.2352941176470589,1.2994422753977575,8.0,95.0,0.5555555555555556,True,0.02778858444950814,31.979665071770334,Audit departure window and facility handoff
IND679531AAA,IND680587AAA,9,9,1,25.0,21.6484,34.0,52.0,1.36,1.3940058479532165,9.0,85.0,1.0,True,0.05001945200911465,31.95574162679426,Audit departure window and facility handoff
IND480001AAA,IND481661AAA,2,2,1,155.5,197.0908,254.0,280.0,1.6337882547559968,1.6337882547559968,98.5,197.0,1.0,False,0.011115433779803258,31.915869218500802,Monitor; current evidence does not justify capital action
IND530012AAA,IND531162AAA,6,6,1,16.0,16.0898,28.0,78.0,1.75,1.8834325396825398,12.0,81.0,1.0,True,0.03334630133940977,31.87998405103668,Audit departure window and facility handoff
IND442605AAA,IND441603AAA,3,3,1,23.0,31.538400000000003,46.0,59.0,2.090909090909091,1.9838054457619674,24.0,68.0,1.0,False,0.016673150669704886,31.827153110047846,Monitor; current evidence does not justify capital action
IND781018AAB,IND781005AAA,5,5,1,44.0,42.0379,74.0,171.0,1.6444444444444444,1.4970707070707072,29.0,111.0,0.6,True,0.016673150669704886,31.815191387559803,Audit departure window and facility handoff
IND201204AAA,IND250002AAA,5,5,1,21.0,23.0457,37.0,47.0,1.7619047619047619,1.8749896480331263,16.0,92.0,1.0,True,0.02778858444950814,31.810207336523128,Audit departure window and facility handoff
IND638001AAA,IND638052AAA,3,3,1,17.0,18.6761,37.0,66.0,2.1666666666666665,2.133986928104575,20.0,59.0,1.0,False,0.016673150669704886,31.777312599681018,Monitor; current evidence does not justify capital action
IND815351AAA,IND814101AAB,8,8,1,97.0,80.5241,106.0,130.0,1.092783505154639,1.1404891853648675,9.0,111.0,0.25,False,0.011115433779803258,31.715510366826155,Monitor; current evidence does not justify capital action
IND144514AAA,IND141115AAA,5,5,1,28.0,26.1322,49.0,56.0,1.75,1.654147465437788,21.0,94.0,1.0,True,0.02778858444950814,31.691586921850078,Audit departure window and facility handoff
IND342602AAC,IND311302AAA,2,2,1,76.0,107.55635000000001,142.0,162.5,1.8684210526315788,1.8684210526315788,66.0,132.0,1.0,False,0.011115433779803258,31.669657097288678,Monitor; current evidence does not justify capital action
IND202001AAB,IND110037AAM,1,1,1,130.0,147.5217,271.0,356.0,2.0846153846153848,2.0846153846153848,141.0,141.0,1.0,False,0.005557716889901629,31.64274322169059,Monitor; current evidence does not justify capital action
IND263601AAA,IND263153AAB,1,1,1,164.0,118.0853,328.0,440.0,2.0,2.0,164.0,164.0,1.0,False,0.005557716889901629,31.588915470494417,Monitor; current evidence does not justify capital action
IND126102AAA,IND131301AAA,2,2,1,35.0,46.69845,75.5,99.5,2.1571428571428575,2.1571428571428575,40.5,81.0,1.0,False,0.011115433779803258,31.530103668261567,Monitor; current evidence does not justify capital action
IND535591AAA,IND535558AAA,3,3,1,16.0,19.0487,33.0,49.0,2.1333333333333333,2.273611111111111,17.0,60.0,1.0,False,0.016673150669704886,31.481259968102073,Monitor; current evidence does not justify capital action
IND695572AAB,IND695541AAA,9,9,1,22.0,20.4442,31.0,50.0,1.4545454545454546,1.357142857142857,10.0,71.0,0.7777777777777778,True,0.0389040182293114,31.461323763955342,Audit departure window and facility handoff
IND788806AAA,IND788713AAA,1,1,1,13.0,19.7019,55.0,99.0,4.230769230769231,4.230769230769231,42.0,42.0,1.0,False,0.005557716889901629,31.435406698564595,Monitor; current evidence does not justify capital action
IND262001AAA,IND262122AAB,4,4,1,37.0,45.766099999999994,63.5,81.0,1.6995565410199558,1.7985957132298596,26.5,114.0,1.0,False,0.022230867559606515,31.4274322169059,Monitor; current evidence does not justify capital action
IND690548AAA,IND688009AAA,9,9,1,32.0,28.4422,39.0,67.0,1.21875,1.2940236659994726,7.0,88.0,0.5555555555555556,True,0.02778858444950814,31.423444976076553,Audit departure window and facility handoff
IND342601AAA,IND342902AAA,3,3,1,41.0,39.0015,68.0,84.0,1.9142857142857144,1.8117833386126068,32.0,96.0,1.0,False,0.016673150669704886,31.4164673046252,Monitor; current evidence does not justify capital action
IND110064AAA,IND110005AAA,2,2,1,12.0,11.3041,31.5,89.0,2.6538461538461537,2.6538461538461537,19.5,39.0,1.0,False,0.011115433779803258,31.350677830940988,Monitor; current evidence does not justify capital action
IND110044AAB,IND110037AAM,3,3,1,23.0,24.686,43.0,132.0,2.0476190476190474,2.0089164941338855,22.0,70.0,1.0,False,0.016673150669704886,31.333732057416263,Monitor; current evidence does not justify capital action
IND396191AAC,IND395023AAA,1,1,1,76.0,104.9843,178.0,240.0,2.3421052631578947,2.3421052631578947,102.0,102.0,1.0,False,0.005557716889901629,31.32675438596491,Monitor; current evidence does not justify capital action
IND142026AAA,IND000000ACA,1,1,1,40.0,54.4594,110.0,204.0,2.75,2.75,70.0,70.0,1.0,False,0.005557716889901629,31.317783094098882,Monitor; current evidence does not justify capital action
IND721139AAC,IND721636AAB,1,1,1,35.0,43.314800000000005,100.0,130.0,2.857142857142857,2.857142857142857,65.0,65.0,1.0,False,0.005557716889901629,31.29784688995215,Monitor; current evidence does not justify capital action
IND221010AAB,IND222001AAA,1,1,1,41.0,57.9928,112.0,789.0,2.731707317073171,2.731707317073171,71.0,71.0,1.0,False,0.005557716889901629,31.290869218500795,Monitor; current evidence does not justify capital action
IND142401AAA,IND000000ACA,5,5,1,21.0,29.0026,35.0,87.0,1.75,1.8483333333333334,15.0,88.0,1.0,True,0.02778858444950814,31.26993620414673,Audit departure window and facility handoff
IND331022A1B,IND331001A1C,1,1,1,49.0,60.9205,128.0,128.0,2.6122448979591835,2.6122448979591835,79.0,79.0,1.0,False,0.005557716889901629,31.25897129186603,Monitor; current evidence does not justify capital action
IND814133AAA,IND816109AAA,1,1,1,64.0,89.8315,156.0,197.0,2.4375,2.4375,92.0,92.0,1.0,False,0.005557716889901629,31.225079744816586,Monitor; current evidence does not justify capital action
IND768216AAA,IND770001AAA,2,2,1,34.5,38.6746,74.0,83.5,2.1457983193277315,2.1457983193277315,39.5,79.0,1.0,False,0.011115433779803258,31.171251993620412,Monitor; current evidence does not justify capital action
IND852131AAA,IND852139AAB,1,1,1,21.0,29.7371,71.0,78.0,3.380952380952381,3.380952380952381,50.0,50.0,1.0,False,0.005557716889901629,31.143341307814993,Monitor; current evidence does not justify capital action
IND388320AAA,IND388121AAA,1,1,1,12.0,10.2572,51.0,83.0,4.25,4.25,39.0,39.0,1.0,False,0.005557716889901629,31.104465709728867,Monitor; current evidence does not justify capital action
IND122001AAA,IND110037AAM,1,1,1,15.0,13.2356,58.0,91.0,3.8666666666666667,3.8666666666666667,43.0,43.0,1.0,False,0.005557716889901629,31.069577352472088,Monitor; current evidence does not justify capital action
IND532222AAA,IND532001AAB,1,1,1,89.0,95.3809,199.0,257.0,2.235955056179775,2.235955056179775,110.0,110.0,1.0,False,0.005557716889901629,31.031698564593302,Monitor; current evidence does not justify capital action
IND151505AAA,IND151506AAA,5,5,1,27.0,33.994699999999995,46.0,55.0,1.7692307692307692,1.6470773160428334,20.0,84.0,0.6,True,0.016673150669704886,31.016746411483254,Audit departure window and facility handoff
IND332001AAB,IND334001AAC,2,2,1,154.0,213.71685,248.5,333.5,1.6136363636363638,1.6136363636363638,94.5,189.0,1.0,False,0.011115433779803258,30.97787081339713,Monitor; current evidence does not justify capital action
IND732138AAA,IND733140AAA,1,1,1,44.0,51.8026,117.0,120.0,2.659090909090909,2.659090909090909,73.0,73.0,1.0,False,0.005557716889901629,30.951953748006378,Monitor; current evidence does not justify capital action
IND505326AAA,IND505425AAA,1,1,1,35.0,49.0874,99.0,104.0,2.8285714285714287,2.8285714285714287,64.0,64.0,1.0,False,0.005557716889901629,30.929027113237638,Monitor; current evidence does not justify capital action
IND470113AAA,IND470117AAA,2,2,1,14.5,20.7331,36.5,50.0,2.5142857142857142,2.5142857142857142,22.0,44.0,1.0,False,0.011115433779803258,30.914074960127593,Monitor; current evidence does not justify capital action
IND625532AAA,IND625531AAA,5,5,1,46.0,42.0712,70.0,81.0,1.5454545454545454,1.5076174791392183,24.0,116.0,1.0,True,0.02778858444950814,30.90809409888357,Audit departure window and facility handoff
IND586211AAA,IND586128AAA,3,3,1,47.0,48.5216,86.0,94.0,1.7916666666666667,1.7816193853427897,38.0,111.0,1.0,False,0.016673150669704886,30.887161084529502,Monitor; current evidence does not justify capital action
IND518124AAA,IND518206AAA,6,6,1,21.0,19.491799999999998,33.0,43.5,1.65,1.6928571428571428,13.0,86.0,1.0,True,0.03334630133940977,30.873205741626798,Audit departure window and facility handoff
IND484661AAE,IND484551AAA,1,1,1,21.0,30.4302,70.0,88.0,3.3333333333333335,3.3333333333333335,49.0,49.0,1.0,False,0.005557716889901629,30.852272727272727,Monitor; current evidence does not justify capital action
IND575014AAA,IND403726AAA,1,1,1,293.0,331.5916,513.0,518.0,1.7508532423208192,1.7508532423208192,220.0,220.0,1.0,False,0.005557716889901629,30.8213716108453,Monitor; current evidence does not justify capital action
IND501359AAE,IND503111AAC,2,2,1,105.5,140.17345,183.0,471.5,1.7330607476635516,1.7330607476635516,77.5,155.0,1.0,False,0.011115433779803258,30.818381180223287,Monitor; current evidence does not justify capital action
IND383001AAA,IND383315AAC,8,8,1,41.0,47.1502,52.0,64.0,1.2526132404181185,1.3073852293539878,10.5,97.0,0.625,True,0.02778858444950814,30.80940988835725,Audit departure window and facility handoff
IND758001AAA,IND758035AAA,2,2,1,50.0,70.20625,100.0,122.5,1.9951923076923077,1.9951923076923077,50.0,100.0,1.0,False,0.011115433779803258,30.79047049441786,Monitor; current evidence does not justify capital action
IND756019AAA,IND757001AAA,1,1,1,46.0,65.5301,120.0,174.0,2.608695652173913,2.608695652173913,74.0,74.0,1.0,False,0.005557716889901629,30.73165869218501,Monitor; current evidence does not justify capital action
IND131028AAB,IND248001AAD,1,1,1,212.0,245.6096,397.0,673.0,1.8726415094339623,1.8726415094339623,185.0,185.0,1.0,False,0.005557716889901629,30.702751196172244,Monitor; current evidence does not justify capital action
IND767017AAA,IND768004AAD,1,1,1,79.0,88.3726,180.0,823.0,2.278481012658228,2.278481012658228,101.0,101.0,1.0,False,0.005557716889901629,30.689792663476872,Monitor; current evidence does not justify capital action
IND131028AAB,IND124001AAB,3,3,1,55.0,66.40910000000001,98.0,217.0,1.75,1.7079124579124578,42.0,117.0,1.0,False,0.016673150669704886,30.686802232854866,Monitor; current evidence does not justify capital action
IND641654AAA,IND641664AAA,7,7,1,26.0,29.4485,39.0,47.0,1.5,1.478021978021978,13.0,87.0,1.0,True,0.0389040182293114,30.631977671451356,Audit departure window and facility handoff
IND302014AAB,IND303301AAB,8,8,1,32.0,41.220349999999996,42.0,93.0,1.3125,1.3513392857142859,10.0,90.0,0.5,True,0.022230867559606515,30.600079744816583,Audit departure window and facility handoff
IND122002AAD,IND122503AAA,2,2,1,22.5,29.54775,51.0,75.0,2.285,2.285,28.5,57.0,1.0,False,0.011115433779803258,30.568181818181817,Monitor; current evidence does not justify capital action
IND585104AAA,IND585307AAB,4,4,1,66.0,71.89869999999999,100.0,129.0,1.5151515151515151,1.5151515151515151,34.0,136.0,1.0,False,0.022230867559606515,30.549242424242422,Monitor; current evidence does not justify capital action
IND843109AAB,IND842001AAA,2,2,1,10.0,14.592749999999999,26.5,425.0,2.65,2.65,16.5,33.0,1.0,False,0.011115433779803258,30.49043062200957,Monitor; current evidence does not justify capital action
IND363520AAC,IND363001AAA,8,8,1,49.0,58.01035,58.0,91.5,1.196003401360544,1.2468112244897958,9.5,96.0,0.5,False,0.022230867559606515,30.485446570972886,Monitor; current evidence does not justify capital action
IND676509AAA,IND679322AAA,3,3,1,20.0,21.070400000000003,43.0,44.0,2.0952380952380953,1.9150793650793652,23.0,56.0,1.0,False,0.016673150669704886,30.485446570972886,Monitor; current evidence does not justify capital action
IND683511AAA,IND000000ABA,10,10,1,30.0,29.326950000000004,35.0,484.5,1.1668520578420467,1.22596588802373,5.0,68.0,0.3,False,0.016673150669704886,30.480462519936204,Monitor; current evidence does not justify capital action
IND827013AAA,IND829121AAA,2,2,1,28.0,39.15435,61.5,78.0,2.189655172413793,2.189655172413793,33.5,67.0,1.0,False,0.011115433779803258,30.47348484848485,Monitor; current evidence does not justify capital action
IND140406AAA,IND140401AAA,7,7,1,28.0,31.0253,38.0,59.0,1.5833333333333333,1.3947538234245687,14.0,75.0,0.7142857142857143,True,0.02778858444950814,30.448564593301437,Audit departure window and facility handoff
IND396321AAA,IND396001AAA,6,6,1,26.5,25.6663,41.0,84.5,1.521978021978022,1.625018315018315,14.0,99.0,1.0,True,0.03334630133940977,30.42862838915471,Audit departure window and facility handoff
IND586101AAB,IND416404AAA,2,2,1,44.0,60.9999,88.5,117.0,2.0113636363636367,2.0113636363636367,44.5,89.0,1.0,False,0.011115433779803258,30.285087719298243,Monitor; current evidence does not justify capital action
IND483225AAA,IND483501AAA,2,2,1,34.0,46.524249999999995,71.5,73.0,2.1034632034632033,2.1034632034632033,37.5,75.0,1.0,False,0.011115433779803258,30.193381180223287,Monitor; current evidence does not justify capital action
IND673305AAA,IND673104AAA,10,10,1,22.0,20.94725,28.0,39.0,1.266798418972332,1.2752616224355355,6.0,61.0,0.7,True,0.0389040182293114,30.136562998405097,Audit departure window and facility handoff
IND712602AAA,IND722154AAA,1,1,1,25.0,27.0831,75.0,75.0,3.0,3.0,50.0,50.0,1.0,False,0.005557716889901629,30.04186602870813,Monitor; current evidence does not justify capital action
IND574211AAA,IND574216AAA,1,1,1,28.0,40.8913,81.0,92.0,2.892857142857143,2.892857142857143,53.0,53.0,1.0,False,0.005557716889901629,29.96212121212121,Monitor; current evidence does not justify capital action
IND242307AAB,IND207247AAB,1,1,1,132.0,139.545,266.0,288.0,2.015151515151515,2.015151515151515,134.0,134.0,1.0,False,0.005557716889901629,29.94417862838915,Monitor; current evidence does not justify capital action
IND423105AAA,IND423301AAB,5,5,1,34.0,34.463,56.0,66.0,1.6470588235294117,1.5529411764705883,22.0,93.0,1.0,True,0.02778858444950814,29.880382775119617,Audit departure window and facility handoff
IND785001AAA,IND785112AAC,2,2,1,19.0,27.377,44.0,417.5,2.3157894736842106,2.3157894736842106,25.0,50.0,1.0,False,0.011115433779803258,29.87938596491228,Monitor; current evidence does not justify capital action
IND125047AAB,IND125050AAA,1,1,1,35.0,44.6977,95.0,113.0,2.7142857142857144,2.7142857142857144,60.0,60.0,1.0,False,0.005557716889901629,29.870414673046252,Monitor; current evidence does not justify capital action
IND600056AAB,IND600044AAD,4,4,1,34.5,35.8792,59.5,250.0,1.7247899159663866,1.6798319327731093,25.0,94.0,1.0,False,0.022230867559606515,29.81060606060606,Monitor; current evidence does not justify capital action
IND757025AAA,IND757001AAA,2,2,1,17.0,24.923299999999998,40.0,65.0,2.3529411764705883,2.3529411764705883,23.0,46.0,1.0,False,0.011115433779803258,29.78767942583732,Monitor; current evidence does not justify capital action
IND241124AAB,IND242001AAA,3,3,1,17.0,23.9561,35.0,56.0,2.0588235294117645,2.1041666666666665,18.0,55.0,1.0,False,0.016673150669704886,29.76375598086124,Monitor; current evidence does not justify capital action
IND209101AAA,IND209111AAA,10,10,1,46.0,64.7833,35.0,47.5,1.1096618357487922,1.1967014061291557,5.0,64.0,0.4,False,0.022230867559606515,29.762759170653908,Monitor; current evidence does not justify capital action
IND575004AAB,IND574227AAA,2,2,1,29.5,38.8024,63.0,106.5,2.130787037037037,2.130787037037037,33.5,67.0,1.0,False,0.011115433779803258,29.76076555023923,Monitor; current evidence does not justify capital action
IND344022AAB,IND344001AAA,4,4,1,68.5,96.64415,99.5,118.0,1.4525788576300085,1.49309615150408,31.0,136.0,1.0,False,0.022230867559606515,29.751794258373206,Monitor; current evidence does not justify capital action
IND303702AAB,IND332001AAB,3,3,1,62.0,84.5306,104.0,123.0,1.6774193548387097,1.6476361153780508,42.0,121.0,1.0,False,0.016673150669704886,29.746810207336527,Monitor; current evidence does not justify capital action
IND852118AAA,IND854326AAB,1,1,1,51.0,72.32,126.0,242.0,2.4705882352941178,2.4705882352941178,75.0,75.0,1.0,False,0.005557716889901629,29.737838915470494,Monitor; current evidence does not justify capital action
IND110037AAM,IND282002AAD,1,1,1,151.0,206.0601,297.0,555.0,1.966887417218543,1.966887417218543,146.0,146.0,1.0,False,0.005557716889901629,29.731858054226475,Monitor; current evidence does not justify capital action
IND842003AAB,IND480661AAA,1,1,1,111.0,157.0599,230.0,267.0,2.0720720720720722,2.0720720720720722,119.0,119.0,1.0,False,0.005557716889901629,29.65011961722488,Monitor; current evidence does not justify capital action
IND768004AAD,IND768028AAA,1,1,1,29.0,41.6241,82.0,230.0,2.8275862068965516,2.8275862068965516,53.0,53.0,1.0,False,0.005557716889901629,29.64314194577352,Monitor; current evidence does not justify capital action
IND523002AAA,IND523316AAB,1,1,1,80.0,93.528,178.0,614.0,2.225,2.225,98.0,98.0,1.0,False,0.005557716889901629,29.61822169059011,Monitor; current evidence does not justify capital action
IND530018AAA,IND531162AAA,1,1,1,8.0,12.2135,35.0,231.0,4.375,4.375,27.0,27.0,1.0,False,0.005557716889901629,29.61423444976077,Monitor; current evidence does not justify capital action
IND572201AAB,IND573201AAB,2,2,1,50.5,55.7285,98.5,119.5,1.9498039215686274,1.9498039215686274,48.0,96.0,1.0,False,0.011115433779803258,29.608253588516746,Monitor; current evidence does not justify capital action
IND495004AAA,IND495671AAA,1,1,1,43.0,61.5664,110.0,115.0,2.558139534883721,2.558139534883721,67.0,67.0,1.0,False,0.005557716889901629,29.59928229665072,Monitor; current evidence does not justify capital action
IND733128AAA,IND733129AAB,1,1,1,45.0,53.0176,114.0,125.0,2.533333333333333,2.533333333333333,69.0,69.0,1.0,False,0.005557716889901629,29.596291866028707,Monitor; current evidence does not justify capital action
IND203135AAA,IND203390AAA,2,2,1,92.5,93.66669999999999,160.5,198.0,1.7361500701262274,1.7361500701262274,68.0,136.0,1.0,False,0.011115433779803258,29.594298245614038,Monitor; current evidence does not justify capital action
IND380005AAA,IND382430AAB,1,1,1,23.0,27.034,69.0,73.0,3.0,3.0,46.0,46.0,1.0,False,0.005557716889901629,29.56638755980861,Monitor; current evidence does not justify capital action
IND385340AAB,IND384205AAA,4,4,1,92.0,107.7119,129.5,280.0,1.4076086956521738,1.376129391203762,37.5,140.0,0.75,False,0.016673150669704886,29.56140350877193,Monitor; current evidence does not justify capital action
IND732103AAB,IND733128AAA,2,2,1,45.5,61.3831,90.0,170.5,1.976328502415459,1.976328502415459,44.5,89.0,1.0,False,0.011115433779803258,29.527511961722485,Monitor; current evidence does not justify capital action
IND110093AAA,IND110092AAC,1,1,1,18.0,15.547,58.0,88.0,3.2222222222222223,3.2222222222222223,40.0,40.0,1.0,False,0.005557716889901629,29.511562998405104,Monitor; current evidence does not justify capital action
IND581334AAA,IND581343AAC,2,2,1,20.0,21.346899999999998,45.0,50.5,2.2656641604010024,2.2656641604010024,25.0,50.0,1.0,False,0.011115433779803258,29.470693779904305,Monitor; current evidence does not justify capital action
IND584128AAA,IND583121AAA,2,2,1,22.5,32.5108,50.0,70.5,2.224308300395257,2.224308300395257,27.5,55.0,1.0,False,0.011115433779803258,29.46072567783094,Monitor; current evidence does not justify capital action
IND000000AFJ,IND695121AAA,13,13,1,26.0,18.5917,28.0,67.0,1.0740740740740742,1.062713127328512,2.0,26.0,0.07692307692307693,False,0.005557716889901629,29.436802232854863,Monitor; current evidence does not justify capital action
IND571438AAB,IND571401AAA,9,9,1,31.0,24.7471,40.0,46.0,1.2580645161290323,1.2419743645202488,8.0,68.0,0.6666666666666666,True,0.03334630133940977,29.399920255183414,Audit departure window and facility handoff
IND209304AAA,IND209206AAB,12,12,1,58.0,57.17705,47.0,156.5,0.8103448275862069,0.8862925993143779,0.0,38.0,0.08333333333333333,False,0.005557716889901629,29.37101275917065,Monitor; current evidence does not justify capital action
IND151001AAA,IND151302AAA,14,14,1,41.0,55.12075,33.0,93.0,0.8248905565978737,0.8311358502125052,0.0,19.0,0.07142857142857142,False,0.005557716889901629,29.361044657097285,Monitor; current evidence does not justify capital action
IND581320AAA,IND581334AAA,4,4,1,38.0,40.4765,57.5,82.5,1.5584795321637426,1.7529239766081872,20.5,113.0,1.0,False,0.022230867559606515,29.350079744816586,Monitor; current evidence does not justify capital action
IND577002AAA,IND581110AAE,1,1,1,52.0,72.43780000000001,126.0,191.0,2.423076923076923,2.423076923076923,74.0,74.0,1.0,False,0.005557716889901629,29.24641148325359,Monitor; current evidence does not justify capital action
IND532001AAB,IND532201AAA,1,1,1,41.0,57.6639,105.0,135.0,2.5609756097560976,2.5609756097560976,64.0,64.0,1.0,False,0.005557716889901629,29.234449760765546,Monitor; current evidence does not justify capital action
IND242307AAB,IND242221AAA,5,5,1,41.0,50.1024,60.0,82.0,1.4634146341463414,1.535191637630662,19.0,110.0,1.0,True,0.02778858444950814,29.229465709728863,Audit departure window and facility handoff
IND411033AAA,IND410505AAB,4,4,1,29.0,31.5519,45.5,96.0,1.5689655172413794,2.0393103448275864,16.5,110.0,1.0,False,0.022230867559606515,29.17763157894737,Monitor; current evidence does not justify capital action
IND641008AAA,IND641001AAA,3,3,1,12.0,12.6194,34.0,34.0,2.0588235294117645,2.2670825906120022,18.0,50.0,1.0,False,0.016673150669704886,29.135765550239235,Monitor; current evidence does not justify capital action
IND826001AAC,IND828111AAA,2,2,1,9.0,10.5381,23.0,69.0,2.5555555555555554,2.5555555555555554,14.0,28.0,1.0,False,0.011115433779803258,29.135765550239235,Monitor; current evidence does not justify capital action
IND501141AAA,IND501101AAB,4,4,1,41.5,39.27375000000001,68.0,93.0,1.619047619047619,1.626596980255517,26.0,104.0,1.0,False,0.022230867559606515,29.13277511961723,Monitor; current evidence does not justify capital action
IND533201AAA,IND533242AAA,2,2,1,14.5,21.0756,34.5,51.5,2.373809523809524,2.373809523809524,20.0,40.0,1.0,False,0.011115433779803258,29.11483253588517,Monitor; current evidence does not justify capital action
IND131028AAB,IND250609AAA,1,1,1,22.0,24.9115,65.0,188.0,2.9545454545454546,2.9545454545454546,43.0,43.0,1.0,False,0.005557716889901629,29.006180223285487,Monitor; current evidence does not justify capital action
IND110092AAC,IND110093AAA,1,1,1,16.0,12.8317,52.0,99.0,3.25,3.25,36.0,36.0,1.0,False,0.005557716889901629,28.9792663476874,Monitor; current evidence does not justify capital action
IND243201AAA,IND262001AAA,2,2,1,44.5,45.5921,87.5,113.5,1.9636363636363638,1.9636363636363638,43.0,86.0,1.0,False,0.011115433779803258,28.913476874003187,Monitor; current evidence does not justify capital action
IND843126AAA,IND843109AAB,2,2,1,26.0,37.3762,55.5,66.5,2.1346153846153846,2.1346153846153846,29.5,59.0,1.0,False,0.011115433779803258,28.857655502392344,Monitor; current evidence does not justify capital action
IND277303AAC,IND277211AAA,6,6,1,37.0,40.5045,52.0,80.0,1.4142156862745099,1.4380956033432815,15.0,96.0,1.0,True,0.03334630133940977,28.786881977671452,Audit departure window and facility handoff
IND623407AAA,IND623315AAB,12,12,1,25.0,18.2816,26.5,47.5,1.0416666666666667,1.1048931623931624,1.0,32.0,0.08333333333333333,False,0.005557716889901629,28.749999999999996,Monitor; current evidence does not justify capital action
IND131028AAB,IND249407AAA,1,1,1,180.0,196.1742,336.0,555.0,1.8666666666666667,1.8666666666666667,156.0,156.0,1.0,False,0.005557716889901629,28.722089314194577,Monitor; current evidence does not justify capital action
IND573201AAB,IND572201AAB,4,4,1,50.0,55.41545,77.5,138.5,1.55,1.5379411764705884,27.5,108.0,1.0,False,0.022230867559606515,28.710127591706534,Monitor; current evidence does not justify capital action
IND623526AAA,IND623704AAA,8,8,1,125.0,113.12165,131.0,153.5,1.0607789142407553,1.0841947285601887,7.5,84.0,0.0,False,0.0,28.69916267942584,Monitor; current evidence does not justify capital action
IND415003AAA,IND412803AAB,7,7,1,43.0,35.6314,55.0,89.0,1.2790697674418605,1.2924199278019877,12.0,88.0,0.7142857142857143,True,0.02778858444950814,28.60944976076555,Audit departure window and facility handoff
IND623704AAA,IND626607AAB,7,7,1,47.0,48.7821,59.0,68.0,1.2708333333333333,1.2678008842848183,13.0,88.0,0.7142857142857143,True,0.02778858444950814,28.58951355661882,Audit departure window and facility handoff
IND263153AAB,IND263401AAA,1,1,1,39.0,40.8,99.0,156.0,2.5384615384615383,2.5384615384615383,60.0,60.0,1.0,False,0.005557716889901629,28.58452950558214,Monitor; current evidence does not justify capital action
IND000000AFT,IND410206AAB,1,1,1,17.0,20.5299,53.0,68.0,3.1176470588235294,3.1176470588235294,36.0,36.0,1.0,False,0.005557716889901629,28.56559011164274,Monitor; current evidence does not justify capital action
IND470004AAA,IND470113AAA,1,1,1,58.0,82.2171,135.0,163.0,2.3275862068965516,2.3275862068965516,77.0,77.0,1.0,False,0.005557716889901629,28.527711323763956,Monitor; current evidence does not justify capital action
IND201005AAA,IND201007AAA,1,1,1,14.0,10.9884,46.0,65.0,3.2857142857142856,3.2857142857142856,32.0,32.0,1.0,False,0.005557716889901629,28.526714513556616,Monitor; current evidence does not justify capital action
IND824101AAA,IND821307AAA,3,3,1,22.0,32.1673,43.0,77.0,1.9545454545454546,1.911725955204216,21.0,61.0,1.0,False,0.016673150669704886,28.522727272727273,Monitor; current evidence does not justify capital action
IND321408AAB,IND321606AAA,3,3,1,35.0,39.8012,63.0,97.0,1.8,1.8592261904761906,28.0,86.0,1.0,False,0.016673150669704886,28.4688995215311,Monitor; current evidence does not justify capital action
IND533262AAA,IND533201AAA,2,2,1,39.5,47.1936,78.5,103.5,1.9894230769230767,1.9894230769230767,39.0,78.0,1.0,False,0.011115433779803258,28.41806220095694,Monitor; current evidence does not justify capital action
IND515801AAA,IND515761AAA,1,1,1,96.0,94.8697,200.0,219.0,2.0833333333333335,2.0833333333333335,104.0,104.0,1.0,False,0.005557716889901629,28.400119617224885,Monitor; current evidence does not justify capital action
IND425406AAA,IND425405AAA,3,3,1,21.0,21.5251,41.0,42.0,1.9523809523809523,1.95988455988456,20.0,60.0,1.0,False,0.016673150669704886,28.36622807017544,Monitor; current evidence does not justify capital action
IND281401AAA,IND321022AAA,6,6,1,38.0,34.641400000000004,50.5,65.5,1.3669590643274854,1.4344541910331383,13.5,96.0,0.8333333333333334,True,0.02778858444950814,28.30841307814992,Audit departure window and facility handoff
IND125033AAA,IND125001AAA,3,3,1,17.0,21.2745,34.0,44.0,2.0,1.9948400412796696,17.0,52.0,1.0,False,0.016673150669704886,28.269537480063793,Monitor; current evidence does not justify capital action
IND363001AAA,IND363421AAB,9,9,1,33.0,26.9905,38.0,56.0,1.1515151515151516,1.2123384381448896,5.0,63.0,0.2222222222222222,False,0.011115433779803258,28.19178628389154,Monitor; current evidence does not justify capital action
IND573116AAA,IND573142AAA,1,1,1,54.0,53.4551,126.0,145.0,2.3333333333333335,2.3333333333333335,72.0,72.0,1.0,False,0.005557716889901629,28.149920255183414,Monitor; current evidence does not justify capital action
IND000000AFT,IND400701AAA,1,1,1,19.0,25.0439,56.0,514.0,2.9473684210526314,2.9473684210526314,37.0,37.0,1.0,False,0.005557716889901629,28.14094896331738,Monitor; current evidence does not justify capital action
IND695541AAA,IND695012AAA,1,1,1,15.0,14.8704,47.0,74.0,3.1333333333333333,3.1333333333333333,32.0,32.0,1.0,False,0.005557716889901629,28.13297448165869,Monitor; current evidence does not justify capital action
IND360003AAA,IND360311AAA,2,2,1,25.5,37.8864,53.5,96.5,2.102307692307692,2.102307692307692,28.0,56.0,1.0,False,0.011115433779803258,28.03927432216906,Monitor; current evidence does not justify capital action
IND560300AAA,IND000000ACS,1,1,1,44.0,41.2743,107.0,179.0,2.4318181818181817,2.4318181818181817,63.0,63.0,1.0,False,0.005557716889901629,28.00637958532695,Monitor; current evidence does not justify capital action
IND786190AAA,IND786001AAB,1,1,1,42.0,59.6186,103.0,148.0,2.4523809523809526,2.4523809523809526,61.0,61.0,1.0,False,0.005557716889901629,27.99840510366826,Monitor; current evidence does not justify capital action
IND841405AAA,IND841301AAC,1,1,1,86.0,118.8617,182.0,740.0,2.116279069767442,2.116279069767442,96.0,96.0,1.0,False,0.005557716889901629,27.971491228070178,Monitor; current evidence does not justify capital action
IND334001AAB,IND334803AAA,2,2,1,48.0,64.6074,91.5,110.5,1.8986105080330005,1.8986105080330005,43.5,87.0,1.0,False,0.011115433779803258,27.919657097288674,Monitor; current evidence does not justify capital action
IND630561AAA,IND623701AAA,5,5,1,39.0,42.6597,54.0,76.0,1.411764705882353,1.535389378423434,15.0,102.0,1.0,True,0.02778858444950814,27.854864433811798,Audit departure window and facility handoff
IND000000AFT,IND410206AAA,1,1,1,15.0,19.3999,46.0,109.0,3.066666666666667,3.066666666666667,31.0,31.0,1.0,False,0.005557716889901629,27.783094098883577,Monitor; current evidence does not justify capital action
IND793150AAA,IND781018AAB,1,1,1,139.0,186.2315,268.0,336.0,1.9280575539568345,1.9280575539568345,129.0,129.0,1.0,False,0.005557716889901629,27.77212918660287,Monitor; current evidence does not justify capital action
IND627657AAA,IND628613AAA,12,12,1,35.0,28.524549999999998,37.0,58.5,1.0285714285714285,1.0565476190476188,1.0,24.0,0.0,False,0.0,27.77113237639553,Monitor; current evidence does not justify capital action
IND636352AAA,IND636705AAB,5,5,1,25.0,27.303,40.0,53.0,1.6,1.6037671957671957,15.0,79.0,1.0,True,0.02778858444950814,27.712320574162675,Audit departure window and facility handoff
IND425409AAA,IND424304AAC,1,1,1,69.0,92.9899,152.0,168.0,2.2028985507246377,2.2028985507246377,83.0,83.0,1.0,False,0.005557716889901629,27.686403508771928,Monitor; current evidence does not justify capital action
IND221401AAA,IND221303AAA,1,1,1,16.0,17.544900000000002,48.0,60.0,3.0,3.0,32.0,32.0,1.0,False,0.005557716889901629,27.66447368421052,Monitor; current evidence does not justify capital action
IND176215AAA,IND176061AAA,2,2,1,46.0,33.4148,88.0,150.0,1.9130434782608696,1.9130434782608696,42.0,84.0,1.0,False,0.011115433779803258,27.657496012759175,Monitor; current evidence does not justify capital action
IND321606AAA,IND321001AAA,2,2,1,48.5,54.1109,91.5,112.5,1.8896683673469388,1.8896683673469388,43.0,86.0,1.0,False,0.011115433779803258,27.62759170653907,Monitor; current evidence does not justify capital action
IND505209AAA,IND504201AAA,4,4,1,29.0,38.8128,41.5,51.5,1.4310344827586206,1.9533377541998231,12.5,112.0,1.0,False,0.022230867559606515,27.62260765550239,Monitor; current evidence does not justify capital action
IND626117AAA,IND626138AAA,9,9,1,25.0,20.7746,32.0,55.0,1.24,1.2359480848369737,6.0,54.0,0.6666666666666666,True,0.03334630133940977,27.603668261562998,Audit departure window and facility handoff
IND743235AAA,IND743270AAA,2,2,1,18.0,18.57835,39.5,76.0,2.1944444444444446,2.1944444444444446,21.5,43.0,1.0,False,0.011115433779803258,27.602671451355665,Monitor; current evidence does not justify capital action
IND341505AAA,IND341510AAB,1,1,1,107.0,128.96460000000002,215.0,243.0,2.0093457943925235,2.0093457943925235,108.0,108.0,1.0,False,0.005557716889901629,27.593700159489636,Monitor; current evidence does not justify capital action
IND110083AAA,IND110085AAB,1,1,1,17.0,14.7983,50.0,152.0,2.9411764705882355,2.9411764705882355,33.0,33.0,1.0,False,0.005557716889901629,27.55781499202552,Monitor; current evidence does not justify capital action
IND751015AAA,IND751002AAB,4,4,1,7.0,10.178149999999999,14.0,48.0,2.0,2.178571428571429,7.0,33.0,1.0,False,0.022230867559606515,27.557814992025513,Monitor; current evidence does not justify capital action
IND301705AAA,IND123001AAA,1,1,1,31.0,41.584,80.0,92.0,2.5806451612903225,2.5806451612903225,49.0,49.0,1.0,False,0.005557716889901629,27.54286283891547,Monitor; current evidence does not justify capital action
IND110064AAA,IND110046AAA,1,1,1,15.0,13.586200000000002,45.0,137.0,3.0,3.0,30.0,30.0,1.0,False,0.005557716889901629,27.44019138755981,Monitor; current evidence does not justify capital action
IND151001AAA,IND148101AAA,4,4,1,58.5,61.1652,81.0,111.0,1.396551724137931,1.4795771195867347,23.0,115.0,1.0,False,0.022230867559606515,27.432216905901115,Monitor; current evidence does not justify capital action
IND783129AAA,IND794101AAA,1,1,1,103.0,127.8196,208.0,239.0,2.0194174757281553,2.0194174757281553,105.0,105.0,1.0,False,0.005557716889901629,27.429226475279105,Monitor; current evidence does not justify capital action
IND641607AAA,IND641664AAA,3,3,1,20.0,22.0254,38.0,170.0,1.9,2.0,18.0,60.0,1.0,False,0.016673150669704886,27.409290271132374,Monitor; current evidence does not justify capital action
IND425405AAA,IND425409AAA,1,1,1,51.0,56.6076,118.0,143.0,2.3137254901960786,2.3137254901960786,67.0,67.0,1.0,False,0.005557716889901629,27.37639553429027,Monitor; current evidence does not justify capital action
IND303901AAA,IND304001AAA,2,2,1,42.0,57.36215,81.0,95.0,1.9285714285714284,1.9285714285714284,39.0,78.0,1.0,False,0.011115433779803258,27.331539074960133,Monitor; current evidence does not justify capital action
IND110085AAB,IND110087AAA,3,3,1,13.0,11.7553,26.0,41.0,2.0,2.1538461538461537,13.0,45.0,0.6666666666666666,False,0.011115433779803258,27.318580542264755,Monitor; current evidence does not justify capital action
IND232104AAB,IND232327AAA,1,1,1,76.0,77.0534,162.0,178.0,2.1315789473684212,2.1315789473684212,86.0,86.0,1.0,False,0.005557716889901629,27.311602870813402,Monitor; current evidence does not justify capital action
IND360410AAA,IND360490AAA,1,1,1,13.0,16.9369,40.0,45.0,3.076923076923077,3.076923076923077,27.0,27.0,1.0,False,0.005557716889901629,27.311602870813395,Monitor; current evidence does not justify capital action
IND784001AAA,IND784168AAB,1,1,1,93.0,131.0965,191.0,283.0,2.053763440860215,2.053763440860215,98.0,98.0,1.0,False,0.005557716889901629,27.305622009569376,Monitor; current evidence does not justify capital action
IND505327AAA,IND505425AAA,7,7,1,19.0,27.481900000000003,26.0,45.0,1.368421052631579,1.5025115309281607,7.0,69.0,0.8571428571428571,True,0.03334630133940977,27.296650717703347,Audit departure window and facility handoff
IND533242AAA,IND533201AAA,2,2,1,14.5,21.0233,32.5,52.0,2.2476190476190476,2.2476190476190476,18.0,36.0,1.0,False,0.011115433779803258,27.28668261562998,Monitor; current evidence does not justify capital action
IND422011AAD,IND423109AAA,2,2,1,75.5,97.58670000000001,130.5,176.0,1.7269298245614035,1.7269298245614035,55.0,110.0,1.0,False,0.011115433779803258,27.285685805422656,Monitor; current evidence does not justify capital action
IND401104AAA,IND401209AAA,1,1,1,21.0,25.3485,58.0,135.0,2.761904761904762,2.761904761904762,37.0,37.0,1.0,False,0.005557716889901629,27.27372408293461,Monitor; current evidence does not justify capital action
IND305001AAC,IND342602AAC,1,1,1,96.0,130.313,196.0,302.0,2.0416666666666665,2.0416666666666665,100.0,100.0,1.0,False,0.005557716889901629,27.254784688995215,Monitor; current evidence does not justify capital action
IND462022AAA,IND462001AAA,2,2,1,12.5,14.0348,28.5,125.5,2.2788461538461537,2.2788461538461537,16.0,32.0,1.0,False,0.011115433779803258,27.242822966507173,Monitor; current evidence does not justify capital action
IND605010AAB,IND604303AAA,4,4,1,50.5,34.0346,72.5,101.5,1.400462962962963,1.4965423135065992,21.5,111.0,0.5,False,0.011115433779803258,27.158094098883574,Monitor; current evidence does not justify capital action
IND577201AAA,IND577432AAA,1,1,1,45.0,62.0251,106.0,118.0,2.3555555555555556,2.3555555555555556,61.0,61.0,1.0,False,0.005557716889901629,27.106259968102076,Monitor; current evidence does not justify capital action
IND751021AAA,IND751002AAB,1,1,1,10.0,14.1166,32.0,574.0,3.2,3.2,22.0,22.0,1.0,False,0.005557716889901629,27.085326953748005,Monitor; current evidence does not justify capital action
IND508277AAB,IND508223AAA,7,7,1,25.0,25.922400000000003,34.0,40.0,1.3846153846153846,1.379163083293518,10.0,66.0,1.0,True,0.0389040182293114,27.064393939393945,Audit departure window and facility handoff
IND721306AAA,IND721133AAA,2,2,1,17.5,19.788800000000002,38.0,80.5,2.167763157894737,2.167763157894737,20.5,41.0,1.0,False,0.011115433779803258,27.02950558213716,Monitor; current evidence does not justify capital action
IND341512AAA,IND341505AAA,3,3,1,23.0,24.384,42.0,63.0,1.826086956521739,1.9444532279314888,19.0,67.0,1.0,False,0.016673150669704886,27.01854066985646,Monitor; current evidence does not justify capital action
IND500055AAA,IND500010AAA,1,1,1,15.0,12.4969,44.0,160.0,2.933333333333333,2.933333333333333,29.0,29.0,1.0,False,0.005557716889901629,26.988636363636363,Monitor; current evidence does not justify capital action
IND273014AAB,IND274301AAB,1,1,1,41.0,57.6702,98.0,203.0,2.3902439024390243,2.3902439024390243,57.0,57.0,1.0,False,0.005557716889901629,26.967703349282296,Monitor; current evidence does not justify capital action
IND151302AAA,IND151505AAA,13,13,1,38.0,44.3034,35.0,51.0,0.8947368421052632,0.870004079287309,0.0,9.0,0.07692307692307693,False,0.005557716889901629,26.92284688995215,Monitor; current evidence does not justify capital action
IND401209AAB,IND421302AAG,1,1,1,35.0,36.4639,86.0,194.0,2.4571428571428573,2.4571428571428573,51.0,51.0,1.0,False,0.005557716889901629,26.914872408293462,Monitor; current evidence does not justify capital action
IND602001AAA,IND600116AAB,1,1,1,29.0,37.0255,74.0,443.0,2.5517241379310347,2.5517241379310347,45.0,45.0,1.0,False,0.005557716889901629,26.80422647527911,Monitor; current evidence does not justify capital action
IND700053AAA,IND700136AAB,1,1,1,29.0,29.593,74.0,834.0,2.5517241379310347,2.5517241379310347,45.0,45.0,1.0,False,0.005557716889901629,26.80422647527911,Monitor; current evidence does not justify capital action
IND303106AAA,IND303002AAA,6,6,1,20.0,27.092100000000002,30.0,53.5,1.5108695652173914,1.5250354146235152,10.0,65.0,1.0,True,0.03334630133940977,26.680622009569376,Audit departure window and facility handoff
IND623701AAA,IND623503AAA,7,7,1,46.0,46.3482,53.0,72.0,1.1777777777777778,1.231467042567875,8.0,75.0,0.42857142857142855,False,0.016673150669704886,26.62081339712919,Monitor; current evidence does not justify capital action
IND480661AAA,IND480001AAA,2,2,1,52.0,73.50535,95.0,101.5,1.8269230769230769,1.8269230769230769,43.0,86.0,1.0,False,0.011115433779803258,26.590909090909086,Monitor; current evidence does not justify capital action
IND500008AAC,IND500084AAB,1,1,1,19.0,12.0553,52.0,126.0,2.736842105263158,2.736842105263158,33.0,33.0,1.0,False,0.005557716889901629,26.58592503987241,Monitor; current evidence does not justify capital action
IND424006AAA,IND425405AAA,2,2,1,43.5,59.377449999999996,82.0,115.5,1.8847780126849893,1.8847780126849893,38.5,77.0,1.0,False,0.011115433779803258,26.536084529505583,Monitor; current evidence does not justify capital action
IND110037AAM,IND131028AAB,1,1,1,57.0,44.0332,126.0,315.0,2.210526315789474,2.210526315789474,69.0,69.0,1.0,False,0.005557716889901629,26.406499202551835,Monitor; current evidence does not justify capital action
IND124112AAA,IND125033AAA,3,3,1,29.0,36.5079,54.0,81.0,1.8,1.773690932311622,24.0,67.0,1.0,False,0.016673150669704886,26.4055023923445,Monitor; current evidence does not justify capital action
IND712311AAA,IND713145AAB,1,1,1,74.0,90.912,156.0,232.0,2.108108108108108,2.108108108108108,82.0,82.0,1.0,False,0.005557716889901629,26.402511961722485,Monitor; current evidence does not justify capital action
IND577401AAA,IND577201AAA,7,7,1,88.0,84.8653,99.0,100.0,1.125,1.120803289439477,11.0,74.0,0.14285714285714285,False,0.005557716889901629,26.31379585326954,Monitor; current evidence does not justify capital action
IND174101AAB,IND134102AAA,1,1,1,21.0,30.2666,56.0,72.0,2.6666666666666665,2.6666666666666665,35.0,35.0,1.0,False,0.005557716889901629,26.30582137161085,Monitor; current evidence does not justify capital action
IND384170AAA,IND384265AAB,7,7,1,22.0,24.9281,29.0,33.0,1.28125,1.3441365182436613,7.0,67.0,0.5714285714285714,True,0.022230867559606515,26.282894736842106,Audit departure window and facility handoff
IND173212AAA,IND160002AAC,1,1,1,95.0,101.7296,191.0,233.0,2.0105263157894737,2.0105263157894737,96.0,96.0,1.0,False,0.005557716889901629,26.266945773524725,Monitor; current evidence does not justify capital action
IND222001AAA,IND222136AAA,1,1,1,12.0,17.665200000000002,35.0,61.0,2.9166666666666665,2.9166666666666665,23.0,23.0,1.0,False,0.005557716889901629,26.21610845295056,Monitor; current evidence does not justify capital action
IND276140AAA,IND276129AAA,1,1,1,37.0,40.740300000000005,88.0,145.0,2.3783783783783785,2.3783783783783785,51.0,51.0,1.0,False,0.005557716889901629,26.16726475279107,Monitor; current evidence does not justify capital action
IND382421AAA,IND382721AAA,9,9,1,17.0,16.423599999999997,20.0,42.0,1.2941176470588236,1.2799564270152506,5.0,40.0,0.5555555555555556,True,0.02778858444950814,26.133373205741627,Audit departure window and facility handoff
IND523002AAA,IND523226AAA,4,4,1,19.0,20.2362,33.5,162.5,1.6578947368421053,1.907230196703881,13.0,69.0,1.0,False,0.022230867559606515,26.102472089314194,Monitor; current evidence does not justify capital action
IND370110AAA,IND370615AAB,1,1,1,73.0,88.04469999999999,153.0,786.0,2.095890410958904,2.095890410958904,80.0,80.0,1.0,False,0.005557716889901629,26.046650717703347,Monitor; current evidence does not justify capital action
IND476111AAA,IND477001AAB,1,1,1,52.0,74.23610000000001,116.0,175.0,2.230769230769231,2.230769230769231,64.0,64.0,1.0,False,0.005557716889901629,26.039673046251995,Monitor; current evidence does not justify capital action
IND334001AAC,IND334803AAA,3,3,1,45.0,60.5845,73.0,89.0,1.6222222222222222,1.6707070707070706,28.0,90.0,1.0,False,0.016673150669704886,26.023724082934613,Monitor; current evidence does not justify capital action
IND625531AAA,IND625516AAA,6,6,1,46.0,41.638549999999995,59.0,93.0,1.2826086956521738,1.2957337793600512,13.0,81.0,1.0,True,0.03334630133940977,25.993819776714517,Audit departure window and facility handoff
IND424006AAA,IND424101AAA,2,2,1,41.0,57.56425,77.0,96.0,1.8780487804878048,1.8780487804878048,36.0,72.0,1.0,False,0.011115433779803258,25.968899521531103,Monitor; current evidence does not justify capital action
IND335701AAA,IND335051AAA,2,2,1,48.0,51.62835,88.0,105.0,1.8333333333333335,1.8333333333333335,40.0,80.0,1.0,False,0.011115433779803258,25.94397926634769,Monitor; current evidence does not justify capital action
IND676306AAA,IND676509AAA,5,5,1,20.0,20.5067,30.0,34.0,1.625,1.6138721804511278,10.0,59.0,1.0,True,0.02778858444950814,25.927033492822964,Audit departure window and facility handoff
IND274304AAB,IND274304AAA,1,1,1,11.0,15.9321,32.0,60.0,2.909090909090909,2.909090909090909,21.0,21.0,1.0,False,0.005557716889901629,25.86622807017544,Monitor; current evidence does not justify capital action
IND400072AAB,IND400011AAA,1,1,1,17.0,19.0458,46.0,101.0,2.7058823529411766,2.7058823529411766,29.0,29.0,1.0,False,0.005557716889901629,25.842304625199365,Monitor; current evidence does not justify capital action
IND722202AAA,IND713205AAB,1,1,1,17.0,20.1729,46.0,58.0,2.7058823529411766,2.7058823529411766,29.0,29.0,1.0,False,0.005557716889901629,25.842304625199365,Monitor; current evidence does not justify capital action
IND826004AAA,IND815301AAA,2,2,1,58.0,67.71915,102.5,180.0,1.7652757078986587,1.7652757078986587,44.5,89.0,1.0,False,0.011115433779803258,25.80940988835726,Monitor; current evidence does not justify capital action
IND573201AAB,IND573134AAB,3,3,1,32.0,43.0938,52.0,177.0,1.6774193548387097,1.86122311827957,21.0,82.0,1.0,False,0.016673150669704886,25.79047049441786,Monitor; current evidence does not justify capital action
IND638401AAA,IND638452AAA,10,10,1,26.0,27.6446,26.0,32.5,1.0014814814814814,1.0874680223990567,0.5,34.0,0.3,False,0.016673150669704886,25.733652312599673,Monitor; current evidence does not justify capital action
IND600056AAB,IND635802AAB,3,3,1,127.0,153.35670000000002,166.0,260.0,1.3174603174603174,1.3231508940170358,40.0,125.0,1.0,False,0.016673150669704886,25.699760765550238,Monitor; current evidence does not justify capital action
IND680307AAA,IND680712AAA,4,4,1,21.0,20.030299999999997,35.0,60.5,1.7095238095238097,1.6778138528138529,14.5,57.0,1.0,False,0.022230867559606515,25.562200956937797,Monitor; current evidence does not justify capital action
IND303008AAB,IND303338AAB,5,5,1,30.0,32.7092,44.0,78.0,1.5333333333333334,1.4733333333333334,16.0,66.0,0.8,True,0.022230867559606515,25.543261562998403,Audit departure window and facility handoff
IND181152AAB,IND184121AAA,3,3,1,32.0,36.485800000000005,55.0,291.0,1.71875,1.7291666666666667,23.0,70.0,1.0,False,0.016673150669704886,25.51236044657097,Monitor; current evidence does not justify capital action
IND754103AAA,IND754142AAA,1,1,1,54.0,57.1658,118.0,156.0,2.185185185185185,2.185185185185185,64.0,64.0,1.0,False,0.005557716889901629,25.486443381180223,Monitor; current evidence does not justify capital action
IND636005AAA,IND636016AAA,3,3,1,9.0,10.0184,18.0,82.0,2.0,2.1222222222222222,9.0,31.0,1.0,False,0.016673150669704886,25.46152312599681,Monitor; current evidence does not justify capital action
IND502295AAA,IND500050AAA,2,2,1,25.0,29.533900000000003,50.0,55.5,2.0,2.0,25.0,50.0,1.0,False,0.011115433779803258,25.458532695374803,Monitor; current evidence does not justify capital action
IND345001AAA,IND345021AAA,4,4,1,77.0,109.54884999999999,103.0,117.0,1.3376623376623376,1.3277380514222619,26.0,101.0,1.0,False,0.022230867559606515,25.42663476874003,Monitor; current evidence does not justify capital action
IND110085AAB,IND110039AAA,4,4,1,16.0,13.5774,28.5,51.5,1.7380952380952381,1.759672619047619,12.5,51.0,0.5,False,0.011115433779803258,25.40968899521531,Monitor; current evidence does not justify capital action
IND303702AAB,IND332404AAA,5,5,1,25.0,33.752199999999995,37.0,61.0,1.5416666666666667,1.5193333333333334,13.0,64.0,1.0,True,0.02778858444950814,25.393740031897927,Audit departure window and facility handoff
IND244921AAB,IND262001AAA,1,1,1,83.0,99.3145,168.0,177.0,2.0240963855421685,2.0240963855421685,85.0,85.0,1.0,False,0.005557716889901629,25.380781499202556,Monitor; current evidence does not justify capital action
IND276128AAA,IND276305AAA,3,3,1,34.0,34.1929,56.0,86.0,1.6875,1.758578431372549,22.0,76.0,1.0,False,0.016673150669704886,25.379784688995215,Monitor; current evidence does not justify capital action
IND148028AAA,IND147001AAD,2,2,1,51.5,63.2515,92.5,110.5,1.7980769230769231,1.7980769230769231,41.0,82.0,1.0,False,0.011115433779803258,25.32795055821372,Monitor; current evidence does not justify capital action
IND501101AAB,IND509216AAC,4,4,1,53.0,56.3488,77.5,90.0,1.4622641509433962,1.4056603773584906,24.5,86.0,0.75,False,0.016673150669704886,25.233253588516746,Monitor; current evidence does not justify capital action
IND788151AAA,IND788806AAA,1,1,1,18.0,25.9829,47.0,72.0,2.611111111111111,2.611111111111111,29.0,29.0,1.0,False,0.005557716889901629,25.21431419457735,Monitor; current evidence does not justify capital action
IND844101AAB,IND841207AAB,1,1,1,18.0,23.8946,47.0,79.0,2.611111111111111,2.611111111111111,29.0,29.0,1.0,False,0.005557716889901629,25.21431419457735,Monitor; current evidence does not justify capital action
IND232104AAB,IND221010AAB,1,1,1,30.0,36.537,72.0,219.0,2.4,2.4,42.0,42.0,1.0,False,0.005557716889901629,25.190390749601278,Monitor; current evidence does not justify capital action
IND505503AAA,IND506164AAA,1,1,1,39.0,55.3318,89.0,108.0,2.282051282051282,2.282051282051282,50.0,50.0,1.0,False,0.005557716889901629,25.132575757575758,Monitor; current evidence does not justify capital action
IND500035AAA,IND500039AAC,1,1,1,12.0,15.0909,33.0,52.0,2.75,2.75,21.0,21.0,1.0,False,0.005557716889901629,25.11862041467305,Monitor; current evidence does not justify capital action
IND385320AAA,IND385340AAB,12,12,1,34.0,27.7113,28.0,39.0,0.7995391705069124,0.8328484840953007,0.0,6.0,0.0,False,0.0,25.117623604465706,Monitor; current evidence does not justify capital action
IND852201AAA,IND852131AAA,1,1,1,32.0,34.7827,76.0,99.0,2.375,2.375,44.0,44.0,1.0,False,0.005557716889901629,25.095693779904305,Monitor; current evidence does not justify capital action
IND160002AAC,IND134203AAA,1,1,1,47.0,52.543800000000005,104.0,168.0,2.2127659574468086,2.2127659574468086,57.0,57.0,1.0,False,0.005557716889901629,25.023923444976077,Monitor; current evidence does not justify capital action
IND125033AAA,IND125005AAA,2,2,1,17.5,21.5574,36.0,50.0,2.0620915032679736,2.0620915032679736,18.5,37.0,1.0,False,0.011115433779803258,25.002990430622006,Monitor; current evidence does not justify capital action
IND362001AAA,IND362265AAA,1,1,1,56.0,79.806,120.0,160.0,2.142857142857143,2.142857142857143,64.0,64.0,1.0,False,0.005557716889901629,24.98305422647528,Monitor; current evidence does not justify capital action
IND785621AAA,IND785001AAA,3,3,1,44.0,49.2488,70.0,113.0,1.5909090909090908,1.6464098347819276,26.0,85.0,1.0,False,0.016673150669704886,24.9780701754386,Monitor; current evidence does not justify capital action
IND508206AAA,IND507002AAA,2,2,1,28.0,36.44285000000001,54.5,779.5,1.9464285714285714,1.9464285714285714,26.5,53.0,1.0,False,0.011115433779803258,24.910287081339714,Monitor; current evidence does not justify capital action
IND686513AAA,IND686507AAA,1,1,1,10.0,14.0458,28.0,30.0,2.8,2.8,18.0,18.0,1.0,False,0.005557716889901629,24.903309409888355,Monitor; current evidence does not justify capital action
IND425406AAA,IND425409AAA,1,1,1,35.0,49.3457,81.0,90.0,2.3142857142857145,2.3142857142857145,46.0,46.0,1.0,False,0.005557716889901629,24.856459330143537,Monitor; current evidence does not justify capital action
IND226004AAA,IND226024AAA,1,1,1,13.0,19.077,35.0,132.0,2.6923076923076925,2.6923076923076925,22.0,22.0,1.0,False,0.005557716889901629,24.837519936204146,Monitor; current evidence does not justify capital action
IND712406AAA,IND712602AAA,1,1,1,34.0,32.7598,79.0,81.0,2.323529411764706,2.323529411764706,45.0,45.0,1.0,False,0.005557716889901629,24.7707336523126,Monitor; current evidence does not justify capital action
IND624601AAA,IND624101AAA,12,12,1,133.0,60.057199999999995,104.5,123.0,0.7798507462686568,0.7809398202923995,0.0,0.0,0.0,False,0.0,24.76674641148325,Monitor; current evidence does not justify capital action
IND411017AAA,IND412105AAC,1,1,1,17.0,18.4886,44.0,48.0,2.588235294117647,2.588235294117647,27.0,27.0,1.0,False,0.005557716889901629,24.754784688995212,Monitor; current evidence does not justify capital action
IND508116AAA,IND508277AAB,9,9,1,45.0,43.865,48.0,56.0,1.0681818181818181,1.0893378226711559,3.0,37.0,0.0,False,0.0,24.74780701754386,Monitor; current evidence does not justify capital action
IND742147AAA,IND742137AAA,3,3,1,18.0,15.5169,33.0,46.0,1.8333333333333333,1.811858076563959,15.0,47.0,1.0,False,0.016673150669704886,24.720893141945773,Monitor; current evidence does not justify capital action
IND312403AAA,IND312001AAA,3,3,1,76.0,85.631,108.0,137.0,1.4025974025974026,1.4587605377079063,31.0,105.0,1.0,False,0.016673150669704886,24.71391547049442,Monitor; current evidence does not justify capital action
IND403726AAA,IND581400AAB,1,1,1,109.0,115.8,208.0,412.0,1.908256880733945,1.908256880733945,99.0,99.0,1.0,False,0.005557716889901629,24.679027113237638,Monitor; current evidence does not justify capital action
IND600110AAA,IND600056AAD,1,1,1,38.0,48.5266,86.0,128.0,2.263157894736842,2.263157894736842,48.0,48.0,1.0,False,0.005557716889901629,24.65311004784689,Monitor; current evidence does not justify capital action
IND505001AAA,IND505302AAB,5,5,1,34.0,34.8956,47.0,74.0,1.3823529411764706,1.4389705882352941,13.0,74.0,1.0,True,0.02778858444950814,24.653110047846887,Audit departure window and facility handoff
IND695609AAA,IND695012AAA,2,2,1,36.0,32.6822,68.5,84.0,1.8452380952380953,1.8452380952380953,32.5,65.0,1.0,False,0.011115433779803258,24.631180223285487,Monitor; current evidence does not justify capital action
IND636705AAB,IND635001AAA,4,4,1,50.0,53.146950000000004,71.0,84.5,1.433061224489796,1.421530612244898,21.5,84.0,0.75,False,0.016673150669704886,24.61024720893142,Monitor; current evidence does not justify capital action
IND244412AAA,IND244901AAB,2,2,1,79.5,80.42314999999999,129.5,682.5,1.6266613924050635,1.6266613924050635,50.0,100.0,1.0,False,0.011115433779803258,24.54047049441786,Monitor; current evidence does not justify capital action
IND686632AAA,IND686141AAA,1,1,1,20.0,21.8507,50.0,57.0,2.5,2.5,30.0,30.0,1.0,False,0.005557716889901629,24.479665071770334,Monitor; current evidence does not justify capital action
IND723131AAA,IND722140AAA,6,6,1,31.0,33.635149999999996,42.0,61.0,1.333165322580645,1.339435687520365,10.5,64.0,1.0,True,0.03334630133940977,24.4677033492823,Audit departure window and facility handoff
IND521105AAA,IND534001AAA,3,3,1,17.0,18.558,32.0,62.0,1.8235294117647058,1.886710239651416,14.0,46.0,1.0,False,0.016673150669704886,24.42882775119617,Monitor; current evidence does not justify capital action
IND562101AAA,IND561207AAB,8,8,1,39.0,40.8754,44.0,68.5,1.1430499325236168,1.1391278677462888,5.5,44.0,0.375,False,0.016673150669704886,24.35506379585327,Monitor; current evidence does not justify capital action
IND518222AAA,IND518002AAA,4,4,1,41.5,54.467150000000004,59.0,158.0,1.4815509693558475,1.472918341820781,19.0,77.0,0.75,False,0.016673150669704886,24.341108452950557,Monitor; current evidence does not justify capital action
IND711303AAA,IND721134AAB,11,11,1,37.0,44.986,30.0,64.0,0.8108108108108109,0.8558620604075149,0.0,14.0,0.09090909090909091,False,0.005557716889901629,24.336124401913878,Monitor; current evidence does not justify capital action
IND303106AAA,IND302014AAA,1,1,1,60.0,79.6318,125.0,165.0,2.0833333333333335,2.0833333333333335,65.0,65.0,1.0,False,0.005557716889901629,24.300239234449762,Monitor; current evidence does not justify capital action
IND854334AAA,IND852118AAA,7,7,1,21.0,23.877,28.0,46.0,1.3333333333333333,1.3197278911564625,7.0,48.0,1.0,True,0.0389040182293114,24.287280701754383,Audit departure window and facility handoff
IND781018AAB,IND781022AAA,7,7,1,40.0,41.119,42.0,129.0,1.05,1.140682521170326,2.0,58.0,0.2857142857142857,False,0.011115433779803258,24.255382775119617,Monitor; current evidence does not justify capital action
IND575004AAB,IND671323AAD,3,3,1,26.0,24.3258,47.0,399.0,1.7407407407407407,1.7084520417853752,20.0,56.0,1.0,False,0.016673150669704886,24.195574162679424,Monitor; current evidence does not justify capital action
IND501359AAE,IND505001AAB,2,2,1,168.5,234.58305000000001,233.0,571.5,1.3827486615948155,1.3827486615948155,64.5,129.0,1.0,False,0.011115433779803258,24.175637958532693,Monitor; current evidence does not justify capital action
IND679322AAA,IND673639AAA,1,1,1,39.0,39.0028,87.0,89.0,2.230769230769231,2.230769230769231,48.0,48.0,1.0,False,0.005557716889901629,24.11981658692185,Monitor; current evidence does not justify capital action
IND244901AAB,IND244301AAA,7,7,1,109.0,100.8186,90.0,176.0,0.8256880733944955,0.9077059067884756,0.0,59.0,0.14285714285714285,False,0.005557716889901629,24.11383572567783,Monitor; current evidence does not justify capital action
IND770001AAA,IND770017AAB,3,3,1,62.0,65.3797,92.0,113.0,1.4838709677419355,1.4858631389567403,30.0,90.0,1.0,False,0.016673150669704886,24.06000797448166,Monitor; current evidence does not justify capital action
IND147101AAA,IND147105AAA,6,6,1,23.0,25.80995,32.0,51.5,1.4078674948240164,1.3856262939958592,9.0,53.0,1.0,True,0.03334630133940977,24.049043062200955,Audit departure window and facility handoff
IND384355AAB,IND384205AAA,1,1,1,31.0,33.387800000000006,71.0,246.0,2.2903225806451615,2.2903225806451615,40.0,40.0,1.0,False,0.005557716889901629,23.89952153110048,Monitor; current evidence does not justify capital action
IND560300AAA,IND563130AAA,2,2,1,47.5,56.30395,83.5,182.5,1.7593085106382977,1.7593085106382977,36.0,72.0,1.0,False,0.011115433779803258,23.815789473684212,Monitor; current evidence does not justify capital action
IND403726AAB,IND403507AAA,5,5,1,29.0,25.0992,40.0,134.0,1.3333333333333333,1.481572117167223,10.0,71.0,0.8,True,0.022230867559606515,23.811802232854866,Audit departure window and facility handoff
IND627005AAA,IND629001AAA,1,1,1,70.0,84.5501,141.0,185.0,2.0142857142857142,2.0142857142857142,71.0,71.0,1.0,False,0.005557716889901629,23.80482456140351,Monitor; current evidence does not justify capital action
IND263401AAA,IND244713AAA,1,1,1,22.0,24.3682,53.0,89.0,2.409090909090909,2.409090909090909,31.0,31.0,1.0,False,0.005557716889901629,23.795853269537478,Monitor; current evidence does not justify capital action
IND177101AAA,IND176001AAA,2,2,1,59.5,43.86415,101.0,135.5,1.6966101694915254,1.6966101694915254,41.5,83.0,1.0,False,0.011115433779803258,23.7609649122807,Monitor; current evidence does not justify capital action
IND322201AAA,IND302014AAB,1,1,1,89.0,123.2768,173.0,188.0,1.9438202247191012,1.9438202247191012,84.0,84.0,1.0,False,0.005557716889901629,23.703149920255186,Monitor; current evidence does not justify capital action
IND244715AAA,IND244713AAA,11,11,1,39.0,26.8346,36.0,72.0,0.9230769230769231,0.9443473193473193,0.0,7.0,0.0,False,0.0,23.69916267942584,Monitor; current evidence does not justify capital action
IND342602AAC,IND306304AAB,1,1,1,43.0,59.707800000000006,93.0,108.0,2.1627906976744184,2.1627906976744184,50.0,50.0,1.0,False,0.005557716889901629,23.627392344497608,Monitor; current evidence does not justify capital action
IND842003AAB,IND487001AAA,1,1,1,79.0,94.0187,156.0,195.0,1.9746835443037976,1.9746835443037976,77.0,77.0,1.0,False,0.005557716889901629,23.538676236044655,Monitor; current evidence does not justify capital action
IND321001AAA,IND321401AAB,6,6,1,38.5,42.0616,49.5,58.0,1.259485924112607,1.2526884242306517,10.5,59.0,0.8333333333333334,True,0.02778858444950814,23.495813397129186,Audit departure window and facility handoff
IND144601AAA,IND144001AAA,2,2,1,16.5,21.46695,33.0,54.0,2.0018382352941178,2.0018382352941178,16.5,33.0,1.0,False,0.011115433779803258,23.428030303030305,Monitor; current evidence does not justify capital action
IND485771AAA,IND486001AAA,1,1,1,45.0,64.4999,96.0,137.0,2.1333333333333333,2.1333333333333333,51.0,51.0,1.0,False,0.005557716889901629,23.416068580542266,Monitor; current evidence does not justify capital action
IND425406AAA,IND425412AAA,1,1,1,40.0,56.6041,87.0,88.0,2.175,2.175,47.0,47.0,1.0,False,0.005557716889901629,23.409090909090907,Monitor; current evidence does not justify capital action
IND600016AAC,IND600056AAB,1,1,1,33.0,36.8879,74.0,117.0,2.242424242424242,2.242424242424242,41.0,41.0,1.0,False,0.005557716889901629,23.399122807017545,Monitor; current evidence does not justify capital action
IND786001AAB,IND786125AAA,1,1,1,29.0,41.6915,66.0,140.0,2.2758620689655173,2.2758620689655173,37.0,37.0,1.0,False,0.005557716889901629,23.38616427432217,Monitor; current evidence does not justify capital action
IND209721AAB,IND209625AAA,4,4,1,32.5,29.13815,47.5,68.0,1.484375,1.503226461038961,15.5,67.0,1.0,False,0.022230867559606515,23.349282296650717,Monitor; current evidence does not justify capital action
IND760003AAB,IND761020AAA,1,1,1,14.0,20.2236,35.0,408.0,2.5,2.5,21.0,21.0,1.0,False,0.005557716889901629,23.304425837320576,Monitor; current evidence does not justify capital action
IND535501AAB,IND532001AAB,1,1,1,81.0,88.7522,158.0,178.0,1.9506172839506173,1.9506172839506173,77.0,77.0,1.0,False,0.005557716889901629,23.154904306220097,Monitor; current evidence does not justify capital action
IND758034AAA,IND757037AAA,1,1,1,90.0,119.3905,173.0,195.0,1.9222222222222223,1.9222222222222223,83.0,83.0,1.0,False,0.005557716889901629,23.111044657097292,Monitor; current evidence does not justify capital action
IND575004AAB,IND576101AAA,1,1,1,50.0,56.354,104.0,497.0,2.08,2.08,54.0,54.0,1.0,False,0.005557716889901629,22.942583732057415,Monitor; current evidence does not justify capital action
IND635001AAA,IND636705AAB,4,4,1,52.0,55.552800000000005,72.5,92.0,1.3675213675213675,1.3472222222222223,19.5,73.0,1.0,False,0.022230867559606515,22.887759170653908,Monitor; current evidence does not justify capital action
IND312001AAA,IND312601AAA,4,4,1,73.5,62.142300000000006,83.0,92.0,1.3509316770186335,1.3603397880891488,21.0,74.0,0.5,False,0.011115433779803258,22.807017543859647,Monitor; current evidence does not justify capital action
IND360370AAA,IND360410AAA,1,1,1,13.0,16.2596,32.0,37.0,2.4615384615384617,2.4615384615384617,19.0,19.0,1.0,False,0.005557716889901629,22.733253588516746,Monitor; current evidence does not justify capital action
IND764059AAA,IND764071AAB,3,3,1,9.0,12.7983,17.0,34.0,1.8888888888888888,1.9305555555555554,8.0,24.0,1.0,False,0.016673150669704886,22.63955342902711,Monitor; current evidence does not justify capital action
IND370201AAA,IND363310AAB,1,1,1,171.0,167.2466,289.0,402.0,1.6900584795321638,1.6900584795321638,118.0,118.0,1.0,False,0.005557716889901629,22.63456937799043,Monitor; current evidence does not justify capital action
IND147001AAB,IND147201AAA,6,6,1,28.0,27.10445,36.0,78.0,1.3205619412515963,1.29276135741653,9.0,49.0,0.8333333333333334,True,0.02778858444950814,22.606658692185007,Audit departure window and facility handoff
IND767001AAA,IND767017AAA,1,1,1,35.0,49.1202,76.0,119.0,2.1714285714285713,2.1714285714285713,41.0,41.0,1.0,False,0.005557716889901629,22.546850079744818,Monitor; current evidence does not justify capital action
IND425412AAA,IND424304AAC,1,1,1,40.0,57.6705,85.0,90.0,2.125,2.125,45.0,45.0,1.0,False,0.005557716889901629,22.458133971291865,Monitor; current evidence does not justify capital action
IND332713AAA,IND332715AAB,1,1,1,49.0,50.2197,101.0,107.0,2.061224489795918,2.061224489795918,52.0,52.0,1.0,False,0.005557716889901629,22.4372009569378,Monitor; current evidence does not justify capital action
IND733129AAB,IND733129AAA,2,2,1,24.0,25.2844,45.0,54.5,1.8846153846153846,1.8846153846153846,21.0,42.0,1.0,False,0.011115433779803258,22.426236044657095,Monitor; current evidence does not justify capital action
IND147201AAA,IND148023AAA,7,7,1,33.0,30.3811,36.0,68.0,1.0909090909090908,1.1457281144781144,3.0,42.0,0.14285714285714285,False,0.005557716889901629,22.397328548644342,Monitor; current evidence does not justify capital action
IND733128AAA,IND733134AAA,2,2,1,21.5,27.00485,41.0,71.5,1.9025974025974026,1.9025974025974026,19.5,39.0,1.0,False,0.011115433779803258,22.319577352472088,Monitor; current evidence does not justify capital action
IND247554AAA,IND248001AAD,2,2,1,128.0,91.3592,180.5,227.0,1.408258560703168,1.408258560703168,52.5,105.0,0.5,False,0.005557716889901629,22.297647527910687,Monitor; current evidence does not justify capital action
IND181152AAA,IND184121AAA,4,4,1,32.5,36.8043,46.0,70.0,1.4586693548387095,1.4641831622678396,14.5,60.0,1.0,False,0.022230867559606515,22.294657097288678,Monitor; current evidence does not justify capital action
IND110037AAM,IND110092AAC,1,1,1,31.0,27.751,68.0,211.0,2.193548387096774,2.193548387096774,37.0,37.0,1.0,False,0.005557716889901629,22.239832535885167,Monitor; current evidence does not justify capital action
IND465001AAA,IND465333AAA,3,3,1,69.0,66.4411,94.0,127.0,1.3428571428571427,1.4154366094263793,24.0,86.0,1.0,False,0.016673150669704886,22.15909090909091,Monitor; current evidence does not justify capital action
IND413307AAB,IND413304AAA,1,1,1,23.0,32.3055,52.0,71.0,2.260869565217391,2.260869565217391,29.0,29.0,1.0,False,0.005557716889901629,22.094298245614034,Monitor; current evidence does not justify capital action
IND415301AAB,IND413307AAB,2,2,1,37.0,37.800200000000004,65.0,86.5,1.7663003663003662,1.7663003663003662,28.0,56.0,1.0,False,0.011115433779803258,22.078349282296653,Monitor; current evidence does not justify capital action
IND000000AFJ,IND695572AAB,1,1,1,27.0,22.1852,60.0,103.0,2.2222222222222223,2.2222222222222223,33.0,33.0,1.0,False,0.005557716889901629,22.05043859649123,Monitor; current evidence does not justify capital action
IND431203AAA,IND431136AAC,1,1,1,54.0,74.53089999999999,109.0,213.0,2.0185185185185186,2.0185185185185186,55.0,55.0,1.0,False,0.005557716889901629,21.962719298245613,Monitor; current evidence does not justify capital action
IND571440AAA,IND571430AAA,7,7,1,50.0,35.9105,53.0,63.0,1.06,1.1051540616246498,3.0,39.0,0.14285714285714285,False,0.005557716889901629,21.906897926634773,Monitor; current evidence does not justify capital action
IND000000ACA,IND140406AAA,2,2,1,37.0,51.5829,65.0,274.0,1.7567567567567568,1.7567567567567568,28.0,56.0,1.0,False,0.011115433779803258,21.898923444976077,Monitor; current evidence does not justify capital action
IND571401AAA,IND562160AAB,10,10,1,47.0,38.14795,47.0,71.5,0.9891304347826086,0.9788508372821839,0.0,2.0,0.0,False,0.0,21.88297448165869,Monitor; current evidence does not justify capital action
IND517325AAA,IND517408AAA,1,1,1,32.0,46.6587,69.0,113.0,2.15625,2.15625,37.0,37.0,1.0,False,0.005557716889901629,21.86104465709729,Monitor; current evidence does not justify capital action
IND843109AAB,IND843126AAA,6,6,1,42.5,44.9756,46.5,80.5,1.0692640692640691,1.1829563631889213,3.0,51.0,0.3333333333333333,False,0.011115433779803258,21.839114832535884,Monitor; current evidence does not justify capital action
IND624619AAA,IND624601AAA,6,6,1,26.5,27.545099999999998,35.0,39.0,1.2705570291777188,1.2806883218952185,7.5,45.0,0.6666666666666666,True,0.022230867559606515,21.833133971291865,Audit departure window and facility handoff
IND585307AAB,IND585222AAA,4,4,1,37.0,39.698949999999996,51.5,68.5,1.4106606606606606,1.408033033033033,15.0,60.0,1.0,False,0.022230867559606515,21.82615629984051,Monitor; current evidence does not justify capital action
IND600008AAC,IND600004AAA,1,1,1,14.0,13.2347,33.0,173.0,2.357142857142857,2.357142857142857,19.0,19.0,1.0,False,0.005557716889901629,21.76634768740032,Monitor; current evidence does not justify capital action
IND263601AAA,IND263645AAA,1,1,1,52.0,51.088,105.0,188.0,2.019230769230769,2.019230769230769,53.0,53.0,1.0,False,0.005557716889901629,21.753389154704944,Monitor; current evidence does not justify capital action
IND581303AAA,IND581325AAA,2,2,1,94.0,101.2739,140.0,166.5,1.4893617021276595,1.4893617021276595,46.0,92.0,1.0,False,0.011115433779803258,21.73744019138756,Monitor; current evidence does not justify capital action
IND487001AAB,IND487551AAA,2,2,1,44.5,50.0632,75.5,86.0,1.7051671732522795,1.7051671732522795,31.0,62.0,1.0,False,0.011115433779803258,21.65769537480064,Monitor; current evidence does not justify capital action
IND815301AAA,IND814112AAA,1,1,1,59.0,65.2192,117.0,146.0,1.9830508474576272,1.9830508474576272,58.0,58.0,1.0,False,0.005557716889901629,21.59090909090909,Monitor; current evidence does not justify capital action
IND581402AAA,IND577201AAA,1,1,1,128.0,138.5931,224.0,244.0,1.75,1.75,96.0,96.0,1.0,False,0.005557716889901629,21.527113237639554,Monitor; current evidence does not justify capital action
IND000000ACB,IND127021AAA,1,1,1,101.0,125.4238,184.0,318.0,1.8217821782178218,1.8217821782178218,83.0,83.0,1.0,False,0.005557716889901629,21.506180223285487,Monitor; current evidence does not justify capital action
IND140401AAA,IND142401AAA,3,3,1,33.0,44.9258,51.0,77.0,1.5757575757575757,1.5672857608341477,18.0,55.0,1.0,False,0.016673150669704886,21.45035885167464,Monitor; current evidence does not justify capital action
IND246761AAA,IND244501AAA,10,10,1,99.0,59.060249999999996,46.0,72.0,0.462113558294605,0.48378911994627244,0.0,0.0,0.0,False,0.0,21.43341307814992,Monitor; current evidence does not justify capital action
IND560300AAB,IND563116AAA,1,1,1,91.0,102.9923,168.0,278.0,1.8461538461538463,1.8461538461538463,77.0,77.0,1.0,False,0.005557716889901629,21.395534290271133,Monitor; current evidence does not justify capital action
IND576101AAA,IND576201AAA,3,3,1,30.0,39.6332,47.0,70.0,1.5666666666666667,1.6060931899641577,17.0,55.0,1.0,False,0.016673150669704886,21.39055023923445,Monitor; current evidence does not justify capital action
IND521225AAB,IND521185AAA,1,1,1,44.0,59.401,90.0,420.0,2.0454545454545454,2.0454545454545454,46.0,46.0,1.0,False,0.005557716889901629,21.37759170653907,Monitor; current evidence does not justify capital action
IND826004AAA,IND815353AAA,1,1,1,86.0,105.3824,160.0,235.0,1.8604651162790697,1.8604651162790697,74.0,74.0,1.0,False,0.005557716889901629,21.36164274322169,Monitor; current evidence does not justify capital action
IND562132AAA,IND577501AAA,1,1,1,151.0,191.4271,255.0,628.0,1.6887417218543046,1.6887417218543046,104.0,104.0,1.0,False,0.005557716889901629,21.33273524720893,Monitor; current evidence does not justify capital action
IND274509AAB,IND274001AAA,1,1,1,24.0,29.4564,53.0,78.0,2.2083333333333335,2.2083333333333335,29.0,29.0,1.0,False,0.005557716889901629,21.311802232854866,Monitor; current evidence does not justify capital action
IND390020AAA,IND391110AAD,2,2,1,34.0,35.45685,59.5,82.0,1.7554112554112553,1.7554112554112553,25.5,51.0,1.0,False,0.011115433779803258,21.30482456140351,Monitor; current evidence does not justify capital action
IND500039AAB,IND501301AAC,1,1,1,10.0,13.8129,24.0,33.0,2.4,2.4,14.0,14.0,1.0,False,0.005557716889901629,21.296850079744818,Monitor; current evidence does not justify capital action
IND344001AAA,IND345021AAA,1,1,1,160.0,177.2213,266.0,270.0,1.6625,1.6625,106.0,106.0,1.0,False,0.005557716889901629,21.161283891547047,Monitor; current evidence does not justify capital action
IND345001AAA,IND342301AAA,1,1,1,120.0,168.0361,210.0,213.0,1.75,1.75,90.0,90.0,1.0,False,0.005557716889901629,21.07854864433812,Monitor; current evidence does not justify capital action
IND363621AAB,IND360002AAB,2,2,1,34.0,39.1379,59.0,73.5,1.7352941176470589,1.7352941176470589,25.0,50.0,1.0,False,0.011115433779803258,20.813397129186605,Monitor; current evidence does not justify capital action
IND403726AAB,IND403601AAA,5,5,1,15.0,16.1117,22.0,196.0,1.4285714285714286,1.490873015873016,6.0,38.0,1.0,True,0.02778858444950814,20.7914673046252,Audit departure window and facility handoff
IND505302AAB,IND505325AAA,5,5,1,62.0,60.1525,70.0,73.0,1.1290322580645162,1.178794274509034,8.0,54.0,0.2,False,0.005557716889901629,20.761562998405104,Monitor; current evidence does not justify capital action
IND321001AAB,IND321401AAB,1,1,1,65.0,70.37110000000001,125.0,134.0,1.9230769230769231,1.9230769230769231,60.0,60.0,1.0,False,0.005557716889901629,20.71471291866029,Monitor; current evidence does not justify capital action
IND841301AAC,IND841226AAB,1,1,1,48.0,65.8993,96.0,193.0,2.0,2.0,48.0,48.0,1.0,False,0.005557716889901629,20.67085326953748,Monitor; current evidence does not justify capital action
IND854335AAA,IND852118A1B,1,1,1,18.0,26.7262,40.0,40.0,2.2222222222222223,2.2222222222222223,22.0,22.0,1.0,False,0.005557716889901629,20.65091706539075,Monitor; current evidence does not justify capital action
IND585222AAA,IND585211AAA,4,4,1,26.0,26.2468,36.0,62.5,1.4123076923076923,1.476096866096866,10.5,50.0,0.75,False,0.016673150669704886,20.626993620414673,Monitor; current evidence does not justify capital action
IND274509AAB,IND274304AAA,1,1,1,47.0,56.5716,94.0,104.0,2.0,2.0,47.0,47.0,1.0,False,0.005557716889901629,20.563197767145137,Monitor; current evidence does not justify capital action
IND312601AAA,IND458664AAA,4,4,1,40.5,36.815349999999995,51.0,70.0,1.2591463414634148,1.3728658536585365,10.5,60.0,0.75,False,0.016673150669704886,20.540271132376397,Monitor; current evidence does not justify capital action
IND504201AAA,IND505184AAC,4,4,1,75.0,59.717,83.5,102.5,1.1056140350877193,1.2162792397660818,8.0,65.0,0.25,False,0.005557716889901629,20.502392344497604,Monitor; current evidence does not justify capital action
IND332001AAB,IND333028AAA,2,2,1,92.0,92.28645,134.0,161.0,1.4531046717918392,1.4531046717918392,42.0,84.0,1.0,False,0.011115433779803258,20.485446570972886,Monitor; current evidence does not justify capital action
IND852111AAA,IND852118AAA,1,1,1,35.0,49.0642,72.0,376.0,2.057142857142857,2.057142857142857,37.0,37.0,1.0,False,0.005557716889901629,20.3957336523126,Monitor; current evidence does not justify capital action
IND562132AAA,IND577002AAA,1,1,1,190.0,248.9406,300.0,741.0,1.5789473684210527,1.5789473684210527,110.0,110.0,1.0,False,0.005557716889901629,20.37579744816587,Monitor; current evidence does not justify capital action
IND600048AAA,IND600044AAD,1,1,1,11.0,11.5396,25.0,28.0,2.272727272727273,2.272727272727273,14.0,14.0,1.0,False,0.005557716889901629,20.115629984051036,Monitor; current evidence does not justify capital action
IND722202AAA,IND722101AAC,3,3,1,29.0,32.3165,44.0,50.0,1.5517241379310345,1.5432098765432098,16.0,46.0,1.0,False,0.016673150669704886,20.052830940988837,Monitor; current evidence does not justify capital action
IND752050AAA,IND752056AAA,1,1,1,6.0,9.6907,14.0,22.0,2.3333333333333335,2.3333333333333335,8.0,8.0,1.0,False,0.005557716889901629,20.03090111642743,Monitor; current evidence does not justify capital action
IND262001AAA,IND244901AAB,1,1,1,81.0,111.7625,148.0,622.0,1.8271604938271604,1.8271604938271604,67.0,67.0,1.0,False,0.005557716889901629,20.009968102073366,Monitor; current evidence does not justify capital action
IND122001AAJ,IND507123AAA,9,9,1,58.0,39.492,45.0,57.0,0.7758620689655172,0.7967531498399874,0.0,0.0,0.0,False,0.0,19.98405103668261,Monitor; current evidence does not justify capital action
IND487001AAA,IND487551AAA,3,3,1,46.0,51.4846,64.0,76.0,1.391304347826087,1.446654332408264,18.0,62.0,1.0,False,0.016673150669704886,19.982057416267942,Monitor; current evidence does not justify capital action
IND184104AAA,IND181152AAA,2,2,1,71.0,78.20435,107.0,141.0,1.5067460317460317,1.5067460317460317,36.0,72.0,1.0,False,0.011115433779803258,19.978070175438596,Monitor; current evidence does not justify capital action
IND764020AAC,IND764001AAC,1,1,1,12.0,17.1324,27.0,34.0,2.25,2.25,15.0,15.0,1.0,False,0.005557716889901629,19.970095693779903,Monitor; current evidence does not justify capital action
IND152024AAA,IND152123AAA,1,1,1,31.0,33.4135,64.0,80.0,2.064516129032258,2.064516129032258,33.0,33.0,1.0,False,0.005557716889901629,19.96710526315789,Monitor; current evidence does not justify capital action
IND501101AAB,IND501359AAE,1,1,1,56.0,72.1443,108.0,912.0,1.9285714285714286,1.9285714285714286,52.0,52.0,1.0,False,0.005557716889901629,19.92523923444976,Monitor; current evidence does not justify capital action
IND505302AAB,IND505327AAA,1,1,1,42.0,38.234300000000005,84.0,96.0,2.0,2.0,42.0,42.0,1.0,False,0.005557716889901629,19.91726475279107,Monitor; current evidence does not justify capital action
IND733201AAA,IND733202AAB,1,1,1,42.0,59.9294,84.0,99.0,2.0,2.0,42.0,42.0,1.0,False,0.005557716889901629,19.91726475279107,Monitor; current evidence does not justify capital action
IND335513AAA,IND335803AAA,4,4,1,29.5,32.02605,37.5,80.5,1.293103448275862,1.4181203515889114,8.5,53.0,1.0,False,0.022230867559606515,19.89433811802233,Monitor; current evidence does not justify capital action
IND679329AAA,IND673639AAA,3,3,1,21.0,22.4575,34.0,38.0,1.619047619047619,1.6119047619047617,13.0,38.0,1.0,False,0.016673150669704886,19.86842105263158,Monitor; current evidence does not justify capital action
IND689101AAA,IND690548AAA,4,4,1,25.0,25.1496,35.5,70.5,1.44,1.4219230769230768,11.0,42.0,1.0,False,0.022230867559606515,19.867424242424242,Monitor; current evidence does not justify capital action
IND425409AAA,IND425412AAA,1,1,1,30.0,38.2279,62.0,71.0,2.066666666666667,2.066666666666667,32.0,32.0,1.0,False,0.005557716889901629,19.854465709728867,Monitor; current evidence does not justify capital action
IND110037AAM,IND110064AAA,1,1,1,16.0,12.964,35.0,222.0,2.1875,2.1875,19.0,19.0,1.0,False,0.005557716889901629,19.82755183413078,Monitor; current evidence does not justify capital action
IND521201AAA,IND521105AAA,2,2,1,22.0,22.719250000000002,39.5,51.0,1.7954545454545454,1.7954545454545454,17.5,35.0,1.0,False,0.011115433779803258,19.753787878787882,Monitor; current evidence does not justify capital action
IND690537AAA,IND689503AAB,1,1,1,28.0,28.2977,58.0,91.0,2.0714285714285716,2.0714285714285716,30.0,30.0,1.0,False,0.005557716889901629,19.694976076555022,Monitor; current evidence does not justify capital action
IND424006AAA,IND423106AAA,3,3,1,66.0,82.0972,86.0,112.0,1.303030303030303,1.3394601755257494,20.0,65.0,1.0,False,0.016673150669704886,19.58133971291866,Monitor; current evidence does not justify capital action
IND328001AAA,IND000000ACB,1,1,1,198.0,257.5175,305.0,314.0,1.5404040404040404,1.5404040404040404,107.0,107.0,1.0,False,0.005557716889901629,19.53448963317384,Monitor; current evidence does not justify capital action
IND000000ACB,IND110052AAA,2,2,1,68.0,65.72460000000001,102.0,208.5,1.500324464633355,1.500324464633355,34.0,68.0,1.0,False,0.011115433779803258,19.497607655502396,Monitor; current evidence does not justify capital action
IND764071AAB,IND764073AAA,2,2,1,32.5,46.8806,55.0,68.5,1.6950757575757576,1.6950757575757576,22.5,45.0,1.0,False,0.011115433779803258,19.404904306220093,Monitor; current evidence does not justify capital action
IND530012AAA,IND531001AAA,1,1,1,22.0,24.487,46.0,77.0,2.090909090909091,2.090909090909091,24.0,24.0,1.0,False,0.005557716889901629,19.249401913875598,Monitor; current evidence does not justify capital action
IND625532AAA,IND685514AAA,1,1,1,132.0,110.6122,219.0,232.0,1.6590909090909092,1.6590909090909092,87.0,87.0,1.0,False,0.005557716889901629,19.235446570972886,Monitor; current evidence does not justify capital action
IND415003AAA,IND411033AAA,2,2,1,117.5,126.35605,158.5,267.5,1.3490149210488194,1.3490149210488194,41.0,82.0,1.0,False,0.011115433779803258,19.187599681020735,Monitor; current evidence does not justify capital action
IND160002AAC,IND135001AAA,1,1,1,61.0,67.1824,114.0,149.0,1.8688524590163935,1.8688524590163935,53.0,53.0,1.0,False,0.005557716889901629,19.11682615629984,Monitor; current evidence does not justify capital action
IND577432AAA,IND577126AAA,1,1,1,20.0,27.2213,42.0,54.0,2.1,2.1,22.0,22.0,1.0,False,0.005557716889901629,19.095893141945773,Monitor; current evidence does not justify capital action
IND591304AAA,IND586101AAB,2,2,1,66.0,75.40605000000001,98.5,110.0,1.4924242424242424,1.4924242424242424,32.5,65.0,1.0,False,0.011115433779803258,18.949362041467303,Monitor; current evidence does not justify capital action
IND506169AAB,IND505503AAA,1,1,1,16.0,23.4994,34.0,54.0,2.125,2.125,18.0,18.0,1.0,False,0.005557716889901629,18.88755980861244,Monitor; current evidence does not justify capital action
IND000000ACA,IND143001AAA,1,1,1,111.0,155.23260000000002,189.0,226.0,1.7027027027027026,1.7027027027027026,78.0,78.0,1.0,False,0.005557716889901629,18.856658692185007,Monitor; current evidence does not justify capital action
IND501301AAC,IND500039AAC,1,1,1,13.0,14.714,28.0,60.0,2.1538461538461537,2.1538461538461537,15.0,15.0,1.0,False,0.005557716889901629,18.803827751196174,Monitor; current evidence does not justify capital action
IND643217AAA,IND643001AAA,7,7,1,49.0,41.2956,47.0,53.0,0.9591836734693877,0.9521403229781317,0.0,17.0,0.0,False,0.0,18.77890749601276,Monitor; current evidence does not justify capital action
IND590016AAA,IND591302AAB,3,3,1,32.0,37.0471,45.0,81.0,1.4516129032258065,1.4800830889540568,14.0,46.0,1.0,False,0.016673150669704886,18.69218500797448,Monitor; current evidence does not justify capital action
IND484551AAA,IND484001AAA,1,1,1,26.0,37.4561,53.0,56.0,2.0384615384615383,2.0384615384615383,27.0,27.0,1.0,False,0.005557716889901629,18.62938596491228,Monitor; current evidence does not justify capital action
IND131028AAB,IND250002AAA,1,1,1,73.0,89.5733,132.0,1126.0,1.8082191780821917,1.8082191780821917,59.0,59.0,1.0,False,0.005557716889901629,18.613437001594896,Monitor; current evidence does not justify capital action
IND464221AAA,IND470004AAA,1,1,1,131.0,151.3554,215.0,243.0,1.6412213740458015,1.6412213740458015,84.0,84.0,1.0,False,0.005557716889901629,18.489832535885167,Monitor; current evidence does not justify capital action
IND505001AAB,IND503111AAC,2,2,1,90.5,98.4647,125.5,229.0,1.388034188034188,1.388034188034188,35.0,70.0,0.5,False,0.005557716889901629,18.455940988835724,Monitor; current evidence does not justify capital action
IND184121AAA,IND184104AAA,2,2,1,38.5,41.7207,62.0,78.0,1.6157219973009447,1.6157219973009447,23.5,47.0,1.0,False,0.011115433779803258,18.446969696969695,Monitor; current evidence does not justify capital action
IND244412AAA,IND243301AAB,8,8,1,88.0,97.28999999999999,66.0,93.5,0.75,0.7369825604945229,0.0,0.0,0.0,False,0.0,18.44497607655502,Monitor; current evidence does not justify capital action
IND624101AAA,IND624202AAA,8,8,1,120.5,55.96045,85.0,112.0,0.706599713055954,0.7195631721354304,0.0,0.0,0.0,False,0.0,18.435007974481653,Monitor; current evidence does not justify capital action
IND160002AAC,IND160003AAA,1,1,1,31.0,41.4919,62.0,107.0,2.0,2.0,31.0,31.0,1.0,False,0.005557716889901629,18.4280303030303,Monitor; current evidence does not justify capital action
IND335703AAA,IND335701AAA,4,4,1,32.0,34.84875,37.0,54.5,1.2633101851851851,1.336674031986532,7.5,42.0,0.5,False,0.011115433779803258,18.327352472089313,Monitor; current evidence does not justify capital action
IND306304AAB,IND311302AAA,1,1,1,46.0,65.1454,88.0,97.0,1.9130434782608696,1.9130434782608696,42.0,42.0,1.0,False,0.005557716889901629,18.312400318979265,Monitor; current evidence does not justify capital action
IND152026AAA,IND152024AAA,1,1,1,21.0,30.6794,43.0,62.0,2.0476190476190474,2.0476190476190474,22.0,22.0,1.0,False,0.005557716889901629,18.25358851674641,Monitor; current evidence does not justify capital action
IND821115AAB,IND824101AAA,1,1,1,29.0,39.4573,58.0,89.0,2.0,2.0,29.0,29.0,1.0,False,0.005557716889901629,18.1768341307815,Monitor; current evidence does not justify capital action
IND518206AAA,IND518222AAA,3,3,1,45.0,36.512,57.0,86.0,1.2666666666666666,1.4126262626262627,12.0,55.0,1.0,False,0.016673150669704886,18.165869218500795,Monitor; current evidence does not justify capital action
IND201301AAL,IND201307AAA,5,5,1,21.0,19.5069,26.0,163.0,1.263157894736842,1.28406015037594,5.0,29.0,0.8,True,0.022230867559606515,18.114035087719298,Audit departure window and facility handoff
IND335803AAA,IND335804AAD,2,2,1,24.0,24.85255,41.0,46.5,1.7008695652173913,1.7008695652173913,17.0,34.0,1.0,False,0.011115433779803258,18.090111642743224,Monitor; current evidence does not justify capital action
IND125050AAA,IND125051AAA,2,2,1,21.5,23.45665,37.0,48.5,1.7186147186147185,1.7186147186147185,15.5,31.0,1.0,False,0.011115433779803258,18.066188197767147,Monitor; current evidence does not justify capital action
IND152026AAA,IND151001AAA,6,6,1,54.0,51.81529999999999,55.5,72.0,1.0276157804459691,1.0440047374009638,1.5,23.0,0.16666666666666666,False,0.005557716889901629,18.060207336523128,Monitor; current evidence does not justify capital action
IND560099AAB,IND560083AAB,1,1,1,18.0,17.2392,37.0,163.0,2.0555555555555554,2.0555555555555554,19.0,19.0,1.0,False,0.005557716889901629,18.038277511961724,Monitor; current evidence does not justify capital action
IND509124AAA,IND584101AAA,2,2,1,56.0,51.77565,84.0,103.0,1.5,1.5,28.0,56.0,1.0,False,0.011115433779803258,18.006379585326954,Monitor; current evidence does not justify capital action
IND414203AAB,IND414302AAB,1,1,1,74.0,98.2615,132.0,154.0,1.7837837837837838,1.7837837837837838,58.0,58.0,1.0,False,0.005557716889901629,17.977472089314194,Monitor; current evidence does not justify capital action
IND600076AAB,IND600056AAB,1,1,1,37.0,47.9816,72.0,110.0,1.945945945945946,1.945945945945946,35.0,35.0,1.0,False,0.005557716889901629,17.977472089314194,Monitor; current evidence does not justify capital action
IND572201AAB,IND577116AAA,1,1,1,52.0,68.9439,97.0,117.0,1.8653846153846154,1.8653846153846154,45.0,45.0,1.0,False,0.005557716889901629,17.97248803827751,Monitor; current evidence does not justify capital action
IND384205AAA,IND384170AAA,4,4,1,28.0,28.23775,33.0,55.0,1.1785714285714284,1.445616883116883,5.0,42.0,0.5,False,0.011115433779803258,17.89872408293461,Monitor; current evidence does not justify capital action
IND416012AAA,IND415409AAB,2,2,1,32.5,43.8228,53.0,142.5,1.6316287878787878,1.6316287878787878,20.5,41.0,1.0,False,0.011115433779803258,17.89872408293461,Monitor; current evidence does not justify capital action
IND500055AAA,IND501401AAC,1,1,1,17.0,20.228900000000003,35.0,50.0,2.0588235294117645,2.0588235294117645,18.0,18.0,1.0,False,0.005557716889901629,17.88576555023923,Monitor; current evidence does not justify capital action
IND363641AAA,IND363621AAB,3,3,1,33.0,33.9582,49.0,63.0,1.4411764705882353,1.3995840760546645,15.0,40.0,0.6666666666666666,False,0.011115433779803258,17.795055821371612,Monitor; current evidence does not justify capital action
IND786184AAA,IND786190AAA,1,1,1,26.0,37.344800000000006,52.0,70.0,2.0,2.0,26.0,26.0,1.0,False,0.005557716889901629,17.791068580542266,Monitor; current evidence does not justify capital action
IND284403AAA,IND472001AAA,1,1,1,74.0,63.0899,131.0,173.0,1.7702702702702702,1.7702702702702702,57.0,57.0,1.0,False,0.005557716889901629,17.727272727272727,Monitor; current evidence does not justify capital action
IND148102AAA,IND151001AAA,1,1,1,58.0,68.315,106.0,227.0,1.8275862068965518,1.8275862068965518,48.0,48.0,1.0,False,0.005557716889901629,17.715311004784688,Monitor; current evidence does not justify capital action
IND363641AAA,IND360002AAB,1,1,1,68.0,72.9795,122.0,137.0,1.7941176470588236,1.7941176470588236,54.0,54.0,1.0,False,0.005557716889901629,17.699362041467303,Monitor; current evidence does not justify capital action
IND480886AAA,IND480661AAA,2,2,1,47.0,65.41799999999999,72.0,74.0,1.5274376417233562,1.5274376417233562,25.0,50.0,1.0,False,0.011115433779803258,17.668460925039874,Monitor; current evidence does not justify capital action
IND333504AAA,IND332713AAA,1,1,1,39.0,43.7389,75.0,75.0,1.9230769230769231,1.9230769230769231,36.0,36.0,1.0,False,0.005557716889901629,17.61064593301435,Monitor; current evidence does not justify capital action
IND584101AAA,IND584123AAA,2,2,1,43.0,47.1756,66.5,107.0,1.5465116279069768,1.5465116279069768,23.5,47.0,1.0,False,0.011115433779803258,17.589712918660286,Monitor; current evidence does not justify capital action
IND600083AAA,IND600116AAB,1,1,1,14.0,15.9922,29.0,480.0,2.0714285714285716,2.0714285714285716,15.0,15.0,1.0,False,0.005557716889901629,17.577751196172247,Monitor; current evidence does not justify capital action
IND251201AAA,IND250002AAA,1,1,1,41.0,39.5339,78.0,379.0,1.9024390243902438,1.9024390243902438,37.0,37.0,1.0,False,0.005557716889901629,17.495015948963317,Monitor; current evidence does not justify capital action
IND506002AAA,IND506343AAA,2,2,1,35.5,49.3209,56.5,179.0,1.5896825396825398,1.5896825396825398,21.0,42.0,1.0,False,0.011115433779803258,17.492025518341308,Monitor; current evidence does not justify capital action
IND110085AAB,IND110085AAA,1,1,1,13.0,11.4111,27.0,726.0,2.076923076923077,2.076923076923077,14.0,14.0,1.0,False,0.005557716889901629,17.474082934609246,Monitor; current evidence does not justify capital action
IND751015AAA,IND752055AAA,1,1,1,22.0,25.953,44.0,74.0,2.0,2.0,22.0,22.0,1.0,False,0.005557716889901629,17.306618819776716,Monitor; current evidence does not justify capital action
IND757037AAA,IND758001AAA,1,1,1,42.0,53.2173,79.0,100.0,1.880952380952381,1.880952380952381,37.0,37.0,1.0,False,0.005557716889901629,17.166068580542266,Monitor; current evidence does not justify capital action
IND573103AAA,IND572201AAB,2,2,1,17.5,25.37305,30.0,31.0,1.7107843137254901,1.7107843137254901,12.5,25.0,1.0,False,0.011115433779803258,17.151116427432218,Monitor; current evidence does not justify capital action
IND321001AAB,IND321001AAA,3,3,1,31.0,32.796699999999994,40.0,67.0,1.3103448275862069,1.4905450500556174,9.0,45.0,1.0,False,0.016673150669704886,17.146132376395535,Monitor; current evidence does not justify capital action
IND533308AAB,IND533106AAA,1,1,1,27.0,33.3582,53.0,65.0,1.962962962962963,1.962962962962963,26.0,26.0,1.0,False,0.005557716889901629,17.108253588516746,Monitor; current evidence does not justify capital action
IND423601AAA,IND413709AAA,2,2,1,42.5,45.844899999999996,65.0,118.5,1.5321507760532151,1.5321507760532151,22.5,45.0,1.0,False,0.011115433779803258,17.09230462519936,Monitor; current evidence does not justify capital action
IND623503AAA,IND623526AAA,7,7,1,71.0,52.6836,64.0,91.0,0.9014084507042254,0.9137882852671585,0.0,0.0,0.0,False,0.0,16.99561403508772,Monitor; current evidence does not justify capital action
IND483501AAA,IND483770AAA,1,1,1,46.0,51.8922,85.0,109.0,1.8478260869565217,1.8478260869565217,39.0,39.0,1.0,False,0.005557716889901629,16.97468102073365,Monitor; current evidence does not justify capital action
IND303338AAB,IND303603AAB,5,5,1,57.0,61.6722,54.0,75.0,0.9473684210526315,1.0236842105263158,0.0,28.0,0.4,False,0.011115433779803258,16.96471291866029,Monitor; current evidence does not justify capital action
IND342005AAD,IND342902A1B,1,1,1,94.0,103.1401,158.0,351.0,1.6808510638297873,1.6808510638297873,64.0,64.0,1.0,False,0.005557716889901629,16.913875598086126,Monitor; current evidence does not justify capital action
IND343029AAB,IND307001AAA,2,2,1,70.0,77.09475,98.0,112.5,1.4,1.4,28.0,56.0,1.0,False,0.011115433779803258,16.879984051036683,Monitor; current evidence does not justify capital action
IND757041AAA,IND756019AAA,2,2,1,54.0,50.26325,79.0,532.5,1.4724137931034482,1.4724137931034482,25.0,50.0,1.0,False,0.011115433779803258,16.851076555023926,Monitor; current evidence does not justify capital action
IND574117AAA,IND576101AAA,2,2,1,22.0,24.751350000000002,36.5,37.5,1.6614906832298137,1.6614906832298137,14.5,29.0,1.0,False,0.011115433779803258,16.768341307814993,Monitor; current evidence does not justify capital action
IND243001AAA,IND244901AAB,1,1,1,45.0,60.4977,83.0,677.0,1.8444444444444446,1.8444444444444446,38.0,38.0,1.0,False,0.005557716889901629,16.747408293460925,Monitor; current evidence does not justify capital action
IND148023AAA,IND148024AAB,1,1,1,18.0,19.4578,36.0,70.0,2.0,2.0,18.0,18.0,1.0,False,0.005557716889901629,16.714513556618822,Monitor; current evidence does not justify capital action
IND335804AAD,IND335703AAA,4,4,1,38.0,41.35525,44.0,67.0,1.1578947368421053,1.1970394736842105,6.0,33.0,0.5,False,0.011115433779803258,16.597886762360446,Monitor; current evidence does not justify capital action
IND680307AAA,IND683511AAA,2,2,1,17.5,21.66835,29.5,109.0,1.6830065359477122,1.6830065359477122,12.0,24.0,1.0,False,0.011115433779803258,16.475279106858054,Monitor; current evidence does not justify capital action
IND000000AFG,IND673027AAB,1,1,1,46.0,41.4264,84.0,107.0,1.826086956521739,1.826086956521739,38.0,38.0,1.0,False,0.005557716889901629,16.423444976076556,Monitor; current evidence does not justify capital action
IND403726AAB,IND403002AAA,3,3,1,24.0,16.008399999999998,31.0,182.0,1.2916666666666667,1.5567632850241546,7.0,39.0,1.0,False,0.016673150669704886,16.262958532695375,Monitor; current evidence does not justify capital action
IND752050AAA,IND751002AAB,1,1,1,21.0,30.4959,41.0,57.0,1.9523809523809523,1.9523809523809523,20.0,20.0,1.0,False,0.005557716889901629,16.228070175438596,Monitor; current evidence does not justify capital action
IND341030AAA,IND341303AAA,2,2,1,44.5,54.9709,66.0,73.0,1.4855915065722953,1.4855915065722953,21.5,43.0,1.0,False,0.011115433779803258,16.139354066985646,Monitor; current evidence does not justify capital action
IND752055AAA,IND751002AAB,1,1,1,26.0,37.2614,50.0,81.0,1.9230769230769231,1.9230769230769231,24.0,24.0,1.0,False,0.005557716889901629,16.139354066985646,Monitor; current evidence does not justify capital action
IND244921AAB,IND243201AAA,1,1,1,39.0,44.0919,72.0,90.0,1.8461538461538463,1.8461538461538463,33.0,33.0,1.0,False,0.005557716889901629,16.084529505582136,Monitor; current evidence does not justify capital action
IND632006AAA,IND635802AAB,3,3,1,44.0,47.557,58.0,195.0,1.3488372093023255,1.2560097094980816,15.0,34.0,0.6666666666666666,False,0.011115433779803258,16.04066985645933,Monitor; current evidence does not justify capital action
IND505001AAB,IND505302AAB,2,2,1,33.5,35.0553,51.5,101.5,1.5427807486631018,1.5427807486631018,18.0,36.0,0.5,False,0.005557716889901629,16.022727272727273,Monitor; current evidence does not justify capital action
IND686540AAA,IND686028AAB,1,1,1,19.0,20.2749,37.0,1197.0,1.9473684210526316,1.9473684210526316,18.0,18.0,1.0,False,0.005557716889901629,15.78249601275917,Monitor; current evidence does not justify capital action
IND414001AAA,IND414203AAB,1,1,1,43.0,60.9673,78.0,128.0,1.813953488372093,1.813953488372093,35.0,35.0,1.0,False,0.005557716889901629,15.67982456140351,Monitor; current evidence does not justify capital action
IND302014AAB,IND303603AAB,1,1,1,72.0,87.6403,122.0,149.0,1.6944444444444444,1.6944444444444444,50.0,50.0,1.0,False,0.005557716889901629,15.508373205741627,Monitor; current evidence does not justify capital action
IND160002AAC,IND176041AAA,1,1,1,206.0,228.0513,290.0,314.0,1.4077669902912622,1.4077669902912622,84.0,84.0,1.0,False,0.005557716889901629,15.489433811802233,Monitor; current evidence does not justify capital action
IND344001AAA,IND345001AAA,6,6,1,194.5,155.6477,149.5,162.0,0.7725949468511297,0.7934878871157457,0.0,3.0,0.0,False,0.0,15.386762360446571,Monitor; current evidence does not justify capital action
IND204101AAA,IND202001AAB,1,1,1,29.0,39.7416,54.0,84.0,1.8620689655172413,1.8620689655172413,25.0,25.0,1.0,False,0.005557716889901629,15.354864433811802,Monitor; current evidence does not justify capital action
IND509103AAB,IND509103AAC,1,1,1,17.0,18.9512,33.0,65.0,1.9411764705882353,1.9411764705882353,16.0,16.0,1.0,False,0.005557716889901629,15.328947368421053,Monitor; current evidence does not justify capital action
IND144514AAA,IND000000ACA,1,1,1,58.0,55.3215,100.0,118.0,1.7241379310344827,1.7241379310344827,42.0,42.0,1.0,False,0.005557716889901629,15.112639553429025,Monitor; current evidence does not justify capital action
IND700026AAC,IND700065AAA,2,2,1,20.0,14.16295,31.5,58.5,1.5952380952380953,1.5952380952380953,11.5,23.0,0.5,False,0.005557716889901629,15.073763955342903,Monitor; current evidence does not justify capital action
IND562132AAA,IND572101AAA,3,3,1,57.0,59.9982,68.0,132.0,1.1929824561403508,1.193609022556391,11.0,33.0,0.3333333333333333,False,0.005557716889901629,14.979066985645934,Monitor; current evidence does not justify capital action
IND243301AAB,IND244901AAC,2,2,1,85.0,69.31265,109.0,350.0,1.2823529411764705,1.2823529411764705,24.0,48.0,0.5,False,0.005557716889901629,14.85645933014354,Monitor; current evidence does not justify capital action
IND000000ABA,IND683565AAA,5,5,1,21.0,18.699,22.0,59.0,1.0,1.1384615384615384,0.0,11.0,0.2,False,0.005557716889901629,14.736842105263156,Monitor; current evidence does not justify capital action
IND201007AAA,IND201001AAA,2,2,1,11.5,10.4372,19.0,44.0,1.6553030303030303,1.6553030303030303,7.5,15.0,1.0,False,0.011115433779803258,14.693979266347688,Monitor; current evidence does not justify capital action
IND752056AAA,IND751002AAB,1,1,1,19.0,27.2786,36.0,42.0,1.894736842105263,1.894736842105263,17.0,17.0,1.0,False,0.005557716889901629,14.688995215311005,Monitor; current evidence does not justify capital action
IND177203AAA,IND177101AAA,2,2,1,37.0,32.1194,54.0,77.0,1.4594594594594597,1.4594594594594597,17.0,34.0,1.0,False,0.011115433779803258,14.68102073365231,Monitor; current evidence does not justify capital action
IND334001AAC,IND341001AAC,1,1,1,84.0,115.4409,136.0,159.0,1.619047619047619,1.619047619047619,52.0,52.0,1.0,False,0.005557716889901629,14.647129186602873,Monitor; current evidence does not justify capital action
IND000000ACA,IND152026AAA,1,1,1,117.0,154.5822,179.0,321.0,1.5299145299145298,1.5299145299145298,62.0,62.0,1.0,False,0.005557716889901629,14.618221690590111,Monitor; current evidence does not justify capital action
IND842003AAB,IND484661AAE,1,1,1,126.0,148.8342,190.0,235.0,1.507936507936508,1.507936507936508,64.0,64.0,1.0,False,0.005557716889901629,14.491626794258373,Monitor; current evidence does not justify capital action
IND721636AAB,IND721602AAB,3,3,1,41.0,34.918800000000005,45.0,65.0,1.1951219512195121,1.340834301200155,8.0,29.0,0.3333333333333333,False,0.005557716889901629,14.469696969696969,Monitor; current evidence does not justify capital action
IND507002AAA,IND507159AAA,1,1,1,18.0,23.1748,34.0,163.0,1.8888888888888888,1.8888888888888888,16.0,16.0,1.0,False,0.005557716889901629,14.421850079744816,Monitor; current evidence does not justify capital action
IND757041AAA,IND757001AAA,1,1,1,42.0,44.9652,74.0,82.0,1.7619047619047619,1.7619047619047619,32.0,32.0,1.0,False,0.005557716889901629,14.352073365231261,Monitor; current evidence does not justify capital action
IND504251AAA,IND504296AAA,3,3,1,43.0,39.631,51.0,61.0,1.186046511627907,1.216055907916373,8.0,28.0,0.3333333333333333,False,0.005557716889901629,14.247408293460925,Monitor; current evidence does not justify capital action
IND621802AAA,IND621212AAA,1,1,1,52.0,68.77189999999999,89.0,115.0,1.7115384615384615,1.7115384615384615,37.0,37.0,1.0,False,0.005557716889901629,14.185606060606059,Monitor; current evidence does not justify capital action
IND573134AAB,IND577101AAA,1,1,1,54.0,68.3756,92.0,164.0,1.7037037037037037,1.7037037037037037,38.0,38.0,1.0,False,0.005557716889901629,14.175637958532693,Monitor; current evidence does not justify capital action
IND343001AAA,IND343029AAB,2,2,1,65.0,70.80345,85.5,106.5,1.3153846153846154,1.3153846153846154,20.5,41.0,0.5,False,0.005557716889901629,14.140749601275918,Monitor; current evidence does not justify capital action
IND413304AAA,IND415301AAB,2,2,1,53.0,57.133700000000005,71.5,75.0,1.349056603773585,1.349056603773585,18.5,37.0,1.0,False,0.011115433779803258,13.958333333333334,Monitor; current evidence does not justify capital action
IND758035AAA,IND758001AAA,1,1,1,49.0,68.1101,84.0,98.0,1.7142857142857142,1.7142857142857142,35.0,35.0,1.0,False,0.005557716889901629,13.940390749601278,Monitor; current evidence does not justify capital action
IND722140AAA,IND722151AAA,4,4,1,43.5,46.25975,45.0,69.5,1.0227272727272727,1.0653503473270916,2.0,16.0,0.25,False,0.005557716889901629,13.883572567783093,Monitor; current evidence does not justify capital action
IND424006AAA,IND425401AAA,1,1,1,35.0,41.2941,62.0,69.0,1.7714285714285714,1.7714285714285714,27.0,27.0,1.0,False,0.005557716889901629,13.834728867623603,Monitor; current evidence does not justify capital action
IND521001AAA,IND521165AAA,1,1,1,26.0,36.5649,47.0,88.0,1.8076923076923077,1.8076923076923077,21.0,21.0,1.0,False,0.005557716889901629,13.745015948963319,Monitor; current evidence does not justify capital action
IND792103AAB,IND792001AAA,5,5,1,93.0,130.3641,64.0,79.0,0.6956521739130435,0.7082450538629107,0.0,0.0,0.0,False,0.0,13.58054226475279,Monitor; current evidence does not justify capital action
IND221303AAA,IND231001AAA,2,2,1,23.5,29.27005,35.0,57.0,1.4864130434782608,1.4864130434782608,11.5,23.0,1.0,False,0.011115433779803258,13.538676236044658,Monitor; current evidence does not justify capital action
IND505001AAB,IND505184AAC,1,1,1,62.0,68.3528,102.0,198.0,1.6451612903225807,1.6451612903225807,40.0,40.0,1.0,False,0.005557716889901629,13.442982456140351,Monitor; current evidence does not justify capital action
IND110035AAC,IND110037AAM,2,2,1,19.0,21.1231,28.5,305.5,1.5083333333333333,1.5083333333333333,9.5,19.0,1.0,False,0.011115433779803258,13.360247208931419,Monitor; current evidence does not justify capital action
IND506001AAC,IND505122AAA,1,1,1,34.0,41.9115,59.0,83.0,1.7352941176470589,1.7352941176470589,25.0,25.0,1.0,False,0.005557716889901629,13.047248803827753,Monitor; current evidence does not justify capital action
IND474003AAA,IND473551AAA,1,1,1,136.0,117.6841,195.0,251.0,1.4338235294117647,1.4338235294117647,59.0,59.0,1.0,False,0.005557716889901629,13.041267942583731,Monitor; current evidence does not justify capital action
IND500010AAA,IND500055AAA,1,1,1,17.0,15.9111,31.0,41.0,1.8235294117647058,1.8235294117647058,14.0,14.0,1.0,False,0.005557716889901629,12.963516746411482,Monitor; current evidence does not justify capital action
IND506343AAA,IND506169AAB,2,2,1,41.5,49.64275000000001,56.0,76.0,1.3475609756097562,1.3475609756097562,14.5,29.0,0.5,False,0.005557716889901629,12.860845295055823,Monitor; current evidence does not justify capital action
IND125051AAA,IND125111AAA,4,4,1,31.0,21.792,32.0,48.0,1.0489583333333332,1.0351897204806688,1.5,6.0,0.0,False,0.0,12.713317384370015,Monitor; current evidence does not justify capital action
IND854334AAA,IND852118A1B,3,3,1,22.0,24.6605,27.0,42.0,1.2272727272727273,1.2289666854884247,5.0,15.0,0.6666666666666666,False,0.011115433779803258,12.624601275917065,Monitor; current evidence does not justify capital action
IND110043AAC,IND000000ACB,1,1,1,58.0,55.6689,94.0,233.0,1.6206896551724137,1.6206896551724137,36.0,36.0,1.0,False,0.005557716889901629,12.511961722488039,Monitor; current evidence does not justify capital action
IND361335AAA,IND360002AAB,1,1,1,187.0,243.7123,250.0,283.0,1.3368983957219251,1.3368983957219251,63.0,63.0,1.0,False,0.005557716889901629,12.446172248803828,Monitor; current evidence does not justify capital action
IND507002AAA,IND507117AAB,1,1,1,111.0,135.5658,162.0,191.0,1.4594594594594594,1.4594594594594594,51.0,51.0,1.0,False,0.005557716889901629,12.426236044657097,Monitor; current evidence does not justify capital action
IND141010AAA,IND000000ACA,1,1,1,11.0,15.531,20.0,23.0,1.8181818181818181,1.8181818181818181,9.0,9.0,1.0,False,0.005557716889901629,12.396331738437002,Monitor; current evidence does not justify capital action
IND504208AAB,IND504251AAA,1,1,1,19.0,21.5952,34.0,40.0,1.7894736842105263,1.7894736842105263,15.0,15.0,1.0,False,0.005557716889901629,12.384370015948964,Monitor; current evidence does not justify capital action
IND505325AAA,IND505327AAA,2,2,1,22.5,31.796799999999998,32.0,43.0,1.4219367588932808,1.4219367588932808,9.5,19.0,1.0,False,0.011115433779803258,12.353468899521532,Monitor; current evidence does not justify capital action
IND521185AAA,IND520011AAA,1,1,1,29.0,41.8469,50.0,72.0,1.7241379310344827,1.7241379310344827,21.0,21.0,1.0,False,0.005557716889901629,12.349481658692184,Monitor; current evidence does not justify capital action
IND815353AAA,IND826004AAA,1,1,1,87.0,105.4126,132.0,209.0,1.5172413793103448,1.5172413793103448,45.0,45.0,1.0,False,0.005557716889901629,12.325558213716109,Monitor; current evidence does not justify capital action
IND785612AAB,IND785621AAA,1,1,1,36.0,48.7818,61.0,95.0,1.6944444444444444,1.6944444444444444,25.0,25.0,1.0,False,0.005557716889901629,12.269736842105264,Monitor; current evidence does not justify capital action
IND756100AAC,IND757037AAA,1,1,1,143.0,192.2839,198.0,229.0,1.3846153846153846,1.3846153846153846,55.0,55.0,1.0,False,0.005557716889901629,12.109250398724082,Monitor; current evidence does not justify capital action
IND560300AAA,IND563131AAB,1,1,1,80.0,80.017,122.0,276.0,1.525,1.525,42.0,42.0,1.0,False,0.005557716889901629,12.082336523125996,Monitor; current evidence does not justify capital action
IND732204AAB,IND732139AAA,4,4,1,58.0,40.708200000000005,39.0,93.0,0.6668614845119814,0.6610169491525424,0.0,0.0,0.0,False,0.0,12.033492822966506,Monitor; current evidence does not justify capital action
IND573103AAA,IND577116AAA,2,2,1,35.0,40.8386,46.0,61.5,1.3453919035314383,1.3453919035314383,11.0,22.0,1.0,False,0.011115433779803258,11.950757575757576,Monitor; current evidence does not justify capital action
IND695582AAA,IND691574AAA,1,1,1,39.0,35.4313,65.0,68.0,1.6666666666666667,1.6666666666666667,26.0,26.0,1.0,False,0.005557716889901629,11.939792663476874,Monitor; current evidence does not justify capital action
IND792001AAA,IND792110AAA,1,1,1,43.0,62.2986,71.0,89.0,1.6511627906976745,1.6511627906976745,28.0,28.0,1.0,False,0.005557716889901629,11.908891547049441,Monitor; current evidence does not justify capital action
IND184104AAA,IND184121AAA,2,2,1,39.5,42.491200000000006,51.5,68.5,1.3003205128205129,1.3003205128205129,12.0,24.0,0.5,False,0.005557716889901629,11.879984051036683,Monitor; current evidence does not justify capital action
IND400016AAA,IND400015AAA,1,1,1,10.0,12.2279,18.0,82.0,1.8,1.8,8.0,8.0,1.0,False,0.005557716889901629,11.827153110047847,Monitor; current evidence does not justify capital action
IND854334AAA,IND854335AAA,2,2,1,30.5,36.50075,41.0,90.0,1.3459051724137931,1.3459051724137931,10.5,21.0,1.0,False,0.011115433779803258,11.81818181818182,Monitor; current evidence does not justify capital action
IND464001AAA,IND464221AAA,1,1,1,68.0,74.5083,105.0,123.0,1.5441176470588236,1.5441176470588236,37.0,37.0,1.0,False,0.005557716889901629,11.703548644338117,Monitor; current evidence does not justify capital action
IND148023AAA,IND148001AAA,2,2,1,29.5,32.92355,39.5,56.5,1.3408045977011493,1.3408045977011493,10.0,20.0,1.0,False,0.011115433779803258,11.639752791068581,Monitor; current evidence does not justify capital action
IND465001AAA,IND465333A1B,2,2,1,81.0,69.26985,81.0,115.0,1.056100981767181,1.056100981767181,15.0,30.0,0.5,False,0.005557716889901629,11.567982456140351,Monitor; current evidence does not justify capital action
IND335804AAD,IND335701AAA,2,2,1,70.0,76.45384999999999,83.0,96.0,1.1851398244539701,1.1851398244539701,13.0,26.0,0.5,False,0.005557716889901629,11.488237639553429,Monitor; current evidence does not justify capital action
IND414302AAB,IND412210AAC,1,1,1,19.0,22.8751,33.0,40.0,1.736842105263158,1.736842105263158,14.0,14.0,1.0,False,0.005557716889901629,11.418460925039872,Monitor; current evidence does not justify capital action
IND505001AAB,IND505172AAA,1,1,1,24.0,34.1481,41.0,104.0,1.7083333333333333,1.7083333333333333,17.0,17.0,1.0,False,0.005557716889901629,11.384569377990431,Monitor; current evidence does not justify capital action
IND110095AAB,IND000000ACB,1,1,1,71.0,71.6641,108.0,165.0,1.5211267605633803,1.5211267605633803,37.0,37.0,1.0,False,0.005557716889901629,11.344696969696969,Monitor; current evidence does not justify capital action
IND148101AAA,IND148102AAA,2,2,1,22.0,24.009999999999998,30.0,56.5,1.3636363636363635,1.3636363636363635,8.0,16.0,1.0,False,0.011115433779803258,11.283891547049443,Monitor; current evidence does not justify capital action
IND695572AAB,IND000000AFJ,1,1,1,26.0,22.0203,44.0,66.0,1.6923076923076923,1.6923076923076923,18.0,18.0,1.0,False,0.005557716889901629,11.232057416267944,Monitor; current evidence does not justify capital action
IND335501AAA,IND331701AAA,1,1,1,21.0,23.5577,36.0,60.0,1.7142857142857142,1.7142857142857142,15.0,15.0,1.0,False,0.005557716889901629,11.213118022328548,Monitor; current evidence does not justify capital action
IND531001AAA,IND531116AAA,1,1,1,36.0,42.337,59.0,95.0,1.6388888888888888,1.6388888888888888,23.0,23.0,1.0,False,0.005557716889901629,11.184210526315788,Monitor; current evidence does not justify capital action
IND504293AAA,IND504208AAB,1,1,1,55.0,60.2246,86.0,119.0,1.5636363636363637,1.5636363636363637,31.0,31.0,1.0,False,0.005557716889901629,11.156299840510368,Monitor; current evidence does not justify capital action
IND815353AAA,IND814112AAA,2,2,1,39.0,38.960300000000004,49.0,79.0,1.2564102564102564,1.2564102564102564,10.0,20.0,1.0,False,0.011115433779803258,11.091507177033494,Monitor; current evidence does not justify capital action
IND272155AAA,IND272001AAA,2,2,1,24.5,32.8724,32.5,53.5,1.3258333333333334,1.3258333333333334,8.0,16.0,1.0,False,0.011115433779803258,10.835326953748007,Monitor; current evidence does not justify capital action
IND282002AAD,IND205001AAB,2,2,1,234.0,294.4162,245.5,252.0,1.0491452991452992,1.0491452991452992,12.0,24.0,0.0,False,0.0,10.803429027113237,Monitor; current evidence does not justify capital action
IND577116AAA,IND577101AAA,3,3,1,40.0,45.1881,42.0,46.0,0.925,0.9802025269416573,0.0,4.0,0.0,False,0.0,10.66487240829346,Monitor; current evidence does not justify capital action
IND184104AAA,IND181152AAB,1,1,1,71.0,78.2089,106.0,123.0,1.4929577464788732,1.4929577464788732,35.0,35.0,1.0,False,0.005557716889901629,10.611044657097288,Monitor; current evidence does not justify capital action
IND508116AAA,IND508223AAA,1,1,1,59.0,83.4561,90.0,96.0,1.5254237288135593,1.5254237288135593,31.0,31.0,1.0,False,0.005557716889901629,10.608054226475279,Monitor; current evidence does not justify capital action
IND815301AAA,IND815353AAA,1,1,1,36.0,50.3503,58.0,82.0,1.6111111111111112,1.6111111111111112,22.0,22.0,1.0,False,0.005557716889901629,10.598086124401913,Monitor; current evidence does not justify capital action
IND591126AAA,IND591102AAA,1,1,1,30.0,32.6483,49.0,55.0,1.6333333333333333,1.6333333333333333,19.0,19.0,1.0,False,0.005557716889901629,10.542264752791068,Monitor; current evidence does not justify capital action
IND122004AAA,IND000000ACB,1,1,1,34.0,35.6947,55.0,196.0,1.6176470588235294,1.6176470588235294,21.0,21.0,1.0,False,0.005557716889901629,10.530303030303031,Monitor; current evidence does not justify capital action
IND638452AAA,IND638501AAB,2,2,1,25.0,23.43575,32.5,52.5,1.294871794871795,1.294871794871795,7.5,15.0,0.5,False,0.005557716889901629,10.487440191387561,Monitor; current evidence does not justify capital action
IND686507AAA,IND686540AAA,1,1,1,26.0,26.7197,43.0,77.0,1.6538461538461537,1.6538461538461537,17.0,17.0,1.0,False,0.005557716889901629,10.48744019138756,Monitor; current evidence does not justify capital action
IND712612AAA,IND722154AAA,1,1,1,19.0,19.4711,32.0,63.0,1.6842105263157894,1.6842105263157894,13.0,13.0,1.0,False,0.005557716889901629,10.299043062200957,Monitor; current evidence does not justify capital action
IND518124AAA,IND518002AAA,1,1,1,71.0,80.2581,105.0,257.0,1.4788732394366197,1.4788732394366197,34.0,34.0,1.0,False,0.005557716889901629,10.293062200956937,Monitor; current evidence does not justify capital action
IND581314AAA,IND581334AAA,1,1,1,56.0,59.4354,85.0,110.0,1.5178571428571428,1.5178571428571428,29.0,29.0,1.0,False,0.005557716889901629,10.227272727272727,Monitor; current evidence does not justify capital action
IND756045AAB,IND756019AAA,1,1,1,16.0,23.0528,27.0,49.0,1.6875,1.6875,11.0,11.0,1.0,False,0.005557716889901629,10.164473684210526,Monitor; current evidence does not justify capital action
IND689650AAA,IND690548AAA,1,1,1,41.0,41.879,64.0,75.0,1.5609756097560976,1.5609756097560976,23.0,23.0,1.0,False,0.005557716889901629,10.147527910685806,Monitor; current evidence does not justify capital action
IND695614AAA,IND695609AAA,2,2,1,19.0,15.292000000000002,24.5,47.5,1.2894736842105263,1.2894736842105263,5.5,11.0,1.0,False,0.011115433779803258,9.952153110047847,Monitor; current evidence does not justify capital action
IND712410AAC,IND712406AAA,2,2,1,41.0,37.41235,48.5,79.0,1.1829268292682926,1.1829268292682926,7.5,15.0,0.0,False,0.0,9.889354066985646,Monitor; current evidence does not justify capital action
IND531116AAA,IND531001AAA,1,1,1,43.0,48.3598,66.0,94.0,1.5348837209302326,1.5348837209302326,23.0,23.0,1.0,False,0.005557716889901629,9.768740031897927,Monitor; current evidence does not justify capital action
IND503111AAC,IND505001AAB,1,1,1,89.0,97.1468,125.0,178.0,1.404494382022472,1.404494382022472,36.0,36.0,1.0,False,0.005557716889901629,9.760765550239233,Monitor; current evidence does not justify capital action
IND424101AAA,IND431103AAA,1,1,1,24.0,31.2776,39.0,66.0,1.625,1.625,15.0,15.0,1.0,False,0.005557716889901629,9.742822966507177,Monitor; current evidence does not justify capital action
IND335513AAA,IND335804AAD,1,1,1,54.0,56.9831,81.0,138.0,1.5,1.5,27.0,27.0,1.0,False,0.005557716889901629,9.692982456140351,Monitor; current evidence does not justify capital action
IND560083AAB,IND560058AAD,1,1,1,31.0,26.1469,49.0,82.0,1.5806451612903225,1.5806451612903225,18.0,18.0,1.0,False,0.005557716889901629,9.632177033492823,Monitor; current evidence does not justify capital action
IND151001AAA,IND151103AAA,2,2,1,24.5,26.6175,30.0,66.0,1.1904761904761905,1.1904761904761905,6.0,12.0,0.5,False,0.005557716889901629,9.596291866028709,Monitor; current evidence does not justify capital action
IND484001AAA,IND484224AAA,2,2,1,43.5,48.176,39.0,52.0,0.9134920634920635,0.9134920634920635,8.5,17.0,0.5,False,0.005557716889901629,9.592304625199363,Monitor; current evidence does not justify capital action
IND414001AAA,IND414302AAB,1,1,1,34.0,42.0274,53.0,132.0,1.5588235294117647,1.5588235294117647,19.0,19.0,1.0,False,0.005557716889901629,9.590311004784688,Monitor; current evidence does not justify capital action
IND603203AAA,IND600048AAA,1,1,1,12.0,14.162,20.0,20.0,1.6666666666666667,1.6666666666666667,8.0,8.0,1.0,False,0.005557716889901629,9.589314194577353,Monitor; current evidence does not justify capital action
IND712311AAA,IND712310AAE,1,1,1,12.0,12.8884,20.0,106.0,1.6666666666666667,1.6666666666666667,8.0,8.0,1.0,False,0.005557716889901629,9.589314194577353,Monitor; current evidence does not justify capital action
IND671323AAD,IND000000ACO,1,1,1,32.0,29.3602,50.0,56.0,1.5625,1.5625,18.0,18.0,1.0,False,0.005557716889901629,9.427830940988835,Monitor; current evidence does not justify capital action
IND756019AAA,IND756032AAA,1,1,1,36.0,51.325300000000006,55.0,85.0,1.5277777777777777,1.5277777777777777,19.0,19.0,1.0,False,0.005557716889901629,9.146730462519937,Monitor; current evidence does not justify capital action
IND425401AAA,IND425109AAA,1,1,1,31.0,33.7629,48.0,88.0,1.5483870967741935,1.5483870967741935,17.0,17.0,1.0,False,0.005557716889901629,9.086921850079746,Monitor; current evidence does not justify capital action
IND639104AAB,IND620012AAA,1,1,1,44.0,51.0134,66.0,84.0,1.5,1.5,22.0,22.0,1.0,False,0.005557716889901629,9.082934609250398,Monitor; current evidence does not justify capital action
IND751015AAA,IND752050AAA,1,1,1,11.0,15.095,18.0,52.0,1.6363636363636365,1.6363636363636365,7.0,7.0,1.0,False,0.005557716889901629,8.992224880382775,Monitor; current evidence does not justify capital action
IND327001AAB,IND312605AAB,1,1,1,63.0,89.38239999999999,90.0,101.0,1.4285714285714286,1.4285714285714286,27.0,27.0,1.0,False,0.005557716889901629,8.895534290271131,Monitor; current evidence does not justify capital action
IND781018AAA,IND781018AAB,2,2,1,35.0,34.0619,37.0,1404.5,1.0629084967320261,1.0629084967320261,4.5,9.0,0.5,False,0.005557716889901629,8.834728867623605,Monitor; current evidence does not justify capital action
IND641006AAD,IND641062AAD,1,1,1,27.0,26.5995,42.0,93.0,1.5555555555555556,1.5555555555555556,15.0,15.0,1.0,False,0.005557716889901629,8.830741626794259,Monitor; current evidence does not justify capital action
IND560300AAA,IND560048AAB,2,2,1,41.5,37.9599,45.5,83.5,1.095528455284553,1.095528455284553,4.0,8.0,0.0,False,0.0,8.81877990430622,Monitor; current evidence does not justify capital action
IND412803AAB,IND421802AAA,2,2,1,30.5,23.64775,34.0,41.0,1.1150537634408602,1.1150537634408602,3.5,7.0,0.0,False,0.0,8.735047846889952,Monitor; current evidence does not justify capital action
IND560099AAB,IND000000ACS,1,1,1,21.0,19.4741,33.0,120.0,1.5714285714285714,1.5714285714285714,12.0,12.0,1.0,False,0.005557716889901629,8.682216905901116,Monitor; current evidence does not justify capital action
IND504296AAA,IND504293AAA,2,2,1,30.0,25.6401,33.0,42.5,1.1,1.1,3.0,6.0,0.0,False,0.0,8.568580542264753,Monitor; current evidence does not justify capital action
IND563101AAB,IND563125AAB,1,1,1,36.0,36.7522,54.0,72.0,1.5,1.5,18.0,18.0,1.0,False,0.005557716889901629,8.490829346092504,Monitor; current evidence does not justify capital action
IND341001AAC,IND341030AAA,1,1,1,39.0,43.049800000000005,58.0,98.0,1.4871794871794872,1.4871794871794872,19.0,19.0,1.0,False,0.005557716889901629,8.473883572567784,Monitor; current evidence does not justify capital action
IND581334AAA,IND581320AAA,1,1,1,31.0,34.0561,47.0,47.0,1.5161290322580645,1.5161290322580645,16.0,16.0,1.0,False,0.005557716889901629,8.42603668261563,Monitor; current evidence does not justify capital action
IND474003AAA,IND328001AAA,1,1,1,67.0,61.6966,92.0,228.0,1.373134328358209,1.373134328358209,25.0,25.0,1.0,False,0.005557716889901629,8.137958532695375,Monitor; current evidence does not justify capital action
IND505184AAC,IND505209AAA,2,2,1,45.5,22.036949999999997,41.0,47.5,0.8941375968992248,0.8941375968992248,0.5,1.0,0.0,False,0.0,7.983452950558215,Monitor; current evidence does not justify capital action
IND474003AAA,IND476001AAA,1,1,1,36.0,33.4945,53.0,97.0,1.4722222222222223,1.4722222222222223,17.0,17.0,1.0,False,0.005557716889901629,7.93560606060606,Monitor; current evidence does not justify capital action
IND733134AAA,IND733129AAB,1,1,1,21.0,22.9574,32.0,73.0,1.5238095238095237,1.5238095238095237,11.0,11.0,1.0,False,0.005557716889901629,7.881778309409887,Monitor; current evidence does not justify capital action
IND147001AAD,IND147201AAA,1,1,1,28.0,26.912,42.0,49.0,1.5,1.5,14.0,14.0,1.0,False,0.005557716889901629,7.800039872408293,Monitor; current evidence does not justify capital action
IND273155AAA,IND273303AAA,1,1,1,15.0,21.8126,23.0,47.0,1.5333333333333334,1.5333333333333334,8.0,8.0,1.0,False,0.005557716889901629,7.73524720893142,Monitor; current evidence does not justify capital action
IND333001AAA,IND333028AAA,1,1,1,43.0,33.366800000000005,61.0,75.0,1.4186046511627908,1.4186046511627908,18.0,18.0,1.0,False,0.005557716889901629,7.598684210526316,Monitor; current evidence does not justify capital action
IND584123AAA,IND584128AAA,1,1,1,36.0,39.7207,52.0,64.0,1.4444444444444444,1.4444444444444444,16.0,16.0,1.0,False,0.005557716889901629,7.528907496012758,Monitor; current evidence does not justify capital action
IND691001AAB,IND695012AAA,1,1,1,64.0,63.5282,86.0,103.0,1.34375,1.34375,22.0,22.0,1.0,False,0.005557716889901629,7.408293460925039,Monitor; current evidence does not justify capital action
IND246761AAA,IND244901AAB,1,1,1,122.0,121.4712,149.0,399.0,1.221311475409836,1.221311475409836,27.0,27.0,1.0,False,0.005557716889901629,7.285685805422647,Monitor; current evidence does not justify capital action
IND465333A1B,IND462022AAA,1,1,1,103.0,145.6182,129.0,170.0,1.2524271844660195,1.2524271844660195,26.0,26.0,1.0,False,0.005557716889901629,7.249800637958533,Monitor; current evidence does not justify capital action
IND852111AAA,IND854335AAA,1,1,1,16.0,23.403,24.0,74.0,1.5,1.5,8.0,8.0,1.0,False,0.005557716889901629,7.216905901116427,Monitor; current evidence does not justify capital action
IND140401AAA,IND147301AAA,1,1,1,23.0,32.8339,34.0,69.0,1.4782608695652173,1.4782608695652173,11.0,11.0,1.0,False,0.005557716889901629,7.179027113237639,Monitor; current evidence does not justify capital action
IND360311AAA,IND360050AAA,1,1,1,45.0,46.9022,62.0,69.0,1.3777777777777778,1.3777777777777778,17.0,17.0,1.0,False,0.005557716889901629,7.0484449760765555,Monitor; current evidence does not justify capital action
IND400072AAB,IND421302AAS,1,1,1,24.0,28.4958,35.0,116.0,1.4583333333333333,1.4583333333333333,11.0,11.0,1.0,False,0.005557716889901629,7.004585326953746,Monitor; current evidence does not justify capital action
IND160002AAC,IND174103AAA,1,1,1,65.0,77.5153,85.0,346.0,1.3076923076923077,1.3076923076923077,20.0,20.0,1.0,False,0.005557716889901629,6.853070175438597,Monitor; current evidence does not justify capital action
IND147105AAA,IND147101AAA,1,1,1,26.0,28.1092,37.0,111.0,1.4230769230769231,1.4230769230769231,11.0,11.0,1.0,False,0.005557716889901629,6.66566985645933,Monitor; current evidence does not justify capital action
IND395010AAB,IND395023AAA,1,1,1,16.0,17.769299999999998,23.0,86.0,1.4375,1.4375,7.0,7.0,1.0,False,0.005557716889901629,6.355661881977672,Monitor; current evidence does not justify capital action
IND184121AAA,IND181152AAA,1,1,1,32.0,36.7359,44.0,47.0,1.375,1.375,12.0,12.0,1.0,False,0.005557716889901629,6.314792663476873,Monitor; current evidence does not justify capital action
IND425109AAA,IND424201AAA,1,1,1,40.0,37.1863,54.0,59.0,1.35,1.35,14.0,14.0,1.0,False,0.005557716889901629,6.220095693779904,Monitor; current evidence does not justify capital action
IND713145AAB,IND741316AAA,1,1,1,23.0,25.0424,32.0,35.0,1.391304347826087,1.391304347826087,9.0,9.0,1.0,False,0.005557716889901629,6.166267942583732,Monitor; current evidence does not justify capital action
IND396105AAA,IND396191AAC,1,1,1,14.0,16.0104,20.0,162.0,1.4285714285714286,1.4285714285714286,6.0,6.0,1.0,False,0.005557716889901629,6.1592902711323765,Monitor; current evidence does not justify capital action
IND423105AAA,IND423106AAA,1,1,1,34.0,36.8306,46.0,88.0,1.3529411764705883,1.3529411764705883,12.0,12.0,1.0,False,0.005557716889901629,6.105462519936204,Monitor; current evidence does not justify capital action
IND145001AAA,IND176303AAA,1,1,1,103.0,78.1911,122.0,164.0,1.1844660194174756,1.1844660194174756,19.0,19.0,0.0,False,0.0,6.071570972886762,Monitor; current evidence does not justify capital action
IND144601AAA,IND144040AAA,1,1,1,38.0,45.7258,51.0,61.0,1.3421052631578947,1.3421052631578947,13.0,13.0,1.0,False,0.005557716889901629,5.982854864433811,Monitor; current evidence does not justify capital action
IND147001AAD,IND148023AAA,1,1,1,63.0,58.9258,79.0,119.0,1.253968253968254,1.253968253968254,16.0,16.0,1.0,False,0.005557716889901629,5.8791866028708135,Monitor; current evidence does not justify capital action
IND507159AAA,IND508206AAA,1,1,1,39.0,34.3921,52.0,67.0,1.3333333333333333,1.3333333333333333,13.0,13.0,1.0,False,0.005557716889901629,5.878189792663477,Monitor; current evidence does not justify capital action
IND282002AAD,IND281004AAA,1,1,1,77.0,81.7643,93.0,177.0,1.2077922077922079,1.2077922077922079,16.0,16.0,1.0,False,0.005557716889901629,5.71969696969697,Monitor; current evidence does not justify capital action
IND122001AAA,IND122101AAC,1,1,1,16.0,13.6755,22.0,53.0,1.375,1.375,6.0,6.0,1.0,False,0.005557716889901629,5.6509170653907494,Monitor; current evidence does not justify capital action
IND504296AAA,IND504208AAB,1,1,1,61.0,59.8443,76.0,90.0,1.2459016393442623,1.2459016393442623,15.0,15.0,1.0,False,0.005557716889901629,5.640948963317384,Monitor; current evidence does not justify capital action
IND147301AAA,IND140401AAA,1,1,1,30.0,39.0861,40.0,61.0,1.3333333333333333,1.3333333333333333,10.0,10.0,1.0,False,0.005557716889901629,5.609051036682615,Monitor; current evidence does not justify capital action
IND733202AAB,IND733210AAA,1,1,1,31.0,30.623,41.0,60.0,1.3225806451612903,1.3225806451612903,10.0,10.0,1.0,False,0.005557716889901629,5.544258373205741,Monitor; current evidence does not justify capital action
IND302014AAB,IND303303AAA,1,1,1,56.0,73.3713,70.0,136.0,1.25,1.25,14.0,14.0,1.0,False,0.005557716889901629,5.467503987240829,Monitor; current evidence does not justify capital action
IND307001AAA,IND306902AAA,1,1,1,26.0,34.3051,34.0,56.0,1.3076923076923077,1.3076923076923077,8.0,8.0,1.0,False,0.005557716889901629,5.238237639553429,Monitor; current evidence does not justify capital action
IND784101AAA,IND790114AAA,1,1,1,32.0,35.4602,41.0,88.0,1.28125,1.28125,9.0,9.0,1.0,False,0.005557716889901629,5.209330143540669,Monitor; current evidence does not justify capital action
IND695541AAA,IND695572AAB,1,1,1,22.0,20.6558,29.0,85.0,1.3181818181818181,1.3181818181818181,7.0,7.0,1.0,False,0.005557716889901629,5.174441786283891,Monitor; current evidence does not justify capital action
IND283122AAB,IND328001AAA,1,1,1,60.0,71.4315,72.0,100.0,1.2,1.2,12.0,12.0,0.0,False,0.0,5.143540669856458,Monitor; current evidence does not justify capital action
IND332001AAB,IND333001AAA,1,1,1,57.0,61.747800000000005,67.0,90.0,1.1754385964912282,1.1754385964912282,10.0,10.0,0.0,False,0.0,4.746810207336523,Monitor; current evidence does not justify capital action
IND756019AAA,IND757041AAA,1,1,1,64.0,61.327,73.0,870.0,1.140625,1.140625,9.0,9.0,0.0,False,0.0,4.536483253588516,Monitor; current evidence does not justify capital action
IND560099AAG,IND560099AAB,1,1,1,8.0,9.3301,10.0,342.0,1.25,1.25,2.0,2.0,1.0,False,0.005557716889901629,4.453748006379586,Monitor; current evidence does not justify capital action
IND756100AAC,IND756045AAB,1,1,1,43.0,42.6292,50.0,181.0,1.1627906976744187,1.1627906976744187,7.0,7.0,0.0,False,0.0,4.3470893141945774,Monitor; current evidence does not justify capital action
IND591237AAB,IND591201AAA,1,1,1,21.0,23.6352,25.0,38.0,1.1904761904761905,1.1904761904761905,4.0,4.0,0.0,False,0.0,4.324162679425838,Monitor; current evidence does not justify capital action
IND333028AAA,IND333502AAA,1,1,1,47.0,40.769400000000005,54.0,54.0,1.148936170212766,1.148936170212766,7.0,7.0,0.0,False,0.0,4.292264752791068,Monitor; current evidence does not justify capital action
IND335524AAA,IND335523AAB,1,1,1,47.0,41.4874,54.0,92.0,1.148936170212766,1.148936170212766,7.0,7.0,0.0,False,0.0,4.292264752791068,Monitor; current evidence does not justify capital action
IND712310AAE,IND711409AAA,1,1,1,16.0,19.579,19.0,66.0,1.1875,1.1875,3.0,3.0,0.0,False,0.0,4.254385964912281,Monitor; current evidence does not justify capital action
IND577101AAA,IND577116AAA,1,1,1,46.0,49.3816,51.0,53.0,1.108695652173913,1.108695652173913,5.0,5.0,0.0,False,0.0,4.017145135566188,Monitor; current evidence does not justify capital action
IND691001AAB,IND690573AAA,1,1,1,37.0,30.4345,40.0,163.0,1.0810810810810811,1.0810810810810811,3.0,3.0,0.0,False,0.0,3.8556618819776713,Monitor; current evidence does not justify capital action
IND689101AAA,IND689650AAA,1,1,1,14.0,15.5632,15.0,82.0,1.0714285714285714,1.0714285714285714,1.0,1.0,0.0,False,0.0,3.7450159489633172,Monitor; current evidence does not justify capital action
IND768028AAB,IND767001AAA,1,1,1,152.0,162.7031,149.0,153.0,0.9802631578947368,0.9802631578947368,0.0,0.0,0.0,False,0.0,3.4310207336523124,Monitor; current evidence does not justify capital action
IND396191AAC,IND396105AAA,1,1,1,23.0,20.7979,22.0,81.0,0.9565217391304348,0.9565217391304348,0.0,0.0,0.0,False,0.0,3.4011164274322168,Monitor; current evidence does not justify capital action
IND403726AAB,IND403507AAB,1,1,1,43.0,35.105599999999995,40.0,460.0,0.9302325581395349,0.9302325581395349,0.0,0.0,0.0,False,0.0,3.381180223285486,Monitor; current evidence does not justify capital action
IND303603AAB,IND303338AAB,1,1,1,57.0,61.3575,50.0,66.0,0.8771929824561403,0.8771929824561403,0.0,0.0,0.0,False,0.0,3.3014354066985643,Monitor; current evidence does not justify capital action
IND465333A1B,IND465333AAA,1,1,1,72.0,58.2535,46.0,60.0,0.6388888888888888,0.6388888888888888,0.0,0.0,0.0,False,0.0,3.171850079744816,Monitor; current evidence does not justify capital action
