source_center,destination_center,time_bucket,evaluated_legs,median_carting_eta_min,median_ftl_eta_min,median_ftl_time_saving_min,median_break_even_ftl_premium,median_ftl_net_value,recommended_route_type,evidence_level
IND246424AAA,IND246174AAA,afternoon,5,854.327871536952,822.0166700432131,44.7384289950013,447.384289950013,-52.615710049987,Carting,low: one mode observed
IND764071AAB,IND530012AAA,afternoon,1,709.9524627988702,667.957556814506,41.99490598436421,419.9490598436421,-80.05094015635791,Carting,low: one mode observed
IND500008AAD,IND501359AAE,morning,1,353.5247229224629,313.6062297640732,39.91849315838971,399.1849315838971,-100.81506841610292,Carting,low: one mode observed
IND208017AAA,IND209304AAA,afternoon,1,331.22702907758855,295.1982731513809,36.02875592620768,360.2875592620768,-139.7124407379232,Carting,low: one mode observed
IND416122AAA,IND395023AAA,afternoon,1,1590.1585142049637,1559.0858755465695,31.072638658394226,310.72638658394226,-189.27361341605774,Carting,unsupported: unseen corridor
IND221313AAA,IND211002AAB,afternoon,2,634.7195259585664,604.8104863198719,29.90903963869448,299.0903963869448,-200.9096036130552,Carting,unsupported: unseen corridor
IND209304AAA,IND221313AAA,afternoon,5,978.5792158828586,953.4210871533708,27.944820615447952,279.4482061544795,-220.55179384552048,Carting,low: one mode observed
IND221313AAA,IND211002AAB,morning,4,644.5193324533391,614.5692692230948,27.66440336713714,276.6440336713714,-223.3559663286286,Carting,unsupported: unseen corridor
IND500039AAC,IND501359AAE,morning,1,316.275472002549,289.2027771774417,27.072694825107305,270.72694825107305,-229.27305174892695,Carting,low: one mode observed
IND121002AAB,IND000000ACB,morning,1,296.3839347352181,270.21347112211976,26.17046361309832,261.7046361309832,-238.2953638690168,Carting,low: one mode observed
IND262122AAB,IND244901AAB,morning,1,503.8908898314588,478.47731831646394,25.413571514994885,254.13571514994885,-245.86428485005115,Carting,low: one mode observed
IND322001AAC,IND302014AAB,night,3,565.3085011104712,535.5069300940038,24.191827753287725,241.91827753287725,-258.08172246712275,Carting,unsupported: unseen corridor
IND759122AAC,IND767017AAA,evening,1,608.906265711977,584.7993101513537,24.106955560623305,241.06955560623305,-258.93044439376695,Carting,unsupported: unseen corridor
IND246424AAA,IND246174AAA,morning,1,892.0149729688512,868.5321454855839,23.48282748326733,234.8282748326733,-265.1717251673267,Carting,low: one mode observed
IND201001AAC,IND000000ACB,night,1,382.2843717996455,358.9040812339516,23.380290565693883,233.80290565693883,-266.19709434306117,Carting,unsupported: unseen corridor
IND733102AAA,IND732103AAB,night,1,452.4386198985125,429.1385723537154,23.30004754479711,233.0004754479711,-266.9995245520289,Carting,unsupported: unseen corridor
IND123401AAB,IND000000ACB,night,3,254.31464365335842,231.64305569689827,22.939580022061023,229.39580022061023,-270.6041997793898,Carting,unsupported: unseen corridor
IND713128AAB,IND731301AAA,morning,1,163.31670166898292,141.04980158279787,22.266900086185046,222.66900086185046,-277.33099913814954,Carting,low: one mode observed
IND121002AAB,IND000000ACB,afternoon,2,278.35564507083393,256.14742876786454,22.208216302969362,222.08216302969362,-277.9178369703064,Carting,low: one mode observed
IND834002AAB,IND825102AAA,afternoon,3,518.0852058202996,495.98910094144543,22.09610487885419,220.96104878854192,-279.0389512114581,Carting,unsupported: unseen corridor
IND700026AAC,IND712311AAA,night,1,280.3260863730429,258.95802407572376,21.36806229731917,213.6806229731917,-286.3193770268083,Carting,low: one mode observed
IND335523AAB,IND125001AAA,night,1,546.8377967827354,525.6665980466732,21.171198736062138,211.71198736062138,-288.2880126393786,Carting,unsupported: unseen corridor
IND500039AAC,IND501359AAE,afternoon,2,301.6793923720953,280.53389253847956,21.14549983361573,211.4549983361573,-288.5450016638427,Carting,low: one mode observed
IND521001AAA,IND521225AAB,night,1,246.8974791653161,225.9103089917087,20.98717017360741,209.8717017360741,-290.1282982639259,Carting,low: one mode observed
IND635207AAA,IND635802AAB,morning,1,242.6749839264617,221.81557553529774,20.859408391163953,208.59408391163953,-291.40591608836047,Carting,unsupported: unseen corridor
IND500008AAC,IND501359AAE,afternoon,1,266.2296870129577,245.57097881100356,20.65870820195414,206.5870820195414,-293.4129179804586,Carting,low: one mode observed
IND500010AAA,IND501359AAE,evening,3,283.0544960285766,262.84460123702456,20.39543779152808,203.95437791528082,-296.0456220847192,Carting,low: one mode observed
IND403002AAA,IND403726AAB,night,1,213.58803089644428,193.3144735292489,20.273557367195394,202.73557367195394,-297.26442632804606,Carting,unsupported: unseen corridor
IND210431AAA,IND209304AAA,morning,1,516.568154651784,496.48345593104233,20.084698720741642,200.84698720741642,-299.1530127925836,Carting,low: one mode observed
IND852118A1B,IND854326AAB,night,1,294.6492242622646,274.6262370641158,20.022987198148826,200.22987198148826,-299.77012801851174,Carting,unsupported: unseen corridor
IND741201AAC,IND712311AAA,night,2,471.5718554385418,452.1574293520213,19.41442608652048,194.14426086520479,-305.8557391347952,Carting,low: one mode observed
IND403401AAA,IND403726AAB,night,1,282.3649571850954,263.2264617924346,19.138495392660843,191.38495392660843,-308.61504607339157,Carting,low: one mode observed
IND602001AAA,IND600116AAB,night,2,315.48233593309754,296.4304397873971,19.051896145700425,190.51896145700425,-309.48103854299575,Carting,low: one mode observed
IND396580AAB,IND396321AAA,night,4,227.2099819277207,206.5743819737944,18.773730847073892,187.73730847073892,-312.2626915292611,Carting,low: one mode observed
IND700088AAA,IND712311AAA,afternoon,1,205.42152003352356,186.67811409368193,18.743405939841637,187.43405939841637,-312.56594060158363,Carting,low: one mode observed
IND303106AAA,IND302014AAA,night,1,212.83482205351535,194.23030939305931,18.604512660456038,186.04512660456038,-313.9548733954396,Carting,low: one mode observed
IND571124AAA,IND570020AAA,morning,3,447.16893569460046,448.86981653616266,18.33119150403587,183.3119150403587,-316.6880849596413,Carting,low: one mode observed
IND282001AAA,IND000000ACB,afternoon,4,531.1482952537581,516.8769767367006,18.190131795441687,181.90131795441687,-318.09868204558313,Carting,unsupported: unseen corridor
IND493445AAB,IND490023AAA,morning,1,292.2754557605339,274.5443690628713,17.73108669766259,177.3108669766259,-322.6891330233741,Carting,unsupported: unseen corridor
IND743270AAA,IND712311AAA,night,4,499.39142569505555,482.1232076630905,17.712798316872124,177.12798316872124,-322.87201683127876,Carting,low: one mode observed
IND756029AAA,IND712311AAA,afternoon,1,774.4446918776935,756.8008989255914,17.643792952102103,176.43792952102103,-323.56207047897897,Carting,unsupported: unseen corridor
IND767001AAA,IND762001AAA,night,1,585.6821015748052,568.0416382920157,17.640463282789483,176.40463282789483,-323.59536717210517,Carting,unsupported: unseen corridor
IND305001AAC,IND342602AAC,evening,1,388.0477947853843,370.44873147333254,17.599063312051783,175.99063312051783,-324.0093668794822,Carting,low: one mode observed
IND828401AAB,IND826004AAA,night,1,349.77269331477055,332.4395513577762,17.333141956994325,173.33141956994325,-326.66858043005675,Carting,low: one mode observed
IND244901AAB,IND243503AAB,afternoon,1,419.2389422486523,402.0722974149216,17.166644833730686,171.66644833730686,-328.33355166269314,Carting,unsupported: unseen corridor
IND641062AAD,IND641001AAA,morning,3,194.65564880792073,177.51112031804388,17.144528489876848,171.44528489876848,-328.5547151012315,Carting,unsupported: unseen corridor
IND410505AAB,IND411033AAA,night,2,164.78671642346364,147.64961346694145,17.137102956522227,171.37102956522227,-328.6289704347777,Carting,unsupported: unseen corridor
IND700136AAB,IND712311AAA,afternoon,1,249.59952901351397,232.53054303419822,17.068985979315755,170.68985979315755,-329.31014020684245,Carting,unsupported: unseen corridor
IND246001AAA,IND249201AAA,afternoon,1,554.6840995081473,537.8595366184745,16.824562889672734,168.24562889672734,-331.75437110327266,Carting,unsupported: unseen corridor
IND712602AAA,IND712311AAA,afternoon,1,402.9123160568385,386.2835027387521,16.62881331808643,166.2881331808643,-333.7118668191357,Carting,unsupported: unseen corridor
IND274301AAB,IND273014AAB,morning,6,488.39591231068664,473.172441693736,16.539960207000377,165.39960207000377,-334.60039792999623,Carting,low: one mode observed
IND700088AAA,IND712311AAA,evening,3,189.8225096407115,172.73112580737748,16.4502356370011,164.502356370011,-335.497643629989,Carting,low: one mode observed
IND712310AAE,IND712103AAA,night,1,185.877353404887,169.64030105646663,16.237052348420377,162.37052348420377,-337.6294765157962,Carting,unsupported: unseen corridor
IND283122AAB,IND328001AAA,night,6,219.38834874617197,203.98189614699388,16.130343435388497,161.30343435388497,-338.696565646115,Carting,low: one mode observed
IND284403AAA,IND472001AAA,morning,1,195.4079366400136,179.43028096029227,15.977655679721323,159.77655679721323,-340.22344320278677,Carting,low: one mode observed
IND245101AAA,IND201007AAA,night,2,248.395314027754,232.70158673474052,15.693727293013481,156.9372729301348,-343.0627270698652,Carting,unsupported: unseen corridor
IND201001AAC,IND110037AAM,evening,1,247.12170046651985,231.57595100036224,15.545749466157616,155.45749466157616,-344.54250533842384,Carting,unsupported: unseen corridor
IND477001AAB,IND474003AAA,morning,3,716.2744383789095,719.6186456045266,15.510653719746188,155.10653719746188,-344.8934628025381,Carting,low: one mode observed
IND743347AAA,IND700053AAA,night,2,330.4147339145012,315.026633682519,15.388100231982207,153.88100231982207,-346.1189976801779,Carting,low: one mode observed
IND641001AAA,IND641062AAD,night,1,157.49120463160452,142.3800682246141,15.111136406990425,151.11136406990425,-348.88863593009575,Carting,low: one mode observed
IND481661AAA,IND842003AAB,morning,3,459.51357706023674,444.41637277364686,15.097204286589886,150.97204286589886,-349.02795713410114,Carting,low: one mode observed
IND521165AAA,IND521225AAB,night,2,200.0603098542361,184.97301691836668,15.087292935869414,150.87292935869414,-349.12707064130586,Carting,low: one mode observed
IND321606AAA,IND301001AAB,night,1,523.7066357282544,508.65748356010994,15.049152168144417,150.49152168144417,-349.50847831855583,Carting,low: one mode observed
IND785690AAB,IND785682AAA,night,6,255.6052811651177,243.00419133175654,15.044728595826072,150.44728595826072,-349.55271404173925,Carting,low: one mode observed
IND134203AAA,IND160002AAC,night,1,178.48739119018174,163.52807533114333,14.959315859038412,149.59315859038412,-350.4068414096159,Carting,unsupported: unseen corridor
IND322201AAA,IND302014AAB,night,1,302.34374613876594,287.4067953334225,14.936950805343429,149.3695080534343,-350.6304919465657,Carting,low: one mode observed
IND673632AAA,IND673104AAA,evening,1,206.99765347100654,192.11016735634257,14.887486114663972,148.87486114663972,-351.1251388533603,Carting,unsupported: unseen corridor
IND641062AAD,IND641008AAA,morning,1,253.28652569996984,238.54679844552106,14.73972725444878,147.3972725444878,-352.6027274555122,Carting,low: one mode observed
IND625218AAA,IND624703AAA,morning,1,248.5071023156591,233.77087953303376,14.736222782625333,147.36222782625333,-352.63777217374667,Carting,unsupported: unseen corridor
IND364270AAA,IND364001AAA,morning,2,175.1500825295216,160.42932351423627,14.720759015285324,147.20759015285324,-352.79240984714676,Carting,unsupported: unseen corridor
IND802212AAA,IND821115AAB,morning,2,598.8761158135535,584.199627654112,14.67648815944159,146.7648815944159,-353.2351184055841,Carting,low: one mode observed
IND534260AAC,IND533106AAA,morning,2,196.61508733337303,182.10098100073898,14.514106332634057,145.14106332634057,-354.8589366736594,Carting,low: one mode observed
IND131028AAE,IND124507AAA,evening,1,204.7438653055338,190.29214657235636,14.451718733177444,144.51718733177444,-355.48281266822556,Carting,unsupported: unseen corridor
IND181152AAB,IND184121AAA,morning,1,133.5200651621477,119.14577843849143,14.374286723656255,143.74286723656255,-356.2571327634374,Carting,low: one mode observed
IND441603AAA,IND442605AAA,morning,1,133.57799981564935,119.35185512809066,14.226144687558687,142.26144687558687,-357.7385531244131,Carting,unsupported: unseen corridor
IND733129AAA,IND732103AAB,night,1,197.13111046024957,182.912023828678,14.219086631571571,142.1908663157157,-357.8091336842843,Carting,low: one mode observed
IND643212AAA,IND641062AAD,morning,1,398.5829168224595,384.6206104077882,13.962306414671275,139.62306414671275,-360.37693585328725,Carting,low: one mode observed
IND423109AAA,IND423701AAB,morning,1,124.39916390525632,110.54705777019836,13.852106135057952,138.52106135057952,-361.47893864942046,Carting,unsupported: unseen corridor
IND485001AAC,IND488001AAA,evening,1,418.9266572761421,405.15209004033164,13.77456723581048,137.7456723581048,-362.2543276418952,Carting,low: one mode observed
IND600004AAA,IND600008AAC,morning,1,193.55497283861436,179.78501092478092,13.769961913833441,137.6996191383344,-362.3003808616656,Carting,low: one mode observed
IND846004AAA,IND847404AAB,night,1,145.91838433214716,132.17734634303423,13.741037989112925,137.41037989112925,-362.58962010887075,Carting,unsupported: unseen corridor
IND509301AAA,IND501359AAE,night,1,207.47963566852462,193.77143523382267,13.70820043470195,137.0820043470195,-362.9179956529805,Carting,low: one mode observed
IND504201AAA,IND505001AAB,night,1,365.8818227314651,352.3617073180254,13.520115413439669,135.2011541343967,-364.7988458656033,Carting,unsupported: unseen corridor
IND221313AAA,IND276128AAA,afternoon,2,380.56051193527094,367.21854001881593,13.341971916455009,133.4197191645501,-366.5802808354499,Carting,unsupported: unseen corridor
IND507159AAA,IND507002AAA,morning,1,547.0507401331329,533.7589078029413,13.291832330191596,132.91832330191596,-367.08167669808404,Carting,low: one mode observed
IND331701AAA,IND125001AAA,morning,1,394.79936949786304,381.69960726553234,13.099762232330704,130.99762232330704,-369.00237767669296,Carting,low: one mode observed
IND641006AAD,IND641062AAD,afternoon,2,142.24632259413758,129.24803092471606,12.998291669421526,129.98291669421525,-370.0170833057847,Carting,low: one mode observed
IND152116AAA,IND152026AAA,night,1,159.63564981444816,146.64131511111356,12.994334703334601,129.94334703334601,-370.056652966654,Carting,unsupported: unseen corridor
IND174103AAA,IND160002AAC,morning,1,241.51986437684667,228.53623539216227,12.983628984684401,129.836289846844,-370.163710153156,Carting,low: one mode observed
IND700053AAA,IND700144AAA,evening,3,212.73369729877922,201.68337472460695,12.980278911339497,129.80278911339497,-370.19721088660503,Carting,unsupported: unseen corridor
IND642001AAA,IND642126AAA,night,1,120.6306111355417,107.66628018388901,12.964330951652684,129.64330951652684,-370.35669048347313,Carting,unsupported: unseen corridor
IND204101AAA,IND282002AAD,night,2,309.1979560014616,296.32935959726433,12.868596404197234,128.68596404197234,-371.31403595802766,Carting,unsupported: unseen corridor
IND208006AAA,IND209304AAA,night,3,181.18485496104879,170.05080555443345,12.75901439660825,127.59014396608251,-372.4098560339175,Carting,unsupported: unseen corridor
IND500008AAC,IND501359AAE,morning,2,225.70433384589415,213.008795710762,12.695538135132182,126.95538135132182,-373.0446186486782,Carting,low: one mode observed
IND505209AAA,IND505001AAB,night,1,210.80876243007435,198.1422159027675,12.66654652730685,126.66546527306849,-373.3345347269315,Carting,low: one mode observed
IND110035AAC,IND110037AAM,evening,1,167.18472728671722,154.58186709114491,12.602860195572305,126.02860195572305,-373.97139804427695,Carting,low: one mode observed
IND583119AAA,IND583101AAA,night,2,336.23982405699513,323.6856868053327,12.554137251662468,125.54137251662468,-374.4586274833753,Carting,low: one mode observed
IND364290AAA,IND365560AAB,morning,1,123.66506546813366,111.11213637138394,12.552929096749722,125.52929096749722,-374.4707090325028,Carting,unsupported: unseen corridor
IND781124AAA,IND781018AAB,night,3,199.6720496564758,187.12117368522468,12.550875971251116,125.50875971251116,-374.49124028748884,Carting,low: one mode observed
IND523201AAA,IND523002AAA,night,1,166.0325757945634,153.56623518705152,12.466340607511881,124.66340607511881,-375.3365939248812,Carting,low: one mode observed
IND754202AAA,IND751002AAB,morning,1,157.02235513749835,144.57423864779173,12.44811648970662,124.48116489706621,-375.5188351029338,Carting,unsupported: unseen corridor
IND781001AAA,IND781018AAB,morning,4,184.4663133877366,171.7558669310411,12.428961000257218,124.28961000257218,-375.7103899974278,Carting,low: one mode observed
IND500010AAA,IND501401AAC,morning,1,112.15853571144707,99.778309131551,12.380226579896075,123.80226579896075,-376.1977342010392,Carting,unsupported: unseen corridor
IND441206AAB,IND441603AAA,night,1,286.5914754496661,274.2704262184274,12.321049231238703,123.21049231238703,-376.78950768761297,Carting,unsupported: unseen corridor
IND151103AAA,IND151001AAA,night,2,143.51502859345018,131.2305367746875,12.284491818762689,122.84491818762689,-377.1550818123731,Carting,unsupported: unseen corridor
IND768201AAA,IND770001AAA,night,1,137.83169167167372,125.59849022758287,12.233201444090852,122.33201444090852,-377.66798555909145,Carting,unsupported: unseen corridor
IND243001AAA,IND244901AAB,night,1,318.46487771396534,306.365280942883,12.09959677108236,120.9959677108236,-379.0040322891764,Carting,low: one mode observed
IND201301AAF,IND201301AAL,morning,1,105.81075831989212,93.7580905346953,12.052667785196817,120.52667785196817,-379.4733221480318,Carting,unsupported: unseen corridor
IND000000ADM,IND683511AAA,night,1,132.09818050951293,120.15491626197404,11.943264247538892,119.43264247538892,-380.5673575246111,Carting,unsupported: unseen corridor
IND466116AAA,IND462022AAA,afternoon,3,335.2310641389652,322.92989368637956,11.835803034051025,118.35803034051025,-381.64196965948975,Carting,low: one mode observed
IND756019AAA,IND756029AAA,afternoon,1,169.6071062900028,157.804543522069,11.802562767933807,118.02562767933807,-381.9743723206619,Carting,unsupported: unseen corridor
IND362220AAA,IND362265AAA,night,2,115.98916475731615,104.20414913514423,11.785015622171912,117.85015622171912,-382.1498437782809,Carting,unsupported: unseen corridor
IND572101AAA,IND562101AAA,morning,1,260.21139670021313,248.47652780489867,11.734868895314463,117.34868895314463,-382.65131104685537,Carting,unsupported: unseen corridor
IND132103AAB,IND132001AAA,night,2,132.43235473803486,120.72326867588616,11.709086062148685,117.09086062148685,-382.90913937851315,Carting,unsupported: unseen corridor
IND641006AAD,IND641062AAD,morning,2,142.09064487609626,130.40543537104242,11.685209505053834,116.85209505053834,-383.1479049494617,Carting,low: one mode observed
IND423109AAA,IND413709AAA,night,1,110.65359455723731,98.97001783338655,11.683576723850763,116.83576723850763,-383.16423276149237,Carting,unsupported: unseen corridor
IND843126AAA,IND842001AAA,morning,1,459.0963256389766,447.41668662295893,11.679639016017688,116.79639016017688,-383.2036098398231,Carting,low: one mode observed
IND505001AAB,IND504251AAA,evening,1,325.1829498453381,313.5064849788124,11.676464866525691,116.76464866525691,-383.2353513347431,Carting,unsupported: unseen corridor
IND000000AFT,IND410206AAA,night,1,129.44188614314308,117.86936895728333,11.572517185859752,115.72517185859752,-384.2748281414025,Carting,low: one mode observed
IND415408AAC,IND416012AAA,morning,2,529.1264377660923,517.5598084689266,11.566629297165832,115.66629297165832,-384.3337070283417,Carting,low: one mode observed
IND509301AAA,IND509216AAC,night,5,107.36269985318188,95.99499192527429,11.537136716829949,115.37136716829949,-384.62863283170054,Carting,unsupported: unseen corridor
IND500039AAC,IND501359AAE,evening,2,233.48721031422045,221.95573117215633,11.531479142064114,115.31479142064114,-384.68520857935886,Carting,low: one mode observed
IND462022AAA,IND462042AAA,morning,1,112.44011557848275,100.90933230227041,11.530783276212333,115.30783276212333,-384.6921672378767,Carting,low: one mode observed
IND388320AAA,IND388220AAA,night,1,110.08330534092424,98.61147326494024,11.471832075983997,114.71832075983997,-385.28167924016003,Carting,unsupported: unseen corridor
IND411048AAA,IND411014AAA,morning,1,129.93418916962784,118.52077205206062,11.41341711756722,114.13417117567221,-385.86582882432776,Carting,low: one mode observed
IND147301AAA,IND000000ACA,night,1,158.621959385543,147.21867214620795,11.403287239335043,114.03287239335043,-385.96712760664957,Carting,unsupported: unseen corridor
IND826004AAA,IND828205AAA,night,1,112.6891597867191,101.32639233177787,11.362767454941235,113.62767454941235,-386.37232545058765,Carting,unsupported: unseen corridor
IND416606AAA,IND416510AAA,morning,4,657.8921200755279,653.8315807320896,11.29556316303217,112.9556316303217,-387.0443683696783,Carting,low: one mode observed
IND491001AAA,IND494334AAB,night,1,439.106639182644,427.83423351806215,11.272405664581868,112.72405664581868,-387.2759433541813,Carting,unsupported: unseen corridor
IND712124AAA,IND712310AAE,morning,2,114.10387482884363,102.87322804609202,11.230646782751613,112.30646782751613,-387.69353217248386,Carting,unsupported: unseen corridor
IND410503AAA,IND410505AAB,night,2,115.94282316551453,104.81380473437244,11.129018431142079,111.29018431142079,-388.70981568857917,Carting,unsupported: unseen corridor
IND382430AAB,IND387620AAB,evening,1,282.20407621398743,271.08081298284014,11.123263231147291,111.23263231147291,-388.7673676885271,Carting,unsupported: unseen corridor
IND416404AAA,IND416012AAA,morning,1,520.3293483225684,509.27513753581025,11.054210786758176,110.54210786758176,-389.45789213241824,Carting,low: one mode observed
IND470113AAA,IND470227AAB,night,1,319.9913834509291,308.9439715912911,11.047411859638032,110.47411859638032,-389.5258814036197,Carting,unsupported: unseen corridor
IND152101AAA,IND152026AAA,night,2,141.28763601191923,130.25687306681274,11.030762945106474,110.30762945106474,-389.6923705489353,Carting,unsupported: unseen corridor
IND500008AAC,IND501359AAE,evening,1,209.81706612707637,198.78755208124318,11.029514045833196,110.29514045833196,-389.70485954166804,Carting,low: one mode observed
IND624703AAA,IND624619AAA,night,1,161.24205611509035,150.2138224102872,11.028233704803142,110.28233704803142,-389.7176629519686,Carting,unsupported: unseen corridor
IND272001AAA,IND272175AAA,afternoon,2,153.34951755253653,142.33138588266038,11.01813166987614,110.1813166987614,-389.8186833012386,Carting,unsupported: unseen corridor
IND500039AAC,IND501359AAE,night,1,292.74486993573953,281.7423385331812,11.002531402558304,110.02531402558304,-389.97468597441696,Carting,low: one mode observed
IND152026AAA,IND152107AAA,night,1,103.45755563804087,92.57895184751375,10.878603790527123,108.78603790527123,-391.2139620947288,Carting,unsupported: unseen corridor
IND201001AAC,IND110037AAM,afternoon,1,280.317366970619,269.4672616689647,10.85010530165431,108.5010530165431,-391.4989469834569,Carting,unsupported: unseen corridor
IND124112AAA,IND125001AAA,afternoon,2,241.41017886129765,230.6236941970296,10.78648466426803,107.8648466426803,-392.1351533573197,Carting,unsupported: unseen corridor
IND756019AAA,IND757025AAA,afternoon,3,389.89243758639486,381.4316300894105,10.77541259713388,107.7541259713388,-392.2458740286612,Carting,low: one mode observed
IND126116AAA,IND131301AAA,night,5,256.94436231995235,245.54628946415335,10.7266441407441,107.266441407441,-392.733558592559,Carting,unsupported: unseen corridor
IND222125AAB,IND222001AAA,morning,1,102.74597488728334,92.04173472028543,10.704240166997906,107.04240166997906,-392.9575983300209,Carting,unsupported: unseen corridor
IND403702AAA,IND581314AAA,night,1,180.70898183477271,170.11280495675206,10.596176878020657,105.96176878020657,-394.03823121979343,Carting,unsupported: unseen corridor
IND721306AAA,IND721253AAC,night,1,167.0169592681015,156.44546907616294,10.571490191938551,105.71490191938551,-394.2850980806145,Carting,unsupported: unseen corridor
IND470004AAA,IND473443AAA,evening,2,327.21606235799976,316.6612318239373,10.55483053406246,105.54830534062461,-394.4516946593754,Carting,unsupported: unseen corridor
IND712124AAA,IND712310AAE,night,1,113.96447690930616,103.41841290795853,10.54606400134763,105.46064001347631,-394.53935998652366,Carting,unsupported: unseen corridor
IND302026AAA,IND302014AAB,morning,1,181.84305787450947,171.3304036609839,10.512654213525565,105.12654213525565,-394.87345786474435,Carting,low: one mode observed
IND276305AAA,IND223101AAB,night,3,101.8303437861301,91.25303472598394,10.417532327563876,104.17532327563876,-395.8246767243612,Carting,low: one mode observed
IND152123AAA,IND152026AAA,night,1,219.19858966754452,208.79019497124443,10.408394696300093,104.08394696300093,-395.9160530369991,Carting,unsupported: unseen corridor
IND825102AAA,IND827013AAA,evening,3,153.58414603532407,146.37150422962645,10.391877350323142,103.91877350323142,-396.0812264967686,Carting,unsupported: unseen corridor
IND201301AAM,IND000000ACB,night,2,322.2089091041192,324.38851159766034,-2.179602493541182,103.79759588361111,-396.2024041163889,Carting,low: one mode observed
IND282001AAA,IND000000ACB,evening,1,521.9362143537836,511.55719651384345,10.379017839940161,103.79017839940161,-396.2098216005984,Carting,unsupported: unseen corridor
IND713205AAB,IND722101AAA,night,1,267.423643075634,257.06222080089066,10.361422274743347,103.61422274743347,-396.3857772525665,Carting,low: one mode observed
IND530012AAA,IND531001AAA,night,4,103.19452815754222,93.27043580880706,10.361359949991993,103.61359949991993,-396.3864005000801,Carting,low: one mode observed
IND625008AAA,IND625516AAA,evening,1,400.762282493577,390.42289614833055,10.339386345246453,103.39386345246453,-396.60613654753547,Carting,unsupported: unseen corridor
IND631003AAA,IND600056AAB,night,5,207.42804782781727,206.07652231650735,10.220801314531116,102.20801314531116,-397.79198685468884,Carting,low: one mode observed
IND400701AAA,IND400705AAA,morning,1,94.54551563228628,84.32865370740791,10.216861924878373,102.16861924878373,-397.8313807512163,Carting,unsupported: unseen corridor
IND531116AAA,IND530012AAA,night,3,287.2845632276707,277.05901251410813,10.215179785276177,102.15179785276177,-397.8482021472382,Carting,unsupported: unseen corridor
IND221313AAA,IND221401AAA,afternoon,1,155.05329777732032,144.83881188605298,10.214485891267344,102.14485891267344,-397.85514108732656,Carting,unsupported: unseen corridor
IND201007AAA,IND245101AAA,night,2,192.23088712119932,182.03030756183944,10.20057955935988,102.0057955935988,-397.9942044064012,Carting,unsupported: unseen corridor
IND845418AAB,IND842001AAA,morning,1,367.2900094715065,357.1368460679078,10.153163403598683,101.53163403598683,-398.4683659640132,Carting,low: one mode observed
IND686540AAA,IND686028AAB,night,1,198.49396726151127,188.34925426440205,10.144712997109224,101.44712997109224,-398.55287002890776,Carting,low: one mode observed
IND635601AAB,IND635207AAA,night,1,93.77838040284169,83.64637502320436,10.132005379637334,101.32005379637334,-398.6799462036266,Carting,unsupported: unseen corridor
IND416606AAA,IND416510AAA,night,2,672.3348807420184,662.2138533422744,10.121027399744094,101.21027399744094,-398.78972600255906,Carting,low: one mode observed
IND445101AAA,IND440014AAA,morning,1,112.42134704683808,102.36181180980037,10.059535237037707,100.59535237037707,-399.4046476296229,Carting,unsupported: unseen corridor
IND560083AAB,IND562132AAA,afternoon,2,215.15398040253052,205.1007448137797,10.053235588750823,100.53235588750823,-399.46764411249177,Carting,low: one mode observed
IND411014AAA,IND411048AAA,night,3,113.44983713593383,106.45652565958903,9.998060577046942,99.98060577046942,-400.0193942295306,Carting,low: one mode observed
IND733202AAC,IND733210AAA,morning,1,131.27220338100648,121.31954113963404,9.952662241372437,99.52662241372437,-400.47337758627566,Carting,unsupported: unseen corridor
IND181152AAB,IND181201AAB,night,4,109.52310050907059,99.20496393783188,9.834443546448682,98.34443546448682,-401.6555645355132,Carting,low: one mode observed
IND413709AAA,IND423601AAA,morning,1,147.02105208208383,137.2631408983871,9.757911183696734,97.57911183696734,-402.42088816303266,Carting,unsupported: unseen corridor
IND461001AAA,IND461111AAA,morning,1,85.70470948225781,75.95352261948238,9.751186862775427,97.51186862775427,-402.48813137224573,Carting,unsupported: unseen corridor
IND852201AAA,IND854326AAB,night,1,378.97245471926834,369.2346103042582,9.737844415010159,97.37844415010159,-402.6215558498984,Carting,unsupported: unseen corridor
IND000000AFG,IND673632AAA,night,3,179.15148227875684,170.9360937753682,9.724800179711934,97.24800179711934,-402.75199820288066,Carting,unsupported: unseen corridor
IND854311AAA,IND852118A1B,night,2,112.54668510764661,102.86908540547961,9.677599702166994,96.77599702166994,-403.2240029783301,Carting,low: one mode observed
IND205001AAB,IND283203AAA,evening,1,326.02174420749895,316.3570271104141,9.66471709708486,96.6471709708486,-403.3528290291514,Carting,unsupported: unseen corridor
IND695609AAA,IND695012AAA,night,1,135.73438872779985,126.08301401491207,9.651374712887787,96.51374712887787,-403.48625287112213,Carting,low: one mode observed
IND673632AAA,IND673305AAA,evening,4,190.31196105513962,180.89633252104414,9.597085182070373,95.97085182070373,-404.02914817929627,Carting,unsupported: unseen corridor
IND743395AAA,IND700053AAA,morning,1,271.66526189173356,262.0816567940887,9.583605097644863,95.83605097644863,-404.16394902355137,Carting,unsupported: unseen corridor
IND533003AAA,IND533106AAA,night,1,206.88303181744487,197.30899461640092,9.57403720104395,95.7403720104395,-404.2596279895605,Carting,low: one mode observed
IND431112AAB,IND431136AAC,night,6,270.2029871847683,261.4236374986633,9.48120163331643,94.81201633316431,-405.1879836668357,Carting,low: one mode observed
IND811213AAA,IND811201AAB,night,1,125.26961689207995,115.8564517959912,9.413165096088747,94.13165096088747,-405.86834903911256,Carting,unsupported: unseen corridor
IND110037AAM,IND201001AAC,evening,4,243.29408871953325,233.89626263218508,9.397826087348136,93.97826087348136,-406.02173912651864,Carting,low: one mode observed
IND516360AAB,IND516001AAA,night,2,174.9803564161136,165.6229604634966,9.357395952617011,93.57395952617011,-406.42604047382986,Carting,unsupported: unseen corridor
IND311301AAA,IND305624AAA,night,2,151.90820767639912,142.56058992514798,9.34761775125115,93.4761775125115,-406.5238224874885,Carting,low: one mode observed
IND152107AAA,IND152026AAA,night,1,127.67775409144173,118.40968941086818,9.268064680573545,92.68064680573545,-407.3193531942645,Carting,unsupported: unseen corridor
IND811201AAB,IND811213AAA,night,2,125.68073211321979,116.43727290871736,9.243459204502422,92.43459204502422,-407.56540795497574,Carting,unsupported: unseen corridor
IND583227AAA,IND583201AAA,night,1,112.77365224240232,103.54560566115966,9.228046581242666,92.28046581242666,-407.71953418757334,Carting,unsupported: unseen corridor
IND676509AAA,IND678583AAA,night,1,131.39581974729907,122.17208225519246,9.223737492106608,92.23737492106608,-407.7626250789339,Carting,unsupported: unseen corridor
IND000000ABG,IND501359AAF,afternoon,2,266.1950449981648,257.01682652330067,9.178218474864167,91.78218474864167,-408.21781525135833,Carting,low: one mode observed
IND400072AAB,IND401104AAB,night,1,115.25343479297467,106.08762276805874,9.165812024915937,91.65812024915937,-408.34187975084063,Carting,unsupported: unseen corridor
IND700144AAA,IND743395AAA,night,4,101.22854424856669,92.55534532853486,9.129093164230817,91.29093164230817,-408.7090683576919,Carting,unsupported: unseen corridor
IND141003AAB,IND141109AAA,night,1,133.1798904866298,124.11086544671913,9.06902503991067,90.6902503991067,-409.30974960089327,Carting,unsupported: unseen corridor
IND571104AAA,IND573142AAA,night,1,108.57920751293082,99.5173733451581,9.061834167772716,90.61834167772716,-409.38165832227287,Carting,unsupported: unseen corridor
IND501301AAC,IND500039AAC,morning,1,93.04955382117949,83.99538087647814,9.05417294470135,90.5417294470135,-409.4582705529865,Carting,low: one mode observed
IND110037AAM,IND201001AAC,night,3,234.1693024625074,225.11535815173553,9.053944310771868,90.53944310771868,-409.4605568922813,Carting,low: one mode observed
IND327001AAB,IND312605AAB,night,2,173.98144477370252,164.93451863915737,9.046926134545132,90.46926134545132,-409.5307386545487,Carting,low: one mode observed
IND811213AAA,IND813213AAA,night,2,134.98761351650722,125.97965374227354,9.007959774233683,90.07959774233683,-409.92040225766317,Carting,unsupported: unseen corridor
IND387620AAB,IND389230AAB,night,1,229.1013708570651,220.12452104393753,8.976849813127558,89.76849813127558,-410.2315018687244,Carting,unsupported: unseen corridor
IND140401AAA,IND000000ACA,night,1,183.2682390769502,174.29554686590578,8.972692211044432,89.72692211044432,-410.2730778895557,Carting,low: one mode observed
IND792120AAB,IND786181AAC,morning,1,170.91445096080577,161.98691008538646,8.92754087541931,89.27540875419311,-410.7245912458069,Carting,low: one mode observed
IND700053AAA,IND700144AAA,night,2,188.80180149257194,179.88133827532278,8.92046321724915,89.2046321724915,-410.79536782750847,Carting,unsupported: unseen corridor
IND732103AAB,IND732202AAA,night,2,107.95589567508873,99.05167774223277,8.904217932855957,89.04217932855957,-410.95782067144046,Carting,low: one mode observed
IND484224AAA,IND484446AAA,morning,1,182.37435732444263,173.47655388789025,8.89780343655238,88.9780343655238,-411.0219656344762,Carting,unsupported: unseen corridor
IND327001AAB,IND312605AAB,evening,1,170.62753153749162,161.75694883173836,8.870582705753264,88.70582705753264,-411.29417294246736,Carting,low: one mode observed
IND691305AAA,IND691551AAA,night,1,97.59744807079072,88.76047189848953,8.836976172301192,88.36976172301192,-411.63023827698805,Carting,unsupported: unseen corridor
IND223101AAB,IND222125AAB,morning,4,91.2824814655095,82.45929574787544,8.83237102208416,88.3237102208416,-411.67628977915837,Carting,low: one mode observed
IND205001AAB,IND209721AAB,afternoon,2,279.33484513521677,270.5243477376076,8.810497397609169,88.10497397609169,-411.8950260239083,Carting,low: one mode observed
IND752050AAA,IND751002AAB,night,1,89.59423426767634,80.78374304544833,8.81049122222801,88.10491222228009,-411.89508777771994,Carting,low: one mode observed
IND462022AAA,IND462001AAA,night,1,104.45448298785453,95.65384598471223,8.800637003142299,88.00637003142299,-411.993629968577,Carting,low: one mode observed
IND132103AAB,IND131028AAB,morning,1,252.26097790014583,243.46801262735326,8.792965272792571,87.92965272792571,-412.0703472720743,Carting,low: one mode observed
IND786184AAA,IND786190AAA,night,1,102.74355088874566,93.95416653241791,8.789384356327744,87.89384356327744,-412.1061564367226,Carting,low: one mode observed
IND811201AAB,IND813213AAA,night,2,125.04172843311648,116.34763261124336,8.69409582187312,86.9409582187312,-413.05904178126883,Carting,unsupported: unseen corridor
IND722101AAB,IND713205AAB,night,1,205.25474951836486,196.57589695867932,8.678852559685538,86.78852559685538,-413.2114744031446,Carting,unsupported: unseen corridor
IND586101AAB,IND416404AAA,morning,1,124.82238783114215,116.19623303186287,8.626154799279277,86.26154799279277,-413.73845200720723,Carting,low: one mode observed
IND754211AAA,IND754202AAA,night,1,153.79089740996955,145.19885398245344,8.592043427516103,85.92043427516103,-414.079565724839,Carting,unsupported: unseen corridor
IND786181AAC,IND792120AAB,night,2,201.53515171104817,192.94416224549013,8.590989465558039,85.90989465558039,-414.0901053444196,Carting,low: one mode observed
IND152116AAA,IND152107AAA,night,1,90.38313123565048,81.79633054221159,8.586800693438889,85.86800693438889,-414.13199306561114,Carting,unsupported: unseen corridor
IND713128AAB,IND731301AAA,night,1,144.4870792515357,135.90120690105147,8.585872350484237,85.85872350484237,-414.1412764951576,Carting,low: one mode observed
IND276305AAA,IND223101AAB,morning,1,101.21486350464981,92.6470250253639,8.56783847928591,85.6783847928591,-414.3216152071409,Carting,low: one mode observed
IND600073AAA,IND603203AAA,morning,1,90.4125054197929,81.92134070178957,8.491164718003319,84.91164718003319,-415.0883528199668,Carting,unsupported: unseen corridor
IND712311AAA,IND743235AAA,evening,4,293.5041622026858,284.37352339063284,8.45607949304005,84.5607949304005,-415.4392050695995,Carting,low: one mode observed
IND508206AAA,IND508207AAB,night,4,144.86750711078525,138.50317701073354,8.437598750772878,84.37598750772878,-415.6240124922712,Carting,unsupported: unseen corridor
IND534001AAA,IND521225AAB,night,1,228.97665202428556,220.5719348789205,8.404717145365055,84.04717145365055,-415.95282854634945,Carting,unsupported: unseen corridor
IND221313AAA,IND232101AAB,afternoon,3,115.33217766833053,106.94172636106887,8.390451307261657,83.90451307261657,-416.09548692738343,Carting,unsupported: unseen corridor
IND768216AAA,IND770001AAA,night,3,106.1859648594335,97.80160990745719,8.384354951976306,83.84354951976306,-416.1564504802369,Carting,low: one mode observed
IND243002AAA,IND243503AAB,night,1,107.00824689859472,98.68383968098368,8.32440721761104,83.2440721761104,-416.7559278238896,Carting,unsupported: unseen corridor
IND302006AAC,IND302014AAB,night,1,100.5175921618648,92.23337004130153,8.284222120563271,82.84222120563271,-417.1577787943673,Carting,unsupported: unseen corridor
IND673632AAA,IND676306AAA,evening,4,111.52962056599267,102.67123988994967,8.210348833993216,82.10348833993216,-417.89651166006786,Carting,unsupported: unseen corridor
IND152026AAA,IND152024AAA,night,1,92.82102598309157,84.67091298222188,8.150113000869695,81.50113000869695,-418.4988699913031,Carting,low: one mode observed
IND572201AAB,IND573103AAA,night,1,83.7080714531169,75.57580418826657,8.132267264850327,81.32267264850327,-418.67732735149673,Carting,unsupported: unseen corridor
IND752030AAA,IND754022AAA,night,1,107.5337635987596,99.42093570376183,8.112827894997778,81.12827894997778,-418.8717210500222,Carting,unsupported: unseen corridor
IND828111AAA,IND826004AAA,morning,2,182.4185250452632,174.34379591042256,8.074729134840652,80.74729134840652,-419.2527086515935,Carting,low: one mode observed
IND507002AAA,IND507159AAA,evening,2,109.65238097307969,101.59377774762993,8.058603225449765,80.58603225449765,-419.41396774550236,Carting,low: one mode observed
IND826004AAA,IND828111AAA,night,2,79.23831462795006,71.18117257910936,8.05714204884071,80.5714204884071,-419.4285795115929,Carting,unsupported: unseen corridor
IND403726AAB,IND403401AAA,evening,1,237.65772731588447,229.61213901865213,8.045588297232342,80.45588297232342,-419.5441170276766,Carting,low: one mode observed
IND824101AAA,IND821307AAA,night,1,80.36838577335237,72.33375862717456,8.034627146177812,80.34627146177812,-419.6537285382219,Carting,low: one mode observed
IND632301AAA,IND632006AAA,night,1,151.65647505801667,143.63952238939942,8.01695266861725,80.1695266861725,-419.8304733138275,Carting,unsupported: unseen corridor
IND306902AAA,IND306116AAA,morning,1,100.77898901294587,92.80362476731594,7.975364245629933,79.75364245629933,-420.2463575437007,Carting,unsupported: unseen corridor
IND781001AAA,IND781018AAB,night,2,175.10522711710695,167.15630448199,7.948922635116972,79.48922635116972,-420.5107736488303,Carting,low: one mode observed
IND362001AAA,IND362265AAA,night,1,162.84546273217558,154.8984488481226,7.9470138840529785,79.47013884052978,-420.5298611594702,Carting,low: one mode observed
IND811307AAA,IND811201AAB,night,1,226.92901279678543,218.99519585163952,7.933816945145907,79.33816945145907,-420.66183054854093,Carting,unsupported: unseen corridor
IND532201AAA,IND761200AAA,morning,1,115.22921267732046,107.2997307657032,7.929481911617259,79.29481911617259,-420.70518088382744,Carting,unsupported: unseen corridor
IND670643AAA,IND673632AAA,night,5,333.3783129579103,325.47004031116336,7.908272646746923,79.08272646746923,-420.91727353253077,Carting,unsupported: unseen corridor
IND786001AAB,IND786190AAA,night,1,241.86090233788184,233.99286431787766,7.868038020004178,78.68038020004178,-421.3196197999582,Carting,unsupported: unseen corridor
IND331304AAA,IND332001AAB,morning,1,431.9548332702174,424.1196030387685,7.835230231448918,78.35230231448918,-421.6476976855108,Carting,low: one mode observed
IND516001AAA,IND516227AAA,night,2,179.3311835203928,171.51979515209266,7.8113883683001575,78.11388368300157,-421.8861163169984,Carting,unsupported: unseen corridor
IND110037AAM,IND250002AAC,afternoon,1,554.1192040589248,546.3315070314874,7.787697027437389,77.87697027437389,-422.1230297256261,Carting,unsupported: unseen corridor
IND274509AAB,IND274402AAA,night,2,149.18838429685968,141.42011801326157,7.768266283598109,77.68266283598109,-422.3173371640189,Carting,unsupported: unseen corridor
IND560085AAA,IND562132AAA,night,1,154.4921264519959,146.74970180760383,7.7424246443920595,77.4242464439206,-422.5757535560794,Carting,low: one mode observed
IND302004AAA,IND302033AAB,night,1,78.91277033265504,71.18949168768162,7.723278644973419,77.23278644973419,-422.7672135502658,Carting,unsupported: unseen corridor
IND250221AAA,IND251201AAA,night,1,84.76659874397798,77.0807277979869,7.685870945991084,76.85870945991084,-423.14129054008913,Carting,unsupported: unseen corridor
IND221303AAA,IND231001AAA,night,1,73.95942621392243,66.30215628281758,7.6572699311048495,76.5726993110485,-423.4273006889515,Carting,low: one mode observed
IND422605AAA,IND423109AAA,night,1,138.05430232175726,130.3979588083502,7.656343513407052,76.56343513407052,-423.4365648659295,Carting,unsupported: unseen corridor
IND580028AAA,IND580002AAA,morning,3,417.12280641699397,409.46653658235846,7.656269834635509,76.56269834635509,-423.4373016536449,Carting,low: one mode observed
IND221010AAA,IND221005A1A,afternoon,1,80.91573908784054,73.30937161026938,7.606367477571155,76.06367477571155,-423.93632522428845,Carting,unsupported: unseen corridor
IND122001AAA,IND122050AAA,morning,1,121.12412863492372,113.53254651898054,7.591582115943183,75.91582115943183,-424.08417884056814,Carting,unsupported: unseen corridor
IND571105AAA,IND571114AAA,night,1,79.87534753410586,72.30802650266766,7.567321031438198,75.67321031438198,-424.326789685618,Carting,unsupported: unseen corridor
IND226004AAA,IND226016AAA,night,2,101.39371358675865,93.8371290619154,7.556584524843245,75.56584524843245,-424.4341547515676,Carting,low: one mode observed
IND680307AAA,IND683511AAA,night,3,89.60330644830954,83.99643463586307,7.556368040558496,75.56368040558496,-424.43631959441507,Carting,low: one mode observed
IND743395AAA,IND700053AAA,night,3,255.11123411449228,244.73491839796802,7.552873393740384,75.52873393740384,-424.47126606259616,Carting,unsupported: unseen corridor
IND721501AAC,IND721306AAA,morning,1,398.84613367055533,391.29867947160375,7.547454198951584,75.47454198951584,-424.52545801048416,Carting,unsupported: unseen corridor
IND636005AAA,IND636016AAA,night,1,116.10903131716553,108.57523647560465,7.533794841560876,75.33794841560876,-424.66205158439124,Carting,low: one mode observed
IND244715AAA,IND263401AAA,morning,1,163.92387582227647,156.39164889255568,7.532226929720792,75.32226929720792,-424.6777307027921,Carting,unsupported: unseen corridor
IND742137AAA,IND742401AAA,night,3,95.2182834445855,86.8504560101967,7.531091363177438,75.31091363177438,-424.6890863682256,Carting,low: one mode observed
IND722154AAA,IND712602AAA,morning,1,97.8663162456039,90.33804236969252,7.528273875911381,75.28273875911381,-424.71726124088616,Carting,unsupported: unseen corridor
IND505001AAB,IND505184AAC,evening,2,194.3695818591841,186.84261623621754,7.526965622966586,75.26965622966586,-424.7303437703341,Carting,low: one mode observed
IND333504AAA,IND332713AAA,night,1,121.58246755637914,114.06105430013378,7.521413256245367,75.21413256245367,-424.78586743754636,Carting,low: one mode observed
IND246001AAA,IND249201AAA,morning,3,538.2690106797886,532.0328474613494,7.503723837128291,75.03723837128291,-424.9627616287171,Carting,unsupported: unseen corridor
IND246174AAA,IND246444AAB,morning,5,210.9669848167568,204.2140876783334,7.498613871260403,74.98613871260403,-425.01386128739597,Carting,low: one mode observed
IND754160AAA,IND754142AAA,night,1,126.95722321149768,119.51799386353439,7.439229347963291,74.39229347963291,-425.60770652036706,Carting,unsupported: unseen corridor
IND283203AAA,IND282002AAD,night,1,140.4778534752127,133.0400987968798,7.437754678332908,74.37754678332908,-425.6224532166709,Carting,unsupported: unseen corridor
IND505326AAB,IND505327AAA,night,1,84.41255263269909,76.98134498261417,7.4312076500849145,74.31207650084914,-425.6879234991509,Carting,unsupported: unseen corridor
IND521225AAB,IND523002AAA,morning,3,487.42175053637726,483.75741292660166,7.429593159308297,74.29593159308297,-425.70406840691703,Carting,unsupported: unseen corridor
IND563131AAB,IND560300AAB,morning,1,348.4231544581723,341.00717440334296,7.415980054829333,74.15980054829333,-425.84019945170667,Carting,low: one mode observed
IND303901AAA,IND304001AAA,night,1,114.41327944383987,107.0024272903409,7.410852153498965,74.10852153498965,-425.8914784650103,Carting,low: one mode observed
IND515411AAA,IND516360AAB,evening,2,243.5116391025075,236.10706570261152,7.404573399895966,74.04573399895966,-425.9542660010403,Carting,unsupported: unseen corridor
IND247667AAB,IND249407AAA,evening,1,207.59826653646178,200.20228572937378,7.395980807087994,73.95980807087994,-426.04019192912006,Carting,unsupported: unseen corridor
IND177203AAA,IND177101AAA,night,1,86.5476509605844,79.17643630429177,7.371214656292636,73.71214656292636,-426.28785343707364,Carting,low: one mode observed
IND560099AAB,IND560077AAA,evening,1,173.30666537704198,165.9630581381864,7.343607238855583,73.43607238855583,-426.56392761144417,Carting,unsupported: unseen corridor
IND390020AAA,IND390018AAB,morning,1,76.13864751069573,68.8109891630058,7.327658347689933,73.27658347689933,-426.7234165231007,Carting,unsupported: unseen corridor
IND481661AAA,IND842003AAB,afternoon,1,458.3750950477651,451.055219932483,7.319875115282116,73.19875115282116,-426.80124884717884,Carting,low: one mode observed
IND452001AAC,IND425508AAB,night,2,269.781241684385,263.5038165036168,6.2774251807681765,73.0259466716069,-426.9740533283931,Carting,unsupported: unseen corridor
IND396105AAA,IND396191AAC,night,1,82.89343058536306,75.59873853258446,7.2946920527786006,72.946920527786,-427.053079472214,Carting,low: one mode observed
IND600083AAA,IND600116AAB,night,1,115.80915381843468,108.53407156893417,7.275082249500514,72.75082249500514,-427.24917750499486,Carting,low: one mode observed
IND274509AAB,IND274304AAA,night,1,139.77301913450034,132.5025016171031,7.270517517397252,72.70517517397252,-427.2948248260275,Carting,low: one mode observed
IND411014AAA,IND411033AAA,night,1,150.94564433795898,143.6769776760591,7.268666661899886,72.68666661899886,-427.31333338100114,Carting,low: one mode observed
IND208019AAA,IND209304AAA,afternoon,3,167.41031143898596,160.1476728062627,7.262638632723252,72.62638632723252,-427.3736136727675,Carting,low: one mode observed
IND560027AAA,IND560099AAA,afternoon,1,106.49803747990022,99.23670195592432,7.261335523975902,72.61335523975902,-427.386644760241,Carting,low: one mode observed
IND713205AAB,IND722122AAA,night,1,316.3132964406257,309.05749724960015,7.255799191025574,72.55799191025574,-427.44200808974426,Carting,unsupported: unseen corridor
IND411014AAA,IND411048AAA,morning,1,104.38174624497742,97.13295680375434,7.2487894412230816,72.48789441223082,-427.51210558776916,Carting,low: one mode observed
IND572201AAB,IND577101AAA,evening,1,185.42086631797164,178.22474814307824,7.1961181748933996,71.961181748934,-428.038818251066,Carting,unsupported: unseen corridor
IND732103AAB,IND732202AAA,evening,3,110.32048695336738,103.43952624783574,7.180025949982351,71.80025949982351,-428.1997405001765,Carting,low: one mode observed
IND411014AAA,IND411043AAA,morning,2,151.33768310604387,144.1661951604512,7.171487945592645,71.71487945592645,-428.28512054407355,Carting,low: one mode observed
IND741121AAA,IND741201AAC,night,1,96.18804970477763,89.01829024283539,7.169759461942235,71.69759461942235,-428.3024053805776,Carting,unsupported: unseen corridor
IND321606AAA,IND301001AAB,morning,1,504.12206344648894,496.9576445373753,7.164418909113635,71.64418909113635,-428.35581090886365,Carting,low: one mode observed
IND722151AAA,IND723130AAA,morning,3,426.6794336149663,426.8468957511011,7.162421885749552,71.62421885749552,-428.3757811425045,Carting,low: one mode observed
IND741101AAB,IND741502AAB,night,1,73.82190453151271,66.66154989646648,7.160354635046232,71.60354635046232,-428.39645364953765,Carting,unsupported: unseen corridor
IND390020AAA,IND390022AAA,morning,1,73.99095855812531,66.83098395981585,7.159974598309461,71.5997459830946,-428.40025401690536,Carting,low: one mode observed
IND276128AAA,IND276305AAA,night,3,92.90167733563233,83.17998392594622,7.143409119510579,71.4340911951058,-428.5659088048942,Carting,low: one mode observed
IND332713AAA,IND332709AAA,night,4,128.38060464498926,121.21479150814993,7.069306650188146,70.69306650188146,-429.30693349811855,Carting,low: one mode observed
IND421302AAG,IND400078AAB,night,1,107.2791278326969,100.23876213087024,7.0403657018266586,70.40365701826659,-429.5963429817334,Carting,unsupported: unseen corridor
IND811307AAA,IND811213AAA,night,1,150.69378816744128,143.7032642475307,6.990523919910572,69.90523919910572,-430.0947608008943,Carting,unsupported: unseen corridor
IND641008AAA,IND641011AAA,night,1,74.29509155659082,67.31678060141479,6.978310955176028,69.78310955176028,-430.2168904482397,Carting,unsupported: unseen corridor
IND411033AAA,IND410503AAA,evening,3,215.17631357658823,210.27656519039215,6.954057599662775,69.54057599662775,-430.45942400337225,Carting,unsupported: unseen corridor
IND713145AAB,IND741101AAB,night,1,139.8152475992105,132.86342561317733,6.951821986033167,69.51821986033167,-430.48178013966833,Carting,unsupported: unseen corridor
IND400102AAB,IND421302AAG,morning,3,201.7903911565127,194.85026745458276,6.940123701929934,69.40123701929934,-430.59876298070066,Carting,low: one mode observed
IND110037AAM,IND110064AAA,night,1,127.68566956004881,120.7612347127559,6.924434847292915,69.24434847292915,-430.7556515270709,Carting,low: one mode observed
IND311301AAA,IND305624AAA,morning,1,132.07082940599972,125.15942041181935,6.911408994180363,69.11408994180363,-430.8859100581964,Carting,low: one mode observed
IND712602AAA,IND722154AAA,morning,1,81.38435478502008,74.4746792590456,6.909675525974478,69.09675525974478,-430.9032447402552,Carting,low: one mode observed
IND410501AAF,IND411033AAA,morning,1,114.98483543857249,108.08201691742342,6.902818521149072,69.02818521149072,-430.9718147885093,Carting,low: one mode observed
IND834002AAB,IND829122AAA,afternoon,5,314.8059386678193,307.8196866919719,6.902194498510369,69.02194498510369,-430.9780550148963,Carting,low: one mode observed
IND792121AAB,IND786181AAC,morning,4,274.0651779869414,267.47793289932275,6.864932514935333,68.64932514935333,-431.35067485064667,Carting,low: one mode observed
IND476001AAA,IND476111AAA,night,1,94.6627213273558,87.79967244183027,6.863048885525529,68.6304888552553,-431.3695111447447,Carting,unsupported: unseen corridor
IND174101AAB,IND160002AAC,morning,2,234.85648626006866,227.9978517459986,6.858634514070076,68.58634514070076,-431.41365485929924,Carting,low: one mode observed
IND535001AAA,IND530012AAA,night,3,203.73106403431103,216.4649394530442,6.813021076760521,68.1302107676052,-431.8697892323948,Carting,low: one mode observed
IND482002AAA,IND842003AAB,morning,1,108.12462499672725,101.3166341918639,6.807990804863351,68.07990804863351,-431.9200919513665,Carting,low: one mode observed
IND244713AAA,IND244715AAA,morning,1,114.3304839790744,107.53034795903449,6.800136020039915,68.00136020039915,-431.9986397996008,Carting,unsupported: unseen corridor
IND767017AAA,IND767001AAA,night,1,126.40671539043788,119.63413405287906,6.772581337558819,67.72581337558819,-432.2741866244118,Carting,unsupported: unseen corridor
IND572201AAB,IND573103AAA,evening,2,73.24939433520713,66.51355016224937,6.735844172957762,67.35844172957762,-432.64155827042237,Carting,unsupported: unseen corridor
IND741156AAA,IND742102AAB,night,4,155.20000165569496,151.04072769464406,6.722861078548817,67.22861078548817,-432.7713892145118,Carting,low: one mode observed
IND562108AAA,IND572101AAA,afternoon,1,385.7001969003189,378.9974590699461,6.702737830372769,67.02737830372769,-432.9726216962723,Carting,low: one mode observed
IND712311AAA,IND713145AAB,evening,2,364.229013062282,357.711524448865,6.51748861341693,67.00849552367288,-432.9915044763271,Carting,low: one mode observed
IND126102AAA,IND126116AAA,night,5,121.8349470548723,115.2527695873881,6.639643742834366,66.39643742834366,-433.6035625716563,Carting,unsupported: unseen corridor
IND221401AAA,IND221303AAA,night,1,72.55761673197851,65.91913914236216,6.6384775896163575,66.38477589616357,-433.61522410383645,Carting,low: one mode observed
IND400072AAB,IND421302AAS,night,1,157.69690062439685,151.06639954274837,6.630501081648475,66.30501081648475,-433.69498918351525,Carting,low: one mode observed
IND306116AAA,IND306001AAA,morning,1,223.35432372376502,216.73938672490374,6.614936998861282,66.14936998861282,-433.8506300113872,Carting,low: one mode observed
IND781018AAB,IND781003AAA,evening,1,185.26004049336385,178.6757797532454,6.584260740118452,65.84260740118452,-434.1573925988155,Carting,low: one mode observed
IND413307AAB,IND413304AAA,night,2,81.42852543957241,74.85974014320959,6.568785296362819,65.68785296362819,-434.3121470363718,Carting,low: one mode observed
IND201301AAM,IND000000ACB,evening,4,235.93799261397788,229.2071500038037,6.568521650889025,65.68521650889025,-434.3147834911098,Carting,low: one mode observed
IND410501AAF,IND411033AAA,afternoon,1,125.0901380031082,118.5619843321323,6.528153670975897,65.28153670975897,-434.71846329024106,Carting,low: one mode observed
IND000000AFT,IND400706AAA,night,1,75.59315039233637,69.10337321554269,6.48977717679368,64.8977717679368,-435.1022282320632,Carting,low: one mode observed
IND413304AAA,IND413002AAA,morning,2,141.7738859634003,135.2989077420479,6.474978221352387,64.74978221352387,-435.2502177864761,Carting,low: one mode observed
IND781014AAA,IND781102AAA,morning,1,79.11788764082743,72.64324955048954,6.474638090337891,64.7463809033789,-435.2536190966211,Carting,low: one mode observed
IND591237AAB,IND591201AAA,night,1,70.96300258351728,64.5274962623045,6.4355063212127845,64.35506321212785,-435.64493678787215,Carting,low: one mode observed
IND560099AAB,IND560058AAD,morning,1,250.4340357134364,244.01195631767982,6.422079395756583,64.22079395756583,-435.77920604243417,Carting,unsupported: unseen corridor
IND518002AAA,IND518206AAA,morning,1,198.8267102970787,192.40579279464637,6.4209175024323315,64.20917502432332,-435.7908249756767,Carting,unsupported: unseen corridor
IND173212AAA,IND174103AAA,night,1,237.41875140999684,231.00849929555275,6.410252114444091,64.10252114444091,-435.8974788555591,Carting,unsupported: unseen corridor
IND722151AAA,IND723130AAA,afternoon,2,450.0813011388167,443.6792504418286,6.402050696988113,64.02050696988113,-435.9794930301189,Carting,low: one mode observed
IND411033AAB,IND411057AAF,morning,1,83.5051433719536,77.13562675073936,6.369516621214231,63.69516621214231,-436.30483378785766,Carting,unsupported: unseen corridor
IND370001AAA,IND370615AAB,morning,1,118.17743373362416,111.88449066702817,6.292943066595981,62.92943066595981,-437.0705693340402,Carting,low: one mode observed
IND508207AAB,IND508206AAA,night,1,153.94981816569648,147.6732501727878,6.276567992908696,62.76567992908696,-437.23432007091304,Carting,unsupported: unseen corridor
IND560300AAB,IND563125AAB,evening,1,154.94402480899495,148.67263983937283,6.271384969622119,62.71384969622119,-437.2861503037788,Carting,unsupported: unseen corridor
IND756019AAA,IND757025AAA,morning,1,359.8318277739123,353.56529737884154,6.266530395070788,62.66530395070788,-437.3346960492921,Carting,low: one mode observed
IND390018AAB,IND390020AAA,night,1,74.78355648596609,68.53471035280468,6.248846133161408,62.488461331614076,-437.5115386683859,Carting,unsupported: unseen corridor
IND758034AAA,IND758001AAA,evening,1,151.67139820473398,145.42315331058907,6.248244894144904,62.482448941449036,-437.51755105855096,Carting,unsupported: unseen corridor
IND742102AAB,IND742121AAB,evening,1,308.91219776748255,302.6712557365322,6.24094203095035,62.4094203095035,-437.5905796904965,Carting,unsupported: unseen corridor
IND184121AAA,IND181152AAB,night,1,122.61207180976788,116.38012215813305,6.231949651634835,62.31949651634835,-437.68050348365165,Carting,unsupported: unseen corridor
IND732103AAB,IND732123AAC,morning,1,287.1979734155459,280.9705936829452,6.227379732600696,62.27379732600696,-437.72620267399304,Carting,unsupported: unseen corridor
IND571213AAA,IND570020AAA,night,1,312.25658928555924,306.07683345925204,6.1797558263072006,61.797558263072006,-438.202441736928,Carting,unsupported: unseen corridor
IND577598AAB,IND573142AAA,morning,2,122.47266549888222,116.2960327981491,6.176632700733123,61.76632700733123,-438.23367299266874,Carting,low: one mode observed
IND390022AAA,IND390020AAA,night,2,71.09459306821927,64.96573562577272,6.128857442446538,61.28857442446538,-438.71142557553463,Carting,low: one mode observed
IND516227AAA,IND515004AAA,night,2,526.2937441026709,520.1703223370364,6.123421765634532,61.23421765634532,-438.7657823436547,Carting,unsupported: unseen corridor
IND110064AAA,IND000000ACB,morning,5,272.7126043504885,268.6665210929888,6.116527793221962,61.165277932219624,-438.8347220677804,Carting,low: one mode observed
IND211010AAB,IND211002AAB,morning,1,66.3995943894159,60.28413217003219,6.1154622193837085,61.154622193837085,-438.8453778061629,Carting,unsupported: unseen corridor
IND302014AAA,IND332404AAA,afternoon,1,302.5561601712452,296.47002204535227,6.086138125892944,60.86138125892944,-439.13861874107056,Carting,unsupported: unseen corridor
IND160102AAC,IND160002AAC,afternoon,1,210.76725620088826,204.68765806318234,6.079598137705915,60.79598137705915,-439.20401862294085,Carting,low: one mode observed
IND826004AAA,IND828401AAB,night,3,146.38569989956073,140.32601082355916,6.059689076001575,60.596890760015754,-439.40310923998425,Carting,unsupported: unseen corridor
IND606105AAA,IND606201AAC,morning,3,99.25754343300245,93.2062876312375,6.0512558017649525,60.512558017649525,-439.48744198235045,Carting,low: one mode observed
IND515761AAA,IND515004AAA,morning,1,154.3661320056134,148.3151495265265,6.050982479086883,60.509824790868834,-439.49017520913117,Carting,low: one mode observed
IND121004AAB,IND121002AAA,night,1,71.28304412270218,65.31341431711603,5.969629805586152,59.69629805586152,-440.3037019441385,Carting,unsupported: unseen corridor
IND600044AAE,IND600056AAB,afternoon,3,171.67596069547494,165.59461272731406,5.968005323980918,59.68005323980918,-440.3199467601908,Carting,low: one mode observed
IND380021AAA,IND382430AAB,morning,5,177.77237660508422,172.01123803433435,5.960143352529201,59.60143352529201,-440.398566474708,Carting,low: one mode observed
IND273155AAA,IND273014AAB,morning,1,242.42843039569905,236.47848687934342,5.949943516355631,59.49943516355631,-440.5005648364437,Carting,unsupported: unseen corridor
IND360410AAA,IND360490AAA,night,1,69.62093306836263,63.67118990747986,5.949743160882775,59.49743160882775,-440.50256839117225,Carting,low: one mode observed
IND127201AAA,IND124141AAA,night,1,98.60330386623968,92.67024818266702,5.933055683572661,59.33055683572661,-440.6694431642734,Carting,low: one mode observed
IND571114AAA,IND570020AAA,morning,2,429.83895427893947,431.0769665177691,-1.2380122388296684,59.3266898395342,-440.6733101604658,Carting,low: one mode observed
IND242001AAA,IND242307AAB,night,1,53.92552119577876,48.00448110596708,5.921040089811676,59.21040089811676,-440.78959910188325,Carting,unsupported: unseen corridor
IND732139AAA,IND732123AAC,night,1,81.29840714433084,75.40587341005171,5.892533734279127,58.925337342791266,-441.0746626572087,Carting,unsupported: unseen corridor
IND591237AAB,IND591201AAA,evening,2,76.55878421385971,70.68059377235593,5.878190441503769,58.78190441503769,-441.2180955849623,Carting,low: one mode observed
IND207247AAB,IND205001AAB,morning,5,235.686686907221,230.42124387331182,5.8697939579731155,58.697939579731155,-441.30206042026884,Carting,low: one mode observed
IND282002AAD,IND204101AAA,night,3,137.30356128451814,131.8368299349845,5.867256310671507,58.672563106715074,-441.3274368932849,Carting,low: one mode observed
IND461111AAA,IND460001AAA,morning,3,127.46679318144274,122.55756171529117,5.86046457390384,58.6046457390384,-441.3953542609616,Carting,low: one mode observed
IND624001AAA,IND624703AAA,night,2,115.74773957701687,109.9009545862994,5.846784990717467,58.46784990717467,-441.5321500928253,Carting,unsupported: unseen corridor
IND505001AAB,IND505302AAB,night,1,103.27292670138803,97.42683763653802,5.8460890648500055,58.460890648500055,-441.5391093515,Carting,low: one mode observed
IND826004AAA,IND815353AAA,evening,2,249.2283707170655,243.39133977463513,5.83703094243036,58.3703094243036,-441.6296905756964,Carting,low: one mode observed
IND752055AAA,IND752050AAA,night,1,58.28879591544043,52.48075965674889,5.808036258691544,58.08036258691544,-441.91963741308456,Carting,unsupported: unseen corridor
IND505425AAA,IND504215AAA,night,1,55.197137093707546,49.41325973721243,5.783877356495118,57.83877356495118,-442.16122643504883,Carting,unsupported: unseen corridor
IND263645AAA,IND262501AAA,night,1,458.2653655506731,452.4967858358905,5.768579714782618,57.68579714782618,-442.3142028521738,Carting,unsupported: unseen corridor
IND689101AAA,IND689650AAA,night,5,64.49594545588285,58.7867219922619,5.709223463620944,57.09223463620944,-442.90776536379053,Carting,low: one mode observed
IND396191AAC,IND396105AAA,night,1,106.93838082222244,101.22973023843491,5.708650583787531,57.08650583787531,-442.9134941621247,Carting,low: one mode observed
IND400072AAB,IND400011AAA,night,1,114.17237511962553,108.47386702800401,5.69850809162152,56.985080916215196,-443.0149190837848,Carting,low: one mode observed
IND221313AAA,IND221010AAA,morning,2,63.93006880919607,58.264553316116334,5.665515493079731,56.65515493079731,-443.34484506920273,Carting,unsupported: unseen corridor
IND509124AAA,IND509103AAC,night,4,111.57903595946314,105.89545077412963,5.634617308188972,56.34617308188972,-443.65382691811027,Carting,unsupported: unseen corridor
IND244901AAC,IND244921AAB,night,1,103.10361443982373,97.48552209106785,5.61809234875588,56.1809234875588,-443.8190765124412,Carting,unsupported: unseen corridor
IND712406AAA,IND712612AAA,morning,1,101.91417589860514,96.32295466659961,5.591221232005523,55.91221232005523,-444.08778767994477,Carting,unsupported: unseen corridor
IND826004AAA,IND815353AAA,night,1,243.49272702018624,237.90218290081148,5.590544119374755,55.90544119374755,-444.09455880625245,Carting,low: one mode observed
IND751015AAA,IND752055AAA,night,1,89.64898355384996,84.05931907675863,5.589664477091333,55.896644770913326,-444.1033552290867,Carting,low: one mode observed
IND273014AAB,IND273304AAA,night,1,297.08754498379216,291.5063416227678,5.581203361024336,55.81203361024336,-444.18796638975664,Carting,unsupported: unseen corridor
IND842003AAB,IND484661AAE,evening,1,345.6111890442004,340.03577403737523,5.575415006825153,55.75415006825153,-444.24584993174847,Carting,low: one mode observed
IND395009AAA,IND395023AAD,morning,1,315.05827433555277,309.48684605142785,5.57142828412492,55.7142828412492,-444.2857171587508,Carting,low: one mode observed
IND600008AAC,IND600013AAA,morning,2,65.3516075924714,59.78333417803836,5.56827341443303,55.6827341443303,-444.3172658556697,Carting,unsupported: unseen corridor
IND124507AAA,IND131028AAE,night,2,165.97791232324192,160.4158860436146,5.5620262796273465,55.620262796273465,-444.37973720372656,Carting,low: one mode observed
IND600076AAB,IND600056AAB,evening,1,152.61223270047552,147.08946178315236,5.522770917323157,55.227709173231574,-444.7722908267684,Carting,low: one mode observed
IND410505AAB,IND410501AAF,morning,2,63.34031120792967,57.84279409244897,5.497517115480708,54.97517115480708,-445.0248288451929,Carting,low: one mode observed
IND732123AAC,IND732139AAA,night,1,76.05802548781146,70.56185437945362,5.496171108357842,54.96171108357842,-445.0382889164216,Carting,unsupported: unseen corridor
IND722140AAA,IND723130AAA,morning,1,247.42986209510232,241.93618732098042,5.493674774121899,54.936747741218994,-445.063252258781,Carting,unsupported: unseen corridor
IND591302AAB,IND591115AAB,night,2,132.55635647386126,127.06493640483492,5.491420069026333,54.91420069026333,-445.0857993097367,Carting,unsupported: unseen corridor
IND328001AAA,IND282002AAD,night,6,159.22649031566885,153.193493658359,5.487672146737324,54.876721467373244,-445.1232785326267,Carting,low: one mode observed
IND758001AAA,IND757037AAA,night,3,110.3743248570521,104.8644437225668,5.485014354087781,54.85014354087781,-445.1498564591222,Carting,unsupported: unseen corridor
IND721306AAA,IND721102AAA,night,1,89.11517903952524,83.63422677141986,5.4809522681053835,54.809522681053835,-445.19047731894614,Carting,low: one mode observed
IND757041AAA,IND756019AAA,night,2,286.4218454869076,280.9581929139557,5.463652572951901,54.63652572951901,-445.363474270481,Carting,low: one mode observed
IND411017AAA,IND412105AAC,night,1,58.887584632106176,53.44995528672776,5.437629345378419,54.376293453784186,-445.62370654621583,Carting,low: one mode observed
IND600116AAB,IND600056AAA,morning,1,96.96665361089438,91.53076285031081,5.435890760583575,54.35890760583575,-445.6410923941643,Carting,low: one mode observed
IND515134AAA,IND515201AAA,night,3,131.35157213911796,126.80313177252606,5.4348110798478615,54.348110798478615,-445.6518892015214,Carting,low: one mode observed
IND232104AAB,IND233221AAC,night,2,288.9242908929492,285.25289702535173,3.6713938675975015,54.26739130473905,-445.732608695261,Carting,unsupported: unseen corridor
IND505326AAB,IND505425AAA,night,1,70.87778121998993,65.5064545331815,5.37132668680843,53.713266868084304,-446.2867331319157,Carting,unsupported: unseen corridor
IND700028AAB,IND712311AAA,night,2,199.94562322743002,194.99744267380333,4.948180553626685,53.58797925912057,-446.4120207408794,Carting,low: one mode observed
IND204101AAA,IND202001AAB,night,1,163.7077525159932,158.35867119939854,5.349081316594663,53.49081316594663,-446.50918683405337,Carting,low: one mode observed
IND124001AAB,IND126102AAA,night,2,128.62534523340503,123.27736206152348,5.347983171881552,53.47983171881552,-446.5201682811845,Carting,low: one mode observed
IND638452AAA,IND638501AAB,night,1,63.49091816520962,58.14806004787079,5.342858117338828,53.42858117338828,-446.5714188266117,Carting,low: one mode observed
IND695121AAA,IND695541AAA,night,1,146.577193851082,141.24786010050352,5.329333750578485,53.29333750578485,-446.70666249421515,Carting,unsupported: unseen corridor
IND768004AAD,IND768028AAB,afternoon,1,154.90097636650395,149.58752656462227,5.3134498018816885,53.134498018816885,-446.8655019811831,Carting,unsupported: unseen corridor
IND591115AAB,IND580028AAA,night,2,196.5930391418268,191.48386718857878,5.109171953248037,53.01413316121,-446.98586683879,Carting,unsupported: unseen corridor
IND509216AAC,IND501359AAE,night,6,159.01532092931515,154.919729227785,5.259376210343007,52.593762103430066,-447.4062378965699,Carting,low: one mode observed
IND641011AAA,IND641062AAD,night,4,155.02881599925777,150.31073261103325,5.244433539959829,52.44433539959829,-447.5556646004017,Carting,low: one mode observed
IND396191AAC,IND396210AAA,night,1,72.93726284329796,67.70730582183221,5.229957021465751,52.29957021465751,-447.7004297853425,Carting,unsupported: unseen corridor
IND600116AAB,IND600056AAB,night,1,120.21374158528005,114.9936294067476,5.220112178532446,52.20112178532446,-447.79887821467554,Carting,low: one mode observed
IND303303AAA,IND322230AAA,night,3,117.99481420979374,112.88291295181918,5.111901257974566,51.11901257974566,-448.8809874202543,Carting,low: one mode observed
IND824101AAA,IND821115AAB,night,3,116.91575361001127,113.21116166339256,5.099950151711937,50.99950151711937,-449.00049848288063,Carting,low: one mode observed
IND505001AAA,IND505327AAA,night,1,109.88712400372737,104.79414829146903,5.092975712258337,50.92975712258337,-449.0702428774166,Carting,unsupported: unseen corridor
IND826004AAA,IND815301AAA,evening,3,172.05678302738283,171.69177037553612,5.089935653077845,50.89935653077845,-449.10064346922155,Carting,low: one mode observed
IND152026AAA,IND152116AAA,night,2,165.61775091998302,160.54274785498677,5.075003064996267,50.75003064996267,-449.2499693500373,Carting,unsupported: unseen corridor
IND274304AAA,IND274304AAB,night,1,74.30270348279387,69.25523323988944,5.0474702429044385,50.474702429044385,-449.5252975709556,Carting,low: one mode observed
IND507159AAA,IND508206AAA,night,4,151.653262175259,148.14515732740455,5.044057041712776,50.44057041712776,-449.5594295828722,Carting,low: one mode observed
IND560027AAA,IND560099AAA,evening,1,127.0697228374666,122.02873967934903,5.0409831581175695,50.409831581175695,-449.5901684188243,Carting,low: one mode observed
IND422103AAC,IND423601AAA,night,1,161.53769724072563,156.50366361214688,5.034033628578754,50.340336285787544,-449.65966371421246,Carting,unsupported: unseen corridor
IND712410AAC,IND712406AAA,morning,4,84.08328813705396,79.66270704332065,5.017265794039517,50.17265794039517,-449.8273420596048,Carting,low: one mode observed
IND370001AAA,IND370615AAB,night,1,109.64901905273989,104.6574759678753,4.991543084864588,49.91543084864588,-450.0845691513541,Carting,low: one mode observed
IND505302AAB,IND505326AAB,night,4,126.12169339314443,121.28723157045349,4.978182393608115,49.78182393608115,-450.21817606391886,Carting,unsupported: unseen corridor
IND560099AAH,IND562125AAA,morning,1,73.49729993404259,68.5521198170347,4.945180117007894,49.45180117007894,-450.54819882992103,Carting,unsupported: unseen corridor
IND520011AAA,IND521185AAA,night,3,116.60926775657278,111.26845312296761,4.912081008063197,49.12081008063197,-450.87918991936806,Carting,low: one mode observed
IND261001AAA,IND262701AAA,afternoon,1,139.20688040976785,134.31406656065988,4.8928138491079665,48.928138491079665,-451.07186150892034,Carting,low: one mode observed
IND335701AAA,IND335051AAA,morning,5,101.48494599949298,97.98363076561738,4.859250690641417,48.59250690641417,-451.4074930935858,Carting,low: one mode observed
IND400015AAB,IND421302AAG,afternoon,4,212.29985613280022,207.44495608718177,4.85490004561845,48.5490004561845,-451.4509995438155,Carting,low: one mode observed
IND121004AAB,IND000000ACB,morning,6,180.48645069456143,174.77032258634125,4.841586287461752,48.41586287461752,-451.5841371253825,Carting,low: one mode observed
IND821307AAA,IND824101AAA,night,3,82.78708871754714,77.38471990944394,4.825024835172499,48.25024835172499,-451.74975164827504,Carting,low: one mode observed
IND441206AAB,IND442605AAA,night,2,126.53304808746921,121.71267342617195,4.820374661297272,48.20374661297272,-451.79625338702726,Carting,low: one mode observed
IND834002AAB,IND829122AAA,morning,2,316.75399392715576,316.84599508954335,-0.0920011623876178,48.13861387809624,-451.86138612190376,Carting,low: one mode observed
IND181201AAB,IND181152AAB,night,2,211.13916219430308,206.34548182333137,4.7936803709717,47.936803709717,-452.06319629028303,Carting,low: one mode observed
IND248122AAB,IND248001AAA,morning,6,194.11473647185463,188.0380852688701,4.765686281963113,47.65686281963113,-452.3431371803689,Carting,low: one mode observed
IND362560AAA,IND362150AAA,morning,3,115.60836479612374,111.23863877249357,4.7230395313060995,47.230395313060995,-452.76960468693903,Carting,low: one mode observed
IND524101AAB,IND517501AAB,morning,3,184.298348431255,180.17153578240917,4.686440331605212,46.86440331605212,-453.1355966839479,Carting,low: one mode observed
IND591126AAA,IND591102AAA,night,1,86.41708352501423,81.73314659559571,4.683936929418522,46.83936929418522,-453.1606307058148,Carting,low: one mode observed
IND635601AAB,IND635802AAB,night,3,157.01873833421325,152.15591740313667,4.671708470797512,46.71708470797512,-453.2829152920249,Carting,low: one mode observed
IND360530AAB,IND362001AAA,morning,4,166.31316910089032,161.4033609304215,4.662483175855812,46.624831758558116,-453.3751682414419,Carting,low: one mode observed
IND643001AAA,IND643212AAA,night,2,94.59195935923194,89.93709334356905,4.654866015662883,46.54866015662883,-453.4513398433712,Carting,low: one mode observed
IND530012AAA,IND531036AAA,morning,1,174.69312092049518,170.05586255874726,4.637258361747911,46.37258361747911,-453.6274163825209,Carting,unsupported: unseen corridor
IND000000AAQ,IND700028AAB,night,2,90.62908428016014,86.00530452341924,4.623779756740902,46.23779756740902,-453.762202432591,Carting,unsupported: unseen corridor
IND785682AAA,IND785690AAB,night,1,151.98862308756947,147.37409980549862,4.614523282070849,46.145232820708486,-453.8547671792915,Carting,low: one mode observed
IND389001AAA,IND389151AAA,night,6,113.57007972237749,108.4784623541347,4.59979250822601,45.997925082260096,-454.0020749177399,Carting,low: one mode observed
IND637211AAA,IND636402AAA,morning,4,106.67532753157633,101.58766897664744,4.561972311685331,45.61972311685331,-454.38027688314673,Carting,low: one mode observed
IND500050AAA,IND501359AAE,afternoon,2,360.8835134109693,360.0523161973203,0.8311972136489487,45.609025833805674,-454.3909741661943,Carting,low: one mode observed
IND401602AAA,IND401501AAA,night,3,318.10603117498823,310.64365064925977,4.476320458203929,44.76320458203929,-455.2367954179607,Carting,low: one mode observed
IND402109AAA,IND402301AAA,morning,7,98.87772479741301,95.16191288715213,4.458017611789202,44.58017611789202,-455.41982388210795,Carting,low: one mode observed
IND785001AAA,IND785112AAC,evening,1,229.34892451937284,224.90423699254023,4.44468752683261,44.446875268326096,-455.5531247316739,Carting,low: one mode observed
IND600119AAA,IND600016AAC,morning,5,144.24482028468375,137.38212798999993,4.44184899964965,44.418489996496504,-455.58151000350347,Carting,low: one mode observed
IND781018AAB,IND781003AAA,morning,4,179.71873651944412,174.7500156935001,4.440600293692469,44.40600293692469,-455.59399706307534,Carting,low: one mode observed
IND342005AAD,IND342601AAA,night,3,229.3235531246842,229.4013236462429,4.439243367054587,44.39243367054587,-455.60756632945413,Carting,low: one mode observed
IND262802AAA,IND262723AAB,afternoon,5,244.514844163458,237.52427621754921,4.438017441059259,44.38017441059259,-455.6198255894074,Carting,low: one mode observed
IND110037AAM,IND250002AAC,evening,1,464.49360296721875,460.0641984817401,4.429404485478642,44.29404485478642,-455.7059551452136,Carting,unsupported: unseen corridor
IND423601AAA,IND413709AAA,night,1,103.0655967820614,98.66021859951184,4.405378182549569,44.05378182549569,-455.94621817450434,Carting,low: one mode observed
IND184121AAA,IND184104AAA,morning,1,87.16120243597274,82.77953797911134,4.381664456861401,43.81664456861401,-456.18335543138596,Carting,low: one mode observed
IND523002AAA,IND523226AAA,afternoon,1,168.89554570681528,164.55784337707564,4.337702329739642,43.37702329739642,-456.6229767026036,Carting,low: one mode observed
IND757001AAA,IND757041AAA,night,2,104.24697677481443,99.94426410071084,4.302712674103589,43.027126741035886,-456.9728732589641,Carting,unsupported: unseen corridor
IND560048AAB,IND562132AAA,night,1,186.4518361083704,182.16016779054206,4.291668317828339,42.91668317828339,-457.0833168217166,Carting,low: one mode observed
IND400102AAC,IND421302AAG,morning,6,207.17434267664177,205.4125036748456,4.254793078223699,42.54793078223699,-457.452069217763,Carting,low: one mode observed
IND842003AAB,IND480661AAA,evening,1,328.78956245016934,324.5593800774081,4.230182372761249,42.301823727612486,-457.6981762723875,Carting,low: one mode observed
IND285205AAB,IND210431AAA,morning,1,212.17551915791142,207.94968214936273,4.2258370085486945,42.258370085486945,-457.74162991451306,Carting,low: one mode observed
IND842003AAB,IND482002AAA,night,1,92.73525896919278,88.51175734830588,4.223501620886907,42.23501620886907,-457.76498379113093,Carting,low: one mode observed
IND121004AAB,IND000000ACB,evening,7,179.42959267470565,175.30508618103013,4.212745656013482,42.12745656013482,-457.8725434398652,Carting,low: one mode observed
IND184104AAA,IND181152AAB,night,1,173.73257201861557,169.53488117700564,4.197690841609926,41.97690841609926,-458.02309158390074,Carting,low: one mode observed
IND341030AAA,IND341303AAA,morning,1,95.81967496074125,91.6220523683918,4.197622592349447,41.97622592349447,-458.02377407650556,Carting,low: one mode observed
IND400015AAB,IND421302AAG,morning,1,245.79094062784407,241.5950436408407,4.19589698700338,41.9589698700338,-458.0410301299662,Carting,low: one mode observed
IND282002AAD,IND281004AAA,night,7,191.48171891755197,186.86775368116506,4.175171709216755,41.75171709216755,-458.24828290783245,Carting,low: one mode observed
IND121002AAA,IND121004AAB,night,1,72.30669818704293,68.17809888003796,4.128599307004961,41.285993070049614,-458.7140069299504,Carting,unsupported: unseen corridor
IND143001AAA,IND144001AAB,evening,5,190.62710807895297,186.50592122991057,4.121186849042402,41.211868490424024,-458.788131509576,Carting,low: one mode observed
IND732103AAB,IND733128AAA,evening,4,172.67246338139,169.01115992517344,4.1200637757731045,41.200637757731045,-458.79936224226896,Carting,low: one mode observed
IND246761AAA,IND244601AAB,morning,1,91.36580514246224,87.24683445856977,4.118970683892471,41.18970683892471,-458.81029316107526,Carting,unsupported: unseen corridor
IND502286AAB,IND502220AAC,morning,5,116.90338440398435,114.04470557664405,4.111086965148445,41.11086965148445,-458.88913034851555,Carting,low: one mode observed
IND563131AAB,IND560300AAB,night,2,344.6987101363679,344.07405969999695,0.6246504363709562,40.882598545470046,-459.11740145452995,Carting,low: one mode observed
IND206122AAA,IND206001AAA,night,8,80.84318274588311,77.61728919575162,4.084244435384143,40.84244435384143,-459.1575556461586,Carting,low: one mode observed
IND331023AAA,IND331304AAA,night,3,81.05686881242706,76.98268363260951,4.0741851798175475,40.741851798175475,-459.2581482018245,Carting,unsupported: unseen corridor
IND530012AAA,IND535001AAA,morning,1,174.68130875939138,170.6109191494923,4.070389609899081,40.70389609899081,-459.2961039010092,Carting,low: one mode observed
IND732139AAA,IND732103AAB,night,1,257.79579989558,253.72632742170276,4.0694724738772265,40.694724738772265,-459.30527526122773,Carting,unsupported: unseen corridor
IND110077AAA,IND110043AAA,night,1,77.49067978735349,73.43700615516438,4.053673632189103,40.53673632189103,-459.463263678109,Carting,unsupported: unseen corridor
IND362150AAA,IND362001AAA,morning,3,120.02829031315817,115.9880285523212,4.0402617608369695,40.402617608369695,-459.5973823916303,Carting,low: one mode observed
IND127021AAA,IND127201AAA,night,1,112.33041504872833,108.30648144954368,4.0239335991846445,40.239335991846445,-459.7606640081535,Carting,low: one mode observed
IND767001AAA,IND767017AAA,night,2,109.94139223638399,105.92641985488692,4.014972381497067,40.14972381497067,-459.8502761850293,Carting,low: one mode observed
IND421601AAB,IND421302AAG,night,5,200.3426959820307,197.8722423957929,3.9987927200288595,39.987927200288595,-460.0120727997114,Carting,low: one mode observed
IND000000ACA,IND144001AAB,afternoon,3,163.1094339398096,159.1509105889809,3.958523350828699,39.58523350828699,-460.414766491713,Carting,low: one mode observed
IND000000ACA,IND147301AAA,evening,1,155.1575838350003,151.20553908475793,3.9520447502423792,39.52044750242379,-460.4795524975762,Carting,low: one mode observed
IND627005AAA,IND627811AAA,evening,1,127.01135474923709,123.06043589989591,3.9509188493411784,39.509188493411784,-460.4908115065882,Carting,low: one mode observed
IND572101AAA,IND561203AAB,evening,1,114.13811109338027,110.18977034081338,3.9483407525668923,39.48340752566892,-460.5165924743311,Carting,low: one mode observed
IND848210AAA,IND842001AAA,night,3,353.4871956841455,341.6321847454491,3.946384235447681,39.46384235447681,-460.5361576455232,Carting,unsupported: unseen corridor
IND829122AAA,IND825301AAA,evening,7,217.88854630505304,215.31232004844782,3.943002851423671,39.43002851423671,-460.5699714857633,Carting,low: one mode observed
IND411043AAA,IND411014AAA,night,1,110.49340218878191,106.55510395405132,3.9382982347305955,39.382982347305955,-460.617017652694,Carting,low: one mode observed
IND695614AAA,IND695609AAA,night,1,60.52619179028116,56.59055363384671,3.9356381564344503,39.3563815643445,-460.6436184356555,Carting,low: one mode observed
IND591307AAC,IND580030AAA,night,1,359.87381237397886,355.95415122148984,3.9196611524890272,39.19661152489027,-460.8033884751097,Carting,unsupported: unseen corridor
IND500050AAA,IND501218AAC,evening,2,235.44757931756953,231.5727561592951,3.874823158274438,38.74823158274438,-461.2517684172556,Carting,low: one mode observed
IND302014AAB,IND303303AAA,evening,2,185.437333296638,181.58074202216272,3.856591274475292,38.56591274475292,-461.43408725524705,Carting,low: one mode observed
IND462042AAA,IND462022AAA,night,6,116.78002795705655,112.1568318446286,3.8546129169541103,38.5461291695411,-461.45387083045887,Carting,low: one mode observed
IND641607AAA,IND641664AAA,evening,1,115.54871782151459,111.6949617718072,3.8537560497073855,38.537560497073855,-461.46243950292614,Carting,low: one mode observed
IND424304AAC,IND425412AAA,night,5,91.34378604342805,87.94044730085822,3.8477283266866067,38.47728326686607,-461.52271673313396,Carting,low: one mode observed
IND560099AAG,IND560099AAB,morning,1,100.26068108258663,96.45590921655311,3.8047718660335192,38.04771866033519,-461.9522813396648,Carting,low: one mode observed
IND531001AAA,IND531116AAA,night,4,111.56793099610485,108.08221637727364,3.78883234119521,37.8883234119521,-462.1116765880479,Carting,low: one mode observed
IND303603AAB,IND302014AAB,night,1,215.3749385816192,211.58919650626103,3.785742075358172,37.85742075358172,-462.1425792464183,Carting,low: one mode observed
IND442001AAA,IND442101AAB,night,1,67.64662428422125,63.90149351391533,3.74513077030592,37.4513077030592,-462.54869229694077,Carting,low: one mode observed
IND507002AAA,IND508207AAB,night,1,234.03309490654019,230.2954787759725,3.7376161305676874,37.376161305676874,-462.6238386943231,Carting,unsupported: unseen corridor
IND341306AAA,IND302014AAA,morning,1,494.79921473548245,491.0642769231345,3.734937812347937,37.34937812347937,-462.65062187652063,Carting,low: one mode observed
IND305404AAA,IND305001AAC,morning,1,338.0559707739081,334.34530137599984,3.710669397908248,37.10669397908248,-462.8933060209175,Carting,unsupported: unseen corridor
IND423106AAA,IND423105AAA,night,2,82.0109222312623,78.3061913963316,3.704730834930693,37.04730834930693,-462.95269165069305,Carting,low: one mode observed
IND124103AAA,IND127021AAA,evening,3,116.80324164314891,113.46402723866868,3.6932822288589193,36.93282228858919,-463.0671777114108,Carting,low: one mode observed
IND413709AAA,IND423701AAB,night,1,110.85321200861459,107.16673277453462,3.686479234079968,36.86479234079968,-463.1352076592003,Carting,low: one mode observed
IND700065AAA,IND700026AAC,evening,2,132.96240989216977,129.28552976136606,3.67688013080371,36.7688013080371,-463.2311986919629,Carting,unsupported: unseen corridor
IND641062AAD,IND642001AAA,evening,1,263.59663628678874,259.92433003443654,3.6723062523522003,36.723062523522,-463.276937476478,Carting,unsupported: unseen corridor
IND431136AAC,IND431203AAA,evening,6,475.4005728322783,472.3419130744486,3.670334933537049,36.70334933537049,-463.2966506646295,Carting,low: one mode observed
IND342601AAA,IND342902A1B,morning,1,84.70932159967303,81.04610938274837,3.663212216924663,36.63212216924663,-463.3678778307534,Carting,low: one mode observed
IND505001AAB,IND505302AAB,evening,1,117.7708976114635,114.1202143901474,3.6506832213161005,36.506832213161005,-463.49316778683897,Carting,low: one mode observed
IND400701AAB,IND421302AAG,morning,3,232.5612793238865,230.5983133784375,3.639072458218692,36.39072458218692,-463.6092754178131,Carting,low: one mode observed
IND732204AAB,IND732123AAC,night,2,173.29740738697075,169.69053957556483,3.606867811405934,36.06867811405934,-463.93132188594063,Carting,unsupported: unseen corridor
IND712406AAA,IND712602AAA,morning,2,73.75548037700673,70.14873059811944,3.606749778887284,36.06749778887284,-463.93250221112714,Carting,low: one mode observed
IND591201AAA,IND586101AAB,night,1,274.8775120293044,271.2993799240051,3.5781321052992894,35.781321052992894,-464.2186789470071,Carting,unsupported: unseen corridor
IND208012AAA,IND209304AAA,night,5,360.21916607373964,365.0507371066277,3.564390159130994,35.64390159130994,-464.35609840869006,Carting,low: one mode observed
IND110044AAB,IND000000ACB,morning,6,194.19814855797634,190.04612262268483,3.543566689509248,35.43566689509248,-464.5643331049075,Carting,low: one mode observed
IND842003AAB,IND483225AAA,evening,1,167.6517183957767,164.12862886521918,3.523089530557513,35.23089530557513,-464.76910469442487,Carting,low: one mode observed
IND384205AAA,IND384355AAB,night,1,88.67863067300448,85.16992677446784,3.5087038985366377,35.08703898536638,-464.91296101463365,Carting,low: one mode observed
IND560048AAB,IND562132AAA,afternoon,1,168.36711448993753,164.8750285743964,3.4920859155411392,34.92085915541139,-465.0791408445886,Carting,low: one mode observed
IND273014AAB,IND273304AAA,evening,1,299.58839856848664,296.1017375257242,3.486661042762421,34.86661042762421,-465.1333895723758,Carting,unsupported: unseen corridor
IND721253AAC,IND721501AAC,morning,1,323.26540390819565,319.7913955470957,3.4740083610999477,34.74008361099948,-465.2599163890005,Carting,unsupported: unseen corridor
IND411014AAA,IND411043AAA,night,1,136.04261017351163,132.5722900647266,3.470320108785046,34.70320108785046,-465.29679891214954,Carting,low: one mode observed
IND505209AAA,IND504201AAA,night,1,67.3486799304646,63.895799434066305,3.4528804963982935,34.528804963982935,-465.4711950360171,Carting,low: one mode observed
IND713205AAB,IND722101AAC,night,1,192.81643633156676,189.37181703827244,3.4446192932943234,34.446192932943234,-465.55380706705677,Carting,low: one mode observed
IND271210AAA,IND271001AAA,night,3,400.18031583796534,400.74331699791077,3.435981466621172,34.35981466621172,-465.6401853337883,Carting,low: one mode observed
IND177101AAA,IND176001AAB,night,1,198.09977401757737,194.66628482772842,3.433489189848956,34.33489189848956,-465.66510810151044,Carting,unsupported: unseen corridor
IND574104AAA,IND574216AAA,night,1,97.56426111882604,94.14298080419546,3.421280314630579,34.21280314630579,-465.78719685369424,Carting,low: one mode observed
IND600044AAD,IND600056AAB,night,1,145.0387411421824,141.63249518457832,3.406245957604085,34.06245957604085,-465.93754042395915,Carting,low: one mode observed
IND713205AAB,IND722202AAA,night,1,117.1127110634077,113.743001128501,3.3697099349066946,33.697099349066946,-466.30290065093305,Carting,low: one mode observed
IND586101AAB,IND416404AAA,night,2,119.33793963927275,115.98107008156313,3.3568695577096292,33.56869557709629,-466.43130442290374,Carting,low: one mode observed
IND532222AAA,IND761200AAA,morning,3,137.70590228445144,134.3618218390893,3.3440804453621524,33.440804453621524,-466.5591955463785,Carting,low: one mode observed
IND560300AAA,IND560048AAB,evening,2,139.523113073567,136.18228435726363,3.340828716303392,33.40828716303392,-466.59171283696605,Carting,low: one mode observed
IND361305AAC,IND361335AAA,night,1,175.44553701855014,172.14006564437278,3.3054713741773583,33.05471374177358,-466.9452862582264,Carting,unsupported: unseen corridor
IND201007AAA,IND201001AAA,night,1,65.33001726273365,62.038485596523444,3.2915316662102043,32.91531666210204,-467.08468333789796,Carting,low: one mode observed
IND382430AAB,IND384205AAA,afternoon,5,297.3122095688152,298.02314914370044,3.278485016416198,32.78485016416198,-467.215149835838,Carting,low: one mode observed
IND532127AAA,IND535591AAA,morning,2,86.89207339384714,83.66527434058351,3.2267990532636333,32.26799053263633,-467.7320094673637,Carting,low: one mode observed
IND600016AAC,IND600119AAA,morning,1,107.98328635744892,104.75889200727985,3.2243943501690637,32.24394350169064,-467.75605649830936,Carting,low: one mode observed
IND333028AAA,IND333504AAA,night,1,91.56143279574077,88.33876170242529,3.2226710933154834,32.226710933154834,-467.77328906684517,Carting,unsupported: unseen corridor
IND000000ACB,IND201001AAC,evening,3,334.1109624147104,330.9049626834147,3.2059997312957194,32.059997312957194,-467.9400026870428,Carting,unsupported: unseen corridor
IND560085AAA,IND562132AAA,morning,2,134.39441689384827,131.19321828202706,3.201198611821212,32.01198611821212,-467.9880138817879,Carting,low: one mode observed
IND274402AAA,IND274304AAB,morning,2,55.87556019805197,52.72338911258457,3.152171085467401,31.521710854674012,-468.478289145326,Carting,low: one mode observed
IND462042AAA,IND462022AAA,morning,6,115.19993787283912,112.17767294759845,3.13452247004944,31.3452247004944,-468.6547752995056,Carting,low: one mode observed
IND600056AAB,IND600044AAD,evening,2,195.81093060286037,192.68085743801208,3.130073164848284,31.300731648482838,-468.69926835151716,Carting,low: one mode observed
IND600016AAC,IND600119AAA,evening,4,129.98639538056688,126.86156092546558,3.1248344551012934,31.248344551012934,-468.7516554489871,Carting,low: one mode observed
IND274304AAA,IND274304AAB,morning,1,78.00639277904261,74.88328628430025,3.123106494742359,31.23106494742359,-468.7689350525764,Carting,low: one mode observed
IND742121AAA,IND742102AAB,night,6,105.76490477603977,102.72114082617131,3.120045863049377,31.20045863049377,-468.79954136950624,Carting,low: one mode observed
IND560083AAB,IND562132AAA,morning,4,216.4062737122038,213.04009214148965,3.118042634811246,31.180426348112462,-468.81957365188754,Carting,low: one mode observed
IND843126AAA,IND842001AAA,night,3,410.5548415898113,419.0141698026794,3.1079067755943015,31.079067755943015,-468.920932244057,Carting,low: one mode observed
IND244901AAB,IND244301AAA,evening,3,201.22231402570065,198.81489533109544,3.100608082879461,31.00608082879461,-468.9939191712054,Carting,low: one mode observed
IND581110AAE,IND577002AAA,morning,1,181.99098575579347,178.92346853880366,3.0675172169898133,30.675172169898133,-469.32482783010187,Carting,low: one mode observed
IND606201AAC,IND605601AAA,morning,3,156.5700691887746,154.04427303503692,3.060202729836419,30.60202729836419,-469.3979727016358,Carting,low: one mode observed
IND332001AAB,IND333001AAA,evening,2,160.4786776126043,157.4469427316517,3.0317348809526123,30.317348809526123,-469.68265119047385,Carting,low: one mode observed
IND454001AAA,IND457001AAA,night,4,153.64864961359274,150.8373062680623,3.029981661127451,30.299816611274508,-469.70018338872546,Carting,low: one mode observed
IND637211AAA,IND636402AAA,afternoon,1,112.35965454280623,109.33158683163987,3.028067711166358,30.28067711166358,-469.7193228883364,Carting,low: one mode observed
IND124112AAA,IND125033AAA,afternoon,1,86.9495406612197,83.92537568593227,3.0241649752874338,30.241649752874338,-469.7583502471257,Carting,low: one mode observed
IND395001AAA,IND395023AAD,morning,1,274.53162454760235,271.52773867396854,3.0038858736338057,30.038858736338057,-469.96114126366194,Carting,low: one mode observed
IND263153AAB,IND244713AAA,night,1,147.81396829847128,144.81037224125612,3.0035960572151623,30.035960572151623,-469.9640394278484,Carting,unsupported: unseen corridor
IND68004AAA,IND683511AAA,morning,4,164.3071823463695,160.43434149765417,3.002219381196909,30.02219381196909,-469.9778061880309,Carting,low: one mode observed
IND712103AAA,IND712124AAA,morning,1,71.90435165290212,68.90772585247105,2.996625800431076,29.96625800431076,-470.03374199568924,Carting,unsupported: unseen corridor
IND127021AAA,IND127201AAA,evening,4,118.10821067617562,115.12212307253336,2.986087603642254,29.86087603642254,-470.13912396357745,Carting,low: one mode observed
IND573103AAA,IND577116AAA,night,3,60.55072322615018,57.90170496889179,2.9627457709369907,29.627457709369907,-470.3725422906301,Carting,low: one mode observed
IND781018AAB,IND781102AAA,morning,1,220.95557836702847,218.00067289653137,2.9549054704970956,29.549054704970956,-470.45094529502904,Carting,unsupported: unseen corridor
IND201306AAA,IND201301AAF,morning,1,188.5751107593951,185.63344025066695,2.9416705087281514,29.416705087281514,-470.5832949127185,Carting,low: one mode observed
IND583201AAA,IND583101AAA,morning,1,216.28085444541983,213.3842991647352,2.8965552806846233,28.965552806846233,-471.03444719315377,Carting,low: one mode observed
IND642001AAA,IND641062AAD,night,5,161.45788770718505,159.88861904803534,2.8768854668973916,28.768854668973916,-471.2311453310261,Carting,low: one mode observed
IND792001AAA,IND792110AAA,morning,1,113.30885042336627,110.47128807620302,2.8375623471632423,28.375623471632423,-471.6243765283676,Carting,low: one mode observed
IND828111AAA,IND826004AAA,night,3,129.15533707348013,125.30436286790864,2.820305145027305,28.20305145027305,-471.79694854972695,Carting,low: one mode observed
IND561202AAB,IND515134AAA,night,2,124.6472112576295,121.82762901361818,2.819582244011322,28.19582244011322,-471.80417755988674,Carting,low: one mode observed
IND712612AAA,IND722154AAA,morning,2,69.30526595103375,66.49120681018718,2.8140591408465667,28.140591408465667,-471.85940859153436,Carting,low: one mode observed
IND000000AFT,IND421302AAG,night,2,170.04642380071618,167.30125891138985,2.7451648893263183,28.03892769224163,-471.9610723077584,Carting,low: one mode observed
IND509103AAB,IND518002AAA,night,6,178.90989149826675,176.7437395613985,2.8038253897290843,28.038253897290843,-471.9617461027092,Carting,low: one mode observed
IND508206AAA,IND507159AAA,night,1,70.57946419505397,67.78516011462997,2.7943040804239985,27.943040804239985,-472.05695919576,Carting,low: one mode observed
IND636016AAA,IND637211AAA,morning,5,90.38465636891836,87.98910500220848,2.7856320104758368,27.856320104758368,-472.14367989524163,Carting,low: one mode observed
IND380021AAA,IND382430AAB,night,6,150.76376644701367,147.8139670136208,2.76950343433478,27.6950343433478,-472.3049656566522,Carting,low: one mode observed
IND722143AAB,IND723133AAA,night,1,106.16945751964802,103.40601578970372,2.7634417299443044,27.634417299443044,-472.36558270055696,Carting,low: one mode observed
IND624101AAA,IND624202AAA,night,2,106.31638536815717,103.56150436806129,2.754881000095885,27.548810000958852,-472.45118999904116,Carting,low: one mode observed
IND506001AAC,IND505122AAA,night,1,88.93518471300038,86.18820661591025,2.7469780970901354,27.469780970901354,-472.53021902909865,Carting,low: one mode observed
IND209101AAA,IND209111AAA,night,7,61.08889936539202,58.09466579997322,2.736130517025458,27.36130517025458,-472.6386948297454,Carting,low: one mode observed
IND152026AAA,IND152101AAA,night,1,145.1051896650324,142.37514574512673,2.7300439199056825,27.300439199056825,-472.6995608009432,Carting,unsupported: unseen corridor
IND411014AAA,IND411043AAA,evening,1,152.7838753878732,150.05916557673004,2.724709811143157,27.24709811143157,-472.75290188856843,Carting,low: one mode observed
IND731301AAA,IND713205AAB,afternoon,1,149.65985229606284,146.94032836467207,2.7195239313907678,27.195239313907678,-472.8047606860923,Carting,low: one mode observed
IND509124AAA,IND509103AAB,night,1,100.66795986013817,97.96362038148678,2.7043394786513915,27.043394786513915,-472.9566052134861,Carting,low: one mode observed
IND530012AAA,IND532001AAB,morning,1,216.8335774827454,214.19607866899116,2.6374988137542346,26.374988137542346,-473.62501186245765,Carting,low: one mode observed
IND110037AAM,IND110020AAB,morning,3,202.39904964304085,199.76230362680502,2.6367460162358327,26.367460162358327,-473.6325398376417,Carting,low: one mode observed
IND781018AAB,IND781003AAA,night,1,161.13239240199917,158.50395070901507,2.6284416929840972,26.284416929840972,-473.715583070159,Carting,low: one mode observed
IND363641AAA,IND363621AAB,night,3,69.90801923920401,67.00213933546084,2.615633689831057,26.15633689831057,-473.84366310168946,Carting,low: one mode observed
IND770001AAA,IND770017AAB,night,3,116.37239838612619,113.62925299544541,2.608615769614161,26.086157696141612,-473.91384230385836,Carting,low: one mode observed
IND403726AAB,IND403002AAA,evening,1,177.61261307554182,175.00723004668805,2.6053830288537654,26.053830288537654,-473.94616971146235,Carting,low: one mode observed
IND442101AAB,IND445001AAB,night,1,99.72762402265228,97.12701421678115,2.60060980587113,26.006098058711302,-473.9939019412887,Carting,low: one mode observed
IND221313AAA,IND222136AAA,morning,1,151.68348338270798,149.09638818554154,2.587095197166434,25.87095197166434,-474.12904802833566,Carting,unsupported: unseen corridor
IND827013AAA,IND829121AAA,night,3,70.62497627828017,68.62312921623109,2.56574026398269,25.6574026398269,-474.3425973601731,Carting,low: one mode observed
IND521201AAA,IND521105AAA,evening,1,57.73939231868599,55.18746425144685,2.551928067239139,25.51928067239139,-474.4807193276086,Carting,low: one mode observed
IND000000ACT,IND131028AAB,morning,2,190.43744717240617,188.64761093833584,1.7898362340703216,25.51639061820083,-474.48360938179917,Carting,low: one mode observed
IND581110AAE,IND577002AAA,night,1,171.05165018544452,168.50834275211517,2.543307433329346,25.43307433329346,-474.56692566670654,Carting,low: one mode observed
IND493118AAC,IND495334AAB,night,3,96.53461570534465,93.14072571002917,2.5178467351389173,25.178467351389173,-474.82153264861086,Carting,low: one mode observed
IND686513AAA,IND686540AAA,night,4,87.70101647132373,85.2030937384809,2.497922732842831,24.97922732842831,-475.0207726715717,Carting,low: one mode observed
IND571313AAB,IND571440AAA,morning,1,82.99197704888208,80.49753519590303,2.494441852979051,24.94441852979051,-475.0555814702095,Carting,low: one mode observed
IND700028AAB,IND712311AAA,evening,1,198.60862719390707,196.11602124833047,2.4926059455765994,24.926059455765994,-475.073940544234,Carting,low: one mode observed
IND500039AAC,IND500035AAD,night,1,99.17802493165858,96.69585299043494,2.4821719412236405,24.821719412236405,-475.1782805877636,Carting,low: one mode observed
IND425405AAA,IND424006AAA,morning,2,753.0373746361245,750.5641108988864,2.473263737238085,24.73263737238085,-475.26736262761915,Carting,low: one mode observed
IND474003AAA,IND476001AAA,night,2,111.13968231951591,108.66835430799688,2.4713280115190273,24.713280115190273,-475.2867198848097,Carting,low: one mode observed
IND416510AAA,IND416606AAA,morning,1,106.5855210124608,104.11600846843683,2.4695125440239707,24.695125440239707,-475.30487455976026,Carting,low: one mode observed
IND741165AAB,IND742121AAB,night,6,131.85027130814973,128.75984388515337,2.4669417362250954,24.669417362250954,-475.33058263774905,Carting,low: one mode observed
IND391110AAD,IND390020AAA,night,4,86.30348592207898,84.14979556424971,2.461760240345413,24.61760240345413,-475.38239759654584,Carting,unsupported: unseen corridor
IND132103AAA,IND132001AAA,night,1,88.28263248771083,85.8282920809537,2.454340406757126,24.54340406757126,-475.45659593242874,Carting,low: one mode observed
IND483225AAA,IND483501AAA,night,1,82.54536407712162,80.1008386621267,2.4445254149949136,24.445254149949136,-475.55474585005084,Carting,low: one mode observed
IND335513AAA,IND335803AAA,morning,1,84.71197815114924,82.28118175005352,2.4307964010957193,24.307964010957193,-475.6920359890428,Carting,low: one mode observed
IND307001AAA,IND306902AAA,morning,1,65.8009549907408,63.373645810866805,2.427309179874001,24.273091798740012,-475.72690820126,Carting,low: one mode observed
IND733140AAA,IND733102AAA,night,3,64.43669602223122,61.98224008289179,2.4177914988544487,24.177914988544487,-475.8220850114555,Carting,supported: both modes observed
IND843109AAB,IND843126AAA,night,4,96.00986745586061,93.29851711385163,2.413819196225333,24.13819196225333,-475.86180803774664,Carting,low: one mode observed
IND333042AAA,IND333031AAA,evening,1,139.5600559485281,137.14728627685315,2.412769671674937,24.12769671674937,-475.87230328325063,Carting,low: one mode observed
IND401602AAA,IND401501AAA,morning,4,274.0228195910869,274.547974230195,0.5434043030546718,24.047687432902478,-475.9523125670975,Carting,low: one mode observed
IND590016AAA,IND591302AAB,night,2,80.3602895344663,77.97487005315244,2.3854194813138534,23.854194813138534,-476.1458051868615,Carting,low: one mode observed
IND500080AAB,IND501359AAE,morning,1,203.03658041279544,200.6878510711932,2.348729341602251,23.48729341602251,-476.5127065839775,Carting,low: one mode observed
IND821109AAA,IND802213AAB,night,3,213.58792857292184,199.53315892762242,2.3466452746767743,23.466452746767743,-476.53354725323226,Carting,low: one mode observed
IND363421AAB,IND364710AAA,night,4,93.91689058191909,91.26509253720704,2.327722289599315,23.277222895993148,-476.7227771040068,Carting,low: one mode observed
IND335513AAA,IND335803AAA,night,4,84.11277963934323,81.49802721292025,2.3249014583028043,23.249014583028043,-476.75098541697196,Carting,low: one mode observed
IND361001AAA,IND361305AAC,night,7,98.59100353570773,96.26732833551722,2.3236752001905074,23.236752001905074,-476.7632479980949,Carting,low: one mode observed
IND561202AAB,IND515134AAA,morning,1,122.32194256237123,120.02038419371722,2.301558368654014,23.01558368654014,-476.98441631345986,Carting,low: one mode observed
IND121004AAC,IND121004AAB,morning,2,102.20477675333595,99.90723129092552,2.297545462410419,22.975454624104188,-477.02454537589585,Carting,low: one mode observed
IND232101AAB,IND232104AAB,night,3,60.14227500550843,57.84508168875256,2.297193316755873,22.97193316755873,-477.02806683244125,Carting,low: one mode observed
IND458990AAA,IND312605AAB,morning,3,332.9546200089281,328.8306087988541,2.293799706477273,22.93799706477273,-477.06200293522727,Carting,low: one mode observed
IND495334AAB,IND491995AAB,night,4,80.50380808827131,78.31184589584439,2.286377772497687,22.86377772497687,-477.1362222750231,Carting,low: one mode observed
IND741156AAA,IND742102AAB,morning,3,145.94206521739838,144.43263113094557,2.2703304856133855,22.703304856133855,-477.29669514386615,Carting,low: one mode observed
IND400706AAA,IND000000AFT,morning,1,82.15348793912091,79.8871490925718,2.266338846549104,22.66338846549104,-477.33661153450896,Carting,low: one mode observed
IND854334AAA,IND852118A1B,night,4,58.32304836285503,56.00399506597587,2.2622756300770988,22.622756300770988,-477.37724369922904,Carting,low: one mode observed
IND515004AAA,IND515801AAA,evening,2,247.24192630098077,245.41616743530602,1.8257588656747572,22.610820039836312,-477.3891799601637,Carting,unsupported: unseen corridor
IND321001AAB,IND321001AAA,night,3,76.8621486082094,74.22138187514791,2.2549783989838375,22.549783989838375,-477.4502160101616,Carting,low: one mode observed
IND560048AAB,IND562132AAA,evening,1,164.1658768330663,161.92591270348424,2.239964129582063,22.39964129582063,-477.60035870417937,Carting,low: one mode observed
IND504293AAA,IND505001AAB,night,3,413.6743348517027,415.16791849322544,2.2383942166766246,22.383942166766246,-477.61605783323375,Carting,low: one mode observed
IND000000ACT,IND131028AAB,afternoon,4,192.2261120002482,190.92346151909646,2.2367741399849734,22.367741399849734,-477.6322586001503,Carting,low: one mode observed
IND331304AAA,IND332001AAB,night,1,419.9661687378525,417.72955012711384,2.236618610738674,22.36618610738674,-477.63381389261326,Carting,low: one mode observed
IND176215AAA,IND176061AAA,morning,1,114.23955999431705,112.00394326268024,2.23561673163681,22.3561673163681,-477.6438326836319,Carting,low: one mode observed
IND466116AAA,IND462022AAA,morning,1,333.1503857494604,330.92506289866446,2.2253228507959193,22.253228507959193,-477.7467714920408,Carting,low: one mode observed
IND383315AAC,IND383255AAB,night,4,130.6282164335903,128.3964984489822,2.222911164606529,22.22911164606529,-477.7708883539347,Carting,low: one mode observed
IND416012AAA,IND415409AAB,evening,2,163.51581908217253,163.01499300597493,0.5008260761976118,22.05266363134953,-477.94733636865044,Carting,low: one mode observed
IND781005AAA,IND781018AAB,morning,4,143.14735639305985,140.30383381128215,2.1991267093549283,21.991267093549283,-478.00873290645075,Carting,low: one mode observed
IND523105AAA,IND524201AAA,night,6,63.452459821171246,61.449884065224765,2.1825812226396337,21.825812226396337,-478.17418777360365,Carting,low: one mode observed
IND571426AAA,IND571104AAA,night,5,168.66392694465944,167.963792810066,2.174686969149718,21.74686969149718,-478.2531303085028,Carting,low: one mode observed
IND312605AAB,IND458001AAB,night,5,99.26490590772642,97.22284134863216,2.172955424241181,21.729554242411808,-478.27044575758816,Carting,low: one mode observed
IND460001AAA,IND480334AAA,afternoon,7,157.08196896553784,156.05743051731713,2.172781251928768,21.72781251928768,-478.2721874807123,Carting,low: one mode observed
IND148101AAA,IND148102AAA,night,3,56.91879694755883,54.726847696704276,2.1659666982201173,21.659666982201173,-478.3403330177988,Carting,low: one mode observed
IND335803AAA,IND335804AAD,night,1,54.091767859659164,51.933837148327456,2.1579307113317086,21.579307113317086,-478.4206928866829,Carting,low: one mode observed
IND722202AAA,IND722101AAC,night,1,65.29738455992552,63.14010748141921,2.1572770785063113,21.572770785063113,-478.4272292149369,Carting,low: one mode observed
IND452001AAC,IND425201AAA,night,4,229.34262893440228,227.19298733928275,2.149641595119519,21.49641595119519,-478.5035840488048,Carting,low: one mode observed
IND303503AAA,IND302014AAB,morning,3,125.92634389143642,122.99236530534186,2.134402781190616,21.34402781190616,-478.65597218809387,Carting,low: one mode observed
IND401104AAA,IND421302AAG,afternoon,2,165.86929441366155,163.74836898825572,2.120925425405815,21.209254254058152,-478.7907457459419,Carting,low: one mode observed
IND272155AAA,IND272001AAA,afternoon,1,76.79660892640243,74.68431864786203,2.1122902785403994,21.122902785403994,-478.877097214596,Carting,low: one mode observed
IND209721AAB,IND209625AAA,night,5,70.67858309222702,68.76523251352828,2.094752377426559,20.94752377426559,-479.0524762257344,Carting,low: one mode observed
IND509324AAA,IND508248AAB,night,1,93.53618017657453,91.45671148140367,2.07946869517086,20.7946869517086,-479.2053130482914,Carting,low: one mode observed
IND362265AAA,IND362720AAA,night,5,101.66885686817307,99.75591806273812,2.0764778724377493,20.764778724377493,-479.2352212756225,Carting,low: one mode observed
IND413002AAA,IND413501AAA,evening,7,117.58641296832049,116.18209535442944,2.0673614994039013,20.673614994039013,-479.326385005961,Carting,low: one mode observed
IND757025AAA,IND757001AAA,night,4,59.95257436330715,57.56439877331405,2.0625336305336646,20.625336305336646,-479.37466369466335,Carting,low: one mode observed
IND241124AAB,IND242001AAA,night,1,55.28840091288798,53.226606991533515,2.0617939213544645,20.617939213544645,-479.3820607864553,Carting,low: one mode observed
IND396321AAA,IND396001AAA,night,2,79.75591985164529,77.69422383248843,2.061696019156848,20.61696019156848,-479.38303980843153,Carting,low: one mode observed
IND815351AAA,IND814101AAB,night,4,126.84461969794455,124.81399357036673,2.047754026998426,20.47754026998426,-479.5224597300157,Carting,low: one mode observed
IND341512AAA,IND341505AAA,night,2,65.58385428433695,63.53637478819577,2.047479496141186,20.47479496141186,-479.5252050385882,Carting,low: one mode observed
IND626123AAA,IND627756AAA,night,5,112.73400130316236,110.11721044866123,2.031182147804657,20.311821478046568,-479.68817852195343,Carting,low: one mode observed
IND470004AAA,IND470117AAA,night,1,141.36240165397797,139.33175585974058,2.030645794237387,20.306457942373868,-479.69354205762613,Carting,unsupported: unseen corridor
IND361305AAC,IND361315AAA,night,2,60.62213379636695,58.60136085877252,2.0207729375944226,20.207729375944226,-479.79227062405573,Carting,low: one mode observed
IND572101AAA,IND561203AAB,night,3,113.38545800625137,111.38334180488252,2.0021162013688496,20.021162013688496,-479.97883798631153,Carting,low: one mode observed
IND560300AAB,IND563101AAB,evening,5,136.43145270627716,135.39141100586045,1.9927050520278158,19.927050520278158,-480.07294947972184,Carting,low: one mode observed
IND574216AAA,IND575004AAB,night,1,118.81909763616753,116.8360512216019,1.9830464145656208,19.830464145656208,-480.1695358543438,Carting,low: one mode observed
IND505325AAA,IND505327AAA,night,4,48.55731423879079,46.574866045376766,1.982448193414026,19.82448193414026,-480.1755180658597,Carting,low: one mode observed
IND577101AAA,IND577116AAA,night,1,45.76457227680227,43.7909667066775,1.973605570124768,19.73605570124768,-480.26394429875234,Carting,low: one mode observed
IND492001AAB,IND492007AAA,night,1,190.2995351465311,188.34853195569724,1.951003190833859,19.51003190833859,-480.4899680916614,Carting,low: one mode observed
IND792103AAB,IND792001AAA,morning,4,98.742980922084,96.79888961386217,1.9479110321265196,19.479110321265196,-480.52088967873476,Carting,low: one mode observed
IND583227AAA,IND583231AAA,morning,1,74.76061333565998,72.81474397915603,1.9458693565039482,19.458693565039482,-480.5413064349605,Carting,low: one mode observed
IND462022AAA,IND461001AAA,night,1,205.0382966326859,203.09593730110163,1.9423593315842709,19.42359331584271,-480.5764066841573,Carting,low: one mode observed
IND507002AAA,IND507167AAA,night,2,107.87001384983174,106.21058582218882,1.6594280276429103,19.40458661708128,-480.5954133829187,Carting,low: one mode observed
IND733129AAB,IND733129AAA,morning,1,57.24277311218974,55.31205227382858,1.930720838361161,19.30720838361161,-480.6927916163884,Carting,low: one mode observed
IND110044AAB,IND131028AAB,afternoon,6,200.28289540317718,198.01624959351543,1.927190986872887,19.27190986872887,-480.72809013127113,Carting,low: one mode observed
IND125001AAA,IND335501AAA,afternoon,1,396.80992340736856,394.8841191690966,1.925804238271951,19.25804238271951,-480.7419576172805,Carting,unsupported: unseen corridor
IND181152AAA,IND184121AAA,morning,1,73.53784279733092,71.61967435952262,1.9181684378083048,19.181684378083048,-480.81831562191695,Carting,low: one mode observed
IND762001AAA,IND759122AAC,morning,1,785.1065344861696,783.2064970197015,1.9000374664681203,19.000374664681203,-480.9996253353188,Carting,unsupported: unseen corridor
IND458001AAB,IND458990AAA,night,5,67.68748755176534,66.00570182196147,1.8809347810981336,18.809347810981336,-481.1906521890187,Carting,low: one mode observed
IND533262AAA,IND533106AAA,night,2,125.13761694856368,123.26296828261826,1.874648665945415,18.74648665945415,-481.25351334054585,Carting,low: one mode observed
IND000000AFT,IND421302AAG,morning,1,172.86181591550198,170.98726035065488,1.8745555648470997,18.745555648470997,-481.254444351529,Carting,low: one mode observed
IND603203AAA,IND600044AAD,morning,4,111.66017997454534,109.74319404661895,1.8745476773431164,18.745476773431164,-481.25452322656884,Carting,low: one mode observed
IND335703AAA,IND335701AAA,night,1,58.60585292776192,56.73928361237088,1.8665693153910397,18.665693153910397,-481.3343068460896,Carting,low: one mode observed
IND201007AAA,IND201001AAA,evening,1,68.19172372376667,66.3296648919077,1.862058831858974,18.62058831858974,-481.37941168141026,Carting,low: one mode observed
IND577101AAA,IND577132AAD,night,2,65.41877221733681,63.55680399252522,1.8619682248115978,18.61968224811598,-481.38031775188404,Carting,low: one mode observed
IND561207AAB,IND562108AAA,afternoon,1,87.17894448369961,85.3190032877085,1.8599411959911123,18.599411959911123,-481.4005880400889,Carting,low: one mode observed
IND517644AAA,IND524132AAA,night,4,96.47330655141009,94.62989973070493,1.8434068207051553,18.434068207051553,-481.56593179294845,Carting,low: one mode observed
IND530012AAA,IND532001AAB,evening,7,222.78356125944669,223.19551394719443,1.8413179118920482,18.413179118920482,-481.5868208810795,Carting,low: one mode observed
IND263002AAA,IND263645AAA,night,2,123.76623747009032,121.92699716996856,1.8392403001217659,18.39240300121766,-481.60759699878236,Carting,low: one mode observed
IND641062AAD,IND643217AAA,evening,1,257.17336217839403,255.3496076396715,1.8237545387225396,18.237545387225396,-481.7624546127746,Carting,low: one mode observed
IND415301AAB,IND413307AAB,night,2,71.52310283688034,69.70332450079027,1.8197783360900601,18.1977833609006,-481.8022166390994,Carting,low: one mode observed
IND342301AAA,IND342005AAD,afternoon,4,773.8119313799887,777.8948701405347,-2.5127451356132156,18.073946527327394,-481.9260534726726,Carting,low: one mode observed
IND321408AAB,IND321606AAA,night,1,84.70094378433686,82.89515075371455,1.8057930306223113,18.057930306223113,-481.9420696937769,Carting,low: one mode observed
IND522647AAA,IND523201AAA,night,6,115.85429320006838,112.81069652760607,1.7965818053506197,17.965818053506197,-482.03418194649385,Carting,low: one mode observed
IND411014AAA,IND411033AAA,morning,3,163.2664855136102,161.5860669410031,1.7917868239152597,17.917868239152597,-482.0821317608474,Carting,low: one mode observed
IND335803AAA,IND335804AAD,morning,4,55.94402480980085,53.80110997689685,1.7911390440447583,17.911390440447583,-482.0886095595524,Carting,low: one mode observed
IND624601AAA,IND624001AAA,night,2,115.93350401035931,114.14684710596545,1.7866569043938583,17.866569043938583,-482.13343095606143,Carting,unsupported: unseen corridor
IND506001AAC,IND505467AAA,night,5,70.11185736588314,69.59056503368406,1.7805626138078452,17.805626138078452,-482.1943738619216,Carting,low: one mode observed
IND425412AAA,IND425409AAA,night,3,69.28428400962855,66.8636272446288,1.778502511797413,17.78502511797413,-482.2149748820259,Carting,low: one mode observed
IND425409AAA,IND425406AAA,night,3,87.84126298829636,84.27984222651986,1.7773853722354573,17.773853722354573,-482.2261462776454,Carting,low: one mode observed
IND600008AAC,IND600056AAB,night,2,138.27326050644,136.55236693659242,1.720893569847604,17.678246650088028,-482.321753349912,Carting,low: one mode observed
IND421302AAG,IND401104AAB,night,2,180.88787983077532,179.83589253559097,1.0519872951843325,17.623437539135978,-482.376562460864,Carting,low: one mode observed
IND126112AAA,IND131028AAB,morning,2,321.91574621123766,321.2295412464681,0.6862049647696153,17.579585633868646,-482.42041436613135,Carting,low: one mode observed
IND401104AAB,IND421302AAG,afternoon,5,203.86358182869188,202.11952784569132,1.7440539830005548,17.440539830005548,-482.55946016999445,Carting,low: one mode observed
IND533201AAA,IND533262AAA,night,3,106.70845655080586,105.75169430385338,1.7377710355477092,17.37771035547709,-482.6222896445229,Carting,low: one mode observed
IND603203AAA,IND600044AAD,afternoon,1,113.28214525669888,111.54899881843322,1.7331464382656634,17.331464382656634,-482.66853561734337,Carting,low: one mode observed
IND722122AAA,IND713205AAB,morning,1,162.42489563437627,160.6920881525914,1.7328074817848744,17.328074817848744,-482.67192518215126,Carting,low: one mode observed
IND363520AAC,IND363001AAA,night,5,94.6021174793116,92.38673979556432,1.7165917979592251,17.16591797959225,-482.8340820204078,Carting,low: one mode observed
IND573116AAA,IND571432AAB,evening,4,107.48001763777528,105.51178210631204,1.6977079005773277,16.977079005773277,-483.02292099422675,Carting,low: one mode observed
IND614715AAA,IND614809AAA,morning,3,61.511629506791245,59.82795032921264,1.683679177578604,16.83679177578604,-483.163208224214,Carting,low: one mode observed
IND277211AAA,IND277201AAA,morning,1,63.6230086542856,61.94882303206355,1.6741856222220477,16.741856222220477,-483.25814377777954,Carting,low: one mode observed
IND321001AAA,IND321401AAB,night,4,69.33602120257606,67.3093437114554,1.6739653057013513,16.739653057013513,-483.2603469429865,Carting,low: one mode observed
IND516390AAA,IND515004AAA,night,3,183.94631498952776,184.6107772946049,1.6658438681701284,16.658438681701284,-483.3415613182987,Carting,low: one mode observed
IND505001AAA,IND505302AAB,night,4,82.8004629515213,81.22858425885968,1.6608434015951516,16.608434015951516,-483.3915659840485,Carting,low: one mode observed
IND743235AAA,IND743270AAA,night,4,58.102450099591465,56.65521393845519,1.6431936409034407,16.431936409034407,-483.5680635909656,Carting,low: one mode observed
IND362720AAA,IND362560AAA,night,2,70.4246281464608,68.78240731782756,1.642220828633242,16.42220828633242,-483.5777917136676,Carting,low: one mode observed
IND535501AAB,IND532440AAA,morning,6,85.07935890977018,83.62192576393599,1.6386750970705606,16.386750970705606,-483.6132490292944,Carting,low: one mode observed
IND508207AAB,IND507002AAA,night,5,293.0214952636219,291.38334798696275,1.63814727665914,16.3814727665914,-483.6185272334086,Carting,unsupported: unseen corridor
IND402107AAA,IND402109AAA,night,7,85.68709871536105,83.99140913160275,1.6300509371404672,16.300509371404672,-483.6994906285953,Carting,low: one mode observed
IND304001AAA,IND322001AAC,night,1,242.85666172732786,241.237745295441,1.6189164318868734,16.189164318868734,-483.81083568113127,Carting,unsupported: unseen corridor
IND733129AAB,IND733129AAA,night,2,56.700473467680666,55.085124246647666,1.6153492210330036,16.153492210330036,-483.84650778966994,Carting,low: one mode observed
IND731301AAA,IND713205AAB,morning,4,148.843560891717,147.479175484996,1.6055512966200638,16.055512966200638,-483.94448703379936,Carting,low: one mode observed
IND000000AEL,IND000000ACB,night,1,328.57984976214476,326.97480844406186,1.6050413180828969,16.05041318082897,-483.94958681917103,Carting,low: one mode observed
IND742226AAA,IND742102AAB,night,6,115.97638195301171,115.10183939733707,1.6014795638989128,16.014795638989128,-483.98520436101086,Carting,low: one mode observed
IND627005AAA,IND628801AAA,evening,4,116.87191831093438,115.34331136847939,1.5925608112560852,15.925608112560852,-484.07439188743916,Carting,low: one mode observed
IND362001AAA,IND360370AAA,night,2,79.33496735467395,77.75368736432442,1.581279990349529,15.81279990349529,-484.18720009650474,Carting,low: one mode observed
IND370110AAA,IND370001AAA,night,4,93.3480507268714,92.2231964994842,1.571984741244151,15.71984741244151,-484.28015258755846,Carting,low: one mode observed
IND742121AAA,IND742102AAB,morning,1,102.546753102391,100.97553904002896,1.5712140623620314,15.712140623620314,-484.2878593763797,Carting,low: one mode observed
IND335804AAD,IND335703AAA,morning,4,70.10995691881058,67.8163931471885,1.552536591915917,15.52536591915917,-484.4746340808408,Carting,low: one mode observed
IND812002AAA,IND813203AAA,night,6,177.21820985157433,177.61075175559682,1.5389647833172404,15.389647833172404,-484.6103521668276,Carting,low: one mode observed
IND518206AAA,IND518002AAA,night,1,181.51657521127814,179.98270081868995,1.5338743925881886,15.338743925881886,-484.6612560741181,Carting,unsupported: unseen corridor
IND627005AAA,IND627811AAA,night,3,122.67486186473371,123.1984658803876,1.5336514440818547,15.336514440818547,-484.6634855591815,Carting,low: one mode observed
IND423105AAA,IND423301AAB,night,2,67.32118029401161,65.79237176952253,1.5288085244890794,15.288085244890794,-484.7119147551092,Carting,low: one mode observed
IND563131AAA,IND563125AAB,night,3,89.55260029325724,87.35769902050147,1.5266741324667095,15.266741324667095,-484.7332586753329,Carting,low: one mode observed
IND517583AAA,IND516101AAA,morning,1,105.65395407761415,104.13891727540091,1.5150368022132312,15.150368022132312,-484.8496319778677,Carting,low: one mode observed
IND630561AAA,IND623407AAA,evening,2,103.52779297944082,102.01926166336703,1.5085313160737783,15.085313160737783,-484.91468683926223,Carting,low: one mode observed
IND201007AAA,IND201005AAA,evening,1,90.60921543411528,89.10486676579733,1.5043486683179594,15.043486683179594,-484.9565133168204,Carting,low: one mode observed
IND571105AAA,IND571213AAA,night,4,86.5064169807047,84.2583740468263,1.4983631269623388,14.983631269623388,-485.0163687303766,Carting,low: one mode observed
IND733134AAA,IND733129AAB,night,2,61.06423772317865,59.5680089953899,1.4962287277887398,14.962287277887398,-485.0377127221126,Carting,low: one mode observed
IND261001AAA,IND262701AAA,morning,5,133.94543480472353,132.8587021984091,1.493607136195422,14.93607136195422,-485.0639286380458,Carting,low: one mode observed
IND322201AAA,IND303503AAA,night,3,61.45510954833727,60.02905483283283,1.4782251689236503,14.782251689236503,-485.2177483107635,Carting,low: one mode observed
IND502286AAB,IND502220AAC,night,2,115.39587835669153,113.95486412093459,1.4410142357569384,14.772743003435025,-485.22725699656496,Carting,low: one mode observed
IND500039AAB,IND501301AAC,morning,1,34.469650856284595,32.99288303711384,1.4767678191707532,14.767678191707532,-485.23232180829245,Carting,low: one mode observed
IND422605AAA,IND413709AAA,night,2,96.33964890732649,94.88090013314954,1.4587487741769607,14.587487741769607,-485.4125122582304,Carting,low: one mode observed
IND205001AAB,IND209721AAB,evening,4,212.03310409259038,213.79791538150334,0.22285150764004413,14.537568926335354,-485.4624310736647,Carting,low: one mode observed
IND600110AAA,IND600056AAB,morning,2,133.99927917238278,132.5472041837109,1.4520749886718676,14.520749886718676,-485.4792501132813,Carting,low: one mode observed
IND516390AAA,IND515004AAA,morning,3,187.38876896445487,185.94972478848265,1.4390441759722137,14.390441759722137,-485.60955824027786,Carting,low: one mode observed
IND742401AAA,IND742102AAB,morning,2,214.06384964290936,212.63063731972596,1.4332123231833975,14.332123231833975,-485.667876768166,Carting,low: one mode observed
IND523105AAA,IND524201AAA,evening,1,66.83383032089387,65.41258767527785,1.4212426456160188,14.212426456160188,-485.7875735438398,Carting,low: one mode observed
IND515801AAA,IND515865AAB,evening,3,180.57178703188578,180.34716395343148,1.4116599091856301,14.116599091856301,-485.8834009081437,Carting,low: one mode observed
IND243201AAA,IND262001AAA,night,2,92.89627902128856,91.48852717426617,1.4077518470223964,14.077518470223964,-485.92248152977606,Carting,low: one mode observed
IND689650AAA,IND690548AAA,night,2,100.15601379334481,99.36996157554844,0.7860522177963674,14.025023143386193,-485.9749768566138,Carting,low: one mode observed
IND382721AAA,IND382430AAB,night,6,143.86246502472568,142.64104248686735,1.4006914820814842,14.006914820814842,-485.9930851791852,Carting,low: one mode observed
IND281401AAA,IND321022AAA,night,3,65.32068747694947,63.34093246021729,1.388013612655584,13.88013612655584,-486.11986387344416,Carting,low: one mode observed
IND733128AAA,IND733134AAA,night,3,63.080342866771005,62.282857511234596,1.3771063299184974,13.771063299184974,-486.22893670081504,Carting,low: one mode observed
IND723101AAA,IND723202AAA,morning,1,92.58247704570655,91.20668125791043,1.3757957877961218,13.757957877961218,-486.2420421220388,Carting,low: one mode observed
IND638501AAB,IND641062AAD,night,3,165.48946934476106,165.6050194960669,1.37210152018406,13.7210152018406,-486.2789847981594,Carting,low: one mode observed
IND627811AAA,IND627401AAA,night,4,72.90034662500548,70.50363021032186,1.3698759100373366,13.698759100373366,-486.30124089962663,Carting,low: one mode observed
IND151001AAA,IND151302AAA,night,3,86.97458097777978,85.01881074185074,1.3478540615037389,13.478540615037389,-486.5214593849626,Carting,low: one mode observed
IND786184AAA,IND786125AAA,night,1,59.98155152593935,58.638604395319334,1.3429471306200185,13.429471306200185,-486.5705286937998,Carting,low: one mode observed
IND390020AAA,IND391110AAD,night,5,75.7322810876898,73.28772491386063,1.3396712409116986,13.396712409116986,-486.60328759088304,Carting,low: one mode observed
IND626138AAA,IND625008AAA,night,5,106.48004705586422,105.2663701352499,1.3326951340657587,13.326951340657587,-486.6730486593424,Carting,low: one mode observed
IND305802AAA,IND341512AAA,night,2,90.54574194064003,89.22298835903146,1.3227535816085663,13.227535816085663,-486.77246418391434,Carting,low: one mode observed
IND533308AAB,IND533003AAA,evening,2,95.32500062219194,94.00917483606358,1.3158257861283502,13.158257861283502,-486.8417421387165,Carting,low: one mode observed
IND175001AAA,IND175101AAA,morning,3,168.83180082361613,169.2008317607701,1.309427139978368,13.094271399783679,-486.9057286002163,Carting,low: one mode observed
IND624601AAA,IND624101AAA,night,3,112.82466008780612,111.67717618032235,1.307726485703057,13.07726485703057,-486.92273514296943,Carting,low: one mode observed
IND400705AAA,IND421302AAH,afternoon,2,219.85466396211928,224.16950801425352,-4.314844052134234,13.04783525047668,-486.9521647495233,Carting,low: one mode observed
IND630002AAA,IND622407AAA,night,5,91.57648464455956,90.37398097054542,1.2776722703454482,12.776722703454482,-487.2232772965455,Carting,low: one mode observed
IND627005AAA,IND628801AAA,night,1,113.28666834599488,112.00927795203421,1.2773903939606726,12.773903939606726,-487.2260960603933,Carting,low: one mode observed
IND509358AAA,IND509324AAA,evening,2,77.08799596325774,75.81530906601105,1.2726868972466931,12.726868972466931,-487.27313102753305,Carting,low: one mode observed
IND209304AAA,IND209206AAB,evening,6,163.5028600943972,162.29167580269564,1.266938801378899,12.66938801378899,-487.330611986211,Carting,low: one mode observed
IND533308AAB,IND533003AAA,night,5,94.65118129179712,93.28192011677373,1.2649929505739124,12.649929505739124,-487.3500704942609,Carting,low: one mode observed
IND140118AAA,IND160002AAC,night,4,213.87693247240895,212.61245146370055,1.2644810087084295,12.644810087084295,-487.3551899129157,Carting,low: one mode observed
IND515761AAA,IND515004AAA,night,4,173.74351986264622,172.48062032249553,1.2628995401506842,12.628995401506842,-487.3710045984932,Carting,low: one mode observed
IND362001AAA,IND362220AAA,night,3,76.77068292390078,75.67361508602009,1.2628090388524669,12.628090388524669,-487.3719096114753,Carting,low: one mode observed
IND461111AAA,IND460001AAA,afternoon,4,133.1777176228937,132.61983733450776,1.2616634532123072,12.616634532123072,-487.38336546787696,Carting,low: one mode observed
IND516269AAA,IND516390AAA,night,6,132.79480891522468,131.23282274315994,1.259768699134547,12.59768699134547,-487.4023130086546,Carting,low: one mode observed
IND473001AAA,IND473331AAA,morning,2,90.35672928513739,89.10318906146802,1.2535402236693685,12.535402236693685,-487.4645977633063,Carting,low: one mode observed
IND123001AAA,IND123401AAB,night,3,96.62925912897227,95.08811696466788,1.24952470892282,12.4952470892282,-487.5047529107718,Carting,low: one mode observed
IND506132AAA,IND122001AAJ,night,7,77.79927386347609,76.0884923928472,1.2456641450262538,12.456641450262538,-487.5433585497375,Carting,low: one mode observed
IND152024AAA,IND152123AAA,night,1,68.23660900769387,67.01183538476305,1.224773622930826,12.24773622930826,-487.75226377069174,Carting,low: one mode observed
IND767017AAA,IND768004AAD,night,1,287.3401043532024,286.1171081494949,1.2229962037074529,12.229962037074529,-487.77003796292547,Carting,low: one mode observed
IND713130AAA,IND741123AAB,evening,3,155.51369298768944,154.29791530435048,1.2213385051168757,12.213385051168757,-487.78661494883124,Carting,low: one mode observed
IND700065AAB,IND712310AAA,afternoon,4,173.33953728978992,175.46144618003035,1.0819041130062743,12.09278450643481,-487.9072154935652,Carting,low: one mode observed
IND342601AAA,IND342902A1B,night,2,85.12072008391428,83.9180040816527,1.2027160022615746,12.027160022615746,-487.9728399773843,Carting,low: one mode observed
IND388620AAB,IND388320AAA,morning,1,107.7429432555547,106.55602711087523,1.186916144679472,11.86916144679472,-488.1308385532053,Carting,low: one mode observed
IND502220AAC,IND501359AAE,morning,7,239.10589500987396,241.04353880106547,1.1816398501105425,11.816398501105425,-488.1836014988946,Carting,low: one mode observed
IND628204AAA,IND627657AAA,night,5,64.18845178441033,63.16026575923355,1.1652716236651486,11.652716236651486,-488.3472837633485,Carting,low: one mode observed
IND751015AAA,IND752056AAA,night,2,83.50993192860155,82.35187260016332,1.1580593284382203,11.580593284382203,-488.4194067156178,Carting,low: one mode observed
IND303002AAA,IND302014AAA,night,3,96.77638506637686,95.6235247421664,1.1528603242104651,11.528603242104651,-488.4713967578954,Carting,low: one mode observed
IND305404AAA,IND305601AAC,afternoon,3,106.01100409063427,105.00704500334125,1.1512932496384423,11.512932496384423,-488.48706750361555,Carting,low: one mode observed
IND362225AAA,IND362265AAA,night,1,60.58971193379462,59.445998147791826,1.1437137860027917,11.437137860027917,-488.5628621399721,Carting,low: one mode observed
IND000000ACT,IND000000ACB,morning,3,222.34829505255158,220.2324128740063,1.1389994203571803,11.389994203571803,-488.6100057964282,Carting,supported: both modes observed
IND333031AAA,IND331023AAA,night,3,91.42312344566174,89.0466675221402,1.1355454887946195,11.355454887946195,-488.64454511205383,Carting,low: one mode observed
IND360575AAA,IND360510AAB,night,2,89.42621301587245,88.29268452582029,1.1335284900521572,11.335284900521572,-488.6647150994784,Carting,low: one mode observed
IND631501AAA,IND631003AAA,night,5,94.24983635031808,93.79984991459283,1.132941573581931,11.32941573581931,-488.67058426418066,Carting,low: one mode observed
IND815301AAA,IND815353AAA,night,2,85.65630350465959,84.5266224458019,1.1296810588576776,11.296810588576776,-488.70318941142324,Carting,low: one mode observed
IND360490AAA,IND362001AAA,night,3,93.84094933986658,92.71684583868712,1.1241035011794622,11.241035011794622,-488.7589649882054,Carting,low: one mode observed
IND503111AAC,IND503185AAA,night,4,136.1112922603318,134.94693431668657,1.11735618373352,11.1735618373352,-488.8264381626648,Carting,low: one mode observed
IND345021AAA,IND342301AAA,afternoon,4,87.43795624694644,86.52274895806056,1.116564698572894,11.16564698572894,-488.8343530142711,Carting,low: one mode observed
IND361315AAA,IND361335AAA,night,2,51.033343012904325,49.92259326052604,1.1107497523782826,11.107497523782826,-488.89250247621715,Carting,low: one mode observed
IND335804AAD,IND335703AAA,night,1,70.63286615978846,69.53360130367463,1.0992648561138338,10.992648561138338,-489.00735143886163,Carting,low: one mode observed
IND583227AAA,IND583231AAA,night,4,75.8024140163212,74.74132734957223,1.0967666236447329,10.967666236447329,-489.03233376355263,Carting,low: one mode observed
IND503122AAA,IND502110AAA,morning,3,73.24345917284337,72.15218379982929,1.091275373014085,10.91275373014085,-489.0872462698592,Carting,low: one mode observed
IND250611AAA,IND247776AAA,night,3,77.13007551038409,77.18821543601462,1.0888468388635033,10.888468388635033,-489.11153161136497,Carting,low: one mode observed
IND581110AAE,IND581119AAB,night,5,103.50533362631079,102.91797586764883,1.0850154189780312,10.850154189780312,-489.1498458102197,Carting,low: one mode observed
IND380005AAA,IND382421AAA,morning,2,54.34308529420326,53.26130705993495,1.081778234268306,10.81778234268306,-489.1822176573169,Carting,low: one mode observed
IND504293AAA,IND504208AAB,morning,1,115.2001195551279,114.12103779703034,1.0790817580975585,10.790817580975585,-489.2091824190244,Carting,low: one mode observed
IND532127AAA,IND535591AAA,night,5,82.18922087081407,81.96199776158443,1.0733779809196733,10.733779809196733,-489.26622019080327,Carting,low: one mode observed
IND523230AAA,IND523105AAA,night,6,66.30883387595316,65.34611081150463,1.0654655480064577,10.654655480064577,-489.34534451993545,Carting,low: one mode observed
IND501359AAE,IND500039AAC,night,2,159.79387826130517,159.53005539845685,0.2638228628482864,10.384482633058951,-489.61551736694105,Carting,low: one mode observed
IND305901AAA,IND342602AAC,evening,2,134.63948317940742,135.01098460407349,-0.3715014246660644,10.01670142913639,-489.9832985708636,Carting,low: one mode observed
IND000000ACB,IND201001AAC,afternoon,1,394.3740079136371,393.38208341283746,0.9919245007996551,9.919245007996551,-490.08075499200345,Carting,unsupported: unseen corridor
IND244412AAA,IND243301AAB,night,2,103.90919022131177,102.9249190867301,0.9842711345816753,9.842711345816753,-490.1572886541833,Carting,low: one mode observed
IND484001AAA,IND484224AAA,morning,1,70.89066939816863,69.90774874709284,0.9829206510757871,9.82920651075787,-490.1707934892421,Carting,low: one mode observed
IND335703AAA,IND335701AAA,morning,4,60.73141428529067,59.95076356859318,0.973288998655601,9.73288998655601,-490.267110013444,Carting,low: one mode observed
IND577132AAD,IND573134AAB,night,4,74.08996874325649,73.00353919677721,0.9698496843571007,9.698496843571007,-490.301503156429,Carting,low: one mode observed
IND382715AAA,IND382430AAB,night,6,133.25432352403215,133.09544381433278,0.9672691805971709,9.67269180597171,-490.3273081940283,Carting,low: one mode observed
IND395023AAD,IND396445AAA,evening,1,112.7888436779213,111.82217560524381,0.9666680726774928,9.666680726774928,-490.3333192732251,Carting,low: one mode observed
IND802119AAA,IND802158AAB,night,4,93.29254877302171,91.50782734515657,0.949259260156829,9.49259260156829,-490.5074073984317,Carting,low: one mode observed
IND614809AAA,IND610001AAA,afternoon,3,120.18195618464878,119.70772820157592,0.9399989054187188,9.399989054187188,-490.6000109458128,Carting,low: one mode observed
IND121004AAC,IND121004AAB,night,1,82.74403066960336,81.80505616306024,0.9389745065431185,9.389745065431185,-490.61025493456884,Carting,low: one mode observed
IND341303AAA,IND341306AAA,morning,6,68.05129313472472,67.1867087191377,0.9356710343146304,9.356710343146304,-490.6432896568537,Carting,low: one mode observed
IND341503AAB,IND341510AAB,morning,5,100.10561241326894,98.92502802813947,0.9252467926339136,9.252467926339136,-490.74753207366086,Carting,low: one mode observed
IND602024AAA,IND600116AAB,morning,1,159.30746079390863,158.38640928278073,0.9210515111278994,9.210515111278994,-490.789484888721,Carting,low: one mode observed
IND533106AAA,IND534260AAC,evening,2,213.139628078447,212.46720281131968,0.6724252671273376,9.083896750553464,-490.91610324944656,Carting,low: one mode observed
IND842003AAB,IND487001AAB,evening,2,225.54517162099785,225.920274270035,-0.37510264903714585,9.072267544241441,-490.9277324557586,Carting,low: one mode observed
IND502110AAA,IND502313AAA,morning,4,65.79794139124286,64.8964865423201,0.9014548489227536,9.014548489227536,-490.98545151077246,Carting,low: one mode observed
IND573116AAA,IND571432AAB,night,1,106.31867805269096,105.4225537995648,0.8961242531261604,8.961242531261604,-491.03875746873837,Carting,low: one mode observed
IND152026AAA,IND151001AAA,evening,5,113.96628596157672,113.29173659847642,0.893314887664971,8.93314887664971,-491.06685112335026,Carting,low: one mode observed
IND480001AAA,IND480661AAA,morning,1,92.96581819026282,92.07621329979644,0.8896048904663871,8.896048904663871,-491.10395109533613,Carting,low: one mode observed
IND402301AAA,IND402107AAA,morning,5,186.7501689004149,187.02189848456598,0.8882705444712542,8.882705444712542,-491.11729455528746,Carting,low: one mode observed
IND533262AAA,IND533201AAA,evening,1,100.20840208416483,99.3246862628914,0.8837158212734266,8.837158212734266,-491.16284178726573,Carting,low: one mode observed
IND312403AAA,IND312001AAA,night,4,204.76210847174903,207.38850604784886,0.804096958459354,8.799581738360018,-491.20041826164,Carting,low: one mode observed
IND622407AAA,IND622001AAA,night,4,62.625594374066,61.76401926999522,0.8615751040707842,8.615751040707842,-491.38424895929217,Carting,low: one mode observed
IND508116AAA,IND508277AAB,night,5,57.08911751181645,56.23722620467892,0.851891307137528,8.51891307137528,-491.48108692862473,Carting,low: one mode observed
IND571301AAA,IND571111AAB,night,2,67.27200352742429,66.43041934373596,0.841584183688326,8.41584183688326,-491.58415816311674,Carting,low: one mode observed
IND403726AAB,IND403601AAA,evening,1,199.94005887204597,199.1002694682778,0.8397894037681795,8.397894037681795,-491.6021059623182,Carting,low: one mode observed
IND122001AAJ,IND507123AAA,night,4,59.88539291385105,59.07282725305475,0.8397796947571372,8.397796947571372,-491.60220305242865,Carting,low: one mode observed
IND751014AAA,IND751002AAB,morning,1,64.96234527245738,64.12786561787935,0.8344796545780326,8.344796545780326,-491.65520345421965,Carting,low: one mode observed
IND251201AAA,IND131028AAB,morning,1,578.5869268684187,577.7570339930279,0.829892875390783,8.29892875390783,-491.70107124609217,Carting,unsupported: unseen corridor
IND332404AAA,IND332001AAB,evening,5,90.36748919526083,90.00268880105934,0.8284623210350048,8.284623210350048,-491.71537678964995,Carting,low: one mode observed
IND515004AAA,IND515411AAA,evening,2,222.27737657041956,221.45819147488413,0.8191850955354596,8.191850955354596,-491.8081490446454,Carting,unsupported: unseen corridor
IND201204AAA,IND250002AAA,night,1,68.90699249508836,68.10279829669129,0.8041941983970702,8.041941983970702,-491.9580580160293,Carting,low: one mode observed
IND521105AAA,IND534001AAA,night,1,57.32381352124427,56.524601883939354,0.7992116373049143,7.992116373049143,-492.00788362695084,Carting,low: one mode observed
IND786190AAA,IND792103AAB,night,3,86.36320309492604,86.52244002350797,0.7955372314942366,7.955372314942366,-492.04462768505766,Carting,low: one mode observed
IND518206AAA,IND518222AAA,night,1,82.42585735535124,81.63398871494115,0.7918686404100868,7.9186864041008675,-492.08131359589913,Carting,low: one mode observed
IND209721AAB,IND209625AAA,evening,1,74.7886880307261,74.00107888953984,0.787609141186266,7.87609141186266,-492.12390858813734,Carting,low: one mode observed
IND607001AAA,IND608001AAA,night,1,70.13145933954439,69.35181394534912,0.7796453941952706,7.796453941952706,-492.2035460580473,Carting,low: one mode observed
IND786125AAA,IND786190AAA,night,2,68.7120855980333,67.95555192425144,0.7565336737818598,7.565336737818598,-492.4346632621814,Carting,low: one mode observed
IND571111AAB,IND571313AAB,night,3,63.27708809014018,62.52205793662252,0.7550301535176658,7.550301535176658,-492.4496984648233,Carting,low: one mode observed
IND125001AAA,IND125047AAB,evening,1,151.35504903934734,150.60029012085144,0.7547589184958952,7.547589184958952,-492.45241081504105,Carting,low: one mode observed
IND723130AAA,IND723131AAA,night,1,123.15032736530142,122.39823556851388,0.7520917967875391,7.520917967875391,-492.4790820321246,Carting,low: one mode observed
IND174307AAA,IND176041AAA,night,6,75.13457509342408,74.38295570464392,0.7487439624560182,7.4874396245601815,-492.5125603754398,Carting,low: one mode observed
IND425406AAA,IND425405AAA,night,1,45.70410283669114,44.97875120480262,0.7253516318885218,7.253516318885218,-492.7464836811148,Carting,low: one mode observed
IND524132AAA,IND524101AAB,morning,3,74.50030787104036,73.26955506154488,0.7163617576226926,7.163617576226926,-492.8363824237731,Carting,low: one mode observed
IND761200AAA,IND532001AAB,morning,5,109.84943046462932,109.79262361350055,0.7119123617559495,7.119123617559495,-492.88087638244053,Carting,low: one mode observed
IND608301AAA,IND639104AAB,night,5,244.75437030748208,245.59966858595288,0.7106283845839414,7.106283845839414,-492.8937161541606,Carting,low: one mode observed
IND641062AAD,IND643231AAA,evening,4,231.02582302476225,230.46405033581254,-0.3469153961779057,7.04010400346661,-492.9598959965334,Carting,low: one mode observed
IND422011AAD,IND422103AAC,night,3,106.01911766307504,105.41849417874661,0.7005688156608869,7.005688156608869,-492.99431184339113,Carting,low: one mode observed
IND829121AAA,IND834002AAB,night,5,428.74884240959716,438.88906898964404,0.6930853118390701,6.930853118390701,-493.0691468816093,Carting,low: one mode observed
IND505327AAA,IND505425AAA,night,3,57.39658454628178,56.41068886113851,0.6903973305393905,6.9039733053939045,-493.0960266946061,Carting,low: one mode observed
IND713145AAB,IND741316AAA,night,1,63.303728202005956,62.61338632571208,0.6903418762938784,6.903418762938784,-493.09658123706123,Carting,low: one mode observed
IND577116AAA,IND577101AAA,night,5,67.11855073440688,65.85809215984987,0.6898032035717421,6.898032035717421,-493.1019679642826,Carting,low: one mode observed
IND413002AAA,IND413307AAC,evening,1,220.95991771280282,220.30753581226685,0.6523819005359712,6.523819005359712,-493.4761809946403,Carting,unsupported: unseen corridor
IND614715AAA,IND614809AAA,afternoon,2,66.23364379917065,65.79768282871834,0.43596097045232085,6.413044904548499,-493.5869550954515,Carting,low: one mode observed
IND000000AFT,IND421302AAG,evening,2,143.17852951878763,144.296827451781,-1.1182979329934,6.406651022626733,-493.59334897737324,Carting,low: one mode observed
IND134203AAA,IND140501AAA,night,4,91.12513106921445,89.6656883501982,0.6283044015704249,6.283044015704249,-493.71695598429574,Carting,low: one mode observed
IND781014AAA,IND781124AAA,night,3,89.14496235443262,88.01838880462688,0.6211975683250017,6.211975683250017,-493.78802431675,Carting,low: one mode observed
IND518401AAA,IND518422AAB,night,5,71.04495824657614,70.74406579293982,0.6209475482664573,6.209475482664573,-493.7905245173354,Carting,low: one mode observed
IND396321AAA,IND396580AAB,night,6,88.41638887735138,87.111873173832,0.567377593979856,6.188865933682379,-493.8111340663176,Carting,low: one mode observed
IND384205AAA,IND384170AAA,evening,2,76.76109445184012,76.15544962937417,0.6056448224659405,6.056448224659405,-493.94355177534055,Carting,low: one mode observed
IND600044AAE,IND600056AAB,night,3,164.5661327184021,164.10107235163372,0.6052525362316317,6.052525362316317,-493.9474746376837,Carting,low: one mode observed
IND362220AAA,IND362225AAA,night,1,65.40568441235531,64.80190871074308,0.6037757016122356,6.037757016122356,-493.9622429838777,Carting,low: one mode observed
IND151302AAA,IND151505AAA,night,3,45.10724282827901,44.17865938631852,0.5973724270634619,5.973724270634619,-494.02627572936535,Carting,low: one mode observed
IND389151AAA,IND457661AAA,night,3,124.79809147737208,123.58371190765969,0.5925283173211255,5.925283173211255,-494.07471682678874,Carting,low: one mode observed
IND400701AAB,IND421302AAG,afternoon,1,207.05786505747804,206.47710971972893,0.5807553377491104,5.807553377491104,-494.1924466225089,Carting,low: one mode observed
IND246444AAB,IND246424AAA,afternoon,1,64.69052134058036,64.12097168700198,0.5695496535783775,5.695496535783775,-494.3045034642162,Carting,low: one mode observed
IND384355AAB,IND385001AAA,night,4,103.7373134052026,104.26305756943728,0.31404282979632114,5.634532012848936,-494.3654679871511,Carting,low: one mode observed
IND333001AAA,IND333028AAA,night,2,77.46327662412467,76.90885392081393,0.5544227033107489,5.544227033107489,-494.4557729668925,Carting,low: one mode observed
IND411036AAA,IND411033AAA,morning,2,205.33338171669223,205.50329497302482,-0.169913256332606,5.477229014204283,-494.5227709857957,Carting,low: one mode observed
IND501359AAE,IND500039AAC,evening,2,164.43904380806262,167.93118978044288,-3.492145972380257,5.456473170306566,-494.5435268296934,Carting,low: one mode observed
IND466001AAA,IND466116AAA,morning,6,67.1799003964027,66.76986663318678,0.5416382872216516,5.416382872216516,-494.58361712778344,Carting,low: one mode observed
IND421302AAG,IND401104AAB,evening,4,203.71509862420925,203.95629074115328,-0.14648667279584515,5.328927933148151,-494.6710720668518,Carting,low: one mode observed
IND341001AAC,IND341030AAA,night,1,81.07999657970495,80.54927567489179,0.5307209048131654,5.307209048131654,-494.69279095186835,Carting,low: one mode observed
IND571430AAA,IND571124AAA,morning,3,60.699794340386504,60.170765987299134,0.5290283530873694,5.290283530873694,-494.7097164691263,Carting,low: one mode observed
IND425201AAA,IND425508AAB,night,4,96.40758198533351,94.69815830296528,0.5280197288944493,5.280197288944493,-494.71980271105554,Carting,low: one mode observed
IND614620AAA,IND630561AAA,night,4,167.56113294785692,169.23476729416296,-0.003466942716428889,5.108952069211483,-494.89104793078855,Carting,low: one mode observed
IND365560AAB,IND364290AAA,night,4,100.93572594056607,99.92942954731438,0.5079518804243506,5.079518804243506,-494.92048119575645,Carting,low: one mode observed
IND121102AAA,IND121004AAB,night,1,162.58339816763004,162.08214270999284,0.5012554576371997,5.012554576371997,-494.987445423628,Carting,low: one mode observed
IND521001AAA,IND521165AAA,night,2,88.35651363005857,87.86525096805289,0.49126266200567414,4.9126266200567414,-495.0873733799433,Carting,low: one mode observed
IND562132AAA,IND560048AAB,afternoon,1,164.88404569248252,164.39490397924655,0.48914171323596634,4.891417132359663,-495.10858286764034,Carting,low: one mode observed
IND680587AAA,IND68004AAA,night,4,112.57611107106376,112.90542064592981,0.4875603940277742,4.875603940277742,-495.12439605972224,Carting,low: one mode observed
IND303702AAB,IND332404AAA,afternoon,3,77.99712571935737,77.51014438223024,0.48698133712713343,4.869813371271334,-495.13018662872867,Carting,low: one mode observed
IND515671AAA,IND515134AAA,evening,6,77.06966399627439,76.3421820740449,0.48226615807898554,4.822661580789855,-495.1773384192102,Carting,low: one mode observed
IND246725AAB,IND246701AAA,night,3,65.15398497942844,64.67564427673342,0.4783407026950215,4.783407026950215,-495.2165929730498,Carting,low: one mode observed
IND563101AAB,IND560300AAB,night,1,247.21601436316593,246.7410228486376,0.47499151452831256,4.749915145283126,-495.2500848547169,Carting,unsupported: unseen corridor
IND533262AAA,IND533201AAA,night,2,94.74555673233098,94.27662370553557,0.46893302679542614,4.6893302679542614,-495.31066973204577,Carting,low: one mode observed
IND814101AAB,IND816107AAA,night,4,146.21716879088572,146.33934072345727,0.07567360198005701,4.682387175103742,-495.3176128248963,Carting,low: one mode observed
IND563130AAA,IND563131AAB,night,2,100.13786581711136,100.14109246008003,-0.003226642968670035,4.517508498079863,-495.48249150192015,Carting,low: one mode observed
IND388121AAA,IND388620AAB,night,5,88.91018656055907,88.45948651445642,0.4507000461026536,4.507000461026536,-495.49299953897344,Carting,low: one mode observed
IND281121AAB,IND110037AAM,night,4,270.68854521396094,277.69292898606113,-7.472776616376194,4.279229727189033,-495.72077027281097,Carting,low: one mode observed
IND487001AAA,IND487551AAA,night,1,81.18307455079783,80.75890539270448,0.4241691580933491,4.241691580933491,-495.7583084190665,Carting,low: one mode observed
IND673632AAA,IND683511AAA,night,6,568.9619717590853,570.9662528217079,-3.262782371608921,4.1615272089347854,-495.8384727910652,Carting,unsupported: unseen corridor
IND125047AAB,IND125051AAA,night,2,121.52402797209118,122.4651794770671,-0.9411515049759132,4.153278428988116,-495.84672157101187,Carting,low: one mode observed
IND516115AAA,IND517501AAB,morning,6,218.77981266141305,218.3876468577223,0.08461749795178264,4.007129255020487,-495.99287074497954,Carting,low: one mode observed
IND203396AAB,IND203390AAA,morning,4,69.18114929720787,69.1276471800467,0.12252461977698204,4.005702520208629,-495.9942974797914,Carting,low: one mode observed
IND262001AAA,IND262122AAB,night,2,85.41539928835815,85.01539240877179,0.40000687958634273,4.000068795863427,-495.9999312041366,Carting,low: one mode observed
IND201001AAA,IND201007AAA,morning,1,69.04576720880483,68.6536124732457,0.3921547355591315,3.921547355591315,-496.0784526444087,Carting,low: one mode observed
IND505327AAA,IND505425AAA,morning,2,48.77868252390182,48.38663698994306,0.3920455339587612,3.920455339587612,-496.0795446604124,Carting,low: one mode observed
IND680012AAA,IND679303AAA,night,4,96.49632968395798,96.99598801815904,-0.002298823921215387,3.868289040818027,-496.131710959182,Carting,low: one mode observed
IND680712AAA,IND683511AAA,night,3,100.4141499633294,99.51008818553703,0.38130933930594324,3.8130933930594324,-496.18690660694057,Carting,low: one mode observed
IND517501AAB,IND517644AAA,night,4,102.38372547102946,102.05009026324751,0.003991172035867407,3.7777982644593777,-496.22220173554064,Carting,low: one mode observed
IND210501AAB,IND209304AAA,morning,2,269.3331285691127,275.6530130998922,-6.319884530779433,3.7674349554288256,-496.2325650445712,Carting,low: one mode observed
IND515134AAA,IND515591AAA,evening,2,112.0352967218829,112.14495793287051,-0.1096612109876105,3.6754075195675284,-496.32459248043244,Carting,low: one mode observed
IND424006AAA,IND424101AAA,evening,1,124.86811369174987,124.50127548953841,0.36683820221145425,3.6683820221145425,-496.33161797788546,Carting,low: one mode observed
IND480334AAA,IND480106AAA,afternoon,6,84.03870634741372,83.51595359183887,0.36626079188273764,3.6626079188273764,-496.33739208117265,Carting,low: one mode observed
IND560300AAB,IND563130AAA,evening,2,134.45782424915467,136.29727363326865,-1.8394493841139905,3.5668551002548554,-496.4331448997451,Carting,low: one mode observed
IND507123AAA,IND506314AAA,night,4,164.070348302465,165.49509723933818,0.34563671968011533,3.4563671968011533,-496.5436328031989,Carting,low: one mode observed
IND303108AAB,IND303106AAA,night,3,80.60750838653327,80.26935224322297,0.3381561433103002,3.381561433103002,-496.618438566897,Carting,low: one mode observed
IND742223AAA,IND742226AAA,night,6,109.79049507476743,107.63501393408548,-0.005217187983141969,3.1588889758347705,-496.84111102416523,Carting,low: one mode observed
IND396445AAA,IND396321AAA,night,1,100.82374535823381,100.50975047239965,0.3139948858341626,3.1399488583416257,-496.86005114165835,Carting,low: one mode observed
IND203001AAA,IND203131AAA,night,1,48.934171420995824,48.62722553792171,0.3069458830741141,3.069458830741141,-496.93054116925885,Carting,low: one mode observed
IND507002AAA,IND508207AAB,evening,1,237.3303193905655,237.02401649339487,0.30630289717063874,3.0630289717063874,-496.9369710282936,Carting,unsupported: unseen corridor
IND503111AAC,IND503185AAA,evening,1,137.9375860115924,137.64136453813333,0.29622147345907024,2.9622147345907024,-497.0377852654093,Carting,low: one mode observed
IND600056AAA,IND602105AAB,night,3,51.077353410223886,50.12634621404234,0.294508224585293,2.94508224585293,-497.0549177541471,Carting,low: one mode observed
IND609110AAA,IND609602AAA,morning,1,67.76499149007853,67.47463042238302,0.29036106769551395,2.9036106769551395,-497.09638932304483,Carting,low: one mode observed
IND246701AAA,IND246763AAA,night,3,67.9675032018364,68.04858258861108,0.2893647491396507,2.893647491396507,-497.1063525086035,Carting,low: one mode observed
IND625008AAA,IND626123AAA,evening,5,255.52177515062044,255.23644114686016,0.2853340037602834,2.853340037602834,-497.14665996239717,Carting,low: one mode observed
IND507002AAA,IND507167AAA,evening,3,117.55571224341581,117.14363508162215,0.28508067732984443,2.8508067732984443,-497.1491932267015,Carting,low: one mode observed
IND591102AAA,IND591307AAC,night,6,95.88067831924295,96.05306079664433,0.0015537122584419194,2.764441478409765,-497.23555852159024,Carting,low: one mode observed
IND583201AAA,IND583119AAA,night,2,92.94295298222691,93.08556177977084,-0.14260879754392164,2.733529499926277,-497.26647050007375,Carting,low: one mode observed
IND515865AAB,IND515761AAA,night,5,62.627887260434704,63.00033642563086,0.2690221019043406,2.690221019043406,-497.3097789809566,Carting,low: one mode observed
IND500039AAC,IND500035AAD,morning,2,102.9843827559458,102.71712811192465,0.2672546440211576,2.672546440211576,-497.3274535597884,Carting,low: one mode observed
IND711303AAA,IND721134AAB,night,6,66.18313526576719,65.8103862584345,0.26649163851239877,2.6649163851239877,-497.335083614876,Carting,low: one mode observed
IND400102AAC,IND400052AAA,night,2,92.91795675487322,92.90012165385136,0.017835101021859145,2.639251327782901,-497.3607486722171,Carting,low: one mode observed
IND184104AAA,IND184121AAA,evening,1,94.56838931522046,94.3047178980474,0.2636714171730574,2.636714171730574,-497.36328582826945,Carting,low: one mode observed
IND561207AAB,IND562108AAA,night,2,71.6876139236613,71.43336160056208,0.2542523230992302,2.542523230992302,-497.4574767690077,Carting,low: one mode observed
IND723130AAA,IND723131AAA,morning,1,118.64736116104066,118.39556937948491,0.25179178155575244,2.5179178155575244,-497.48208218444245,Carting,low: one mode observed
IND518401AAA,IND518422AAB,evening,1,76.15567972229,75.9078151025351,0.2478646197549068,2.478646197549068,-497.5213538024509,Carting,low: one mode observed
IND723131AAA,IND722140AAA,morning,6,65.97844462225687,65.58615104602575,0.24454358380214103,2.4454358380214103,-497.5545641619786,Carting,low: one mode observed
IND500039AAC,IND508116AAA,night,5,103.59302493126624,103.49601545284222,0.2396013141582216,2.396013141582216,-497.6039868584178,Carting,low: one mode observed
IND302014AAB,IND304001AAA,evening,1,291.02066482187865,290.78209416195557,0.23857065992308435,2.3857065992308435,-497.61429340076916,Carting,unsupported: unseen corridor
IND562132AAA,IND560048AAB,night,3,150.31949221579092,150.08373001630576,0.2357621994851513,2.357621994851513,-497.6423780051485,Carting,low: one mode observed
IND508248AAB,IND508377AAB,night,4,73.13569432942248,72.86197497728665,0.1524280964463216,2.3517992255308684,-497.64820077446916,Carting,low: one mode observed
IND742102AAB,IND731237AAB,evening,6,145.27491278412964,145.0418488239937,-1.083200587584514,2.2522437492114022,-497.7477562507886,Carting,low: one mode observed
IND732138AAA,IND733140AAA,night,1,85.92386125699038,85.70772764877823,0.21613360821214656,2.1613360821214656,-497.83866391787853,Carting,low: one mode observed
IND470004AAA,IND470113AAA,evening,1,155.1460426920384,154.93249944954601,0.21354324249239198,2.13543242492392,-497.8645675750761,Carting,low: one mode observed
IND132001AAA,IND132103AAB,night,1,250.35647684811642,250.14837298290857,0.20810386520784618,2.081038652078462,-497.91896134792154,Carting,low: one mode observed
IND603001AAA,IND603301AAA,night,2,60.747657793173246,60.961281628084436,-0.2136238349111963,2.0261770126487733,-497.97382298735124,Carting,low: one mode observed
IND509358AAA,IND508248AAB,evening,3,144.88666419378814,144.69569648370867,0.19096771007946245,1.9096771007946245,-498.0903228992054,Carting,low: one mode observed
IND401501AAA,IND401602AAA,night,6,103.85018418804106,103.52614208796263,0.19031334435251068,1.9031334435251068,-498.0968665564749,Carting,low: one mode observed
IND487001AAB,IND487551AAA,night,2,91.5134215086924,91.71071545479069,-0.19729394609828432,1.884582407012374,-498.1154175929876,Carting,low: one mode observed
IND573134AAB,IND573201AAB,night,6,102.5476945674869,102.54979426830792,0.03803145564267396,1.7754611234787632,-498.22453887652125,Carting,low: one mode observed
IND813102AAA,IND812002AAA,night,5,109.0364182620178,108.62640072095222,0.17135009850468919,1.7135009850468919,-498.2864990149531,Carting,low: one mode observed
IND742226AAA,IND742102AAB,morning,2,113.97783166897295,114.55683275265132,-0.5790010836783637,1.6157339720997754,-498.38426602790025,Carting,low: one mode observed
IND628613AAA,IND627005AAA,night,4,90.25106903862184,91.7012409402943,-0.5095832675636203,1.556907827744567,-498.44309217225543,Carting,low: one mode observed
IND842003AAB,IND482002AAA,evening,1,98.08431035729808,97.93809413757097,0.1462162197271084,1.462162197271084,-498.5378378027289,Carting,low: one mode observed
IND274304AAB,IND274301AAB,morning,5,63.07334595030764,62.93030604019331,0.14303991011433226,1.4303991011433226,-498.56960089885666,Carting,low: one mode observed
IND501359AAG,IND000000ACN,afternoon,5,190.6919952594651,190.55182993009743,0.1401653293676759,1.401653293676759,-498.59834670632324,Carting,low: one mode observed
IND515004AAA,IND515401AAB,afternoon,1,163.66809520877433,163.52909522460294,0.1389999841713916,1.3899998417139159,-498.6100001582861,Carting,low: one mode observed
IND246444AAB,IND246424AAA,morning,3,59.35202216017955,59.22696722478054,0.1250549353990138,1.250549353990138,-498.74945064600985,Carting,low: one mode observed
IND211011AAA,IND212501AAA,night,5,108.00012505706577,108.46452341059698,0.12290218624940508,1.2290218624940508,-498.77097813750595,Carting,low: one mode observed
IND384205AAA,IND384355AAB,evening,4,86.5566956804186,86.4391263588684,0.11756932155019939,1.175693215501994,-498.82430678449805,Carting,low: one mode observed
IND384265AAB,IND385320AAA,night,4,115.17388187123478,115.07821342366364,0.09566844757114978,1.1475206309026476,-498.85247936909735,Carting,low: one mode observed
IND144001AAB,IND000000ACA,evening,1,145.60535714149145,145.493688494616,0.11166864687544376,1.1166864687544376,-498.88331353124556,Carting,low: one mode observed
IND571313AAB,IND571440AAA,night,2,84.08730438916328,84.19602952376944,-0.10872513460615352,0.9851091735467321,-499.01489082645327,Carting,low: one mode observed
IND722101AAA,IND722122AAA,night,1,55.41084560557302,55.3206991782724,0.09014642730062405,0.9014642730062405,-499.09853572699376,Carting,low: one mode observed
IND614809AAA,IND610001AAA,morning,2,107.96302326534177,108.76566952647897,-0.8026462611371841,0.8668815069995617,-499.13311849300044,Carting,low: one mode observed
IND502110AAA,IND502313AAA,night,1,66.60614383032863,66.5328441440179,0.07329968631073314,0.7329968631073314,-499.26700313689264,Carting,low: one mode observed
IND600044AAD,IND600048AAA,morning,2,105.43354043385932,105.63576010136003,-0.20221966750071374,0.7303120828513698,-499.26968791714864,Carting,low: one mode observed
IND532440AAA,IND532001AAB,afternoon,1,73.71067235715407,73.6394210805904,0.0712512765636717,0.712512765636717,-499.2874872343633,Carting,low: one mode observed
IND625516AAA,IND685514AAA,night,2,97.33174957467503,97.29082289769045,0.040926676984597066,0.6020433181654994,-499.3979566818345,Carting,low: one mode observed
IND382421AAA,IND382430AAB,morning,5,138.45257653379903,140.7805410345692,0.059235428456162253,0.5923542845616225,-499.4076457154384,Carting,low: one mode observed
IND600016AAA,IND600119AAA,morning,4,66.58313524467727,66.26689586128393,0.04165535041779833,0.5630992531198586,-499.43690074688016,Carting,low: one mode observed
IND462022AAA,IND461001AAA,morning,2,214.17644164903567,216.19750048069585,-2.0210588316602127,0.5169825058771949,-499.4830174941228,Carting,low: one mode observed
IND517583AAA,IND516101AAA,night,5,113.7544915863767,113.21214194986322,0.04354643113269674,0.4354643113269674,-499.564535688673,Carting,low: one mode observed
IND571432AAB,IND571426AAA,night,6,71.63177362428632,72.5638156852016,-0.2491636021627528,0.3580816702615408,-499.6419183297385,Carting,low: one mode observed
IND362720AAA,IND362560AAA,morning,3,67.43774445039264,67.66803517541054,0.03236493502684823,0.3236493502684823,-499.6763506497315,Carting,low: one mode observed
IND621212AAA,IND621704AAA,night,5,49.03438295694891,49.312349343555645,0.03233941921172345,0.3233941921172345,-499.67660580788277,Carting,low: one mode observed
IND621704AAA,IND621802AAA,night,5,76.64695813097744,76.69084510052748,0.02891120928568114,0.2891120928568114,-499.71088790714316,Carting,low: one mode observed
IND560048AAB,IND562132AAA,morning,3,176.90999065544176,176.88182796538987,0.028162690051885875,0.28162690051885875,-499.71837309948114,Carting,low: one mode observed
IND247667AAB,IND249407AAA,night,1,206.1253065015569,206.10012294681712,0.025183554739783176,0.25183554739783176,-499.74816445260217,Carting,unsupported: unseen corridor
IND500080AAB,IND501359AAE,evening,3,164.03322420337744,163.5996401179969,0.013960621095066017,0.13960621095066017,-499.86039378904934,Carting,low: one mode observed
IND623315AAB,IND614620AAA,night,3,56.45075326348353,56.8403602213879,0.004504440118317632,0.04504440118317632,-499.9549555988168,Carting,low: one mode observed
IND400015AAA,IND400072AAB,night,3,148.37055263360114,162.3783018941996,-10.951229979571565,0.0,-500.0,Carting,low: one mode observed
IND400015AAB,IND400072AAB,night,1,97.67985263916295,103.85399064500047,-6.17413800583752,0.0,-500.0,Carting,low: one mode observed
IND400015AAB,IND421302AAG,evening,4,201.50288943050452,204.58405429720386,-0.9079153245129845,0.0,-500.0,Carting,low: one mode observed
IND400016AAB,IND400072AAD,afternoon,3,104.13836580127938,106.97456961605731,-2.8362038147779316,0.0,-500.0,Carting,low: one mode observed
IND400016AAB,IND400072AAD,evening,2,99.3991729881578,100.79808919367758,-1.3989162055197824,0.0,-500.0,Carting,low: one mode observed
IND400037AAA,IND400072AAJ,morning,3,95.6713149702227,95.87195035960099,-0.5873402623765571,0.0,-500.0,Carting,low: one mode observed
IND400037AAA,IND400072AAJ,night,3,94.7229527940067,96.25346150181541,-1.530508707808707,0.0,-500.0,Carting,low: one mode observed
IND400064AAB,IND400072AAB,afternoon,1,86.97017638538036,89.94924375404771,-2.9790673686673586,0.0,-500.0,Carting,low: one mode observed
IND400064AAB,IND400072AAD,afternoon,5,82.81949670206168,89.39211736850828,-6.572620666446596,0.0,-500.0,Carting,low: one mode observed
IND400072AAB,IND000000AFT,afternoon,6,105.29795397430169,112.98472321590782,-8.746574786232962,0.0,-500.0,Carting,low: one mode observed
IND400072AAB,IND000000AFT,evening,6,99.18871456880711,109.96032574017269,-10.83540271058692,0.0,-500.0,Carting,low: one mode observed
IND400072AAB,IND000000AFT,night,12,103.18161879968639,113.21426481579729,-11.771975850334982,0.0,-500.0,Carting,low: one mode observed
IND400072AAB,IND400015AAA,afternoon,7,126.45556956853208,135.1701414264137,-8.117633752318667,0.0,-500.0,Carting,low: one mode observed
IND400072AAB,IND400015AAA,evening,12,111.8647086517756,121.00661190309688,-9.083891299187187,0.0,-500.0,Carting,low: one mode observed
IND400072AAB,IND400015AAA,night,3,115.15785053284876,125.4780552885041,-10.32020475565534,0.0,-500.0,Carting,low: one mode observed
IND400072AAB,IND400015AAB,night,1,132.86419158803426,133.78537013256766,-0.9211785445334044,0.0,-500.0,Carting,unsupported: unseen corridor
IND400072AAB,IND401104AAA,afternoon,7,101.44732406122289,110.94157092138653,-7.402593890651929,0.0,-500.0,Carting,low: one mode observed
IND400072AAB,IND401104AAA,evening,11,91.4929579304713,101.13822447411695,-8.986149590842174,0.0,-500.0,Carting,low: one mode observed
IND400072AAB,IND401104AAA,night,9,92.68204060500328,105.79222092149452,-10.155061654691394,0.0,-500.0,Carting,low: one mode observed
IND400072AAB,IND421302AAG,afternoon,5,219.7046348160733,242.80538767494778,-17.249702149228312,0.0,-500.0,Carting,low: one mode observed
IND400072AAB,IND421302AAG,evening,8,203.2991084747313,230.74439216510376,-27.960803737011588,0.0,-500.0,Carting,low: one mode observed
IND400072AAB,IND421302AAG,morning,6,243.19792135732973,263.550822849189,-16.92735409565239,0.0,-500.0,Carting,low: one mode observed
IND400072AAB,IND421302AAG,night,5,216.14165046149031,236.75642360078686,-18.76462687534675,0.0,-500.0,Carting,low: one mode observed
IND400072AAB,IND421302AAR,evening,7,129.47093656192527,136.78335285415733,-9.58151889867959,0.0,-500.0,Carting,low: one mode observed
IND400072AAB,IND421302AAR,morning,1,139.52983125841462,148.1009942248381,-8.571162966423486,0.0,-500.0,Carting,low: one mode observed
IND400072AAB,IND421302AAR,night,2,129.78355118504084,143.62503580091754,-13.841484615876709,0.0,-500.0,Carting,low: one mode observed
IND400072AAC,IND400011AAA,night,5,134.1476357140974,139.0444480007014,-4.854373677715543,0.0,-500.0,Carting,low: one mode observed
IND400072AAD,IND421302AAG,afternoon,9,196.22602285518445,206.38799041662807,-9.773653643787014,0.0,-500.0,Carting,low: one mode observed
IND400072AAD,IND421302AAG,evening,16,175.8693835445602,185.8748684374893,-10.386519944491766,0.0,-500.0,Carting,low: one mode observed
IND400072AAD,IND421302AAG,morning,5,219.87613765472932,240.1126619673016,-15.625428667087505,0.0,-500.0,Carting,low: one mode observed
IND400072AAD,IND421302AAG,night,6,168.19317197518748,185.6257808954199,-14.132984800197846,0.0,-500.0,Carting,low: one mode observed
IND400102AAB,IND421302AAG,evening,6,183.54686990481989,186.03808261317727,-1.5938464729319577,0.0,-500.0,Carting,low: one mode observed
IND400102AAC,IND421302AAG,evening,1,185.59544378380804,188.08714699466927,-2.491703210861232,0.0,-500.0,Carting,low: one mode observed
IND400102AAC,IND421302AAG,night,2,199.9023059584733,202.56641508212368,-2.6641091236503627,0.0,-500.0,Carting,low: one mode observed
IND400612AAA,IND421302AAR,night,4,145.40372989736156,150.9908148958292,-6.903916346734761,0.0,-500.0,Carting,low: one mode observed
IND400701AAA,IND410206AAA,morning,2,60.17841830308364,61.2288887693848,-1.0504704663011637,0.0,-500.0,Carting,low: one mode observed
IND400701AAA,IND410206AAA,night,6,67.73108557438209,68.29130032363858,-0.8868063656602061,0.0,-500.0,Carting,low: one mode observed
IND400701AAB,IND421302AAG,evening,5,198.29648808307144,200.07798495999197,-1.7987164695637432,0.0,-500.0,Carting,low: one mode observed
IND400701AAB,IND421302AAG,night,4,205.23257486016183,223.07022275265157,-14.473646273858861,0.0,-500.0,Carting,low: one mode observed
IND401104AAA,IND400072AAB,evening,4,139.99393511391827,153.2234601574626,-13.229525043544328,0.0,-500.0,Carting,low: one mode observed
IND401104AAA,IND400072AAB,night,3,162.14973330337833,173.3315188013271,-11.897670334108057,0.0,-500.0,Carting,low: one mode observed
IND401104AAA,IND401208AAA,evening,7,93.18508727747641,100.04310219119515,-6.272065200303928,0.0,-500.0,Carting,low: one mode observed
IND401104AAA,IND401208AAA,morning,7,93.65860205331703,105.18446548928591,-8.758713369445232,0.0,-500.0,Carting,low: one mode observed
IND401104AAA,IND421302AAG,evening,1,150.8770465245059,151.32069015071502,-0.44364362620913766,0.0,-500.0,Carting,low: one mode observed
IND401104AAB,IND400072AAB,night,1,90.97499990213122,94.185409069191,-3.2104091670597796,0.0,-500.0,Carting,low: one mode observed
IND401104AAB,IND421302AAG,evening,2,179.16701184209256,185.60333523506614,-6.436323392973591,0.0,-500.0,Carting,low: one mode observed
IND401209AAA,IND401104AAA,morning,2,133.8525075927096,144.6105556079513,-10.758048015241698,0.0,-500.0,Carting,low: one mode observed
IND401209AAA,IND401104AAA,night,6,129.34093320759567,142.5380134656778,-11.24744382355469,0.0,-500.0,Carting,low: one mode observed
IND401209AAB,IND401104AAA,morning,4,147.77114609476666,154.42394132292827,-6.356688299362929,0.0,-500.0,Carting,low: one mode observed
IND401209AAB,IND421302AAH,afternoon,5,162.14771062368177,174.76878784848012,-13.330305798183758,0.0,-500.0,Carting,low: one mode observed
IND401501AAA,IND401602AAA,morning,1,96.68453348811437,97.03689013014363,-0.35235664202926387,0.0,-500.0,Carting,low: one mode observed
IND403601AAA,IND403726AAB,night,1,235.5551275492342,237.64930619989562,-2.0941786506614335,0.0,-500.0,Carting,low: one mode observed
IND403726AAA,IND403702AAA,night,1,140.4450033454528,145.92910331331538,-5.484099967862591,0.0,-500.0,Carting,low: one mode observed
IND410206AAA,IND000000AFT,night,7,115.56439095740951,117.2215724629343,-2.6799918096356095,0.0,-500.0,Carting,low: one mode observed
IND410206AAB,IND000000AFT,morning,3,132.91054122174666,141.61012083582386,-9.21022656917333,0.0,-500.0,Carting,low: one mode observed
IND410206AAB,IND000000AFT,night,13,113.40138574021296,124.51539939071706,-10.863293751121347,0.0,-500.0,Carting,low: one mode observed
IND411014AAA,IND411033AAA,evening,1,153.20845370139855,153.74934792832042,-0.5408942269218642,0.0,-500.0,Carting,low: one mode observed
IND411021AAA,IND411033AAA,evening,4,94.39814942033868,100.38769483339001,-5.929725914646895,0.0,-500.0,Carting,low: one mode observed
IND411021AAA,IND411033AAA,morning,3,80.297181120151,87.1713763489792,-6.897220521477848,0.0,-500.0,Carting,low: one mode observed
IND411021AAA,IND411033AAA,night,4,92.53709311179784,99.5255197878214,-7.867318380320512,0.0,-500.0,Carting,low: one mode observed
IND411033AAA,IND000000AAL,afternoon,2,153.8497447509356,170.40094004689135,-16.551195295955736,0.0,-500.0,Carting,low: one mode observed
IND411033AAA,IND000000AAL,night,1,126.24327523906956,137.58861930926082,-11.34534407019126,0.0,-500.0,Carting,low: one mode observed
IND411033AAA,IND000000ACB,evening,1,1697.5351084792558,1927.4019353152032,-229.86682683594745,0.0,-500.0,Carting,low: one mode observed
IND411033AAA,IND000000ACB,morning,1,1775.5211809729253,2007.9484538060071,-232.42727283308182,0.0,-500.0,Carting,low: one mode observed
IND411033AAA,IND000000ACB,night,3,1750.9962035732442,1984.6343884375444,-235.4900148658537,0.0,-500.0,Carting,low: one mode observed
IND411033AAA,IND400072AAB,evening,3,286.64304256978807,322.08593445305576,-37.89083340953351,0.0,-500.0,Carting,low: one mode observed
IND411033AAA,IND410505AAB,evening,1,130.0158786889502,134.39932799673747,-4.383449307787259,0.0,-500.0,Carting,low: one mode observed
IND411033AAA,IND410505AAB,morning,2,116.91045306072618,121.42961428836024,-4.519161227634065,0.0,-500.0,Carting,low: one mode observed
IND411033AAA,IND411014AAA,evening,6,162.34239468297585,185.36567817693862,-21.154847371781457,0.0,-500.0,Carting,low: one mode observed
IND411033AAA,IND411014AAA,morning,3,169.43269587247843,193.13767301680363,-19.824358241337308,0.0,-500.0,Carting,low: one mode observed
IND411033AAA,IND411014AAA,night,3,169.57953025604408,192.16459554833006,-20.946404393611317,0.0,-500.0,Carting,low: one mode observed
IND411033AAA,IND411021AAA,evening,3,103.69222113593457,113.78491949809113,-10.713335781299733,0.0,-500.0,Carting,low: one mode observed
IND411033AAA,IND411021AAA,morning,4,100.87379028614825,113.82565666308167,-13.137841459335156,0.0,-500.0,Carting,low: one mode observed
IND411033AAA,IND411021AAA,night,11,101.16267645751586,113.6291983359712,-11.294835601999395,0.0,-500.0,Carting,low: one mode observed
IND411033AAA,IND411036AAA,evening,4,174.0288351615446,202.48513421795818,-28.45629905641357,0.0,-500.0,Carting,low: one mode observed
IND411033AAA,IND411036AAA,morning,2,169.7406484321053,195.31332451203917,-25.57267607993387,0.0,-500.0,Carting,low: one mode observed
IND411033AAA,IND411036AAA,night,2,202.60581233721834,228.08648558395123,-25.480673246732906,0.0,-500.0,Carting,low: one mode observed
IND411033AAA,IND413002AAA,afternoon,7,492.6068307935928,532.8582671200254,-31.635524495170444,0.0,-500.0,Carting,low: one mode observed
IND411033AAA,IND413002AAA,evening,3,445.0580431907187,496.46637648522085,-47.83531611812441,0.0,-500.0,Carting,low: one mode observed
IND411033AAA,IND421302AAG,afternoon,7,295.89086703301973,303.3374943059744,-5.626611740195187,0.0,-500.0,Carting,low: one mode observed
IND411033AAA,IND421302AAG,morning,3,286.97845430416385,303.5401484669328,-8.773326391981072,0.0,-500.0,Carting,low: one mode observed
IND411033AAA,IND421302AAG,night,5,277.6503237687203,301.7418951841432,-22.293697709763364,0.0,-500.0,Carting,low: one mode observed
IND411033AAA,IND580028AAA,evening,2,837.29311946351,954.0599613121932,-116.7668418486831,0.0,-500.0,Carting,low: one mode observed
IND411033AAA,IND580028AAA,night,2,826.2101918359265,954.1485226505299,-127.93833081460343,0.0,-500.0,Carting,low: one mode observed
IND411036AAA,IND411033AAA,afternoon,1,189.18772088257907,190.00038942500925,-0.8126685424301741,0.0,-500.0,Carting,low: one mode observed
IND411036AAA,IND411033AAA,evening,4,187.25518979606053,192.32823513057104,-4.968367351397262,0.0,-500.0,Carting,low: one mode observed
IND411036AAA,IND411033AAA,night,5,185.7023341329637,191.6968853375104,-6.636313064057106,0.0,-500.0,Carting,low: one mode observed
IND412105AAC,IND411017AAA,morning,3,64.86214833759078,70.02330891030356,-5.288935744086103,0.0,-500.0,Carting,low: one mode observed
IND412105AAC,IND411017AAA,night,7,67.51891983194247,72.67833862934711,-5.640941624839215,0.0,-500.0,Carting,low: one mode observed
IND413002AAA,IND413304AAA,evening,3,136.5514293799485,145.949562624399,-8.234466557437571,0.0,-500.0,Carting,low: one mode observed
IND413002AAA,IND413304AAA,night,3,126.67345361768014,136.69054970741493,-7.881055221864827,0.0,-500.0,Carting,low: one mode observed
IND413002AAA,IND501359AAE,afternoon,1,604.821684857487,646.019135469766,-41.197450612279,0.0,-500.0,Carting,low: one mode observed
IND413002AAA,IND501359AAE,morning,5,593.537625954535,650.9019461159797,-54.097715853421846,0.0,-500.0,Carting,low: one mode observed
IND413304AAA,IND415301AAB,night,4,90.15932714582695,90.92114134999709,-0.2750468924203915,0.0,-500.0,Carting,low: one mode observed
IND413401AAA,IND411033AAA,night,7,401.44295034570507,422.3217040191033,-20.533762031164713,0.0,-500.0,Carting,low: one mode observed
IND413501AAA,IND413401AAA,night,7,81.75796451726035,84.32202184188255,-3.0187876745520583,0.0,-500.0,Carting,low: one mode observed
IND413709AAA,IND423109AAA,night,3,76.81564166321749,77.27427475085211,-0.6342048785193697,0.0,-500.0,Carting,low: one mode observed
IND415124AAA,IND415605AAA,night,5,184.55024898294144,185.4226441743716,-0.39379111680258916,0.0,-500.0,Carting,low: one mode observed
IND415409AAB,IND415124AAA,evening,3,54.92036596110378,56.480950105247494,-1.5605841441437107,0.0,-500.0,Carting,low: one mode observed
IND415409AAB,IND415124AAA,night,1,48.55327120698106,50.2710445790769,-1.7177733720958415,0.0,-500.0,Carting,low: one mode observed
IND415605AAA,IND415709AAA,night,5,77.28442755974933,78.33274965444937,-1.385158860473183,0.0,-500.0,Carting,low: one mode observed
IND415612AAA,IND415408AAC,night,3,215.54545184150606,236.72139451240147,-15.36359030461955,0.0,-500.0,Carting,low: one mode observed
IND415709AAA,IND416012AAA,night,1,542.0017077218567,589.9604845381863,-47.95877681632953,0.0,-500.0,Carting,low: one mode observed
IND415709AAA,IND416122AAA,night,1,650.2479328959051,655.6769244492765,-5.428991553371361,0.0,-500.0,Carting,unsupported: unseen corridor
IND416012AAA,IND395023AAA,afternoon,2,809.2148036004382,914.4589802100822,-105.24417660964406,0.0,-500.0,Carting,low: one mode observed
IND416012AAA,IND415612AAA,evening,3,372.83758907159995,379.03949907804054,-7.992944963362504,0.0,-500.0,Carting,low: one mode observed
IND416012AAA,IND591237AAB,evening,2,172.63363217862485,181.5579038397318,-8.924271661106943,0.0,-500.0,Carting,low: one mode observed
IND416510AAA,IND416606AAA,night,5,114.54962246492222,115.13575267170206,-0.586130206779842,0.0,-500.0,Carting,low: one mode observed
IND421301AAA,IND421302AAR,night,8,159.90422218605408,165.64940658800668,-3.1618474302791526,0.0,-500.0,Carting,low: one mode observed
IND421302AAF,IND421302AAR,night,7,150.11435111197264,155.6937331138123,-5.3028630144008275,0.0,-500.0,Carting,low: one mode observed
IND421302AAG,IND000000ACB,evening,1,1769.8883685340363,1998.8972014777316,-229.00883294369532,0.0,-500.0,Carting,low: one mode observed
IND421302AAG,IND000000ACB,morning,2,1906.5844353252196,2177.6101518489345,-271.025716523715,0.0,-500.0,Carting,low: one mode observed
IND421302AAG,IND000000AFT,afternoon,3,277.2733587006024,318.6547406855334,-40.5423080341281,0.0,-500.0,Carting,low: one mode observed
IND421302AAG,IND000000AFT,evening,5,231.67134529443499,273.25386801584796,-41.58252272141297,0.0,-500.0,Carting,low: one mode observed
IND421302AAG,IND000000AFT,morning,3,253.22857324439127,288.27035530343557,-35.041782059044294,0.0,-500.0,Carting,low: one mode observed
IND421302AAG,IND000000AFT,night,10,229.2701825558657,265.85347532855207,-37.47104814362555,0.0,-500.0,Carting,low: one mode observed
IND421302AAG,IND110037AAM,morning,1,2014.2308560146712,2279.848189506895,-265.6173334922237,0.0,-500.0,Carting,low: one mode observed
IND421302AAG,IND110037AAM,night,4,1983.9730820285477,2279.719871564709,-292.93213144876836,0.0,-500.0,Carting,low: one mode observed
IND421302AAG,IND131028AAB,evening,2,1936.0380236691394,2187.61058207566,-251.57255840652067,0.0,-500.0,Carting,low: one mode observed
IND421302AAG,IND160002AAC,night,1,2990.0216142531535,3452.7630609340363,-462.74144668088275,0.0,-500.0,Carting,unsupported: unseen corridor
IND421302AAG,IND382430AAB,afternoon,3,864.9889482166342,978.4110743979379,-113.42212618130372,0.0,-500.0,Carting,low: one mode observed
IND421302AAG,IND382430AAB,morning,1,873.5335867552328,988.9378225191936,-115.40423576396074,0.0,-500.0,Carting,low: one mode observed
IND421302AAG,IND395023AAA,morning,1,491.42292912962694,576.8070879461737,-85.3841588165468,0.0,-500.0,Carting,low: one mode observed
IND421302AAG,IND395023AAA,night,4,505.55081549942076,594.4594189965769,-88.90860349715612,0.0,-500.0,Carting,low: one mode observed
IND421302AAG,IND400015AAA,afternoon,7,222.83062457560735,242.0802203660504,-18.16494199939163,0.0,-500.0,Carting,low: one mode observed
IND421302AAG,IND400015AAA,evening,7,194.07862665052969,217.26923263949408,-20.910779848606495,0.0,-500.0,Carting,low: one mode observed
IND421302AAG,IND400015AAA,morning,3,209.8453156600394,235.30698878234634,-20.53363395111853,0.0,-500.0,Carting,low: one mode observed
IND421302AAG,IND400015AAA,night,3,192.97758939723298,210.92504336684706,-17.947453969614088,0.0,-500.0,Carting,low: one mode observed
IND421302AAG,IND400015AAB,evening,7,267.17378643574864,288.76099139315437,-23.13858510944158,0.0,-500.0,Carting,low: one mode observed
IND421302AAG,IND400015AAB,morning,3,313.40707165908685,333.5827826620323,-20.175711002945434,0.0,-500.0,Carting,low: one mode observed
IND421302AAG,IND400015AAB,night,5,260.5156132012373,281.25564581549867,-19.557805408024535,0.0,-500.0,Carting,low: one mode observed
IND421302AAG,IND400072AAA,afternoon,2,295.84167548268954,309.1265184635971,-13.28484298090757,0.0,-500.0,Carting,low: one mode observed
IND421302AAG,IND400072AAA,evening,7,239.02690892976872,252.46503086877877,-13.438121939010045,0.0,-500.0,Carting,low: one mode observed
IND421302AAG,IND400072AAA,morning,1,268.29387645306275,276.1883415149867,-7.894465061923938,0.0,-500.0,Carting,low: one mode observed
IND421302AAG,IND400072AAA,night,4,242.49820747555447,257.9114564593109,-15.320814555827496,0.0,-500.0,Carting,low: one mode observed
IND421302AAG,IND400072AAB,afternoon,8,173.64405447079514,195.908831261127,-22.26477679033185,0.0,-500.0,Carting,low: one mode observed
IND421302AAG,IND400072AAB,evening,9,159.06151107572987,179.8477790666395,-21.577381074357874,0.0,-500.0,Carting,low: one mode observed
IND421302AAG,IND400072AAB,morning,11,178.919779426221,199.97752629819016,-21.28048138803905,0.0,-500.0,Carting,low: one mode observed
IND421302AAG,IND400072AAB,night,11,149.7895797052284,174.5695095606156,-25.217919952180893,0.0,-500.0,Carting,low: one mode observed
IND421302AAG,IND400072AAJ,afternoon,3,209.87015022614463,226.8314345393548,-17.265230986875764,0.0,-500.0,Carting,low: one mode observed
IND421302AAG,IND400072AAJ,evening,8,185.66148562161123,207.28326975922857,-21.707704182054755,0.0,-500.0,Carting,low: one mode observed
IND421302AAG,IND400072AAJ,night,6,190.83809195999766,216.47736276857609,-23.032766781648135,0.0,-500.0,Carting,low: one mode observed
IND421302AAG,IND400102AAB,evening,5,251.25099276851384,285.6927331392073,-34.44174037069345,0.0,-500.0,Carting,low: one mode observed
IND421302AAG,IND400102AAB,morning,3,300.4431519374219,334.5996468923584,-34.156494954936534,0.0,-500.0,Carting,low: one mode observed
IND421302AAG,IND400102AAB,night,3,253.66778899362714,300.5025221124444,-44.85245900779091,0.0,-500.0,Carting,low: one mode observed
IND421302AAG,IND400102AAC,afternoon,8,228.2216668082943,257.7591940525431,-31.41006643069683,0.0,-500.0,Carting,low: one mode observed
IND421302AAG,IND400102AAC,evening,6,182.1022350670932,212.78252884832375,-29.0012050860593,0.0,-500.0,Carting,low: one mode observed
IND421302AAG,IND400102AAC,morning,4,219.74349959237594,249.7926835193163,-30.79551920461789,0.0,-500.0,Carting,low: one mode observed
IND421302AAG,IND400102AAC,night,5,197.91349758289198,226.34015851319884,-31.416695608054397,0.0,-500.0,Carting,low: one mode observed
IND421302AAG,IND400701AAB,evening,5,258.76670390823944,271.78243231259927,-14.116964402529248,0.0,-500.0,Carting,low: one mode observed
IND421302AAG,IND400701AAB,morning,1,327.4278718027372,337.2722716206087,-9.844399817871533,0.0,-500.0,Carting,low: one mode observed
IND421302AAG,IND400701AAB,night,2,260.8895402198322,275.0976377751234,-14.208097555291218,0.0,-500.0,Carting,low: one mode observed
IND421302AAG,IND401104AAA,afternoon,5,183.70826908404095,210.89493149314984,-27.409052450793098,0.0,-500.0,Carting,low: one mode observed
IND421302AAG,IND401104AAA,evening,7,163.74930476933005,186.1936049933388,-24.32082645042385,0.0,-500.0,Carting,low: one mode observed
IND421302AAG,IND401104AAA,morning,7,192.27534116696324,214.52849500509126,-20.852348884163433,0.0,-500.0,Carting,low: one mode observed
IND421302AAG,IND401104AAA,night,8,167.7797956831543,192.91636462656362,-22.237055188268343,0.0,-500.0,Carting,low: one mode observed
IND421302AAG,IND421401AAC,night,4,136.03905494733021,138.01806672039362,-1.7323399380672129,0.0,-500.0,Carting,low: one mode observed
IND421302AAG,IND422011AAD,afternoon,6,371.3789733900363,400.883028336758,-32.4643926137563,0.0,-500.0,Carting,low: one mode observed
IND421302AAG,IND422011AAD,evening,1,333.27899409613224,374.1034099769974,-40.82441588086516,0.0,-500.0,Carting,low: one mode observed
IND421302AAG,IND444005AAB,afternoon,5,1081.8847700216593,1228.584834008375,-148.28906899597337,0.0,-500.0,Carting,low: one mode observed
IND421302AAG,IND444005AAB,evening,2,1039.2222388159225,1185.0450846521853,-145.82284583626267,0.0,-500.0,Carting,low: one mode observed
IND421302AAG,IND462022AAA,evening,3,1277.486061439122,1441.7355583335607,-166.69114339780708,0.0,-500.0,Carting,low: one mode observed
IND421302AAG,IND501359AAE,afternoon,2,1266.9809999535964,1440.2921433664856,-173.311143412889,0.0,-500.0,Carting,low: one mode observed
IND421302AAG,IND501359AAE,morning,5,1281.8089216727599,1453.60932389055,-170.896145443269,0.0,-500.0,Carting,low: one mode observed
IND421302AAG,IND562132AAA,afternoon,1,1385.7145199171057,1575.67705171958,-189.96253180247436,0.0,-500.0,Carting,low: one mode observed
IND421302AAG,IND562132AAA,morning,3,1414.0403563765929,1615.5169755137365,-201.27668147137683,0.0,-500.0,Carting,low: one mode observed
IND421302AAG,IND562132AAA,night,5,1320.8475524790342,1509.4512508793293,-188.92784085269682,0.0,-500.0,Carting,low: one mode observed
IND421302AAG,IND712311AAA,evening,1,2964.265610856106,3345.218833133131,-380.9532222770249,0.0,-500.0,Carting,low: one mode observed
IND421302AAG,IND712311AAA,night,4,3009.5244234235734,3388.999619684313,-379.52668598807077,0.0,-500.0,Carting,low: one mode observed
IND421302AAG,IND834002AAB,night,3,2798.5324464856167,3172.53102764111,-373.9985811554934,0.0,-500.0,Carting,low: one mode observed
IND421302AAN,IND400072AAB,morning,4,113.68800683998637,125.45742703294819,-11.778436836944813,0.0,-500.0,Carting,low: one mode observed
IND421302AAR,IND400612AAA,night,4,94.33362854529759,99.51056945637018,-3.63041153243158,0.0,-500.0,Carting,low: one mode observed
IND421302AAR,IND421004AAA,evening,2,119.03264625588065,120.14780446850318,-1.115158212622518,0.0,-500.0,Carting,low: one mode observed
IND421302AAR,IND421004AAA,night,10,116.14129551499272,119.49203076754623,-3.429384865472521,0.0,-500.0,Carting,low: one mode observed
IND421302AAR,IND421301AAA,night,7,140.4353588628926,148.39028338069426,-7.517377511481641,0.0,-500.0,Carting,low: one mode observed
IND421401AAC,IND421601AAB,night,5,65.7374381178196,67.48772482476461,-1.6142896446766457,0.0,-500.0,Carting,low: one mode observed
IND421502AAA,IND421302AAR,night,8,123.52877529469588,129.36046669064396,-5.416125308220963,0.0,-500.0,Carting,low: one mode observed
IND422011AAD,IND413709AAA,night,1,327.76647311864303,332.06818380409334,-4.301710685450303,0.0,-500.0,Carting,unsupported: unseen corridor
IND422011AAD,IND421302AAG,evening,7,405.81594628573635,439.5097533478449,-33.19262943604372,0.0,-500.0,Carting,low: one mode observed
IND422103AAC,IND422605AAA,night,3,72.6751416348751,72.16875447410158,-0.00833813471473377,0.0,-500.0,Carting,low: one mode observed
IND423109AAA,IND423601AAA,morning,2,45.90830588143835,48.36574104359254,-2.4574351621541872,0.0,-500.0,Carting,low: one mode observed
IND423601AAA,IND423701AAB,morning,4,75.29706293892626,75.20539847102302,-0.23344878086654575,0.0,-500.0,Carting,low: one mode observed
IND423701AAB,IND422011AAD,morning,6,268.4864968993138,275.2908542174668,-8.563983649918242,0.0,-500.0,Carting,low: one mode observed
IND424006AAA,IND421302AAG,morning,1,475.09457063326863,506.0037936070981,-30.909222973829458,0.0,-500.0,Carting,low: one mode observed
IND424006AAA,IND423106AAA,night,2,125.46222636566324,128.7878785068982,-3.3256521412349755,0.0,-500.0,Carting,low: one mode observed
IND424006AAA,IND424101AAA,night,5,117.05195684267184,117.67663879585275,-0.649866921996491,0.0,-500.0,Carting,low: one mode observed
IND424006AAA,IND424304AAC,evening,3,118.53821285970194,121.51836261678271,-2.980149757080767,0.0,-500.0,Carting,low: one mode observed
IND424006AAA,IND424304AAC,night,1,111.2407795750519,113.9100541957588,-2.6692746207069007,0.0,-500.0,Carting,low: one mode observed
IND424006AAA,IND425405AAA,night,1,118.82578252380836,122.32400073650817,-3.498218212699811,0.0,-500.0,Carting,low: one mode observed
IND425405AAA,IND424006AAA,night,4,773.0452477627425,785.2193535789522,-10.334341834192173,0.0,-500.0,Carting,low: one mode observed
IND425406AAA,IND425412AAA,night,1,97.56698710444755,98.58492516874476,-1.017938064297212,0.0,-500.0,Carting,low: one mode observed
IND425412AAA,IND424006AAA,night,1,438.0554526712282,452.042900475607,-13.987447804378803,0.0,-500.0,Carting,unsupported: unseen corridor
IND425508AAB,IND450331AAA,morning,3,58.548751502454955,61.211857470454895,-2.6183602538850366,0.0,-500.0,Carting,low: one mode observed
IND425508AAB,IND450331AAA,night,3,64.46878020756199,66.65458133044953,-2.475014597603405,0.0,-500.0,Carting,low: one mode observed
IND431001AAB,IND431136AAC,night,7,112.3660871626773,117.07841684060394,-3.2803019503194264,0.0,-500.0,Carting,low: one mode observed
IND431136AAC,IND431001AAA,evening,7,287.6204477695806,289.72646188363143,-5.697452439957772,0.0,-500.0,Carting,low: one mode observed
IND431203AAA,IND431112AAB,night,5,118.64319641506582,118.94863369896726,-0.19099300522599094,0.0,-500.0,Carting,low: one mode observed
IND431203AAA,IND431136AAC,night,1,301.33824919357374,311.8266920804557,-10.488442886881955,0.0,-500.0,Carting,low: one mode observed
IND431514AAA,IND431515AAA,night,1,67.32029889779547,71.24772383256465,-3.927424934769178,0.0,-500.0,Carting,low: one mode observed
IND431515AAA,IND431517AAB,night,1,77.55223434744643,83.97714480292164,-6.424910455475214,0.0,-500.0,Carting,low: one mode observed
IND431603AAA,IND431708AAA,night,1,110.48367356519213,121.54547310264877,-11.061799537456636,0.0,-500.0,Carting,low: one mode observed
IND431708AAA,IND431514AAA,night,1,69.3608720453736,69.61089872516679,-0.25002667979319426,0.0,-500.0,Carting,low: one mode observed
IND444005AAB,IND421302AAG,morning,6,870.1069381246834,968.9818692913457,-99.46545364864068,0.0,-500.0,Carting,low: one mode observed
IND444602AAA,IND444005AAB,morning,1,227.45783452389875,230.92133901621,-3.4635044923112446,0.0,-500.0,Carting,low: one mode observed
IND444602AAA,IND444005AAB,night,6,223.517902991869,230.3974280407678,-7.64262082271577,0.0,-500.0,Carting,low: one mode observed
IND450331AAA,IND452001AAC,morning,6,171.14460893400167,171.69170233369277,-1.3754095914663083,0.0,-500.0,Carting,low: one mode observed
IND451666AAA,IND421302AAG,night,1,795.9628515254343,854.792949339554,-58.830097814119654,0.0,-500.0,Carting,low: one mode observed
IND451666AAA,IND424006AAA,night,1,260.9192052793283,266.46565489073004,-5.5464496114017265,0.0,-500.0,Carting,low: one mode observed
IND457001AAA,IND382430AAB,night,1,661.6034652743637,714.4264779880667,-52.823012713703065,0.0,-500.0,Carting,low: one mode observed
IND457001AAA,IND457226AAA,morning,1,75.26151604203204,75.67756375719686,-0.4160477151648223,0.0,-500.0,Carting,low: one mode observed
IND457001AAA,IND457226AAA,night,4,79.98074838084248,81.16494461172128,-1.3409900214275723,0.0,-500.0,Carting,low: one mode observed
IND457226AAA,IND382430AAB,morning,5,621.1758505393456,655.205835927899,-30.86890372193932,0.0,-500.0,Carting,low: one mode observed
IND458664AAA,IND312403AAA,night,4,124.34828424113851,125.52827761263197,-1.3481216208127051,0.0,-500.0,Carting,low: one mode observed
IND458990AAA,IND312605AAB,night,2,321.24853954540527,332.145209799686,-10.896670254280707,0.0,-500.0,Carting,low: one mode observed
IND462001AAA,IND462022AAA,morning,6,108.8673216375833,117.94254246855343,-8.663415536036482,0.0,-500.0,Carting,low: one mode observed
IND462001AAA,IND462022AAA,night,6,97.54251120765255,106.17870621570637,-8.455906408091522,0.0,-500.0,Carting,low: one mode observed
IND462011AAA,IND462022AAA,night,1,58.67789007249143,62.80358643374142,-4.125696361249993,0.0,-500.0,Carting,low: one mode observed
IND462022AAA,IND000000ACB,evening,13,1094.5402871690087,1238.7173665191865,-144.07620799784968,0.0,-500.0,Carting,low: one mode observed
IND462022AAA,IND209304AAA,evening,4,863.0294217439482,975.4484452033357,-112.41902345938763,0.0,-500.0,Carting,low: one mode observed
IND462022AAA,IND209304AAA,night,7,887.396136945443,1002.6311117366665,-115.95034437386244,0.0,-500.0,Carting,low: one mode observed
IND462022AAA,IND462011AAA,morning,3,74.89917271009467,84.2813061645992,-8.557769302518778,0.0,-500.0,Carting,low: one mode observed
IND462022AAA,IND462011AAA,night,8,79.11581786000428,87.82604975660347,-8.224521448256816,0.0,-500.0,Carting,low: one mode observed
IND462022AAA,IND466001AAA,morning,6,166.2473475113532,173.35191346146138,-8.231489432343807,0.0,-500.0,Carting,low: one mode observed
IND462022AAA,IND842003AAB,morning,2,692.0026330970154,776.5907707727629,-84.58813767574748,0.0,-500.0,Carting,low: one mode observed
IND462022AAA,IND842003AAB,night,1,671.8986825603876,779.6829586581088,-107.7842760977212,0.0,-500.0,Carting,low: one mode observed
IND470117AAA,IND470227AAB,morning,1,185.83814908863002,199.0693573172223,-13.231208228592294,0.0,-500.0,Carting,low: one mode observed
IND470117AAA,IND470227AAB,night,2,189.16944499366656,199.90848700097018,-10.73904200730361,0.0,-500.0,Carting,low: one mode observed
IND471001AAA,IND472001AAA,morning,1,156.55647029284077,162.7173835465657,-6.160913253724942,0.0,-500.0,Carting,low: one mode observed
IND471001AAA,IND472001AAA,night,2,158.44920183982742,166.25377028342365,-7.804568443596224,0.0,-500.0,Carting,low: one mode observed
IND472001AAA,IND474003AAA,morning,1,722.883515573282,743.8238411561149,-20.940325582832884,0.0,-500.0,Carting,low: one mode observed
IND472001AAA,IND485001AAC,morning,2,594.1937642132441,644.8258233199233,-50.632059106679264,0.0,-500.0,Carting,low: one mode observed
IND473001AAA,IND473331AAA,afternoon,1,87.27591609393245,87.61157269715082,-0.3356566032183679,0.0,-500.0,Carting,low: one mode observed
IND854335AAA,IND852111AAA,night,5,51.923666074969944,53.418366554970795,-1.4967697891286207,0.0,-500.0,Carting,low: one mode observed
IND473226AAA,IND473001AAA,morning,2,85.41700786528443,86.63971973836249,-1.2227118730780546,0.0,-500.0,Carting,low: one mode observed
IND473226AAA,IND474003AAA,morning,3,613.9202450793188,639.3584044623881,-21.6443329382829,0.0,-500.0,Carting,low: one mode observed
IND473331AAA,IND473226AAA,afternoon,5,1406.4047138289634,1494.6748297505808,-89.15410382005325,0.0,-500.0,Carting,low: one mode observed
IND473443AAA,IND470113AAA,night,3,107.9938362259968,111.43613892794532,-4.260328059009609,0.0,-500.0,Carting,low: one mode observed
IND474003AAA,IND000000ACB,afternoon,9,481.08508004896925,505.8360411411599,-25.123766007049028,0.0,-500.0,Carting,low: one mode observed
IND474003AAA,IND000000ACB,evening,3,450.7162763325498,489.58315101169933,-29.14945227808397,0.0,-500.0,Carting,low: one mode observed
IND848210AAA,IND851127AAA,night,3,71.5925658850795,74.08867856866125,-3.4582186232116214,0.0,-500.0,Carting,low: one mode observed
IND474003AAA,IND476111AAA,night,2,158.62658637979737,171.17337691828163,-12.546790538484274,0.0,-500.0,Carting,low: one mode observed
IND846004AAA,IND847103AAA,night,6,99.13381236601339,108.09063308352432,-9.224336507248594,0.0,-500.0,Carting,low: one mode observed
IND476111AAA,IND477001AAA,night,2,99.07871819269681,102.22987394753788,-3.1511557548410707,0.0,-500.0,Carting,low: one mode observed
IND476111AAA,IND477001AAB,night,1,123.50953572560475,124.48428103755192,-0.9747453119471743,0.0,-500.0,Carting,low: one mode observed
IND847103AAA,IND847404AAB,morning,1,105.45295513170069,107.23674665796884,-1.7837915262681463,0.0,-500.0,Carting,low: one mode observed
IND477001AAB,IND474003AAA,night,1,703.1017750894332,720.5470110103257,-17.445235920892515,0.0,-500.0,Carting,low: one mode observed
IND847103AAA,IND847404AAB,night,5,100.76181013351159,106.47533211510633,-4.492119726509827,0.0,-500.0,Carting,low: one mode observed
IND480001AAA,IND480661AAA,night,3,95.39559104063153,97.94224583232528,-1.7061182306580207,0.0,-500.0,Carting,low: one mode observed
IND847212AAA,IND847226AAA,evening,1,107.32514128352913,113.89159030901348,-6.566449025484346,0.0,-500.0,Carting,low: one mode observed
IND480334AAA,IND480106AAA,evening,1,83.14266186773996,83.29980717483755,-0.15714530709759345,0.0,-500.0,Carting,low: one mode observed
IND480661AAA,IND481661AAA,morning,3,173.19208623324258,183.79583714651739,-11.130640625441885,0.0,-500.0,Carting,low: one mode observed
IND480886AAA,IND480001AAA,night,1,139.6930279085323,151.82894453012116,-12.135916621588876,0.0,-500.0,Carting,low: one mode observed
IND847212AAA,IND847226AAA,night,6,114.81915349012212,124.8975019359317,-9.471324670855104,0.0,-500.0,Carting,low: one mode observed
IND847223AAA,IND842001AAA,morning,2,664.8922345047672,685.8753691902798,-20.98313468551271,0.0,-500.0,Carting,low: one mode observed
IND847223AAA,IND842001AAA,night,4,652.6726965502079,685.8761510031217,-35.039975286192316,0.0,-500.0,Carting,low: one mode observed
IND847226AAA,IND842001AAA,night,7,703.4685007026484,761.6148211621028,-62.24796994307678,0.0,-500.0,Carting,low: one mode observed
IND483501AAA,IND483770AAA,night,2,95.73943756786156,96.56923503325643,-0.8297974653948756,0.0,-500.0,Carting,low: one mode observed
IND847404AAB,IND842001AAA,morning,3,711.0075615386534,753.976822321379,-49.437935471332025,0.0,-500.0,Carting,low: one mode observed
IND484001AAA,IND484446AAA,night,1,150.9612950630501,157.8833159160215,-6.9220208529714,0.0,-500.0,Carting,low: one mode observed
IND847404AAB,IND842001AAA,night,2,700.71480866445,757.3207871581862,-56.6059784937363,0.0,-500.0,Carting,low: one mode observed
IND484446AAA,IND842003AAB,morning,1,864.285591556395,878.731155687888,-14.445564131492915,0.0,-500.0,Carting,low: one mode observed
IND485001AAC,IND471001AAA,evening,1,522.6154004823175,542.2751996742695,-19.65979919195206,0.0,-500.0,Carting,low: one mode observed
IND848101AAA,IND844505AAB,night,5,85.10847951530866,95.02252743370174,-7.5059374206692695,0.0,-500.0,Carting,low: one mode observed
IND848114AAA,IND848210AAA,night,6,65.1610020207896,70.11914812695446,-4.809561451518789,0.0,-500.0,Carting,low: one mode observed
IND845455AAB,IND845418AAB,morning,1,239.0776172962408,248.97344076856606,-9.895823472325276,0.0,-500.0,Carting,low: one mode observed
IND487551AAA,IND464668AAA,morning,1,161.38516345545085,165.61121620149916,-4.22605274604831,0.0,-500.0,Carting,low: one mode observed
IND487551AAA,IND464668AAA,night,2,162.57903010645038,164.55169358394755,-1.97266347749715,0.0,-500.0,Carting,low: one mode observed
IND488001AAA,IND471001AAA,night,1,131.19855544363182,131.85424999964297,-0.6556945560111558,0.0,-500.0,Carting,low: one mode observed
IND000000ACB,IND110043AAA,afternoon,7,194.22463079862504,201.64549265512647,-5.043685827161198,0.0,-500.0,Carting,low: one mode observed
IND492001AAB,IND492007AAA,evening,1,186.18637500276682,190.62482371942758,-4.4384487166607585,0.0,-500.0,Carting,low: one mode observed
IND000000ACB,IND110064AAA,afternoon,5,220.74284284364202,220.96415130263324,-4.146083608387016,0.0,-500.0,Carting,low: one mode observed
IND000000ACB,IND110064AAA,evening,3,197.39146903869442,208.18385582347156,-13.272913566653614,0.0,-500.0,Carting,low: one mode observed
IND000000ACB,IND110064AAA,night,2,189.87782608475538,194.5532207063904,-4.6753946216350215,0.0,-500.0,Carting,low: one mode observed
IND494334AAB,IND493445AAB,morning,2,273.5579959642822,289.08834744651796,-15.530351482235773,0.0,-500.0,Carting,low: one mode observed
IND000000ACB,IND110085AAB,afternoon,6,233.77105017887283,241.56379769398922,-6.939013091050953,0.0,-500.0,Carting,low: one mode observed
IND495677AAA,IND496001AAA,night,2,279.8422566387886,303.7454229060122,-23.90316626722364,0.0,-500.0,Carting,low: one mode observed
IND000000ACB,IND110095AAB,evening,6,294.7791639579389,328.7194339701151,-34.909463148150024,0.0,-500.0,Carting,low: one mode observed
IND000000ACB,IND110095AAB,night,4,286.75510698811354,317.2297484717702,-30.474641483656683,0.0,-500.0,Carting,low: one mode observed
IND000000ACB,IND121002AAB,afternoon,5,280.0636836716388,299.0432296964001,-19.281256558742882,0.0,-500.0,Carting,low: one mode observed
IND000000ACB,IND121002AAB,evening,7,265.9270965517057,291.908313903018,-29.55390088633237,0.0,-500.0,Carting,low: one mode observed
IND500008AAF,IND500039AAC,morning,4,143.28000616813355,145.14992891961253,-1.7683207535377221,0.0,-500.0,Carting,low: one mode observed
IND500008AAF,IND500039AAC,night,2,130.47913718853346,131.7359631507897,-1.2568259622562579,0.0,-500.0,Carting,low: one mode observed
IND000000ACB,IND121002AAB,night,7,257.7665549295587,283.74109640034794,-19.100102214400067,0.0,-500.0,Carting,low: one mode observed
IND000000ACB,IND121004AAB,evening,2,192.10442482400785,195.24776530660114,-3.1433404825932882,0.0,-500.0,Carting,low: one mode observed
IND500010AAB,IND501359AAE,afternoon,7,352.85760166589444,370.5312788240668,-21.06864287553401,0.0,-500.0,Carting,low: one mode observed
IND500010AAB,IND501359AAE,evening,3,320.979990648686,348.6361570856654,-26.259749372038357,0.0,-500.0,Carting,low: one mode observed
IND500010AAB,IND501359AAE,morning,6,419.43646444522636,435.5281539559877,-19.360623191230815,0.0,-500.0,Carting,low: one mode observed
IND000000ACB,IND121004AAB,night,6,184.3399218084227,194.67449960462062,-11.408046386230623,0.0,-500.0,Carting,low: one mode observed
IND000000ACB,IND122001AAA,afternoon,5,179.76501246845976,188.63613818869686,-8.871125720237103,0.0,-500.0,Carting,low: one mode observed
IND000000ACB,IND122001AAA,evening,7,157.25400281918934,169.27819298804445,-13.546022487255186,0.0,-500.0,Carting,low: one mode observed
IND000000ACB,IND122001AAA,night,6,161.5554186737444,173.57114222782417,-11.560775683761676,0.0,-500.0,Carting,low: one mode observed
IND000000ACB,IND124103AAA,afternoon,2,241.3140505139879,254.43194820957098,-13.117897695583068,0.0,-500.0,Carting,low: one mode observed
IND000000ACB,IND124103AAA,evening,1,238.85826337740508,259.02323397474413,-20.16497059733905,0.0,-500.0,Carting,low: one mode observed
IND000000ACB,IND124112AAA,morning,2,268.0212555525359,289.9746393319531,-21.95338377941721,0.0,-500.0,Carting,low: one mode observed
IND000000ACB,IND125001AAA,morning,1,392.2317331260537,438.4779307981982,-46.24619767214449,0.0,-500.0,Carting,low: one mode observed
IND000000ACB,IND127021AAA,evening,1,309.98543980935347,327.6885686190612,-17.70312880970772,0.0,-500.0,Carting,low: one mode observed
IND000000ACB,IND131028AAB,afternoon,4,433.5211622658937,467.8599510242148,-31.622937973221326,0.0,-500.0,Carting,low: one mode observed
IND500050AAA,IND501359AAE,morning,1,368.3194921266932,377.56616905645313,-9.246676929759928,0.0,-500.0,Carting,low: one mode observed
IND500055AAC,IND501401AAC,morning,2,45.76190117060072,48.588814660831815,-2.826913490231096,0.0,-500.0,Carting,low: one mode observed
IND500055AAC,IND501401AAC,night,6,50.56957398152245,53.079330821284756,-2.509668602540586,0.0,-500.0,Carting,low: one mode observed
IND000000ACB,IND131028AAB,evening,5,387.653224523646,429.7993157136555,-37.914620953387896,0.0,-500.0,Carting,low: one mode observed
IND000000ACB,IND131028AAB,morning,2,416.09445949441226,448.5089551993407,-32.414495704928356,0.0,-500.0,Carting,low: one mode observed
IND501101AAB,IND509216AAC,night,1,94.87694332753902,95.56986380298147,-0.692920475442449,0.0,-500.0,Carting,low: one mode observed
IND501141AAA,IND501101AAB,night,1,86.60001606523734,87.1727637917169,-0.5727477264795624,0.0,-500.0,Carting,low: one mode observed
IND000000ACB,IND131028AAB,night,8,388.175300395416,440.7267646300803,-50.30623409012546,0.0,-500.0,Carting,low: one mode observed
IND501359AAE,IND411033AAA,afternoon,2,904.4707424432087,1029.1965431768874,-124.72580073367874,0.0,-500.0,Carting,low: one mode observed
IND501359AAE,IND411033AAA,evening,5,895.5759705268889,1012.7590921198131,-115.55150217983442,0.0,-500.0,Carting,low: one mode observed
IND501359AAE,IND462022AAA,evening,9,1279.1373944692184,1443.5990412083672,-166.56699545825177,0.0,-500.0,Carting,low: one mode observed
IND501359AAE,IND462022AAA,night,1,1274.687271475475,1440.1589512369721,-165.47167976149717,0.0,-500.0,Carting,low: one mode observed
IND501359AAE,IND500008AAC,afternoon,2,157.79385917463202,162.26923238448515,-4.475373209853132,0.0,-500.0,Carting,low: one mode observed
IND501359AAE,IND500008AAC,evening,1,138.98856563516426,145.63066561697988,-6.642099981815619,0.0,-500.0,Carting,low: one mode observed
IND501359AAE,IND500008AAC,night,2,134.7374866598434,142.33357925287964,-7.596092593036246,0.0,-500.0,Carting,low: one mode observed
IND501359AAE,IND500010AAA,afternoon,1,201.1627308491059,215.21486927068105,-14.052138421575137,0.0,-500.0,Carting,low: one mode observed
IND501359AAE,IND500010AAA,evening,1,173.09576181483254,183.38452239529155,-10.288760580459012,0.0,-500.0,Carting,low: one mode observed
IND501359AAE,IND500010AAB,afternoon,4,307.8143749385624,346.1262798378948,-38.365261973208106,0.0,-500.0,Carting,low: one mode observed
IND501359AAE,IND500010AAB,evening,3,241.52772819317752,282.9839365217224,-37.490895475782395,0.0,-500.0,Carting,low: one mode observed
IND501359AAE,IND500010AAB,night,4,283.8710018581148,324.80113746098846,-38.01733688863564,0.0,-500.0,Carting,low: one mode observed
IND000000ACB,IND160002AAC,afternoon,3,837.6259623335948,921.3583931568315,-83.73243082323677,0.0,-500.0,Carting,low: one mode observed
IND000000ACB,IND160002AAC,evening,5,771.052919901993,882.1591655167811,-110.66527281617516,0.0,-500.0,Carting,low: one mode observed
IND501359AAE,IND500050AAA,evening,3,167.36293856944803,175.50553603451627,-7.243573265480279,0.0,-500.0,Carting,low: one mode observed
IND501359AAE,IND500050AAA,night,1,167.60829750697576,184.71347278809174,-17.105175281115976,0.0,-500.0,Carting,low: one mode observed
IND501359AAE,IND500080AAB,afternoon,3,172.3377435684058,182.20532688244066,-9.355531598634371,0.0,-500.0,Carting,low: one mode observed
IND501359AAE,IND500080AAB,evening,3,157.33287962099115,173.99947972971628,-16.67354586440618,0.0,-500.0,Carting,low: one mode observed
IND501359AAE,IND500080AAB,night,1,154.68027044498444,161.6737737144905,-6.99350326950605,0.0,-500.0,Carting,low: one mode observed
IND501359AAE,IND501141AAA,evening,1,273.022625583333,281.62479814124083,-8.602172557907807,0.0,-500.0,Carting,low: one mode observed
IND501359AAE,IND506002AAA,afternoon,2,545.0072196047614,608.3985789054036,-63.39135930064219,0.0,-500.0,Carting,low: one mode observed
IND501359AAE,IND506002AAA,morning,4,549.9850148931001,636.3522096762042,-86.75870644090168,0.0,-500.0,Carting,low: one mode observed
IND501359AAE,IND509001AAA,evening,4,253.74365970855433,273.97564607593586,-22.36077689378223,0.0,-500.0,Carting,low: one mode observed
IND501359AAE,IND509358AAA,evening,5,174.74272391034958,184.2694578996138,-9.80732635308027,0.0,-500.0,Carting,low: one mode observed
IND501359AAE,IND518002AAA,morning,4,384.8613084547577,418.12274231751724,-31.773599099225123,0.0,-500.0,Carting,low: one mode observed
IND501359AAE,IND562132AAA,morning,1,947.6677861530553,1078.607756248746,-130.93997009569068,0.0,-500.0,Carting,low: one mode observed
IND501359AAE,IND585104AAA,afternoon,5,446.8446510063124,487.3800636379953,-45.74617488142508,0.0,-500.0,Carting,low: one mode observed
IND501359AAE,IND585104AAA,morning,2,441.20196194774235,493.8540167567096,-52.65205480896722,0.0,-500.0,Carting,low: one mode observed
IND000000ACB,IND160002AAC,morning,3,840.9712820484314,942.0723739023028,-101.10109185387148,0.0,-500.0,Carting,low: one mode observed
IND501401AAC,IND500010AAA,morning,1,117.2370759000258,119.84058740966363,-2.6035115096378263,0.0,-500.0,Carting,low: one mode observed
IND501401AAC,IND500010AAA,night,3,115.89936522741772,118.92129714290313,-3.756719713046735,0.0,-500.0,Carting,low: one mode observed
IND000000ACB,IND160002AAC,night,6,768.3664573840709,884.7677461545534,-114.94415375747934,0.0,-500.0,Carting,low: one mode observed
IND000000ACB,IND201301AAM,evening,6,325.0120474293202,354.21690486938655,-29.20479206503842,0.0,-500.0,Carting,low: one mode observed
IND000000ACB,IND201301AAM,night,6,312.95728003576403,342.72273953661215,-28.356421071235417,0.0,-500.0,Carting,low: one mode observed
IND000000ACB,IND209304AAA,evening,5,791.497991944165,896.3368525995679,-103.09838091098129,0.0,-500.0,Carting,low: one mode observed
IND000000ACB,IND282002AAD,morning,6,403.1189001924687,447.6147603605725,-39.19638204586241,0.0,-500.0,Carting,low: one mode observed
IND502313AAA,IND503111AAC,morning,1,176.55709195146352,180.25042640317704,-3.6933344517135254,0.0,-500.0,Carting,low: one mode observed
IND000000ACB,IND302014AAA,afternoon,1,526.7667086910316,563.7126752285552,-36.945966537523645,0.0,-500.0,Carting,low: one mode observed
IND000000ACB,IND302014AAA,morning,1,526.3496233325608,581.9181375115446,-55.56851417898383,0.0,-500.0,Carting,low: one mode observed
IND000000ACB,IND302014AAA,night,4,472.7684649108718,538.2947984308969,-63.05942714187293,0.0,-500.0,Carting,low: one mode observed
IND503122AAA,IND502110AAA,night,2,66.21685986460658,67.11528884804716,-0.8984289834405814,0.0,-500.0,Carting,low: one mode observed
IND503185AAA,IND503187AAA,night,5,59.88041402977696,61.877634545970444,-2.0145706582764618,0.0,-500.0,Carting,low: one mode observed
IND503187AAA,IND503122AAA,morning,2,51.62336842507796,53.910507427465575,-2.2871390023876152,0.0,-500.0,Carting,low: one mode observed
IND503187AAA,IND503122AAA,night,3,52.97325651491447,55.85417598017898,-2.4210633128481263,0.0,-500.0,Carting,low: one mode observed
IND000000ACB,IND302022AAD,afternoon,4,431.44388212599415,452.2311879244221,-19.195754806805496,0.0,-500.0,Carting,low: one mode observed
IND504201AAA,IND505184AAC,night,1,103.1884845821713,107.58625376001464,-4.397769177843344,0.0,-500.0,Carting,low: one mode observed
IND504208AAB,IND505001AAB,morning,1,208.6091084092732,216.79909499245386,-8.189986583180655,0.0,-500.0,Carting,low: one mode observed
IND504215AAA,IND505001AAB,morning,4,213.8747969081578,223.3129806907937,-7.665129629545916,0.0,-500.0,Carting,low: one mode observed
IND504215AAA,IND505001AAB,night,1,219.01649196478652,221.97532163137527,-2.9588296665887412,0.0,-500.0,Carting,low: one mode observed
IND000000ACB,IND302022AAD,evening,2,402.28365464633106,436.3052189826924,-34.02156433636134,0.0,-500.0,Carting,low: one mode observed
IND504293AAA,IND505001AAB,morning,1,422.17134836596165,422.2591334331057,-0.08778506714406831,0.0,-500.0,Carting,low: one mode observed
IND000000ACB,IND382430AAB,evening,4,1205.1452822991348,1361.4802659798734,-155.76079058711127,0.0,-500.0,Carting,low: one mode observed
IND504296AAA,IND505001AAB,night,1,566.0586200023808,597.8061913548316,-31.74757135245079,0.0,-500.0,Carting,unsupported: unseen corridor
IND000000ACB,IND390022AAA,evening,3,1258.1187887816318,1419.8794583852225,-161.7606696035907,0.0,-500.0,Carting,low: one mode observed
IND000000ACB,IND411033AAA,evening,6,1636.3441025488462,1846.6963235643375,-210.6144495774421,0.0,-500.0,Carting,low: one mode observed
IND505001AAB,IND504208AAB,evening,2,149.86663730555097,155.90292772052737,-6.036290414976392,0.0,-500.0,Carting,low: one mode observed
IND505001AAB,IND504208AAB,night,4,132.33571687701362,136.38071763388615,-3.8113012305638563,0.0,-500.0,Carting,low: one mode observed
IND000000ACB,IND411033AAA,night,1,1647.1656991859672,1860.9593254268461,-213.7936262408789,0.0,-500.0,Carting,low: one mode observed
IND000000ACB,IND421302AAG,afternoon,3,1877.4751517289094,2130.1505279622297,-252.67537623332032,0.0,-500.0,Carting,low: one mode observed
IND505001AAB,IND505209AAA,evening,1,156.03309288706856,158.60323651802977,-2.570143630961212,0.0,-500.0,Carting,low: one mode observed
IND505001AAB,IND505209AAA,night,3,142.614491657795,145.57054764749702,-2.9560559897020084,0.0,-500.0,Carting,low: one mode observed
IND000000ACB,IND421302AAG,evening,1,1768.5816803715047,1995.9221982682525,-227.34051789674777,0.0,-500.0,Carting,low: one mode observed
IND000000ACB,IND421302AAG,night,3,1771.0532140641553,2000.908454265329,-229.85524020117373,0.0,-500.0,Carting,low: one mode observed
IND505122AAA,IND506002AAA,night,7,576.7136942521753,600.1753649665355,-24.347649781808173,0.0,-500.0,Carting,low: one mode observed
IND505184AAC,IND505001AAB,morning,2,172.42135390503884,180.321010441253,-7.899656536214181,0.0,-500.0,Carting,low: one mode observed
IND505184AAC,IND505001AAB,night,1,180.2741953695764,184.45719425393258,-4.182998884356181,0.0,-500.0,Carting,low: one mode observed
IND000000ACB,IND462022AAA,evening,1,1092.8860697339405,1238.1706795347843,-145.28460980084378,0.0,-500.0,Carting,low: one mode observed
IND000000ACB,IND462022AAA,night,5,1117.3817590938431,1267.960899576101,-148.9475666800529,0.0,-500.0,Carting,low: one mode observed
IND000000ACB,IND501359AAE,afternoon,1,2191.3325928708646,2482.5513264863557,-291.21873361549115,0.0,-500.0,Carting,low: one mode observed
IND000000ACB,IND501359AAE,evening,2,2172.6309593353562,2455.630456645157,-282.9994973098014,0.0,-500.0,Carting,low: one mode observed
IND000000ACB,IND501359AAE,night,5,2149.9647091430666,2440.249584997143,-290.2848758540763,0.0,-500.0,Carting,low: one mode observed
IND000000ACB,IND521225AAB,night,6,2649.505665130237,3012.2707376999824,-362.7141358199992,0.0,-500.0,Carting,low: one mode observed
IND000000ACB,IND562132AAA,afternoon,4,2403.9499915324923,2744.4737222887798,-340.52373075628725,0.0,-500.0,Carting,low: one mode observed
IND000000ACB,IND562132AAA,evening,3,2378.786289539782,2728.8516975906095,-350.0654080508275,0.0,-500.0,Carting,low: one mode observed
IND000000ACB,IND562132AAA,morning,7,2578.519965231215,2986.654754795449,-408.1347895642343,0.0,-500.0,Carting,low: one mode observed
IND505425AAA,IND505001AAB,night,1,287.90354342282546,288.7455168999099,-0.8419734770844229,0.0,-500.0,Carting,unsupported: unseen corridor
IND505467AAA,IND505122AAA,night,6,106.70248521393825,107.42080708348325,-0.19338779138005435,0.0,-500.0,Carting,low: one mode observed
IND000000ACB,IND562132AAA,night,8,2544.5447016426324,2948.0547089147776,-403.51000727214523,0.0,-500.0,Carting,low: one mode observed
IND000000ACB,IND600056AAB,morning,1,3099.3030452012536,3541.112841060659,-441.8097958594053,0.0,-500.0,Carting,low: one mode observed
IND506002AAA,IND506132AAA,evening,7,88.12316785011043,92.48342048719583,-4.4909471487468124,0.0,-500.0,Carting,low: one mode observed
IND506002AAA,IND506143AAA,evening,7,283.9917117499361,292.69360934926976,-3.62591817584547,0.0,-500.0,Carting,low: one mode observed
IND000000ACB,IND600056AAB,night,3,3060.1691597335575,3545.415674470905,-467.33161268071854,0.0,-500.0,Carting,low: one mode observed
IND506143AAA,IND506167AAB,night,7,68.8455844562946,70.84008970921778,-1.943851799612574,0.0,-500.0,Carting,low: one mode observed
IND506167AAB,IND501359AAE,night,7,251.7053481791933,262.7796907934053,-10.926969397171547,0.0,-500.0,Carting,low: one mode observed
IND506314AAA,IND506002AAA,morning,4,597.7735147416258,597.6547564368243,-3.445489655945323,0.0,-500.0,Carting,low: one mode observed
IND506314AAA,IND506002AAA,night,3,574.7646954270797,609.18610447415,-15.505994711630592,0.0,-500.0,Carting,low: one mode observed
IND000000ACB,IND712311AAA,afternoon,4,2085.1869410414265,2365.5318445707844,-280.58353719961553,0.0,-500.0,Carting,low: one mode observed
IND000000ACB,IND712311AAA,evening,3,1971.1446200277853,2224.508668863483,-253.36404883569753,0.0,-500.0,Carting,low: one mode observed
IND000000ACB,IND712311AAA,night,7,2038.8600125104058,2324.670865375721,-307.7772847921601,0.0,-500.0,Carting,low: one mode observed
IND507002AAA,IND508206AAA,evening,1,140.3242587075924,148.8275203128585,-8.50326160526609,0.0,-500.0,Carting,low: one mode observed
IND000000ACB,IND751002AAB,evening,1,2142.756169515812,2418.1673829274228,-275.4112134116108,0.0,-500.0,Carting,low: one mode observed
IND000000ACB,IND751002AAB,night,1,2188.794821097863,2472.8358479699336,-284.0410268720707,0.0,-500.0,Carting,low: one mode observed
IND507111AAA,IND507117AAB,night,6,65.67243339332288,66.66924616387219,-0.906458586037445,0.0,-500.0,Carting,low: one mode observed
IND507111AAA,IND507303AAA,night,1,218.17691323293494,223.9511042783999,-5.77419104546496,0.0,-500.0,Carting,unsupported: unseen corridor
IND507117AAB,IND507303AAA,morning,2,217.61567516758416,224.1825381926474,-6.566863025063242,0.0,-500.0,Carting,low: one mode observed
IND507117AAB,IND507303AAA,night,4,216.55167920094542,222.3694068649372,-5.907085627963539,0.0,-500.0,Carting,low: one mode observed
IND000000ACB,IND821115AAB,evening,1,1260.9738954048942,1423.1013643631477,-162.12746895825353,0.0,-500.0,Carting,low: one mode observed
IND000000ACB,IND821115AAB,night,3,1293.1641568154796,1468.2441398211322,-169.086225464197,0.0,-500.0,Carting,low: one mode observed
IND000000ACB,IND834002AAB,evening,3,1574.4002298658227,1776.7956933472929,-202.3954634814702,0.0,-500.0,Carting,low: one mode observed
IND507303AAA,IND507002AAA,morning,7,396.70788297885207,393.9056024567795,-2.890336763489927,0.0,-500.0,Carting,low: one mode observed
IND000000ACB,IND834002AAB,night,4,1621.6512217374948,1844.9546792131068,-228.23313314097015,0.0,-500.0,Carting,low: one mode observed
IND508206AAA,IND507159AAA,morning,1,62.43987467120201,63.37751359109441,-0.9376389198924002,0.0,-500.0,Carting,low: one mode observed
IND000000ACB,IND842001AAA,morning,1,1607.6430652769477,1816.9253320104751,-209.28226673352742,0.0,-500.0,Carting,low: one mode observed
IND000000ACB,IND842001AAA,night,6,1594.1246922627593,1801.3893732151969,-207.26468095243752,0.0,-500.0,Carting,low: one mode observed
IND000000ACK,IND501359AAF,afternoon,10,125.6378106045341,132.19729112072793,-7.312715454928636,0.0,-500.0,Carting,low: one mode observed
IND000000ACN,IND501359AAF,afternoon,5,92.65595632749226,100.0794372763766,-7.8736839596779475,0.0,-500.0,Carting,low: one mode observed
IND508223AAA,IND500039AAC,night,3,202.17047993284837,206.5400405195778,-4.3695605867294205,0.0,-500.0,Carting,low: one mode observed
IND000000ACT,IND000000ACB,afternoon,1,218.44431262400718,221.2702419420587,-2.8259293180515215,0.0,-500.0,Carting,supported: both modes observed
IND508277AAB,IND508223AAA,night,4,43.786740383237685,43.84068821738027,-0.04155080860342153,0.0,-500.0,Carting,low: one mode observed
IND508377AAB,IND501359AAE,night,2,316.6921582762799,337.6917733031628,-20.999615026882907,0.0,-500.0,Carting,low: one mode observed
IND509001AAA,IND509203AAA,night,5,75.13253189091257,76.85186495168536,-2.3541735203890397,0.0,-500.0,Carting,low: one mode observed
IND000000ACT,IND000000ACB,evening,19,203.74287680392135,212.51122824716538,-8.61251744837702,0.0,-500.0,Carting,supported: both modes observed
IND509103AAC,IND518002AAA,night,1,190.81332922777412,191.31713163542028,-0.5038024076461625,0.0,-500.0,Carting,low: one mode observed
IND000000ACT,IND000000ACB,night,6,201.22441561518457,206.18537879441328,-4.789477019430791,0.0,-500.0,Carting,supported: both modes observed
IND000000ACT,IND131028AAB,evening,1,175.13988433555357,180.5923076928484,-5.452423357294833,0.0,-500.0,Carting,low: one mode observed
IND509203AAA,IND509301AAA,night,5,55.49911571850634,58.244455147045464,-2.422681279283225,0.0,-500.0,Carting,low: one mode observed
IND000000ACT,IND160002AAC,morning,1,461.0393949627066,494.94037487337374,-33.90097991066716,0.0,-500.0,Carting,low: one mode observed
IND000000ACT,IND160002AAC,night,6,454.9341700753081,498.62063962491357,-44.327387813284105,0.0,-500.0,Carting,low: one mode observed
IND000000ADV,IND600044AAC,afternoon,5,119.77249824405176,121.69187981488318,-1.919381570831419,0.0,-500.0,Carting,low: one mode observed
IND000000ADV,IND600044AAC,evening,2,121.50365375274362,124.23794815529257,-2.7342944025489686,0.0,-500.0,Carting,low: one mode observed
IND000000AEL,IND000000ACB,evening,1,290.52342235619153,296.42803895929916,-5.904616603107627,0.0,-500.0,Carting,low: one mode observed
IND000000AFJ,IND695121AAA,night,7,55.42192899461344,58.65592559288925,-3.6322004272649053,0.0,-500.0,Carting,low: one mode observed
IND515004AAA,IND501359AAE,afternoon,4,510.9587127309592,553.96663033509,-39.82663844120441,0.0,-500.0,Carting,low: one mode observed
IND000000AFR,IND683511AAA,night,2,97.15616508433298,98.58205667792569,-1.4258915935927021,0.0,-500.0,Carting,low: one mode observed
IND515004AAA,IND515401AAB,evening,3,137.52004087922728,143.73763027459853,-6.217589395371249,0.0,-500.0,Carting,low: one mode observed
IND000000AFT,IND400072AAB,evening,4,114.11109932687887,121.42959934876399,-8.219524169304492,0.0,-500.0,Carting,low: one mode observed
IND515004AAA,IND515671AAA,afternoon,1,180.11409599189534,186.6751608842641,-6.561064892368762,0.0,-500.0,Carting,low: one mode observed
IND515004AAA,IND515671AAA,evening,5,174.69253448241443,174.7408803054767,-9.425712043783761,0.0,-500.0,Carting,low: one mode observed
IND000000AFT,IND410209AAA,evening,1,56.03172613166271,61.29028159228757,-5.258555460624862,0.0,-500.0,Carting,low: one mode observed
IND000000AFT,IND410209AAA,morning,6,58.23672531409555,64.05752545936394,-5.9831665310784565,0.0,-500.0,Carting,low: one mode observed
IND000000AFT,IND410209AAA,night,11,61.223071822858905,66.564055256324,-5.646069693170716,0.0,-500.0,Carting,low: one mode observed
IND515201AAA,IND515134AAA,night,2,142.66702620160265,147.71604044627338,-5.049014244670715,0.0,-500.0,Carting,low: one mode observed
IND515201AAA,IND515301AAA,night,3,73.86376637256976,77.23543002254353,-3.0445300671147777,0.0,-500.0,Carting,low: one mode observed
IND515301AAA,IND561202AAB,night,4,40.44808268729977,43.1917950890863,-2.8556786241930894,0.0,-500.0,Carting,low: one mode observed
IND515401AAB,IND515801AAA,evening,3,68.84611733784747,74.2860803179931,-4.08438637395524,0.0,-500.0,Carting,low: one mode observed
IND515401AAB,IND515801AAA,night,1,74.03556263699467,79.09451070222448,-5.0589480652298136,0.0,-500.0,Carting,low: one mode observed
IND000000AFT,IND410210AAA,evening,3,85.53499319307946,93.15814456222901,-6.795274730839296,0.0,-500.0,Carting,low: one mode observed
IND515591AAA,IND516269AAA,night,2,123.61798377746979,125.1182383694669,-1.5002545919970913,0.0,-500.0,Carting,low: one mode observed
IND000000AFT,IND410210AAA,night,1,94.73678400417863,100.74390642190288,-6.007122417724247,0.0,-500.0,Carting,low: one mode observed
IND000000AFT,IND421302AAG,afternoon,1,151.20401496999776,158.65080907762976,-7.446794107632002,0.0,-500.0,Carting,low: one mode observed
IND110014AAA,IND110024AAA,morning,2,106.20333398491042,108.34292210888682,-2.1395881239764094,0.0,-500.0,Carting,low: one mode observed
IND110037AAK,IND000000ACB,evening,4,251.88824726366283,262.9782864718728,-16.267473031376767,0.0,-500.0,Carting,low: one mode observed
IND515801AAA,IND515865AAB,night,2,176.05195648423478,176.52202109339748,-0.4700646091627192,0.0,-500.0,Carting,low: one mode observed
IND110037AAK,IND000000ACB,night,5,267.466524613499,315.15444087693714,-26.198113204768276,0.0,-500.0,Carting,low: one mode observed
IND110037AAM,IND110024AAA,night,3,180.73627724693063,189.18472818323755,-5.61195797909636,0.0,-500.0,Carting,low: one mode observed
IND516101AAA,IND516115AAA,morning,6,75.17785356934189,76.22803045820538,-0.5399271578695561,0.0,-500.0,Carting,low: one mode observed
IND110037AAM,IND110035AAC,evening,8,160.6944039019616,174.083812493379,-14.51642499521644,0.0,-500.0,Carting,low: one mode observed
IND110037AAM,IND110035AAC,morning,2,194.5888381286518,213.1382197775452,-18.5493816488934,0.0,-500.0,Carting,low: one mode observed
IND110037AAM,IND110035AAC,night,1,173.25065426496795,197.04647779802966,-23.795823533061707,0.0,-500.0,Carting,low: one mode observed
IND110037AAM,IND110085AAB,night,8,180.73468612993793,196.48026478024127,-12.277809279110343,0.0,-500.0,Carting,low: one mode observed
IND110037AAM,IND121004AAB,afternoon,2,134.62723210826528,144.8444679044684,-10.217235796203113,0.0,-500.0,Carting,low: one mode observed
IND110037AAM,IND121004AAB,evening,6,112.70279257280887,123.03572121234168,-9.95006380128936,0.0,-500.0,Carting,low: one mode observed
IND517501AAB,IND517583AAA,night,6,79.39215826602421,80.30000956028235,-0.3924215083816094,0.0,-500.0,Carting,low: one mode observed
IND110037AAM,IND121004AAB,night,3,140.87887457781713,149.26897473267053,-4.375493089721147,0.0,-500.0,Carting,low: one mode observed
IND110037AAM,IND202001AAB,afternoon,6,431.5175171514539,471.4494923669753,-41.817342002350244,0.0,-500.0,Carting,low: one mode observed
IND110037AAM,IND209304AAA,night,7,821.2792041760785,936.683878922218,-114.90318613142801,0.0,-500.0,Carting,low: one mode observed
IND110037AAM,IND282001AAA,night,2,500.0508023341082,543.2607105242388,-43.20990819013059,0.0,-500.0,Carting,low: one mode observed
IND110037AAM,IND421302AAG,night,5,1982.6338104484641,2243.6861514976385,-258.1710356941958,0.0,-500.0,Carting,low: one mode observed
IND518002AAA,IND518401AAA,evening,6,163.93352225772583,179.73411476187027,-13.674454187978554,0.0,-500.0,Carting,low: one mode observed
IND518002AAA,IND518501AAA,evening,4,239.1666867144682,255.56105865009593,-16.982367719236464,0.0,-500.0,Carting,low: one mode observed
IND518002AAA,IND562132AAA,afternoon,1,488.25576955797214,524.8934216537814,-36.637652095809244,0.0,-500.0,Carting,low: one mode observed
IND518002AAA,IND584101AAA,evening,4,245.5103253456578,248.57532541557993,-2.318666509177575,0.0,-500.0,Carting,low: one mode observed
IND518102AAA,IND518002AAA,night,4,298.7622415210408,316.3835864128105,-14.985519600582677,0.0,-500.0,Carting,low: one mode observed
IND110037AAM,IND781018AAB,night,1,3808.3850288766134,4205.339006888294,-396.9539780116802,0.0,-500.0,Carting,unsupported: unseen corridor
IND110037AAM,IND811399AAA,afternoon,2,220.0156658653655,230.36697068772588,-10.351304822360376,0.0,-500.0,Carting,low: one mode observed
IND518222AAA,IND518002AAA,night,1,131.68078477352194,132.36525984570815,-0.684475072186217,0.0,-500.0,Carting,low: one mode observed
IND110037AAM,IND811399AAA,evening,2,212.9645051642986,220.6318892957555,-7.667384131456899,0.0,-500.0,Carting,low: one mode observed
IND110043AAA,IND110078AAA,morning,6,65.0450484084106,72.32243772736972,-7.498271419246336,0.0,-500.0,Carting,low: one mode observed
IND518422AAB,IND518102AAA,night,4,170.52607883931387,175.91240090675933,-2.989307591990922,0.0,-500.0,Carting,low: one mode observed
IND518501AAA,IND518124AAA,night,4,95.76232595234623,100.68970314858475,-4.52961221392691,0.0,-500.0,Carting,low: one mode observed
IND110043AAA,IND110078AAA,night,5,73.0564536950764,79.70103188287848,-6.906449269262225,0.0,-500.0,Carting,low: one mode observed
IND110044AAB,IND000000ACB,afternoon,3,186.22172427808752,191.4632715319974,-3.4385339518353533,0.0,-500.0,Carting,low: one mode observed
IND110044AAB,IND000000ACB,evening,8,183.35033757096195,188.30484637997841,-5.376901969975393,0.0,-500.0,Carting,low: one mode observed
IND110044AAB,IND110030AAD,evening,8,83.6278266365654,92.59293483042438,-8.597941959937806,0.0,-500.0,Carting,low: one mode observed
IND110044AAB,IND131028AAB,evening,6,179.47025035242876,188.53525990325448,-9.065009550825721,0.0,-500.0,Carting,low: one mode observed
IND521185AAA,IND521225AAB,night,3,143.67297646457345,147.3833683821969,-3.2052755169054308,0.0,-500.0,Carting,low: one mode observed
IND110044AAB,IND201301AAF,afternoon,3,79.37897246218054,88.5028371436145,-10.176862595669448,0.0,-500.0,Carting,low: one mode observed
IND521225AAB,IND501359AAE,morning,1,690.1947561409102,770.8769673523179,-80.68221121140778,0.0,-500.0,Carting,low: one mode observed
IND521225AAB,IND501359AAE,night,4,674.1980568350556,777.6987190248824,-104.03021953253364,0.0,-500.0,Carting,low: one mode observed
IND521225AAB,IND521201AAA,evening,6,208.37814595217748,231.39609852158793,-21.71769486961277,0.0,-500.0,Carting,low: one mode observed
IND521225AAB,IND521301AAA,evening,6,219.22010603360775,235.49401526858372,-15.250592265543531,0.0,-500.0,Carting,low: one mode observed
IND110044AAB,IND201301AAF,evening,2,78.95840872787298,86.92682437946047,-7.968415651587492,0.0,-500.0,Carting,low: one mode observed
IND521301AAA,IND521001AAA,evening,3,62.01849946905958,63.66853792598492,-0.7684926639117435,0.0,-500.0,Carting,low: one mode observed
IND521301AAA,IND521001AAA,night,3,65.71373427508738,66.14204664933065,-0.33111872069997617,0.0,-500.0,Carting,low: one mode observed
IND521333AAA,IND521225AAB,night,2,369.55311811765796,414.5510105730229,-44.99789245536493,0.0,-500.0,Carting,low: one mode observed
IND110064AAA,IND000000ACB,evening,7,236.07095164647637,245.11474321211418,-9.043791565637804,0.0,-500.0,Carting,low: one mode observed
IND110064AAA,IND000000ACB,night,1,253.4281889583703,273.15985731355994,-19.73166835518964,0.0,-500.0,Carting,low: one mode observed
IND523002AAA,IND523230AAA,afternoon,5,340.68784646514655,354.94012734587795,-17.030782778757896,0.0,-500.0,Carting,low: one mode observed
IND523002AAA,IND523230AAA,evening,2,297.31029475181106,316.76854983344515,-19.458255081634064,0.0,-500.0,Carting,low: one mode observed
IND110078AAA,IND110043AAA,morning,3,96.0819361533188,100.14717876218849,-4.633277838691129,0.0,-500.0,Carting,low: one mode observed
IND110078AAA,IND110043AAA,night,3,95.75658493724485,102.90236817487066,-6.310444087792462,0.0,-500.0,Carting,low: one mode observed
IND121001AAA,IND121004AAB,morning,4,45.05685914149196,49.0596778917049,-4.091354820914397,0.0,-500.0,Carting,low: one mode observed
IND523226AAA,IND523316AAB,evening,7,126.75913973994818,127.74072314479992,-0.9815834048517331,0.0,-500.0,Carting,low: one mode observed
IND523230AAA,IND523105AAA,evening,1,71.6414931248832,72.218489022183,-0.5769958972997955,0.0,-500.0,Carting,low: one mode observed
IND121001AAA,IND121004AAB,night,1,50.074518492304485,54.645488601675325,-4.57097010937084,0.0,-500.0,Carting,low: one mode observed
IND523316AAB,IND522647AAA,night,7,112.25672824573113,114.58643402756326,-1.8609918398289267,0.0,-500.0,Carting,low: one mode observed
IND121002AAB,IND000000ACB,evening,2,258.6379105798648,262.1561377451859,-3.518227165321065,0.0,-500.0,Carting,low: one mode observed
IND121004AAA,IND121004AAB,night,1,100.38929697909016,106.71467121680352,-6.325374237713362,0.0,-500.0,Carting,low: one mode observed
IND524201AAA,IND523002AAA,night,6,402.7415890986764,442.1179197887333,-34.56409471336218,0.0,-500.0,Carting,low: one mode observed
IND530012AAA,IND530043AAA,night,3,97.08243289890733,103.27610890713132,-6.193676008223989,0.0,-500.0,Carting,low: one mode observed
IND121004AAB,IND110037AAM,evening,6,108.7170756288611,113.77975083542387,-5.548996353531429,0.0,-500.0,Carting,low: one mode observed
IND121004AAB,IND110037AAM,morning,4,103.63580465071024,108.88768579801744,-5.894208985903319,0.0,-500.0,Carting,low: one mode observed
IND530012AAA,IND531162AAA,morning,1,87.31831416199115,90.80713673111444,-3.488822569123286,0.0,-500.0,Carting,low: one mode observed
IND121004AAB,IND110037AAM,night,1,112.27687390836805,115.66559452943115,-3.3887206210631007,0.0,-500.0,Carting,low: one mode observed
IND121004AAB,IND121001AAA,morning,5,59.160233813529146,65.11670967536293,-5.845574608214342,0.0,-500.0,Carting,low: one mode observed
IND530012AAA,IND532001AAB,night,1,204.21173920291412,220.40590944569672,-16.194170242782604,0.0,-500.0,Carting,low: one mode observed
IND121004AAB,IND121004AAA,evening,4,68.17967061311171,74.4657266981358,-5.921635508149599,0.0,-500.0,Carting,low: one mode observed
IND530043AAA,IND531163AAA,morning,1,56.31585624021366,59.62383712146196,-3.307980881248298,0.0,-500.0,Carting,low: one mode observed
IND530043AAA,IND531163AAA,night,2,56.886040027882686,60.35891883821047,-3.472878810327785,0.0,-500.0,Carting,low: one mode observed
IND121004AAB,IND121004AAA,morning,5,62.73407524291591,69.05000919116887,-6.53335218933838,0.0,-500.0,Carting,low: one mode observed
IND531116AAA,IND530012AAA,morning,1,291.77607668119083,293.2868740628861,-1.5107973816952835,0.0,-500.0,Carting,unsupported: unseen corridor
IND121004AAB,IND121102AAA,evening,1,82.95353737187523,89.57065084913657,-6.617113477261341,0.0,-500.0,Carting,low: one mode observed
IND531163AAA,IND535001AAA,morning,1,55.67136832877013,57.48313724955233,-1.8117689207821996,0.0,-500.0,Carting,low: one mode observed
IND531163AAA,IND535001AAA,night,3,57.2993450091858,59.20126969060005,-1.9019246814142505,0.0,-500.0,Carting,low: one mode observed
IND532001AAB,IND530012AAA,morning,1,449.3739937463182,462.7088858735049,-13.33489212718672,0.0,-500.0,Carting,low: one mode observed
IND532001AAB,IND530012AAA,night,6,397.8390932729839,435.08704216576564,-36.33818859118543,0.0,-500.0,Carting,low: one mode observed
IND532001AAB,IND532127AAA,morning,1,76.6658431541577,82.7547332006207,-6.088890046463007,0.0,-500.0,Carting,low: one mode observed
IND532001AAB,IND532127AAA,night,6,84.0947466313153,89.7305803910216,-5.506026775545671,0.0,-500.0,Carting,low: one mode observed
IND532001AAB,IND532421AAA,morning,1,76.87948911202476,83.99055806756182,-7.111068955537064,0.0,-500.0,Carting,low: one mode observed
IND532001AAB,IND532421AAA,night,6,77.17718126128284,82.93886170844542,-5.581086865389416,0.0,-500.0,Carting,low: one mode observed
IND121004AAB,IND121102AAA,morning,6,78.36695756650778,86.71244606805718,-7.942217253743621,0.0,-500.0,Carting,low: one mode observed
IND121004AAB,IND121102AAA,night,6,83.38867570281147,91.27876598333762,-8.085758233699828,0.0,-500.0,Carting,low: one mode observed
IND532201AAA,IND532222AAA,morning,3,62.88389523640109,66.2471727772892,-3.228635502908574,0.0,-500.0,Carting,low: one mode observed
IND532201AAA,IND532222AAA,night,3,64.30235070699666,66.36698157166822,-2.4478423143035712,0.0,-500.0,Carting,low: one mode observed
IND122001AAA,IND000000ACB,evening,7,116.9013604756245,117.91965593265114,-1.6195252243221887,0.0,-500.0,Carting,low: one mode observed
IND122001AAD,IND122050AAA,morning,1,51.50122016273515,54.39409288400925,-2.8928727212740952,0.0,-500.0,Carting,low: one mode observed
IND532222AAA,IND761200AAA,night,1,138.44413177587387,146.03759817521438,-7.593466399340514,0.0,-500.0,Carting,low: one mode observed
IND532421AAA,IND532201AAA,morning,1,49.67614726784034,51.59267577094257,-1.9165285031022279,0.0,-500.0,Carting,low: one mode observed
IND532421AAA,IND532201AAA,night,5,50.39330758066399,51.36708154716662,-1.492574118100272,0.0,-500.0,Carting,low: one mode observed
IND122001AAD,IND122050AAA,night,1,49.15119789480734,52.33236800596051,-3.181170111153172,0.0,-500.0,Carting,low: one mode observed
IND532440AAA,IND532001AAB,morning,5,68.2535805855992,69.2956127080223,-1.2457065774108855,0.0,-500.0,Carting,low: one mode observed
IND122004AAA,IND122413AAE,afternoon,4,113.7567828313199,126.14035605561708,-10.24473164171117,0.0,-500.0,Carting,low: one mode observed
IND533003AAA,IND533401AAA,night,6,139.6840684748616,145.2034252419212,-5.193778895246211,0.0,-500.0,Carting,low: one mode observed
IND533106AAA,IND533242AAA,evening,1,268.47370952962655,275.4556154629761,-6.9819059333495375,0.0,-500.0,Carting,low: one mode observed
IND533106AAA,IND533262AAA,evening,3,152.78952189122342,161.6260758351667,-8.836553943943272,0.0,-500.0,Carting,low: one mode observed
IND533106AAA,IND533308AAB,evening,7,166.36160400392984,178.4175663892875,-10.379831777545007,0.0,-500.0,Carting,low: one mode observed
IND122004AAA,IND122413AAE,evening,7,112.74202801088896,124.49774476258254,-10.45294315898569,0.0,-500.0,Carting,low: one mode observed
IND124141AAA,IND000000ACB,night,3,190.85000968737748,196.55017888517938,-5.53991870248845,0.0,-500.0,Carting,low: one mode observed
IND125001AAA,IND000000ACB,afternoon,2,339.4519136090147,353.212070497842,-13.76015688882731,0.0,-500.0,Carting,low: one mode observed
IND125001AAA,IND000000ACB,evening,2,320.25812084687595,342.9259884746177,-22.66786762774177,0.0,-500.0,Carting,low: one mode observed
IND125001AAA,IND110037AAM,afternoon,5,443.5004235593882,475.81567633913795,-34.25431234686175,0.0,-500.0,Carting,low: one mode observed
IND125001AAA,IND335513AAA,afternoon,1,351.99743837216795,392.4386082992863,-40.441169927118324,0.0,-500.0,Carting,low: one mode observed
IND125001AAA,IND335513AAA,evening,1,337.4315129686515,352.6197688681584,-15.188255899506942,0.0,-500.0,Carting,low: one mode observed
IND533401AAA,IND533106AAA,night,6,203.98332168720657,209.70245287660674,-4.842462522462881,0.0,-500.0,Carting,low: one mode observed
IND125001AAA,IND335523AAB,evening,2,357.86447278810795,369.38667171534684,-11.522198927238918,0.0,-500.0,Carting,low: one mode observed
IND534001AAA,IND521333AAA,night,4,72.74313171261697,73.9791702489778,-1.2934058580645384,0.0,-500.0,Carting,low: one mode observed
IND125001AAA,IND335524AAA,evening,1,358.65566755796215,364.0397655098201,-5.384097951857939,0.0,-500.0,Carting,low: one mode observed
IND535001AAA,IND530012AAA,morning,1,188.9009985848438,189.27189850085057,-0.37089991600677763,0.0,-500.0,Carting,low: one mode observed
IND131021AAA,IND131028AAA,afternoon,5,39.62192855491012,43.44406422487791,-3.88763717783867,0.0,-500.0,Carting,low: one mode observed
IND131021AAA,IND131028AAA,evening,4,56.11578594508211,61.25309261833442,-4.7431629033692815,0.0,-500.0,Carting,low: one mode observed
IND535558AAA,IND535501AAB,morning,5,58.20983082070659,61.3810585616114,-3.168996860294527,0.0,-500.0,Carting,low: one mode observed
IND535558AAA,IND535501AAB,night,2,59.77070603260393,62.34996438084549,-2.579258348241563,0.0,-500.0,Carting,low: one mode observed
IND560002AAA,IND560099AAB,morning,3,88.19123190558754,96.30880149946485,-8.20088885206323,0.0,-500.0,Carting,low: one mode observed
IND560002AAA,IND560099AAB,night,1,104.21534947688714,110.81870908946456,-6.603359612577421,0.0,-500.0,Carting,low: one mode observed
IND560002AAA,IND562132AAA,afternoon,1,115.47404927382298,122.3988828197151,-6.924833545892113,0.0,-500.0,Carting,low: one mode observed
IND560002AAA,IND562132AAA,morning,6,111.43151595080889,117.23402163086578,-6.4350667886430415,0.0,-500.0,Carting,low: one mode observed
IND131021AAA,IND131028AAA,morning,7,37.52870034668369,42.08360738875166,-4.554907042067967,0.0,-500.0,Carting,low: one mode observed
IND131028AAB,IND000000ACB,afternoon,6,367.41908867822224,377.69924379178383,-7.120358868388848,0.0,-500.0,Carting,low: one mode observed
IND560043AAC,IND560064AAA,evening,3,50.191406211825665,54.629729734590384,-4.435394243198665,0.0,-500.0,Carting,low: one mode observed
IND560043AAC,IND560064AAA,morning,5,47.878798724854256,52.8749556761989,-4.784103282988731,0.0,-500.0,Carting,low: one mode observed
IND560043AAC,IND560064AAA,night,4,49.432019158956116,54.391552355834776,-4.959533196878656,0.0,-500.0,Carting,low: one mode observed
IND560043AAC,IND560099AAB,evening,4,91.81709522568964,99.40256910167477,-7.607736375750115,0.0,-500.0,Carting,low: one mode observed
IND560043AAC,IND560099AAB,morning,3,82.52457147222067,89.41625789087948,-6.894698102251311,0.0,-500.0,Carting,low: one mode observed
IND560043AAC,IND562132AAA,afternoon,2,133.3610302269832,138.18880157849304,-4.827771351509867,0.0,-500.0,Carting,low: one mode observed
IND560043AAC,IND562132AAA,morning,2,129.6851031499948,134.92664004428087,-5.241536894286071,0.0,-500.0,Carting,low: one mode observed
IND560048AAB,IND560099AAB,evening,2,90.79838962154918,97.54642368942147,-6.748034067872304,0.0,-500.0,Carting,low: one mode observed
IND560048AAB,IND560099AAB,morning,5,78.29587514406751,85.32591846286952,-6.987041687732884,0.0,-500.0,Carting,low: one mode observed
IND131028AAB,IND000000ACB,evening,1,314.27706516719167,351.7687624742393,-37.491697307047616,0.0,-500.0,Carting,low: one mode observed
IND131028AAB,IND000000ACB,morning,3,353.7694234947503,356.1204841592428,-5.851350832028686,0.0,-500.0,Carting,low: one mode observed
IND131028AAB,IND000000ACB,night,2,327.26963880400785,344.50087622788186,-17.231237423874035,0.0,-500.0,Carting,low: one mode observed
IND131028AAB,IND110037AAM,night,1,230.082275700139,234.33913987790802,-4.2568641777690175,0.0,-500.0,Carting,low: one mode observed
IND560058AAB,IND560060AAB,evening,6,44.37065780228773,47.33980161013386,-3.0424423651388004,0.0,-500.0,Carting,low: one mode observed
IND560058AAB,IND560060AAB,night,6,43.811562741274976,47.95882646721253,-3.9142814341991006,0.0,-500.0,Carting,low: one mode observed
IND560058AAB,IND560099AAB,evening,3,99.2294371384173,105.64129154383087,-6.071904586311348,0.0,-500.0,Carting,low: one mode observed
IND560058AAB,IND560099AAB,morning,4,98.58858864445602,104.53967906746485,-5.860694572161556,0.0,-500.0,Carting,low: one mode observed
IND560058AAB,IND562132AAA,afternoon,4,88.7593958409484,95.92814806521167,-7.320706043478943,0.0,-500.0,Carting,low: one mode observed
IND560058AAB,IND562132AAA,morning,1,99.35985375084655,106.34907943682914,-6.989225685982589,0.0,-500.0,Carting,low: one mode observed
IND560058AAD,IND562132AAA,afternoon,4,199.87134484441526,204.67346389305604,-2.3074999954020257,0.0,-500.0,Carting,low: one mode observed
IND560058AAD,IND562132AAA,morning,2,217.81161172679725,224.06566794180992,-6.254056215012639,0.0,-500.0,Carting,low: one mode observed
IND560058AAD,IND562132AAA,night,3,208.15582889666072,217.77407775731572,-9.618248860655001,0.0,-500.0,Carting,low: one mode observed
IND560060AAB,IND560099AAB,evening,2,82.39306403875253,87.08032829209432,-4.687264253341802,0.0,-500.0,Carting,low: one mode observed
IND560060AAB,IND560099AAB,morning,4,71.14475797310917,74.97180816430861,-3.668308017203927,0.0,-500.0,Carting,low: one mode observed
IND560060AAB,IND562132AAA,afternoon,1,93.44129279487024,101.00350266599555,-7.562209871125319,0.0,-500.0,Carting,low: one mode observed
IND560060AAB,IND562132AAA,morning,2,90.97857021627112,96.90739087589441,-5.928820659623284,0.0,-500.0,Carting,low: one mode observed
IND560064AAD,IND560043AAC,morning,5,75.65906525687244,82.71576339735192,-7.368231207419512,0.0,-500.0,Carting,low: one mode observed
IND560064AAD,IND560043AAC,night,8,79.08188522654598,85.55862045749231,-6.5645597849958435,0.0,-500.0,Carting,low: one mode observed
IND560067AAC,IND562114AAA,night,3,68.98450423604294,75.38292396680116,-5.8364736708832226,0.0,-500.0,Carting,low: one mode observed
IND560078AAC,IND560099AAB,afternoon,3,82.90063152529525,91.83203263527852,-8.710698459931962,0.0,-500.0,Carting,low: one mode observed
IND560078AAC,IND560099AAB,morning,3,87.28315642759846,96.00017215502679,-7.190090682909386,0.0,-500.0,Carting,low: one mode observed
IND560078AAC,IND562132AAA,afternoon,1,104.92948206214257,107.42875597881776,-2.499273916675193,0.0,-500.0,Carting,low: one mode observed
IND560078AAC,IND562132AAA,morning,1,108.12009807380882,111.3718744395617,-3.2517763657528747,0.0,-500.0,Carting,low: one mode observed
IND131028AAB,IND124001AAB,evening,1,218.6089718342299,221.69639856981726,-3.0874267355873712,0.0,-500.0,Carting,low: one mode observed
IND131028AAB,IND136118AAA,evening,2,367.66499845785034,408.26007578798124,-40.59507733013092,0.0,-500.0,Carting,low: one mode observed
IND560083AAB,IND562132AAA,night,1,197.78056323847974,201.37048032560224,-3.589917087122501,0.0,-500.0,Carting,low: one mode observed
IND131028AAB,IND160002AAC,afternoon,1,383.1040307313635,421.99139546886084,-38.887364737497364,0.0,-500.0,Carting,low: one mode observed
IND131028AAB,IND160002AAC,morning,2,384.5235722546327,416.22708296484063,-31.70351071020795,0.0,-500.0,Carting,low: one mode observed
IND560099AAB,IND515004AAA,night,1,576.4404873204046,598.3638113261969,-21.923324005792324,0.0,-500.0,Carting,unsupported: unseen corridor
IND560099AAB,IND560002AAA,evening,3,104.10889121233349,112.16333809266825,-8.193374603346925,0.0,-500.0,Carting,low: one mode observed
IND560099AAB,IND560002AAA,night,4,115.93461449056818,124.56814517199713,-9.287143554271907,0.0,-500.0,Carting,low: one mode observed
IND560099AAB,IND560043AAC,afternoon,5,115.18034039176713,125.16381198571652,-10.959551393563729,0.0,-500.0,Carting,low: one mode observed
IND560099AAB,IND560043AAC,evening,4,109.44517863845246,118.02258861810805,-8.893054144338443,0.0,-500.0,Carting,low: one mode observed
IND560099AAB,IND560043AAC,night,4,130.72179202759514,141.8148850090827,-9.660504478210157,0.0,-500.0,Carting,low: one mode observed
IND560099AAB,IND560048AAB,afternoon,1,146.67574514809047,151.8701241806131,-5.194379032522619,0.0,-500.0,Carting,low: one mode observed
IND560099AAB,IND560048AAB,evening,4,129.70266967176445,140.10280403697348,-10.094253329470178,0.0,-500.0,Carting,low: one mode observed
IND560099AAB,IND560048AAB,night,4,140.46344083965982,150.56031149984165,-10.702022371617588,0.0,-500.0,Carting,low: one mode observed
IND560099AAB,IND560058AAB,afternoon,3,134.35420567887803,140.38606761918086,-6.031861940302832,0.0,-500.0,Carting,low: one mode observed
IND560099AAB,IND560058AAB,evening,4,124.25440956784797,134.850606249574,-10.813570410843994,0.0,-500.0,Carting,low: one mode observed
IND560099AAB,IND560058AAB,night,2,141.8022406821333,154.84614554656062,-13.043904864427319,0.0,-500.0,Carting,low: one mode observed
IND560099AAB,IND560058AAD,evening,1,204.6584324432071,213.9155112272788,-9.257078784071723,0.0,-500.0,Carting,unsupported: unseen corridor
IND131028AAB,IND160002AAC,night,1,343.08115077180827,386.62400129060035,-43.54285051879208,0.0,-500.0,Carting,low: one mode observed
IND560099AAB,IND560060AAB,afternoon,3,130.3702053845868,138.36057619491763,-7.99037081033083,0.0,-500.0,Carting,low: one mode observed
IND560099AAB,IND560060AAB,evening,4,123.13520346225705,132.61798158887387,-10.296310750254747,0.0,-500.0,Carting,low: one mode observed
IND560099AAB,IND560060AAB,night,3,114.15458291041674,123.30173350776998,-9.147150597353246,0.0,-500.0,Carting,low: one mode observed
IND131028AAB,IND201204AAA,evening,2,264.84987743187423,280.58900530874416,-15.739127876869901,0.0,-500.0,Carting,low: one mode observed
IND560099AAB,IND560078AAC,afternoon,2,102.31405965378022,113.5974086753169,-11.28334902153668,0.0,-500.0,Carting,low: one mode observed
IND560099AAB,IND560078AAC,evening,3,99.80416595332665,108.6845970593197,-8.293649790761236,0.0,-500.0,Carting,low: one mode observed
IND560099AAB,IND560078AAC,night,2,106.30213076670142,114.82251629340706,-8.520385526705631,0.0,-500.0,Carting,low: one mode observed
IND560099AAB,IND560085AAA,evening,4,120.90185865025319,129.08497050129597,-8.183111851042796,0.0,-500.0,Carting,low: one mode observed
IND560099AAB,IND560085AAA,night,1,132.7165671400029,146.73990922797228,-14.023342087969382,0.0,-500.0,Carting,low: one mode observed
IND560099AAB,IND560300AAA,afternoon,6,186.74161589031178,200.19191168591493,-13.327301782834141,0.0,-500.0,Carting,low: one mode observed
IND560099AAB,IND560300AAA,evening,16,172.25783587130027,186.64160840605317,-14.572613447344438,0.0,-500.0,Carting,low: one mode observed
IND560099AAB,IND560300AAA,morning,13,204.51805046311125,215.18775585919246,-11.134993414206548,0.0,-500.0,Carting,low: one mode observed
IND560099AAB,IND560300AAA,night,5,200.74960311481348,210.81431740877636,-13.599922332386058,0.0,-500.0,Carting,low: one mode observed
IND560099AAB,IND562132AAA,afternoon,4,265.36546226802295,284.64790890728,-15.959880773343968,0.0,-500.0,Carting,supported: both modes observed
IND560099AAB,IND562132AAA,evening,10,241.72142483024146,259.1941367629238,-17.448277452751128,0.0,-500.0,Carting,supported: both modes observed
IND560099AAB,IND562132AAA,morning,5,255.60900350642356,265.861173260891,-6.0374612698318515,0.0,-500.0,Carting,supported: both modes observed
IND131028AAB,IND244001AAA,night,6,531.3778139054743,596.1276168266171,-64.51217080958162,0.0,-500.0,Carting,low: one mode observed
IND131028AAB,IND244235AAA,morning,6,403.33736228815394,430.0986678993262,-26.877533701191254,0.0,-500.0,Carting,low: one mode observed
IND560300AAA,IND560002AAA,evening,7,109.1225018197508,118.90608744798935,-10.011285629198383,0.0,-500.0,Carting,low: one mode observed
IND560300AAA,IND560043AAC,evening,6,92.14703534792383,100.23281236777945,-8.103011957092114,0.0,-500.0,Carting,low: one mode observed
IND560300AAA,IND560043AAC,night,5,87.92632585536057,97.711054519226,-9.23006206603381,0.0,-500.0,Carting,low: one mode observed
IND131028AAB,IND247667AAA,afternoon,2,438.7752573569287,457.9264838721923,-19.15122651526366,0.0,-500.0,Carting,low: one mode observed
IND560300AAA,IND560058AAB,evening,6,100.53235748455225,109.15480631206717,-7.74267942623996,0.0,-500.0,Carting,low: one mode observed
IND560300AAA,IND560058AAB,night,5,98.67594952209429,111.07728636946474,-12.575014713951191,0.0,-500.0,Carting,low: one mode observed
IND560300AAA,IND560078AAC,night,7,151.59628771071462,155.80921402111332,-3.9393651554861435,0.0,-500.0,Carting,low: one mode observed
IND560300AAA,IND560085AAA,evening,6,125.78566125709638,134.9397340224951,-10.675578557506256,0.0,-500.0,Carting,low: one mode observed
IND560300AAA,IND560099AAB,afternoon,6,194.25368221882331,206.66415994505033,-10.067788558108333,0.0,-500.0,Carting,low: one mode observed
IND560300AAA,IND560099AAB,evening,9,177.74049770106672,190.4869901951399,-12.816076283761362,0.0,-500.0,Carting,low: one mode observed
IND560300AAA,IND560099AAB,night,10,195.90793915019637,209.6605870812128,-11.344534399710952,0.0,-500.0,Carting,low: one mode observed
IND560300AAA,IND562132AAA,afternoon,3,183.9122770618695,189.07539092704226,-7.9348271188165995,0.0,-500.0,Carting,low: one mode observed
IND560300AAA,IND562132AAA,evening,7,175.21355900608467,182.73706571230676,-7.557416103620909,0.0,-500.0,Carting,low: one mode observed
IND560300AAA,IND562132AAA,morning,17,188.45862552830707,191.14059089789754,-4.041134395680842,0.0,-500.0,Carting,low: one mode observed
IND560300AAA,IND562132AAA,night,8,192.19223832785326,196.85188942547842,-5.337825213060029,0.0,-500.0,Carting,low: one mode observed
IND131028AAB,IND247667AAB,afternoon,5,427.1158697901432,450.5666015368331,-26.14647149864294,0.0,-500.0,Carting,low: one mode observed
IND131028AAB,IND248001AAA,afternoon,2,725.0230080753059,729.3200093289657,-4.297001253659801,0.0,-500.0,Carting,unsupported: unseen corridor
IND131028AAB,IND250002AAC,afternoon,1,390.69829433318864,390.9452904461963,-0.2469961130076399,0.0,-500.0,Carting,unsupported: unseen corridor
IND131028AAB,IND250611AAA,evening,1,172.25560508199453,172.93611356776483,-0.6805084857703037,0.0,-500.0,Carting,low: one mode observed
IND133004AAA,IND135001AAA,night,1,125.19221050955144,126.46298440149974,-1.270773891948295,0.0,-500.0,Carting,low: one mode observed
IND561203AAB,IND562101AAA,night,3,58.15505505169276,60.77259478186996,-2.393056109080476,0.0,-500.0,Carting,low: one mode observed
IND134102AAA,IND174103AAA,morning,1,72.09601099255913,76.89389914870134,-4.797888156142207,0.0,-500.0,Carting,low: one mode observed
IND134102AAA,IND174103AAA,night,4,73.73444259486305,78.17229227120185,-4.50590486749585,0.0,-500.0,Carting,low: one mode observed
IND561207AAB,IND572101AAA,night,1,315.1181112058203,319.3170953332197,-4.198984127399399,0.0,-500.0,Carting,unsupported: unseen corridor
IND562101AAA,IND561207AAB,morning,1,67.0727023547717,67.59898119646388,-0.5262788416921751,0.0,-500.0,Carting,low: one mode observed
IND562101AAA,IND561207AAB,night,4,62.4472389536312,63.08381978255172,-0.5045001965187268,0.0,-500.0,Carting,low: one mode observed
IND134109AAA,IND160002AAC,morning,5,523.1302424194353,528.3267777586465,-5.196535339211209,0.0,-500.0,Carting,low: one mode observed
IND562114AAA,IND560048AAB,night,1,61.03376733088808,65.11989396934008,-4.086126638452001,0.0,-500.0,Carting,low: one mode observed
IND562114AAA,IND560067AAC,night,1,96.1333804958726,96.34685730996169,-0.21347681408909125,0.0,-500.0,Carting,low: one mode observed
IND562132AAA,IND000000ACB,afternoon,2,2588.9488522620204,2963.3269067349233,-374.37805447290293,0.0,-500.0,Carting,low: one mode observed
IND562132AAA,IND000000ACB,evening,4,2410.682327543993,2724.5942436505266,-313.9119161065332,0.0,-500.0,Carting,low: one mode observed
IND562132AAA,IND000000ACB,night,3,2440.941145569425,2828.0269645173844,-386.2958985879204,0.0,-500.0,Carting,low: one mode observed
IND562132AAA,IND302014AAA,evening,7,2550.2541082245475,2878.017125147399,-327.7630169228514,0.0,-500.0,Carting,low: one mode observed
IND562132AAA,IND411033AAA,morning,5,1207.1259057410932,1364.3014367899668,-157.1755310488736,0.0,-500.0,Carting,low: one mode observed
IND562132AAA,IND462022AAA,morning,4,2150.077676769127,2429.93052507319,-279.85284830406295,0.0,-500.0,Carting,low: one mode observed
IND562132AAA,IND462022AAA,night,2,2137.1189612661665,2416.5094064826562,-279.39044521648975,0.0,-500.0,Carting,low: one mode observed
IND562132AAA,IND501359AAE,afternoon,5,973.0504030766543,1110.0253817673909,-141.12980792842427,0.0,-500.0,Carting,low: one mode observed
IND562132AAA,IND501359AAE,evening,1,961.7381788943311,1115.8155293318796,-154.0773504375485,0.0,-500.0,Carting,low: one mode observed
IND562132AAA,IND515004AAA,morning,3,377.14436152003066,401.65313544290115,-21.377843261611986,0.0,-500.0,Carting,low: one mode observed
IND562132AAA,IND560002AAA,morning,1,147.07202101439398,153.64968941882753,-6.5776684044335525,0.0,-500.0,Carting,low: one mode observed
IND562132AAA,IND560002AAA,night,3,145.1946712595241,152.44034259153887,-6.979202274085196,0.0,-500.0,Carting,low: one mode observed
IND562132AAA,IND560043AAC,afternoon,3,133.4801092821146,139.95692962122783,-6.612654173699127,0.0,-500.0,Carting,low: one mode observed
IND562132AAA,IND560043AAC,evening,2,126.09765089707076,135.72306248332026,-9.625411586249491,0.0,-500.0,Carting,low: one mode observed
IND562132AAA,IND560043AAC,night,2,130.7534731926365,134.50681392291966,-3.753340730283142,0.0,-500.0,Carting,low: one mode observed
IND134109AAA,IND160002AAC,night,1,420.5440719089608,460.7856588398077,-40.24158693084689,0.0,-500.0,Carting,low: one mode observed
IND562132AAA,IND560048AAB,evening,2,153.54067608735062,156.8757867042042,-3.3351106168535694,0.0,-500.0,Carting,low: one mode observed
IND562132AAA,IND560048AAB,morning,1,140.69936919702877,145.70346931175038,-5.004100114721609,0.0,-500.0,Carting,low: one mode observed
IND135001AAA,IND173025AAA,night,3,124.82004797809472,126.96161634953597,-2.1415683714412523,0.0,-500.0,Carting,low: one mode observed
IND562132AAA,IND560058AAB,afternoon,1,105.81732866462924,116.74247817364639,-10.925149509017146,0.0,-500.0,Carting,low: one mode observed
IND562132AAA,IND560058AAB,evening,3,99.08363090007231,108.42684384192592,-9.054246291959387,0.0,-500.0,Carting,low: one mode observed
IND562132AAA,IND560058AAB,morning,2,103.28015585004144,111.6999363041915,-8.419780454150057,0.0,-500.0,Carting,low: one mode observed
IND562132AAA,IND560058AAB,night,1,102.14552172103326,110.21018468904518,-8.064662968011916,0.0,-500.0,Carting,low: one mode observed
IND562132AAA,IND560058AAD,evening,7,217.8799877886005,253.34764468911376,-35.73483084281065,0.0,-500.0,Carting,low: one mode observed
IND562132AAA,IND560058AAD,morning,4,264.2703686644167,298.5804147151306,-34.05898691512792,0.0,-500.0,Carting,low: one mode observed
IND562132AAA,IND560058AAD,night,4,244.74908322880958,280.7654624049252,-34.939566703625744,0.0,-500.0,Carting,low: one mode observed
IND562132AAA,IND560060AAB,afternoon,1,119.77543530932185,128.95019483268368,-9.174759523361828,0.0,-500.0,Carting,low: one mode observed
IND562132AAA,IND560060AAB,evening,2,114.50278749963539,121.50980793282221,-7.007020433186824,0.0,-500.0,Carting,low: one mode observed
IND562132AAA,IND560060AAB,morning,3,106.46513420080046,112.00248839110809,-7.051803281635074,0.0,-500.0,Carting,low: one mode observed
IND562132AAA,IND560060AAB,night,2,111.93282748083533,117.98398964353893,-6.051162162703591,0.0,-500.0,Carting,low: one mode observed
IND562132AAA,IND560078AAC,afternoon,1,149.77261177035453,154.53239208668117,-4.759780316326641,0.0,-500.0,Carting,low: one mode observed
IND562132AAA,IND560078AAC,evening,2,129.09985699659546,136.9465056940184,-7.84664869742295,0.0,-500.0,Carting,low: one mode observed
IND562132AAA,IND560078AAC,morning,1,135.32320478475688,138.96854154248763,-3.645336757730746,0.0,-500.0,Carting,low: one mode observed
IND562132AAA,IND560083AAB,evening,3,233.1913721550996,270.25576358336946,-37.95254463139344,0.0,-500.0,Carting,low: one mode observed
IND562132AAA,IND560083AAB,morning,2,274.5947124909146,309.25178353654644,-34.657071045631824,0.0,-500.0,Carting,low: one mode observed
IND562132AAA,IND560083AAB,night,6,261.5943018285933,300.1620947072227,-37.20042636909861,0.0,-500.0,Carting,low: one mode observed
IND562132AAA,IND560085AAA,evening,4,143.48384416947704,153.93138799179928,-8.946044766421181,0.0,-500.0,Carting,low: one mode observed
IND562132AAA,IND560085AAA,morning,1,170.31968643878653,176.42853113710743,-6.108844698320894,0.0,-500.0,Carting,low: one mode observed
IND562132AAA,IND560085AAA,night,2,161.14072854544162,165.078409862996,-3.937681317554379,0.0,-500.0,Carting,low: one mode observed
IND562132AAA,IND560099AAB,afternoon,8,268.9581630873516,288.75546959649625,-18.079298253721788,0.0,-500.0,Carting,supported: both modes observed
IND562132AAA,IND560099AAB,evening,7,235.5590755217958,263.5153955980222,-28.70362173298679,0.0,-500.0,Carting,supported: both modes observed
IND562132AAA,IND560099AAB,morning,5,255.95429280290028,267.8035429513117,-14.213757506447422,0.0,-500.0,Carting,supported: both modes observed
IND562132AAA,IND560099AAB,night,7,232.56829578316783,257.93281398611623,-20.309224490189337,0.0,-500.0,Carting,supported: both modes observed
IND562132AAA,IND560300AAA,afternoon,15,174.88088167673644,184.86044379817335,-10.153668968860586,0.0,-500.0,Carting,low: one mode observed
IND562132AAA,IND560300AAA,evening,16,161.64077168239987,174.5753289108771,-13.562020118015354,0.0,-500.0,Carting,low: one mode observed
IND562132AAA,IND560300AAA,morning,14,170.8783214484516,182.56232622638015,-11.199492265463874,0.0,-500.0,Carting,low: one mode observed
IND562132AAA,IND560300AAA,night,6,170.99900864916106,186.98160513175696,-15.536032647156944,0.0,-500.0,Carting,low: one mode observed
IND562132AAA,IND580028AAA,night,2,782.4928019601111,906.5663715489248,-124.07356958881377,0.0,-500.0,Carting,low: one mode observed
IND562132AAA,IND600056AAB,afternoon,1,604.4309585844908,668.9161513891299,-64.48519280463915,0.0,-500.0,Carting,low: one mode observed
IND562132AAA,IND600056AAB,night,4,592.4369969919743,687.4654957204077,-95.02849872843336,0.0,-500.0,Carting,low: one mode observed
IND562132AAA,IND751002AAB,afternoon,3,2217.8140635640107,2515.479040405499,-300.9358362255939,0.0,-500.0,Carting,low: one mode observed
IND562132AAC,IND000000ACB,afternoon,1,4253.181146640241,4473.666297310868,-220.48515067062635,0.0,-500.0,Carting,unsupported: unseen corridor
IND136027AAA,IND132039AAA,night,7,132.8761924330284,143.25449626632368,-9.8394151217677,0.0,-500.0,Carting,low: one mode observed
IND563101AAB,IND563131AAA,night,3,73.50053260453068,75.07635586086288,-1.5758232563321997,0.0,-500.0,Carting,low: one mode observed
IND563116AAA,IND563131AAB,night,4,85.98131450424583,91.89618825032689,-6.212327684024345,0.0,-500.0,Carting,low: one mode observed
IND563125AAB,IND560300AAB,night,3,522.9740627086044,560.1592268494725,-25.35269646090785,0.0,-500.0,Carting,low: one mode observed
IND136118AAA,IND136128AAA,night,7,62.63629203453154,66.87459813713069,-4.238306102599147,0.0,-500.0,Carting,low: one mode observed
IND136128AAA,IND136027AAA,night,7,61.79790199490441,63.9768633214093,-2.3234491096739163,0.0,-500.0,Carting,low: one mode observed
IND140001AAA,IND140118AAA,night,7,84.54534718588062,84.3262531566838,-0.04059687414061841,0.0,-500.0,Carting,low: one mode observed
IND140301AAA,IND140001AAA,night,8,67.22921826326503,71.33744779122947,-4.032572320988599,0.0,-500.0,Carting,low: one mode observed
IND563131AAB,IND563116AAA,night,4,64.3143084385776,68.20970074156695,-3.6046206186000376,0.0,-500.0,Carting,low: one mode observed
IND570020AAA,IND571301AAA,night,2,131.34470475242514,133.3875265123209,-2.042821759895773,0.0,-500.0,Carting,low: one mode observed
IND570020AAA,IND571602AAA,night,5,115.68289689490106,114.83411432085727,-2.2236930542351274,0.0,-500.0,Carting,low: one mode observed
IND140301AAA,IND140901AAA,morning,7,47.90138864677632,51.39388182469676,-3.4294715730162366,0.0,-500.0,Carting,low: one mode observed
IND571104AAA,IND577598AAB,morning,1,56.531788958209944,59.41965975897257,-2.8878708007626273,0.0,-500.0,Carting,low: one mode observed
IND571104AAA,IND577598AAB,night,4,56.685842929168345,58.40107058727398,-1.6521770696286566,0.0,-500.0,Carting,low: one mode observed
IND140501AAA,IND160002AAC,morning,2,69.26791114317354,75.5926285686478,-6.324717425474269,0.0,-500.0,Carting,low: one mode observed
IND140501AAA,IND160002AAC,night,1,73.56720661292958,78.80291189831927,-5.235705285389685,0.0,-500.0,Carting,low: one mode observed
IND140901AAA,IND160002AAC,morning,7,118.4497811795422,119.33171354264377,-0.8965937491600613,0.0,-500.0,Carting,low: one mode observed
IND140901AAA,IND160055AAA,night,7,55.805317324772474,60.82215875346156,-4.868233724351953,0.0,-500.0,Carting,low: one mode observed
IND141003AAB,IND142026AAA,night,6,75.77675457757056,78.12605974840505,-2.230100691260688,0.0,-500.0,Carting,low: one mode observed
IND141109AAA,IND000000ACA,night,7,126.83641004444999,127.79334372076016,-1.2698232778017058,0.0,-500.0,Carting,low: one mode observed
IND571213AAA,IND571114AAA,night,2,129.43105490019428,134.20028322313647,-4.769228322942169,0.0,-500.0,Carting,low: one mode observed
IND142001AAB,IND152026AAA,evening,9,135.64568026488433,141.33253596658537,-5.14090254943315,0.0,-500.0,Carting,low: one mode observed
IND142026AAA,IND141109AAA,night,6,61.73523011134316,66.58340047471884,-4.538724048913455,0.0,-500.0,Carting,low: one mode observed
IND142401AAA,IND000000ACA,morning,1,102.36713491614685,103.57796411579291,-1.2108291996460565,0.0,-500.0,Carting,low: one mode observed
IND144001AAA,IND144040AAA,night,5,70.98589408429262,73.08435611663843,-2.0984620323458074,0.0,-500.0,Carting,low: one mode observed
IND144001AAB,IND000000ACA,night,6,150.61956267007275,152.1962705303087,-1.8477108202019679,0.0,-500.0,Carting,low: one mode observed
IND144001AAB,IND143001AAA,evening,5,125.88773596466257,128.1723915155968,-1.4639313733896984,0.0,-500.0,Carting,low: one mode observed
IND571440AAA,IND571430AAA,morning,3,64.29011438873447,63.60073350096985,-0.1324602678246407,0.0,-500.0,Carting,low: one mode observed
IND144001AAB,IND144401AAB,night,3,28.865905585817238,30.588439466492726,-1.849520939228217,0.0,-500.0,Carting,low: one mode observed
IND144001AAC,IND000000ACA,evening,1,243.45320850369777,263.79151373647164,-20.338305232773877,0.0,-500.0,Carting,supported: both modes observed
IND144001AAC,IND000000ACA,night,2,288.67195468418936,308.23906736230884,-19.567112678119486,0.0,-500.0,Carting,supported: both modes observed
IND144001AAC,IND160002AAC,afternoon,3,386.51829092997764,420.335678267698,-31.562990663450194,0.0,-500.0,Carting,low: one mode observed
IND144040AAA,IND144001AAB,night,3,65.82137599825413,67.77266470869051,-0.5607989947835677,0.0,-500.0,Carting,low: one mode observed
IND144401AAB,IND144001AAB,morning,2,34.24527198234221,36.269397358845744,-2.024125376503534,0.0,-500.0,Carting,low: one mode observed
IND144401AAB,IND144001AAB,night,2,41.576429172477525,44.959053723625516,-3.3826245511479947,0.0,-500.0,Carting,low: one mode observed
IND145001AAA,IND176201AAA,night,1,63.62205340713999,65.78608121295805,-2.1640278058180655,0.0,-500.0,Carting,low: one mode observed
IND147101AAA,IND147105AAA,night,3,57.10097391491885,57.529838611969446,-0.42886469705059227,0.0,-500.0,Carting,low: one mode observed
IND147105AAA,IND160002AAC,night,1,672.0925117811028,692.6429718771911,-20.550460096088386,0.0,-500.0,Carting,low: one mode observed
IND573142AAA,IND573201AAB,morning,6,98.33650415231334,100.62717597356789,-1.8869966041122694,0.0,-500.0,Carting,low: one mode observed
IND573201AAB,IND572201AAB,evening,7,155.94999895210222,156.43781152568135,-2.2897174000830773,0.0,-500.0,Carting,low: one mode observed
IND573201AAB,IND573116AAA,evening,5,115.38205724167102,120.50458882590918,-5.1225315842381605,0.0,-500.0,Carting,low: one mode observed
IND148028AAA,IND147001AAB,night,1,118.10454541420062,120.03475409379189,-1.9302086795912743,0.0,-500.0,Carting,low: one mode observed
IND151001AAA,IND148101AAA,night,4,115.97106701972996,119.02356630202767,-2.708802046898427,0.0,-500.0,Carting,low: one mode observed
IND577002AAA,IND581115AAC,evening,5,132.96891606059486,143.43007587446016,-10.461159813865294,0.0,-500.0,Carting,low: one mode observed
IND577002AAA,IND581115AAC,morning,1,120.65189826225476,128.27184281278863,-7.619944550533873,0.0,-500.0,Carting,low: one mode observed
IND577002AAA,IND581115AAC,night,1,122.74629851236126,129.46179151401947,-6.715493001658203,0.0,-500.0,Carting,low: one mode observed
IND151001AAA,IND151103AAA,night,3,78.23710049019961,78.35484475164174,-0.00521425230365935,0.0,-500.0,Carting,low: one mode observed
IND151001AAA,IND160002AAC,evening,6,336.6911000394073,358.6930142275045,-19.598977639488567,0.0,-500.0,Carting,low: one mode observed
IND151506AAA,IND151001AAA,morning,2,304.2241959181568,316.1734968224318,-11.949300904274992,0.0,-500.0,Carting,low: one mode observed
IND151506AAA,IND151001AAA,night,5,299.62910753270853,331.1821997539454,-25.15581700008198,0.0,-500.0,Carting,low: one mode observed
IND152026AAA,IND000000ACA,evening,6,480.58322770681343,525.6984049365466,-40.56314901460422,0.0,-500.0,Carting,low: one mode observed
IND577598AAB,IND573142AAA,night,4,122.46315009929087,123.61840369971529,-1.1017866073760842,0.0,-500.0,Carting,low: one mode observed
IND580028AAA,IND421302AAG,afternoon,2,1543.0571363052454,1686.262515370975,-143.20537906572963,0.0,-500.0,Carting,unsupported: unseen corridor
IND580028AAA,IND562132AAA,afternoon,2,728.9482850173363,859.6739582009584,-130.72567318362212,0.0,-500.0,Carting,low: one mode observed
IND580028AAA,IND562132AAA,evening,1,683.2413975508913,788.4203805850698,-105.17898303417849,0.0,-500.0,Carting,low: one mode observed
IND580028AAA,IND580002AAA,afternoon,1,432.0229667849623,434.2045517537286,-2.1815849687662876,0.0,-500.0,Carting,low: one mode observed
IND160002AAC,IND000000ACA,night,3,350.3922745066557,401.20295534339533,-50.81068083673961,0.0,-500.0,Carting,low: one mode observed
IND580028AAA,IND590016AAA,evening,1,641.4748934834819,667.669576429046,-26.194682945564068,0.0,-500.0,Carting,low: one mode observed
IND580028AAA,IND590016AAA,morning,5,799.4262709429366,800.0452020286276,-2.4776249299633264,0.0,-500.0,Carting,low: one mode observed
IND580028AAA,IND591123AAC,afternoon,1,604.7078775020435,612.6811879437967,-7.973310441753142,0.0,-500.0,Carting,low: one mode observed
IND580028AAA,IND591123AAC,evening,1,512.1054484839133,574.2874578258449,-62.182009341931575,0.0,-500.0,Carting,low: one mode observed
IND580028AAA,IND591123AAC,morning,3,622.7704502848864,654.3590405616058,-36.66204742970103,0.0,-500.0,Carting,low: one mode observed
IND160002AAC,IND000000ACB,afternoon,2,649.444282924586,713.7441898541722,-64.29990692958626,0.0,-500.0,Carting,low: one mode observed
IND160002AAC,IND000000ACB,evening,5,611.7311821756065,699.5642499472322,-82.93005958363972,0.0,-500.0,Carting,low: one mode observed
IND160002AAC,IND000000ACB,morning,2,660.9038905224124,749.4668524632691,-88.56296194085678,0.0,-500.0,Carting,low: one mode observed
IND581115AAC,IND581110AAE,morning,1,65.0703813653802,67.63320495891473,-2.5628235935345316,0.0,-500.0,Carting,low: one mode observed
IND581115AAC,IND581110AAE,night,6,69.47009952607144,71.04782753110621,-1.4691289499068318,0.0,-500.0,Carting,low: one mode observed
IND581119AAB,IND577002AAA,night,4,99.54980754331773,100.91190246932706,-0.33982762810323663,0.0,-500.0,Carting,low: one mode observed
IND582101AAB,IND580028AAA,night,6,237.97880101827653,247.76034280683098,-9.816887586120416,0.0,-500.0,Carting,low: one mode observed
IND582209AAA,IND582101AAB,night,5,85.15944971058559,83.54689950428403,-0.2756275679570166,0.0,-500.0,Carting,low: one mode observed
IND583101AAA,IND583201AAA,night,7,146.886795577201,149.63305827842652,-3.3131526934027704,0.0,-500.0,Carting,low: one mode observed
IND160002AAC,IND000000ACB,night,3,615.0222605445147,712.6377227772374,-98.43633688643285,0.0,-500.0,Carting,low: one mode observed
IND160002AAC,IND110037AAM,afternoon,2,474.12966039120636,511.29649476878967,-37.16683437758337,0.0,-500.0,Carting,low: one mode observed
IND160002AAC,IND140301AAA,evening,3,145.12414069427263,151.90949209287584,-5.245819986112366,0.0,-500.0,Carting,low: one mode observed
IND583201AAA,IND583227AAA,night,5,73.8507378000378,76.99737310724704,-3.1466353072092375,0.0,-500.0,Carting,low: one mode observed
IND160002AAC,IND140301AAA,night,4,143.3731654630181,148.34139254754012,-3.8208962380229536,0.0,-500.0,Carting,low: one mode observed
IND160002AAC,IND140603AAA,evening,2,116.73709181166397,127.10885856908529,-10.371766757421312,0.0,-500.0,Carting,low: one mode observed
IND160002AAC,IND140603AAA,morning,5,113.84130907087165,123.95126418030782,-9.967072255128386,0.0,-500.0,Carting,low: one mode observed
IND583231AAA,IND583201AAA,morning,2,87.61564728982592,91.06176701320874,-3.4461197233828145,0.0,-500.0,Carting,low: one mode observed
IND583231AAA,IND583201AAA,night,3,95.02486260466013,99.79921515618602,-4.774352551525894,0.0,-500.0,Carting,low: one mode observed
IND584101AAA,IND509124AAA,evening,1,120.54723860598087,121.8891383522405,-1.341899746259628,0.0,-500.0,Carting,low: one mode observed
IND584101AAA,IND509124AAA,night,4,119.62579043088087,121.42563757355887,-1.7998471426780185,0.0,-500.0,Carting,low: one mode observed
IND585104AAA,IND585211AAA,night,6,109.5390280340815,109.50859514929046,-0.32814958858227783,0.0,-500.0,Carting,low: one mode observed
IND585104AAA,IND585330AAE,evening,6,194.25169611309025,203.65035897478876,-11.568591333265331,0.0,-500.0,Carting,low: one mode observed
IND585104AAA,IND586128AAA,night,6,172.6147394202858,180.49963246490782,-6.892290712998218,0.0,-500.0,Carting,low: one mode observed
IND585211AAA,IND585222AAA,night,6,61.22959315486271,64.04051244523069,-2.3992170773858916,0.0,-500.0,Carting,low: one mode observed
IND585222AAA,IND585307AAB,night,7,83.77021706680179,84.78471789628287,-1.1716572687599438,0.0,-500.0,Carting,low: one mode observed
IND585307AAB,IND585104AAA,morning,3,497.96304927321074,502.38459713040925,-14.282778264382728,0.0,-500.0,Carting,low: one mode observed
IND585307AAB,IND585104AAA,night,3,516.3073572959004,530.1132630108829,-13.805905714982487,0.0,-500.0,Carting,low: one mode observed
IND585314AAA,IND585104AAA,morning,7,414.8917756452781,417.04346210292607,-4.212584481570275,0.0,-500.0,Carting,low: one mode observed
IND585330AAE,IND585401AAA,night,6,98.56120543844136,100.5426736167482,-2.007736648533495,0.0,-500.0,Carting,low: one mode observed
IND585401AAA,IND502286AAB,night,7,113.5737324064243,117.37122318046286,-2.5138563239141547,0.0,-500.0,Carting,low: one mode observed
IND160002AAC,IND140603AAA,night,5,120.68798467994898,127.84322109922874,-7.15523641927976,0.0,-500.0,Carting,low: one mode observed
IND160002AAC,IND140901AAA,evening,2,144.1406772960239,146.8399553708456,-2.6992780748216916,0.0,-500.0,Carting,low: one mode observed
IND586128AAA,IND586211AAA,night,6,87.07107122662049,88.38139823970295,-0.7848513069893599,0.0,-500.0,Carting,low: one mode observed
IND586211AAA,IND585314AAA,morning,1,171.04254391762595,171.32202216373736,-0.2794782461114096,0.0,-500.0,Carting,low: one mode observed
IND586211AAA,IND585314AAA,night,6,177.6715411809269,180.3071819631287,-1.0663200297586002,0.0,-500.0,Carting,low: one mode observed
IND587103AAB,IND582209AAA,night,5,165.83238280181988,168.67217915594776,-2.839796354127884,0.0,-500.0,Carting,low: one mode observed
IND160002AAC,IND140901AAA,night,4,140.99190579011432,142.97713300224808,-2.3500358570971116,0.0,-500.0,Carting,low: one mode observed
IND160002AAC,IND142001AAB,afternoon,6,351.3565132338151,369.3498288160517,-19.439000842954044,0.0,-500.0,Carting,low: one mode observed
IND160002AAC,IND144001AAB,morning,4,447.4835527577659,494.30099826348703,-45.74520586523519,0.0,-500.0,Carting,low: one mode observed
IND591123AAC,IND587103AAB,evening,6,111.02840760323635,111.58141564540621,-0.22732024966300202,0.0,-500.0,Carting,low: one mode observed
IND160002AAC,IND147101AAA,evening,2,207.9140725699937,224.1848505307771,-16.270777960783434,0.0,-500.0,Carting,low: one mode observed
IND160002AAC,IND147105AAA,evening,1,239.8948894244107,263.3526108845615,-23.457721460150793,0.0,-500.0,Carting,low: one mode observed
IND591201AAA,IND591304AAA,night,2,108.04299121910887,108.6844743893505,-0.6414831702416208,0.0,-500.0,Carting,low: one mode observed
IND160002AAC,IND151001AAA,morning,2,658.7960108636273,728.6647066645985,-69.86869580097118,0.0,-500.0,Carting,low: one mode observed
IND160002AAC,IND160055AAA,morning,1,113.8559310827807,120.07729668955768,-6.221365606776985,0.0,-500.0,Carting,low: one mode observed
IND591302AAB,IND580028AAA,night,3,257.9088621492683,272.72865833114673,-14.819796181878417,0.0,-500.0,Carting,low: one mode observed
IND160002AAC,IND160055AAA,night,1,117.08686276915999,124.70454935414838,-7.617686584988391,0.0,-500.0,Carting,low: one mode observed
IND591304AAA,IND586101AAB,night,2,114.12792776227107,120.56809252369861,-6.440164761427532,0.0,-500.0,Carting,low: one mode observed
IND591307AAC,IND580028AAA,night,2,336.51460367819425,350.99874599614543,-14.48414231795121,0.0,-500.0,Carting,low: one mode observed
IND160002AAC,IND160102AAC,night,1,230.77463421466328,262.68059480509316,-31.905960590429885,0.0,-500.0,Carting,low: one mode observed
IND160002AAC,IND173212AAA,evening,5,284.3920665090163,309.7199668451518,-27.44635978309975,0.0,-500.0,Carting,low: one mode observed
IND600008AAA,IND600044AAC,afternoon,3,132.37359085591402,137.57751760776824,-5.203926751854226,0.0,-500.0,Carting,low: one mode observed
IND160002AAC,IND174001AAA,evening,5,338.99319734071554,373.15431230803125,-31.422603056075786,0.0,-500.0,Carting,low: one mode observed
IND600008AAC,IND600056AAB,morning,2,128.39372712474002,128.582990154606,-0.18926302986596966,0.0,-500.0,Carting,low: one mode observed
IND160002AAC,IND174307AAA,evening,1,303.6098601527956,326.9723062043972,-23.362446051601637,0.0,-500.0,Carting,low: one mode observed
IND160002AAC,IND176041AAA,evening,1,434.6862685050522,478.26062359108124,-43.574355086029016,0.0,-500.0,Carting,low: one mode observed
IND600016AAB,IND600044AAC,afternoon,4,118.40403228086501,124.9636544091238,-5.48528481711093,0.0,-500.0,Carting,low: one mode observed
IND160002AAC,IND184104AAA,morning,1,716.8869210881944,799.2228650894475,-82.3359440012531,0.0,-500.0,Carting,low: one mode observed
IND160002AAC,IND421302AAG,morning,1,3033.8452863642447,3533.7092089380812,-499.8639225738366,0.0,-500.0,Carting,unsupported: unseen corridor
IND600032AAB,IND600044AAD,afternoon,4,57.129103846697895,63.67056161768346,-6.576294348197141,0.0,-500.0,Carting,low: one mode observed
IND600032AAB,IND600056AAB,afternoon,6,115.09850371879534,119.18517860140598,-3.9891787200506457,0.0,-500.0,Carting,low: one mode observed
IND600032AAB,IND600056AAB,evening,3,110.4511978062952,116.83009537969478,-5.9408649072056505,0.0,-500.0,Carting,low: one mode observed
IND600032AAB,IND600056AAB,morning,7,108.47240540394718,113.82433453841305,-6.145460659858941,0.0,-500.0,Carting,low: one mode observed
IND600032AAB,IND600056AAB,night,3,115.61659436029954,122.64844488565856,-7.775857914486409,0.0,-500.0,Carting,low: one mode observed
IND600032AAB,IND600076AAB,afternoon,2,69.76670328151776,79.58268109095087,-9.815977809433114,0.0,-500.0,Carting,low: one mode observed
IND600032AAB,IND600076AAB,evening,1,69.56751155887483,75.90499137156634,-6.337479812691512,0.0,-500.0,Carting,low: one mode observed
IND600032AAB,IND600076AAB,morning,4,65.94412885672548,73.41639860541827,-7.596220962600441,0.0,-500.0,Carting,low: one mode observed
IND160055AAA,IND160002AAC,night,7,112.51143185161588,119.12257824028156,-5.22409026745909,0.0,-500.0,Carting,low: one mode observed
IND600044AAD,IND600048AAA,evening,2,92.66642314442709,94.34627427976721,-1.6798511353401295,0.0,-500.0,Carting,low: one mode observed
IND160102AAC,IND160002AAC,evening,3,176.49538129568109,176.93569724305337,-4.530645934039285,0.0,-500.0,Carting,low: one mode observed
IND600044AAD,IND600048AAA,night,2,88.50557955301909,89.91250272214423,-1.406923169125129,0.0,-500.0,Carting,low: one mode observed
IND600044AAD,IND600056AAB,evening,3,129.9315045228239,132.55305639580519,-2.9206801544183065,0.0,-500.0,Carting,low: one mode observed
IND600044AAD,IND600056AAB,morning,1,128.54409191128835,130.77625189906618,-2.232159987777834,0.0,-500.0,Carting,low: one mode observed
IND160102AAD,IND160002AAC,night,6,116.28687827789672,116.4101126563074,-0.39566285760684394,0.0,-500.0,Carting,low: one mode observed
IND600044AAD,IND603001AAA,evening,2,155.86315036159448,172.64895398069493,-16.785803619100435,0.0,-500.0,Carting,low: one mode observed
IND173025AAA,IND160002AAC,morning,1,277.9070154978026,289.30602662313487,-11.399011125332265,0.0,-500.0,Carting,low: one mode observed
IND600044AAE,IND600056AAB,morning,1,166.32513744350976,167.0138347447083,-0.6886973011985447,0.0,-500.0,Carting,low: one mode observed
IND173025AAA,IND160002AAC,night,2,273.24913035394496,293.6454036381556,-20.396273284210594,0.0,-500.0,Carting,low: one mode observed
IND174001AAA,IND175018AAA,night,5,102.18728706571679,106.52423405034631,-4.672918013238288,0.0,-500.0,Carting,low: one mode observed
IND600056AAB,IND501359AAE,evening,1,1188.4756202182402,1341.2897791533233,-152.81415893508301,0.0,-500.0,Carting,low: one mode observed
IND600056AAB,IND501359AAE,night,1,1186.7395970506075,1357.0513934301637,-170.3117963795562,0.0,-500.0,Carting,low: one mode observed
IND600056AAB,IND562132AAA,evening,5,574.7833648578345,651.1242425245964,-80.47733426516538,0.0,-500.0,Carting,low: one mode observed
IND600056AAB,IND600008AAC,afternoon,1,211.56811250276454,219.84159475656656,-8.27348225380203,0.0,-500.0,Carting,low: one mode observed
IND600056AAB,IND600008AAC,evening,4,190.94396554074592,203.74703776206758,-11.965576785069146,0.0,-500.0,Carting,low: one mode observed
IND600056AAB,IND600008AAC,morning,2,200.2308800073909,203.84057989503933,-3.609699887648432,0.0,-500.0,Carting,low: one mode observed
IND600056AAB,IND600008AAC,night,4,185.71641694398195,197.64206876563512,-10.202949696537644,0.0,-500.0,Carting,low: one mode observed
IND600056AAB,IND600016AAC,evening,1,226.27447503722414,238.4677679134202,-12.193292876196068,0.0,-500.0,Carting,low: one mode observed
IND600056AAB,IND600016AAC,night,3,196.90921555974646,205.86897243397354,-9.228191075485256,0.0,-500.0,Carting,low: one mode observed
IND600056AAB,IND600032AAB,afternoon,3,129.29275476512927,137.06371776264172,-6.783153373048975,0.0,-500.0,Carting,low: one mode observed
IND600056AAB,IND600032AAB,evening,4,123.4283786551176,131.64987215303938,-8.221493497921792,0.0,-500.0,Carting,low: one mode observed
IND600056AAB,IND600032AAB,morning,7,119.45537061034065,127.9943838661548,-9.71404735239895,0.0,-500.0,Carting,low: one mode observed
IND600056AAB,IND600032AAB,night,2,127.13484639861989,133.43227805299267,-6.2974316543727795,0.0,-500.0,Carting,low: one mode observed
IND174021AAA,IND176048AAA,night,1,62.11112011803984,64.5139056857409,-2.402785567701052,0.0,-500.0,Carting,low: one mode observed
IND600056AAB,IND600044AAD,night,1,186.61208069197963,201.83768198876265,-15.225601296783026,0.0,-500.0,Carting,low: one mode observed
IND600056AAB,IND600044AAE,afternoon,2,222.85076327154758,250.4228286813059,-27.572065409758338,0.0,-500.0,Carting,low: one mode observed
IND600056AAB,IND600044AAE,evening,2,171.54045491424557,194.173907500572,-22.633452586326428,0.0,-500.0,Carting,low: one mode observed
IND600056AAB,IND600044AAE,night,4,188.6737615512713,215.40388650914662,-22.729079104765702,0.0,-500.0,Carting,low: one mode observed
IND600056AAB,IND600076AAB,evening,7,221.27607128757734,224.15403395606077,-7.61856212067255,0.0,-500.0,Carting,low: one mode observed
IND600056AAB,IND600076AAB,night,1,202.18753139357977,217.94220121492575,-15.75466982134597,0.0,-500.0,Carting,low: one mode observed
IND600056AAB,IND600110AAA,evening,1,211.92053025954635,239.84527171694907,-27.924741457402718,0.0,-500.0,Carting,low: one mode observed
IND600056AAB,IND600110AAA,morning,1,253.56980974912926,274.6170371994434,-21.047227450314153,0.0,-500.0,Carting,low: one mode observed
IND600056AAB,IND600110AAA,night,6,224.6509190979599,245.45927561688833,-20.73289819456282,0.0,-500.0,Carting,low: one mode observed
IND600056AAB,IND600116AAB,afternoon,2,185.74934644205197,186.65856308760843,-0.9092166455564552,0.0,-500.0,Carting,low: one mode observed
IND600056AAB,IND600116AAB,evening,4,160.0540119362439,170.86144864857323,-9.167851341548598,0.0,-500.0,Carting,low: one mode observed
IND600056AAB,IND600116AAB,night,4,156.45065353641377,162.83449819740866,-6.824452005667098,0.0,-500.0,Carting,low: one mode observed
IND600056AAB,IND631501AAA,evening,3,169.93975229662928,175.25229886848516,-5.312546571855876,0.0,-500.0,Carting,low: one mode observed
IND174103AAA,IND160002AAC,night,3,222.064650771993,228.94145340454926,-7.98435036212436,0.0,-500.0,Carting,low: one mode observed
IND600076AAB,IND600032AAB,afternoon,2,60.138492115783144,65.46182149030112,-5.323329374517975,0.0,-500.0,Carting,low: one mode observed
IND600076AAB,IND600032AAB,morning,1,61.655737551524496,66.99260677528135,-5.33686922375685,0.0,-500.0,Carting,low: one mode observed
IND175001AAA,IND175101AAA,night,4,172.17462845332858,176.44436171934154,-2.7166559403519273,0.0,-500.0,Carting,low: one mode observed
IND175018AAA,IND175001AAA,morning,1,66.25926272738549,68.29569730481388,-2.0364345774283947,0.0,-500.0,Carting,low: one mode observed
IND600110AAA,IND600056AAB,afternoon,2,148.28690038654867,148.88553186055512,-0.5986314740064529,0.0,-500.0,Carting,low: one mode observed
IND175018AAA,IND175001AAA,night,6,66.74254527633391,70.04046397935937,-3.559414914144753,0.0,-500.0,Carting,low: one mode observed
IND175101AAA,IND160002AAC,morning,3,804.3085764226548,830.6689360591203,-11.04281098500826,0.0,-500.0,Carting,low: one mode observed
IND176061AAA,IND160002AAC,morning,1,941.7873122968626,982.1482719287973,-40.360959631934634,0.0,-500.0,Carting,low: one mode observed
IND600116AAB,IND602024AAA,evening,3,139.55281751508898,140.3727868712204,-2.1175210930346964,0.0,-500.0,Carting,low: one mode observed
IND177033AAA,IND160002AAC,morning,6,592.0181306324221,630.0060445190057,-33.421634059088774,0.0,-500.0,Carting,low: one mode observed
IND184104AAA,IND160002AAC,morning,1,534.8230306303457,577.7813201141929,-42.95828948384724,0.0,-500.0,Carting,low: one mode observed
IND184104AAA,IND181152AAA,night,1,130.91890351641942,136.53667250422737,-5.617768987807949,0.0,-500.0,Carting,low: one mode observed
IND602024AAA,IND602001AAA,night,3,48.15659153500684,48.77856296412515,-0.6777619790813034,0.0,-500.0,Carting,low: one mode observed
IND184121AAA,IND160002AAC,morning,1,620.9575348993051,656.8634976414804,-35.90596274217535,0.0,-500.0,Carting,low: one mode observed
IND201301AAF,IND203205AAA,evening,6,137.91808397841064,140.19817268574332,-3.304876173823118,0.0,-500.0,Carting,low: one mode observed
IND201301AAL,IND201301AAF,morning,2,95.0990416823679,98.81035674931515,-3.7113150669472432,0.0,-500.0,Carting,low: one mode observed
IND603203AAA,IND600044AAD,night,1,92.90503558135492,95.71691513559698,-2.8118795542420543,0.0,-500.0,Carting,low: one mode observed
IND603301AAA,IND600044AAD,night,3,168.18509736285972,175.59536229660694,-5.2098594481960845,0.0,-500.0,Carting,low: one mode observed
IND605010AAB,IND607001AAA,night,1,101.54957069577041,107.73013639877644,-6.180565703006025,0.0,-500.0,Carting,low: one mode observed
IND605601AAA,IND607106AAA,night,2,75.8753257998022,78.61639901677215,-2.7410732169699585,0.0,-500.0,Carting,low: one mode observed
IND606003AAA,IND606105AAA,morning,2,33.12949585918482,35.454198709913314,-2.324702850728496,0.0,-500.0,Carting,low: one mode observed
IND606003AAA,IND606105AAA,night,1,39.43719163827123,42.47258412264143,-3.035392484370199,0.0,-500.0,Carting,low: one mode observed
IND201301AAL,IND201301AAF,night,2,101.37284808157952,106.7548647786184,-5.382016697038878,0.0,-500.0,Carting,low: one mode observed
IND201304AAA,IND201301AAF,morning,3,72.97697179720403,78.13103854618126,-5.289422855505876,0.0,-500.0,Carting,low: one mode observed
IND606801AAB,IND632006AAA,night,4,145.70504012917928,148.30780025922388,-1.180545493879066,0.0,-500.0,Carting,low: one mode observed
IND606803AAA,IND606801AAB,night,3,45.85651247095809,47.892691806510825,-1.9267529472798586,0.0,-500.0,Carting,low: one mode observed
IND201304AAA,IND201301AAF,night,1,61.74815416203106,66.10210278890597,-4.35394862687491,0.0,-500.0,Carting,low: one mode observed
IND607106AAA,IND607801AAA,night,2,45.88783259902608,49.39900264590318,-3.5111700468770977,0.0,-500.0,Carting,low: one mode observed
IND607801AAA,IND606003AAA,night,3,72.09998455849252,73.74976301292494,-1.4148211926150367,0.0,-500.0,Carting,low: one mode observed
IND201307AAA,IND201301AAL,morning,4,51.49651998007916,56.13457579860084,-4.638055818521686,0.0,-500.0,Carting,low: one mode observed
IND201307AAA,IND201301AAL,night,4,54.88967964590704,59.075338009928814,-4.196093897955578,0.0,-500.0,Carting,low: one mode observed
IND609602AAA,IND611001AAA,morning,1,60.479679352857715,63.33065543169191,-2.8509760788341936,0.0,-500.0,Carting,low: one mode observed
IND610001AAA,IND614715AAA,afternoon,2,60.8461023387843,63.51413553547397,-2.66803319668967,0.0,-500.0,Carting,low: one mode observed
IND610001AAA,IND614715AAA,morning,3,56.358534767115295,58.479649662370235,-2.121114895254941,0.0,-500.0,Carting,low: one mode observed
IND614602AAA,IND614804AAA,night,5,56.78737491289031,60.111757434701396,-3.2005704388892156,0.0,-500.0,Carting,low: one mode observed
IND614616AAA,IND630002AAA,night,5,82.01763687538218,81.96433179684827,-1.1441898139053706,0.0,-500.0,Carting,low: one mode observed
IND202001AAB,IND282002AAD,evening,6,179.19387348604153,185.37286603729808,-6.242692123460316,0.0,-500.0,Carting,low: one mode observed
IND202001AAB,IND282002AAD,morning,1,177.43725080793823,186.7270725468432,-9.289821738904976,0.0,-500.0,Carting,low: one mode observed
IND203131AAA,IND203135AAA,night,5,73.5269676123409,74.62432627169767,-1.0973586593567717,0.0,-500.0,Carting,low: one mode observed
IND614804AAA,IND614616AAA,night,5,50.65236433917614,52.82229210255516,-2.3141461766953455,0.0,-500.0,Carting,low: one mode observed
IND203135AAA,IND203390AAA,night,2,208.1960381122156,228.57847561929827,-20.38243750708267,0.0,-500.0,Carting,low: one mode observed
IND203135AAA,IND203396AAB,night,3,137.3108157852579,139.37458824834067,-2.0637724630827847,0.0,-500.0,Carting,low: one mode observed
IND620020AAA,IND621112AAA,night,1,45.21931874298161,49.6406020163624,-4.421283273380787,0.0,-500.0,Carting,low: one mode observed
IND621010AAA,IND621212AAA,night,5,69.0007579034823,69.83711801860458,-1.6216021188808014,0.0,-500.0,Carting,low: one mode observed
IND621211AAA,IND621010AAA,evening,3,44.76544102261114,47.529997954932774,-2.699354166022381,0.0,-500.0,Carting,low: one mode observed
IND621211AAA,IND621010AAA,night,2,45.02174830004781,46.81418183319197,-1.7924335331441554,0.0,-500.0,Carting,low: one mode observed
IND203390AAA,IND201301AAF,morning,6,429.58001212879986,446.6965522395919,-12.096337440975674,0.0,-500.0,Carting,low: one mode observed
IND205001AAB,IND205135AAA,evening,1,302.1517176284413,318.18029468226206,-16.028577053820754,0.0,-500.0,Carting,supported: both modes observed
IND621802AAA,IND608301AAA,night,1,55.418781305961936,56.45656122367204,-1.037779917710104,0.0,-500.0,Carting,low: one mode observed
IND621802AAA,IND621212AAA,night,1,148.61077529230533,149.23021500978228,-0.6194397174769506,0.0,-500.0,Carting,low: one mode observed
IND622407AAA,IND622001AAA,morning,1,61.74596999248532,62.642907402767214,-0.8969374102818932,0.0,-500.0,Carting,low: one mode observed
IND205135AAA,IND283203AAA,night,5,74.2741986202847,77.51021925537421,-2.9483239664710936,0.0,-500.0,Carting,supported: both modes observed
IND206001AAA,IND000000ACB,night,7,478.1125594980397,517.2907829495282,-29.055309664338154,0.0,-500.0,Carting,low: one mode observed
IND623407AAA,IND623315AAB,night,3,43.310307596945634,46.6989625840276,-3.3886549870819636,0.0,-500.0,Carting,low: one mode observed
IND624001AAA,IND624619AAA,night,3,54.913220222250246,55.5260091130846,-0.6127888908343522,0.0,-500.0,Carting,low: one mode observed
IND209111AAA,IND285001AAD,night,6,107.12278326952892,108.6624967401664,-3.185743672421907,0.0,-500.0,Carting,low: one mode observed
IND209206AAB,IND210301AAA,night,4,57.33701490201256,60.0253556962297,-2.664037353940703,0.0,-500.0,Carting,low: one mode observed
IND624202AAA,IND625218AAA,morning,3,46.82337851915172,47.15712208406482,-0.3404559027685039,0.0,-500.0,Carting,low: one mode observed
IND209304AAA,IND000000ACB,afternoon,2,727.4950325459922,806.8538609266714,-79.35882838067909,0.0,-500.0,Carting,low: one mode observed
IND209304AAA,IND000000ACB,evening,1,726.968750028615,820.8781905677491,-93.90944053913415,0.0,-500.0,Carting,low: one mode observed
IND624619AAA,IND624601AAA,night,4,48.72602608166507,48.838892737896316,-0.12520592225457605,0.0,-500.0,Carting,low: one mode observed
IND209304AAA,IND000000ACB,morning,3,724.9443743135618,818.5735167166918,-93.6928589244601,0.0,-500.0,Carting,low: one mode observed
IND209304AAA,IND000000ACB,night,5,722.549118687018,821.1858912706963,-90.5228071273566,0.0,-500.0,Carting,low: one mode observed
IND209304AAA,IND110037AAM,afternoon,1,906.0000607460614,998.9261888909626,-92.92612814490121,0.0,-500.0,Carting,low: one mode observed
IND625008AAA,IND685514AAA,evening,1,493.8634208124338,521.8594185244046,-27.99599771197086,0.0,-500.0,Carting,unsupported: unseen corridor
IND209304AAA,IND110037AAM,morning,1,906.1825904521157,1015.6912661517589,-109.50867569964316,0.0,-500.0,Carting,low: one mode observed
IND209304AAA,IND206122AAA,afternoon,4,502.3812105953953,519.0319861006694,-13.146573973452007,0.0,-500.0,Carting,low: one mode observed
IND625531AAA,IND625516AAA,night,1,86.40057833276065,86.79015459443539,-0.38957626167474757,0.0,-500.0,Carting,low: one mode observed
IND625532AAA,IND625531AAA,night,1,78.51131311586751,79.14283820548181,-0.6315250896142999,0.0,-500.0,Carting,low: one mode observed
IND209304AAA,IND206122AAA,evening,4,416.41821474005184,434.27989438874204,-15.017667129555548,0.0,-500.0,Carting,low: one mode observed
IND209304AAA,IND208006AAA,evening,2,124.42053201583528,130.90408389375568,-6.483551877920391,0.0,-500.0,Carting,low: one mode observed
IND209304AAA,IND208006AAA,night,5,123.22227558463489,124.18510140425406,-3.3031576338179605,0.0,-500.0,Carting,low: one mode observed
IND209304AAA,IND208012AAA,evening,4,100.00887967120089,108.20947467605473,-8.200595004853831,0.0,-500.0,Carting,low: one mode observed
IND209304AAA,IND208012AAA,night,4,261.7423435540463,301.1660576539262,-35.41707917392313,0.0,-500.0,Carting,low: one mode observed
IND209304AAA,IND208019AAA,evening,2,148.28168679350694,160.06177056542677,-11.780083771919834,0.0,-500.0,Carting,low: one mode observed
IND627401AAA,IND627005AAA,night,3,89.96897832519977,92.27014334232345,-0.5911945935887672,0.0,-500.0,Carting,low: one mode observed
IND627657AAA,IND628613AAA,night,4,47.24399093080273,49.47433520431824,-2.0043103689365083,0.0,-500.0,Carting,low: one mode observed
IND627756AAA,IND626117AAA,night,5,74.41154475384792,75.85755353043929,-1.4460087765913698,0.0,-500.0,Carting,low: one mode observed
IND209304AAA,IND208019AAA,night,3,146.64511680677575,153.3985047021808,-7.762105619218886,0.0,-500.0,Carting,low: one mode observed
IND209304AAA,IND209101AAA,evening,5,91.8674077180211,100.87877116122827,-9.730281809576198,0.0,-500.0,Carting,low: one mode observed
IND209304AAA,IND209801AAA,night,7,127.87431209100274,129.0174443411151,-7.602852417676573,0.0,-500.0,Carting,low: one mode observed
IND628801AAA,IND628204AAA,night,5,38.33461167613893,40.6173461664163,-2.4551710185198132,0.0,-500.0,Carting,low: one mode observed
IND209304AAA,IND211002AAB,afternoon,4,495.9343146199782,546.6138930643297,-49.16182108630517,0.0,-500.0,Carting,low: one mode observed
IND209304AAA,IND211002AAB,evening,3,362.4839943026913,405.7880134105441,-44.53201112758035,0.0,-500.0,Carting,low: one mode observed
IND630561AAA,IND623407AAA,night,2,106.92888833589879,107.87498635293478,-0.9460980170359932,0.0,-500.0,Carting,low: one mode observed
IND209304AAA,IND212601AAA,evening,4,282.8346938497469,304.1136977030507,-22.695677824413735,0.0,-500.0,Carting,low: one mode observed
IND209304AAA,IND282001AAA,morning,7,524.0893304402183,570.7187173898297,-46.38026955002715,0.0,-500.0,Carting,low: one mode observed
IND632006AAA,IND632301AAA,afternoon,4,525.1422447906168,562.2600046716168,-36.12762144105608,0.0,-500.0,Carting,low: one mode observed
IND632301AAA,IND606803AAA,night,2,59.09412364111153,62.40264331220544,-3.308519671093908,0.0,-500.0,Carting,low: one mode observed
IND209625AAA,IND241124AAB,evening,1,117.6016814813832,118.4508064296378,-0.8491249482545982,0.0,-500.0,Carting,low: one mode observed
IND209625AAA,IND241124AAB,night,4,116.0877917668495,118.33898869021408,-2.8801502991659476,0.0,-500.0,Carting,low: one mode observed
IND209801AAA,IND209304AAA,night,1,381.4106595390438,390.1144935532382,-8.703834014194399,0.0,-500.0,Carting,low: one mode observed
IND210001AAA,IND210427AAA,morning,1,201.57042590624025,206.41429690473183,-4.843870998491582,0.0,-500.0,Carting,low: one mode observed
IND635802AAB,IND635601AAB,night,3,124.72606987151708,125.26329499558827,-0.48575616766459007,0.0,-500.0,Carting,low: one mode observed
IND210427AAA,IND209304AAA,afternoon,1,476.00942933817174,483.67559260953715,-7.666163271365406,0.0,-500.0,Carting,low: one mode observed
IND210501AAB,IND209304AAA,night,4,268.277772376942,277.9474334349916,-10.387657873808081,0.0,-500.0,Carting,low: one mode observed
IND211002AAB,IND209304AAA,night,6,295.6019240294245,332.08855651868726,-36.486632489262774,0.0,-500.0,Carting,low: one mode observed
IND211002AAB,IND211011AAA,night,6,108.28400896241875,115.77563011553394,-8.016227799280095,0.0,-500.0,Carting,low: one mode observed
IND638401AAA,IND638452AAA,night,2,35.19286027953161,35.88962185691351,-0.6967615773818991,0.0,-500.0,Carting,low: one mode observed
IND212402AAA,IND211002AAB,morning,6,775.521892510619,779.9650016614773,-6.014727754662545,0.0,-500.0,Carting,low: one mode observed
IND212501AAA,IND212402AAA,morning,5,69.23979129623196,72.55638911705013,-2.8041301983279965,0.0,-500.0,Carting,low: one mode observed
IND638657AAA,IND638701AAA,night,4,61.957290040176424,63.4003865600967,-1.3205670317660179,0.0,-500.0,Carting,low: one mode observed
IND638701AAA,IND641607AAA,night,5,473.55537411021294,488.6777493888646,-15.122375278651646,0.0,-500.0,Carting,low: one mode observed
IND212601AAA,IND210001AAA,night,4,160.38541686615207,165.63958878013915,-4.2318877032983835,0.0,-500.0,Carting,low: one mode observed
IND221706AAA,IND273014AAB,morning,3,437.18977464282256,458.57841575225075,-17.321462560400732,0.0,-500.0,Carting,low: one mode observed
IND224001AAA,IND224141AAB,morning,3,96.80077215245726,98.83639449491919,-2.0356223424619344,0.0,-500.0,Carting,low: one mode observed
IND224141AAB,IND224122AAA,afternoon,2,98.62683950972377,105.55707260477371,-6.930233095049935,0.0,-500.0,Carting,low: one mode observed
IND224141AAB,IND224122AAA,morning,2,92.18238579552389,96.85553276076648,-4.673146965242601,0.0,-500.0,Carting,low: one mode observed
IND641062AAD,IND638401AAA,evening,3,248.6601501315856,251.03265402974782,-2.372503898162222,0.0,-500.0,Carting,low: one mode observed
IND242307AAB,IND207247AAB,morning,2,295.02742634975925,311.52579453070143,-16.49836818094215,0.0,-500.0,Carting,low: one mode observed
IND242307AAB,IND207247AAB,night,2,294.2067088358392,318.92188026479914,-24.71517142895999,0.0,-500.0,Carting,low: one mode observed
IND243001AAA,IND243503AAB,night,4,118.1084320342433,122.83504948574415,-4.564440512818315,0.0,-500.0,Carting,low: one mode observed
IND641062AAD,IND642126AAA,evening,5,269.6051645036315,283.0382427649513,-14.974075954451052,0.0,-500.0,Carting,low: one mode observed
IND243301AAB,IND244901AAB,night,3,435.3767574882312,445.4248836675304,-10.048126179299231,0.0,-500.0,Carting,low: one mode observed
IND243503AAB,IND244901AAB,night,4,562.5826382068888,579.5026091373637,-15.417173014791558,0.0,-500.0,Carting,low: one mode observed
IND641607AAA,IND641654AAA,evening,4,106.19424294865064,107.59339526259598,-2.0770167422693504,0.0,-500.0,Carting,low: one mode observed
IND244001AAA,IND263153AAB,afternoon,7,207.84847753426183,216.49159079451437,-6.883426125459266,0.0,-500.0,Carting,low: one mode observed
IND641654AAA,IND641664AAA,night,4,55.57596186361256,55.6957620693464,-0.41021895925667096,0.0,-500.0,Carting,low: one mode observed
IND641664AAA,IND638657AAA,night,4,69.94460122383808,69.82197819784682,-0.5847007043586316,0.0,-500.0,Carting,low: one mode observed
IND244221AAA,IND131028AAB,night,6,270.5640504903972,280.76545540927907,-6.49758687732276,0.0,-500.0,Carting,low: one mode observed
IND244235AAA,IND244901AAB,afternoon,6,194.48914451026266,201.9536357549681,-7.710620265509661,0.0,-500.0,Carting,low: one mode observed
IND642126AAA,IND642001AAA,night,5,51.81931739959184,54.23868024093996,-2.1605542762578693,0.0,-500.0,Carting,low: one mode observed
IND244301AAA,IND244412AAA,night,3,67.53558476538558,68.98130067300389,-1.4457159076183075,0.0,-500.0,Carting,low: one mode observed
IND244412AAA,IND244901AAB,night,1,296.0149070288125,312.1853467618398,-16.170439733027308,0.0,-500.0,Carting,low: one mode observed
IND643217AAA,IND643001AAA,night,3,56.603297094149,56.85097966283285,-0.24768256868384952,0.0,-500.0,Carting,low: one mode observed
IND643231AAA,IND643217AAA,night,2,55.683819909539224,59.15683826705379,-3.4730183575145688,0.0,-500.0,Carting,low: one mode observed
IND244601AAB,IND244901AAB,morning,1,245.7907052697747,256.5777217241764,-10.787016454401709,0.0,-500.0,Carting,low: one mode observed
IND673104AAA,IND673506AAA,night,5,47.88264456867843,50.1851088283153,-2.3024642596368707,0.0,-500.0,Carting,low: one mode observed
IND673305AAA,IND673104AAA,night,4,42.59035658433908,44.75078569966584,-2.1604291153267674,0.0,-500.0,Carting,low: one mode observed
IND673506AAA,IND670643AAA,night,5,46.99359305395494,49.54309254475307,-2.24959826996232,0.0,-500.0,Carting,low: one mode observed
IND244713AAA,IND263401AAA,night,5,70.67848055526476,74.40949511718064,-3.601997117620158,0.0,-500.0,Carting,low: one mode observed
IND244715AAA,IND244713AAA,night,5,61.322724972665895,64.87251297452298,-3.549788001857081,0.0,-500.0,Carting,low: one mode observed
IND244901AAB,IND243002AAA,afternoon,3,415.203441543857,429.12831717324343,-10.908341159187387,0.0,-500.0,Carting,low: one mode observed
IND244901AAB,IND243002AAA,evening,3,410.4426049621111,416.1291004174581,-6.071490873856419,0.0,-500.0,Carting,low: one mode observed
IND676306AAA,IND676509AAA,evening,2,44.27051883392159,45.66966202836029,-1.3991431944387038,0.0,-500.0,Carting,low: one mode observed
IND244901AAB,IND244221AAA,afternoon,1,303.6304862517041,312.1983394730726,-8.567853221368523,0.0,-500.0,Carting,low: one mode observed
IND679303AAA,IND679531AAA,night,5,53.00443236139477,56.06638289150299,-3.691009520435756,0.0,-500.0,Carting,low: one mode observed
IND679531AAA,IND680587AAA,night,6,46.71271391301899,49.44268161960608,-2.5883642097464055,0.0,-500.0,Carting,low: one mode observed
IND244901AAB,IND244221AAA,evening,5,289.6764210567807,313.9301307846448,-22.359322091977447,0.0,-500.0,Carting,low: one mode observed
IND244901AAB,IND244921AAB,afternoon,1,278.18377864054287,288.3237410176425,-10.139962377099607,0.0,-500.0,Carting,low: one mode observed
IND680104AAA,IND679576AAA,night,5,70.16555522217419,74.50635634048226,-3.788759854120599,0.0,-500.0,Carting,low: one mode observed
IND680307AAA,IND680712AAA,night,3,53.74601717351706,54.360161339651796,-0.6141441661347358,0.0,-500.0,Carting,low: one mode observed
IND244901AAB,IND246725AAB,evening,5,217.21667913255234,223.66681716693319,-3.4158455023026306,0.0,-500.0,Carting,low: one mode observed
IND244921AAB,IND243201AAA,night,1,90.10081088984263,90.64001689904921,-0.5392060092065805,0.0,-500.0,Carting,low: one mode observed
IND680587AAA,IND683511AAA,night,1,224.6962186851733,231.9855353894678,-7.289316704294492,0.0,-500.0,Carting,low: one mode observed
IND246149AAA,IND249407AAA,night,4,629.2258550740222,663.5913009276829,-35.75857442470715,0.0,-500.0,Carting,low: one mode observed
IND683511AAA,IND000000ABA,evening,6,439.8801594396951,474.6405045222774,-34.76034508258235,0.0,-500.0,Carting,low: one mode observed
IND683511AAA,IND000000ADM,evening,5,414.0591022456434,452.3962434677411,-28.81384881025548,0.0,-500.0,Carting,low: one mode observed
IND683511AAA,IND562132AAA,morning,2,892.1632886981976,1011.1319153421873,-118.96862664398981,0.0,-500.0,Carting,low: one mode observed
IND683511AAA,IND680012AAA,afternoon,2,401.7765358506594,415.36544848227544,-13.58891263161604,0.0,-500.0,Carting,low: one mode observed
IND683511AAA,IND680012AAA,evening,3,406.0703400747107,408.5248078546457,-3.738271760494115,0.0,-500.0,Carting,low: one mode observed
IND683511AAA,IND680104AAA,afternoon,3,394.0071122545637,428.0647490291129,-32.61322210809806,0.0,-500.0,Carting,low: one mode observed
IND683511AAA,IND680104AAA,evening,2,368.0099651198577,405.5767505022121,-37.5667853823544,0.0,-500.0,Carting,low: one mode observed
IND683565AAA,IND683511AAA,night,4,65.17530191978422,68.4166779075976,-3.2413759878133845,0.0,-500.0,Carting,low: one mode observed
IND683572AAA,IND680307AAA,night,6,36.068246785166586,38.248545957420916,-1.9536571874431061,0.0,-500.0,Carting,low: one mode observed
IND685514AAA,IND625008AAA,night,3,322.2642303328224,320.9459083433875,-2.990392864712021,0.0,-500.0,Carting,low: one mode observed
IND686028AAB,IND689101AAA,evening,6,139.52939099591381,145.19163305204708,-3.303866552438677,0.0,-500.0,Carting,low: one mode observed
IND686507AAA,IND686513AAA,night,5,44.799431524970515,46.50729299212663,-1.8916615784461897,0.0,-500.0,Carting,low: one mode observed
IND246763AAA,IND244901AAB,morning,1,593.3128548315954,631.1394579562632,-37.82660312466783,0.0,-500.0,Carting,unsupported: unseen corridor
IND246763AAA,IND244901AAB,night,2,612.580693735023,636.1973111370511,-23.616617402028055,0.0,-500.0,Carting,unsupported: unseen corridor
IND688009AAA,IND686028AAB,night,6,852.9021963951852,927.2291726290628,-72.68835100014542,0.0,-500.0,Carting,low: one mode observed
IND247554AAA,IND248001AAA,evening,3,203.3629647148926,205.39681571973267,-2.0338510048400735,0.0,-500.0,Carting,low: one mode observed
IND689645AAA,IND691551AAA,night,4,66.86081215534314,69.63901329840573,-2.7782011430625957,0.0,-500.0,Carting,low: one mode observed
IND247667AAA,IND249407AAA,evening,3,106.43762003435145,112.82194632878429,-6.432574352530551,0.0,-500.0,Carting,low: one mode observed
IND690548AAA,IND688009AAA,night,6,59.87957938455838,60.651912914063544,-0.7651405900052843,0.0,-500.0,Carting,low: one mode observed
IND691001AAB,IND691506AAA,evening,6,138.01310275530216,151.74358578860932,-13.432024590549403,0.0,-500.0,Carting,low: one mode observed
IND691305AAA,IND689645AAA,night,4,76.079438985071,79.05902949806313,-3.529253925672883,0.0,-500.0,Carting,low: one mode observed
IND247667AAA,IND249407AAA,night,1,118.12925313734094,129.42683472331763,-11.297581585976687,0.0,-500.0,Carting,low: one mode observed
IND691506AAA,IND691305AAA,night,6,41.76352579386713,45.052443516440945,-3.223850393766586,0.0,-500.0,Carting,low: one mode observed
IND691551AAA,IND691001AAB,night,6,890.6588947979856,981.4901168297524,-94.93466167631021,0.0,-500.0,Carting,low: one mode observed
IND691574AAA,IND695614AAA,night,7,46.14370243285824,49.17741443910533,-3.033712006247086,0.0,-500.0,Carting,low: one mode observed
IND695101AAB,IND691574AAA,night,7,45.893895919969715,49.18368356209739,-3.2897876421276777,0.0,-500.0,Carting,low: one mode observed
IND248001AAA,IND131028AAB,afternoon,1,820.6466090824383,896.8269130388198,-76.18030395638152,0.0,-500.0,Carting,low: one mode observed
IND695121AAA,IND695572AAB,night,6,51.87661926985156,54.606450615098026,-2.4982426708174934,0.0,-500.0,Carting,low: one mode observed
IND695572AAB,IND695541AAA,night,4,47.72871583135978,50.46879164408976,-2.5971110855606625,0.0,-500.0,Carting,low: one mode observed
IND695582AAA,IND695101AAB,evening,6,53.91883316461369,57.01864503828317,-2.616279401910962,0.0,-500.0,Carting,low: one mode observed
IND695582AAA,IND695101AAB,night,1,52.19643559680664,56.09008891889576,-3.893653322089122,0.0,-500.0,Carting,low: one mode observed
IND248122AAB,IND248001AAA,night,1,192.4368744660241,204.49041670371602,-12.053542237691914,0.0,-500.0,Carting,low: one mode observed
IND248197AAA,IND248122AAB,night,7,152.14467112947293,157.85437767057851,-4.0425167865209914,0.0,-500.0,Carting,low: one mode observed
IND249201AAA,IND246174AAA,night,4,994.657434377067,995.90576735687,-3.4824557728925924,0.0,-500.0,Carting,unsupported: unseen corridor
IND249201AAA,IND249407AAA,night,5,501.256031234721,559.6449033309137,-53.676958289765594,0.0,-500.0,Carting,low: one mode observed
IND249407AAA,IND131028AAB,afternoon,5,486.37367278816714,516.954040156403,-25.085703098013937,0.0,-500.0,Carting,low: one mode observed
IND249407AAA,IND246149AAA,night,5,175.97858357206005,183.46278904030603,-5.78326086793615,0.0,-500.0,Carting,low: one mode observed
IND249407AAA,IND249201AAA,night,7,74.05524407716202,77.1151003058005,-4.794116287443742,0.0,-500.0,Carting,low: one mode observed
IND251001AAA,IND247554AAA,evening,2,93.38295521406816,98.18990171590852,-4.8069465018403505,0.0,-500.0,Carting,low: one mode observed
IND700065AAA,IND712311AAA,night,1,279.96345338454915,294.7197209337499,-14.756267549200743,0.0,-500.0,Carting,low: one mode observed
IND251309AAB,IND131028AAB,night,4,176.25280551812432,182.52144981089785,-7.82076439921029,0.0,-500.0,Carting,low: one mode observed
IND261201AAB,IND261001AAA,morning,6,103.66264369506878,107.65961420594252,-3.6807835956533808,0.0,-500.0,Carting,low: one mode observed
IND262122AAB,IND244901AAB,night,1,502.97253972851814,506.8787455305449,-3.9062058020267614,0.0,-500.0,Carting,low: one mode observed
IND262501AAA,IND263153AAB,morning,3,536.8047699109986,547.6183834071019,-13.099530069153275,0.0,-500.0,Carting,low: one mode observed
IND700136AAG,IND712310AAA,afternoon,6,182.98927330047428,185.19883445653232,-2.041136136188456,0.0,-500.0,Carting,low: one mode observed
IND700136AAG,IND712310AAA,evening,1,166.39408747818578,166.7541418138274,-0.36005433564162104,0.0,-500.0,Carting,low: one mode observed
IND262701AAA,IND262802AAA,afternoon,2,80.08078473182061,84.02791826156937,-3.9471335297487613,0.0,-500.0,Carting,low: one mode observed
IND262701AAA,IND262802AAA,morning,4,75.73184432654219,78.74110261368912,-3.0092582871469347,0.0,-500.0,Carting,low: one mode observed
IND262802AAA,IND262723AAB,morning,1,243.98847445119873,247.0879833683612,-3.099508917162467,0.0,-500.0,Carting,low: one mode observed
IND712103AAA,IND712310AAE,morning,2,117.45707806627317,128.14874751626326,-10.691669449990094,0.0,-500.0,Carting,low: one mode observed
IND712103AAA,IND712310AAE,night,3,136.66363339073627,146.93524932376528,-11.280511112734274,0.0,-500.0,Carting,low: one mode observed
IND712124AAA,IND712103AAA,morning,1,58.420175715598965,63.239798221248535,-4.819622505649569,0.0,-500.0,Carting,low: one mode observed
IND712124AAA,IND712103AAA,night,4,57.81729263012724,62.035778633552724,-4.063087460771193,0.0,-500.0,Carting,low: one mode observed
IND263153AAB,IND131028AAB,evening,7,507.0778527753025,566.2947236454893,-50.7781494439717,0.0,-500.0,Carting,low: one mode observed
IND263153AAB,IND244715AAA,evening,5,218.26440698163515,223.01310178422008,-3.698687849326916,0.0,-500.0,Carting,low: one mode observed
IND712310AAE,IND711303AAA,evening,6,163.28630968545957,170.06716888749503,-6.261891543660809,0.0,-500.0,Carting,low: one mode observed
IND263153AAB,IND263002AAA,evening,3,230.52941238825025,237.10552250861554,-2.8986921702055497,0.0,-500.0,Carting,low: one mode observed
IND712310AAE,IND712124AAA,evening,2,113.63774743477452,123.48948320601502,-9.851735771240506,0.0,-500.0,Carting,low: one mode observed
IND712310AAE,IND712124AAA,night,7,118.54391302177498,130.86934460579332,-12.104531631039876,0.0,-500.0,Carting,low: one mode observed
IND712311AAA,IND000000ACB,afternoon,2,2114.33109939096,2409.053545954242,-294.7224465632819,0.0,-500.0,Carting,low: one mode observed
IND712311AAA,IND421302AAG,evening,2,3129.23282057726,3502.844480464416,-373.61165988715607,0.0,-500.0,Carting,low: one mode observed
IND712311AAA,IND421302AAG,night,1,3258.418128817003,3680.4341243993704,-422.0159955823674,0.0,-500.0,Carting,low: one mode observed
IND712311AAA,IND700028AAB,evening,1,126.7970377896027,139.63179020261524,-12.834752413012538,0.0,-500.0,Carting,low: one mode observed
IND712311AAA,IND700065AAA,night,1,157.73088124991114,172.3750244755087,-14.64414322559756,0.0,-500.0,Carting,low: one mode observed
IND712311AAA,IND700088AAA,afternoon,1,429.5604771808589,478.66163160995075,-49.10115442909182,0.0,-500.0,Carting,low: one mode observed
IND712311AAA,IND700088AAA,evening,4,327.320059797187,373.33482537164247,-46.230873843894955,0.0,-500.0,Carting,low: one mode observed
IND712311AAA,IND700088AAA,morning,1,422.4733246597965,463.40170969718656,-40.92838503739006,0.0,-500.0,Carting,low: one mode observed
IND712311AAA,IND700088AAA,night,1,403.85523090343895,458.26229963382195,-54.407068730383,0.0,-500.0,Carting,low: one mode observed
IND712311AAA,IND712410AAC,night,5,214.97488432141097,212.08100560774065,-3.6521685524182317,0.0,-500.0,Carting,low: one mode observed
IND263153AAB,IND263645AAA,evening,1,346.4769983687026,362.54136863574706,-16.064370267044467,0.0,-500.0,Carting,unsupported: unseen corridor
IND712311AAA,IND713205AAB,afternoon,3,359.77281669781917,368.86899671282674,-7.569491710501495,0.0,-500.0,Carting,low: one mode observed
IND712311AAA,IND713205AAB,evening,1,324.2924787906866,351.0814407118479,-26.78896192116133,0.0,-500.0,Carting,low: one mode observed
IND712311AAA,IND713205AAB,morning,1,351.03947183502635,373.9497979125002,-22.910326077473826,0.0,-500.0,Carting,low: one mode observed
IND712311AAA,IND721306AAA,afternoon,4,424.76240168680204,462.88441184683825,-38.68527876917648,0.0,-500.0,Carting,low: one mode observed
IND712311AAA,IND721306AAA,evening,2,393.0446964723831,442.32348108077576,-49.27878460839264,0.0,-500.0,Carting,low: one mode observed
IND263401AAA,IND263153AAB,morning,2,684.927774235651,723.0378391071771,-38.110064871526106,0.0,-500.0,Carting,low: one mode observed
IND712311AAA,IND751002AAB,night,4,742.0288389725984,857.9803527857433,-114.3944300720915,0.0,-500.0,Carting,low: one mode observed
IND712311AAA,IND781018AAB,evening,1,1997.593067467904,2236.1379205370754,-238.5448530691715,0.0,-500.0,Carting,low: one mode observed
IND712311AAA,IND781018AAB,night,2,2053.4467383965357,2300.6963997709063,-247.24966137437013,0.0,-500.0,Carting,low: one mode observed
IND712311AAA,IND821115AAB,night,1,1297.0874777793085,1417.108363954901,-120.02088617559252,0.0,-500.0,Carting,unsupported: unseen corridor
IND712311AAA,IND826004AAA,night,4,470.93152574339126,546.6331480404309,-75.23682694205735,0.0,-500.0,Carting,low: one mode observed
IND712311AAA,IND834002AAB,evening,2,700.9142366840597,792.0189667530007,-91.10473006894097,0.0,-500.0,Carting,low: one mode observed
IND263401AAA,IND263153AAB,night,4,637.158723973998,680.1174240240422,-42.215371447186385,0.0,-500.0,Carting,low: one mode observed
IND263601AAA,IND262501AAA,morning,1,222.46100129070334,224.67544891460224,-2.2144476238989057,0.0,-500.0,Carting,low: one mode observed
IND263601AAA,IND262501AAA,night,1,221.46523698613274,232.5050438931488,-11.039806907016072,0.0,-500.0,Carting,low: one mode observed
IND263645AAA,IND263601AAA,night,1,121.724880534908,122.89538049687171,-1.1704999619637135,0.0,-500.0,Carting,low: one mode observed
IND272001AAA,IND273014AAB,afternoon,1,264.6227386612602,279.89968908547417,-15.276950424213965,0.0,-500.0,Carting,low: one mode observed
IND273014AAB,IND273155AAA,evening,1,177.12568473495716,177.96445215825335,-0.8387674232961899,0.0,-500.0,Carting,low: one mode observed
IND713128AAB,IND731204AAB,night,2,82.55892426397139,87.01038402024291,-4.451459756271525,0.0,-500.0,Carting,low: one mode observed
IND273014AAB,IND273155AAA,night,1,146.1096218504008,148.01577341235992,-1.9061515619591205,0.0,-500.0,Carting,low: one mode observed
IND273014AAB,IND274001AAA,evening,3,180.6591674473253,189.81031720096956,-9.221861618463208,0.0,-500.0,Carting,low: one mode observed
IND273014AAB,IND274001AAA,night,3,181.01752852414853,195.31898491665285,-16.371480918760653,0.0,-500.0,Carting,low: one mode observed
IND713130AAA,IND741123AAB,night,4,154.69234349749502,161.1712401117024,-5.508966191900811,0.0,-500.0,Carting,low: one mode observed
IND273014AAB,IND277303AAC,evening,3,230.65574653300135,242.31957571513215,-7.171194967770049,0.0,-500.0,Carting,low: one mode observed
IND273014AAB,IND277303AAC,night,1,228.460945175383,257.9902333376985,-29.52928816231551,0.0,-500.0,Carting,low: one mode observed
IND713148AAA,IND713128AAB,morning,1,104.40792971203388,105.38368928702778,-0.9757595749939014,0.0,-500.0,Carting,low: one mode observed
IND713148AAA,IND713128AAB,night,6,112.67323064867959,114.58478422242163,-2.1413595155361165,0.0,-500.0,Carting,low: one mode observed
IND713205AAB,IND712311AAA,afternoon,5,723.7569885955189,782.5329487248205,-57.980931825672315,0.0,-500.0,Carting,low: one mode observed
IND273304AAA,IND273014AAB,morning,1,712.9889874292993,743.0375777531019,-30.048590323802614,0.0,-500.0,Carting,low: one mode observed
IND273304AAA,IND273014AAB,night,1,712.091427872537,742.4506405941356,-30.359212721598624,0.0,-500.0,Carting,low: one mode observed
IND274001AAA,IND274509AAB,night,5,112.32933425082099,114.30200067732883,-1.0464453858218548,0.0,-500.0,Carting,low: one mode observed
IND713205AAB,IND722143AAB,night,1,156.76433837051374,158.6412173085752,-1.8768789380614521,0.0,-500.0,Carting,low: one mode observed
IND277201AAA,IND221706AAA,morning,2,149.9070734308467,153.7211122332542,-3.8140388024074667,0.0,-500.0,Carting,low: one mode observed
IND713364AAB,IND712311AAA,morning,1,733.9093666570134,778.725724504804,-44.81635784779064,0.0,-500.0,Carting,low: one mode observed
IND721102AAA,IND712311AAA,night,5,618.9461774626722,652.334988085968,-30.463850097822842,0.0,-500.0,Carting,low: one mode observed
IND721134AAB,IND721139AAC,night,6,50.55449082961228,53.071459100222775,-2.516968270610498,0.0,-500.0,Carting,low: one mode observed
IND721212AAA,IND712310AAE,night,4,227.67958543180947,238.9126188348394,-11.380559836365961,0.0,-500.0,Carting,low: one mode observed
IND721253AAC,IND721306AAA,morning,2,138.93842897198095,140.32664545611033,-1.3882164841293871,0.0,-500.0,Carting,low: one mode observed
IND281401AAA,IND121004AAB,night,1,199.33474657985857,221.02480634126354,-21.690059761404967,0.0,-500.0,Carting,low: one mode observed
IND282001AAA,IND110037AAM,evening,2,398.8773755715695,409.24583720074173,-10.368461629172288,0.0,-500.0,Carting,supported: both modes observed
IND282001AAF,IND283122AAB,night,6,87.144013783837,93.66380593030897,-6.7131445599202735,0.0,-500.0,Carting,supported: both modes observed
IND721306AAA,IND721507AAA,night,3,130.53116907373496,131.08708968470958,-2.871966307970837,0.0,-500.0,Carting,low: one mode observed
IND721501AAC,IND721253AAC,morning,1,172.89564394589175,183.79407480448427,-10.89843085859252,0.0,-500.0,Carting,low: one mode observed
IND282002AAD,IND110037AAM,night,1,543.9850493035444,550.5427464357075,-6.557697132163071,0.0,-500.0,Carting,unsupported: unseen corridor
IND282002AAD,IND205001AAB,afternoon,6,184.24411262068426,191.0053577294909,-6.420149905744481,0.0,-500.0,Carting,low: one mode observed
IND282002AAD,IND474003AAA,afternoon,6,281.79175335476987,294.07676956353,-13.721213530025324,0.0,-500.0,Carting,low: one mode observed
IND283203AAA,IND110037AAM,night,3,447.43379268831234,470.7082246001124,-24.34991225511328,0.0,-500.0,Carting,supported: both modes observed
IND722122AAA,IND713205AAB,night,1,165.07731960931582,165.95254939581105,-0.8752297864952254,0.0,-500.0,Carting,low: one mode observed
IND722140AAA,IND722151AAA,afternoon,2,82.13994162747613,83.00294134575171,-0.8629997182755744,0.0,-500.0,Carting,low: one mode observed
IND722140AAA,IND722151AAA,morning,3,77.60615292616976,78.29273687493016,-0.874707208308223,0.0,-500.0,Carting,low: one mode observed
IND600032AAB,IND600076AAB,night,4,70.79665260604699,79.39853115737151,-8.787016822801888,0.0,-500.0,Carting,low: one mode observed
IND284001AAA,IND284403AAA,night,1,154.13730597082045,159.34354479592648,-5.206238825106027,0.0,-500.0,Carting,low: one mode observed
IND285001AAD,IND285205AAB,night,7,74.37031102728214,78.58266124554804,-4.307677896945393,0.0,-500.0,Carting,low: one mode observed
IND301001AAB,IND321001AAB,evening,5,167.2469714624495,168.18009566485065,-1.2829103510919708,0.0,-500.0,Carting,low: one mode observed
IND301001AAB,IND321606AAA,evening,1,217.45217585721173,217.93134390732874,-0.4791680501170106,0.0,-500.0,Carting,low: one mode observed
IND302006AAA,IND302014AAB,night,4,74.89241683156425,81.71478977252985,-6.939394438573693,0.0,-500.0,Carting,low: one mode observed
IND302014AAA,IND000000ACB,afternoon,5,445.31973729742526,498.2098375991393,-42.07080595227876,0.0,-500.0,Carting,low: one mode observed
IND723130AAA,IND723101AAA,night,1,76.23806124720991,81.24364223161899,-5.005580984409079,0.0,-500.0,Carting,low: one mode observed
IND302014AAA,IND000000ACB,evening,2,413.99394667702074,458.5095879474276,-44.51564127040689,0.0,-500.0,Carting,low: one mode observed
IND302014AAA,IND000000ACB,night,3,421.4977253339493,470.6546947714281,-48.80692792341853,0.0,-500.0,Carting,low: one mode observed
IND302014AAA,IND110037AAM,evening,1,455.83244948848886,517.2566787096692,-61.42422922118038,0.0,-500.0,Carting,low: one mode observed
IND723133AAA,IND723130AAA,night,1,70.48706098278923,72.1986958590451,-1.7116348762558715,0.0,-500.0,Carting,low: one mode observed
IND723202AAA,IND713205AAB,morning,1,330.83264363241454,363.09477603157126,-32.26213239915671,0.0,-500.0,Carting,low: one mode observed
IND731204AAB,IND731301AAA,morning,2,66.19139512533603,70.74808673266938,-4.556691607333342,0.0,-500.0,Carting,low: one mode observed
IND731224AAA,IND742147AAA,night,3,83.52223026078573,85.83210123646141,-1.0998931775997676,0.0,-500.0,Carting,low: one mode observed
IND731237AAB,IND731224AAA,evening,2,91.04631324523149,95.37837185404184,-4.332058608810357,0.0,-500.0,Carting,low: one mode observed
IND731237AAB,IND731224AAA,night,4,87.0180543160283,88.77786293487222,-2.0655426620163695,0.0,-500.0,Carting,low: one mode observed
IND302014AAA,IND110037AAM,morning,1,505.26744969737445,549.772705983176,-44.50525628580158,0.0,-500.0,Carting,low: one mode observed
IND302014AAA,IND110037AAM,night,5,463.8268552020467,521.4200541860403,-58.72238445137833,0.0,-500.0,Carting,low: one mode observed
IND731301AAA,IND713205AAB,night,2,148.06598284444195,152.09891894998805,-4.032936105546099,0.0,-500.0,Carting,low: one mode observed
IND302014AAA,IND301001AAB,afternoon,7,295.9006354269335,316.1423658449806,-15.04698917044476,0.0,-500.0,Carting,low: one mode observed
IND302014AAA,IND303702AAB,afternoon,3,237.45672586513248,246.82810152507702,-5.911156161271663,0.0,-500.0,Carting,low: one mode observed
IND302014AAA,IND305001AAC,morning,3,415.9529098861716,446.4405851977631,-26.56534429154175,0.0,-500.0,Carting,low: one mode observed
IND302014AAA,IND313001AAB,evening,4,710.510826662193,789.8721597924773,-79.2119184508635,0.0,-500.0,Carting,low: one mode observed
IND302014AAB,IND302004AAA,evening,1,73.85395011414528,79.51622595651426,-5.6622758423689845,0.0,-500.0,Carting,low: one mode observed
IND302014AAB,IND302004AAA,morning,5,73.4863951464287,81.30645233995027,-7.8200571935215635,0.0,-500.0,Carting,low: one mode observed
IND302014AAB,IND302006AAA,morning,4,70.57346752819028,77.4842618880152,-7.004049801184543,0.0,-500.0,Carting,low: one mode observed
IND302014AAB,IND302006AAC,evening,1,84.01945848599479,92.13796941443648,-8.118510928441694,0.0,-500.0,Carting,low: one mode observed
IND732202AAA,IND732204AAB,morning,1,67.29883359447659,67.73820752015871,-0.4393739256821192,0.0,-500.0,Carting,low: one mode observed
IND732202AAA,IND732204AAB,night,4,68.05386221726053,68.89537786184337,-1.1153550143135078,0.0,-500.0,Carting,low: one mode observed
IND302014AAB,IND302006AAC,morning,6,76.88654214479953,85.2517378664793,-8.061803546696666,0.0,-500.0,Carting,low: one mode observed
IND732204AAB,IND732139AAA,night,2,91.61989817171101,93.65376645457829,-2.0338682828672887,0.0,-500.0,Carting,low: one mode observed
IND302014AAB,IND302020AAA,morning,5,56.87567395142346,62.23827366034265,-5.362599708919191,0.0,-500.0,Carting,low: one mode observed
IND733128AAA,IND733129AAB,night,1,98.05993386253242,100.27154575786896,-2.211611895336546,0.0,-500.0,Carting,low: one mode observed
IND302014AAB,IND302023AAA,evening,1,96.38613536648076,104.3561218953304,-7.969986528849645,0.0,-500.0,Carting,low: one mode observed
IND302014AAB,IND302023AAA,morning,5,86.98322300935217,93.92025960920293,-7.07801507186943,0.0,-500.0,Carting,low: one mode observed
IND302014AAB,IND302023AAA,night,1,94.76769462269948,100.58775866425445,-5.820064041554971,0.0,-500.0,Carting,low: one mode observed
IND302014AAB,IND302026AAA,evening,3,103.65877931361838,109.7768813801343,-6.118102066515917,0.0,-500.0,Carting,low: one mode observed
IND302014AAB,IND302026AAA,night,3,107.78536701776831,117.30661267170649,-10.276011442154115,0.0,-500.0,Carting,low: one mode observed
IND302014AAB,IND303301AAB,evening,2,111.53175787240366,114.86347185891852,-3.331713986514849,0.0,-500.0,Carting,low: one mode observed
IND302014AAB,IND303901AAA,evening,4,101.38246360972735,108.99199873489418,-7.136086394693521,0.0,-500.0,Carting,low: one mode observed
IND302020AAA,IND302014AAB,night,6,64.90859914954945,71.69658259459223,-6.8337468969758675,0.0,-500.0,Carting,low: one mode observed
IND303106AAA,IND303002AAA,night,3,62.46831650510544,62.60158779494486,-0.6006809937080675,0.0,-500.0,Carting,low: one mode observed
IND741123AAB,IND741126AAB,night,7,100.81296708605315,102.06980675340573,-1.2658433835785274,0.0,-500.0,Carting,low: one mode observed
IND741126AAB,IND741156AAA,morning,2,64.84266199506287,68.2771136663556,-3.4344516712927415,0.0,-500.0,Carting,low: one mode observed
IND741126AAB,IND741156AAA,night,5,66.32507399252296,69.97273029854674,-4.118339610535116,0.0,-500.0,Carting,low: one mode observed
IND303301AAB,IND303303AAA,evening,1,45.15016778646587,45.99640887085077,-0.8462410843849,0.0,-500.0,Carting,low: one mode observed
IND303301AAB,IND303303AAA,night,1,45.55681741766292,45.64145413420811,-0.0846367165451909,0.0,-500.0,Carting,low: one mode observed
IND303338AAB,IND303603AAB,night,1,84.06544377329452,86.01712899571106,-1.9516852224165433,0.0,-500.0,Carting,low: one mode observed
IND741201AAC,IND712311AAA,morning,1,458.228356922063,464.3162869946323,-6.087930072569293,0.0,-500.0,Carting,low: one mode observed
IND303702AAB,IND332001AAB,afternoon,1,155.38358967864897,158.0672954386391,-2.6837057599901186,0.0,-500.0,Carting,low: one mode observed
IND742102AAB,IND713130AAA,evening,7,224.88215556725464,237.53894877252003,-5.678933357794733,0.0,-500.0,Carting,low: one mode observed
IND305001AAC,IND305802AAA,evening,5,284.9671984025819,297.15037713916354,-11.503287295914276,0.0,-500.0,Carting,low: one mode observed
IND305001AAC,IND305901AAA,evening,5,239.39779642072907,255.73726957464208,-16.627435918580744,0.0,-500.0,Carting,low: one mode observed
IND742102AAB,IND742303AAB,evening,6,131.82322427013162,136.04509950738077,-4.989228408480855,0.0,-500.0,Carting,low: one mode observed
IND305001AAC,IND306401AAB,afternoon,3,308.7282691922749,325.34459194425403,-1.962736920276484,0.0,-500.0,Carting,low: one mode observed
IND305404AAA,IND305601AAC,morning,1,103.54052095940435,103.75364214987555,-0.21312119047119893,0.0,-500.0,Carting,low: one mode observed
IND742121AAB,IND742121AAA,night,7,69.9102846511436,69.79301798397631,-0.39724457993455076,0.0,-500.0,Carting,low: one mode observed
IND305601AAC,IND305001AAC,afternoon,5,93.76441653085088,95.36066396996503,-1.5639782889352603,0.0,-500.0,Carting,low: one mode observed
IND742148AAA,IND742225AAA,night,7,78.96205577872992,84.4355669843054,-4.829663141153844,0.0,-500.0,Carting,low: one mode observed
IND742149AAA,IND742148AAA,evening,4,101.22328930491915,107.38606228900944,-6.162772984090289,0.0,-500.0,Carting,low: one mode observed
IND742149AAA,IND742148AAA,night,1,91.12665106051391,93.04915020514778,-1.9224991446338748,0.0,-500.0,Carting,low: one mode observed
IND742223AAA,IND742226AAA,morning,1,101.13145493966543,102.23527166367057,-1.1038167240051422,0.0,-500.0,Carting,low: one mode observed
IND305624AAA,IND305404AAA,morning,4,158.73568897875447,160.74897366134422,-3.1641311709326345,0.0,-500.0,Carting,low: one mode observed
IND742225AAA,IND742223AAA,night,7,70.04966197629068,70.9479057284908,-0.893839330230989,0.0,-500.0,Carting,low: one mode observed
IND305901AAA,IND305624AAA,night,1,299.85167082936357,300.0189884989217,-0.16731766955814464,0.0,-500.0,Carting,unsupported: unseen corridor
IND306401AAB,IND302014AAA,morning,6,481.0076364046721,524.450970467613,-42.26507300707007,0.0,-500.0,Carting,low: one mode observed
IND742303AAB,IND741165AAB,evening,5,141.97234968915484,149.72847532574903,-8.038923116845837,0.0,-500.0,Carting,low: one mode observed
IND742303AAB,IND741165AAB,night,1,147.65751277528088,150.681130379471,-3.0236176041901217,0.0,-500.0,Carting,low: one mode observed
IND306401AAB,IND305001AAC,afternoon,2,410.2388096647636,436.8050790727627,-26.5662694079991,0.0,-500.0,Carting,low: one mode observed
IND742401AAA,IND742102AAB,night,5,208.1664008905715,216.25443611738328,-2.96003715044651,0.0,-500.0,Carting,low: one mode observed
IND306401AAB,IND305001AAC,morning,3,414.0589043300877,443.424762307703,-29.97936736790757,0.0,-500.0,Carting,low: one mode observed
IND306401AAB,IND342005AAD,evening,3,159.24509743535975,165.45866950824316,-3.8601944575166556,0.0,-500.0,Carting,low: one mode observed
IND306401AAB,IND343001AAA,evening,2,203.79139458798292,209.04517313652946,-5.253778548546535,0.0,-500.0,Carting,low: one mode observed
IND312001AAA,IND312601AAA,night,2,102.89293861322243,106.4528629499982,-3.5599243367757794,0.0,-500.0,Carting,low: one mode observed
IND312403AAA,IND312001AAA,morning,2,197.23306190697352,201.3557714965277,-4.1227095895541765,0.0,-500.0,Carting,low: one mode observed
IND743513AAA,IND743347AAA,night,4,99.15303297379162,98.7602803247962,-1.0911296424860666,0.0,-500.0,Carting,low: one mode observed
IND751002AAB,IND562132AAA,afternoon,3,2013.0819030705704,2287.7403371370506,-274.65843406648014,0.0,-500.0,Carting,low: one mode observed
IND751002AAB,IND562132AAA,evening,1,1974.717580123218,2228.542778162948,-253.82519803972968,0.0,-500.0,Carting,low: one mode observed
IND751002AAB,IND712311AAA,morning,3,777.4834086790245,853.5508585604885,-76.06744988146397,0.0,-500.0,Carting,low: one mode observed
IND751002AAB,IND754103AAA,afternoon,1,436.77312724256876,437.2135950392743,-0.4404677967055477,0.0,-500.0,Carting,low: one mode observed
IND751002AAB,IND756100AAC,night,2,254.7846116032736,273.80961208902073,-19.025000485747142,0.0,-500.0,Carting,low: one mode observed
IND751002AAB,IND760003AAB,morning,4,417.4982113480397,425.8325353693498,-8.334324021310067,0.0,-500.0,Carting,low: one mode observed
IND312601AAA,IND458664AAA,night,2,175.4314531855801,190.1789076261005,-14.747454440520414,0.0,-500.0,Carting,low: one mode observed
IND312605AAB,IND313001AAB,night,2,359.72679981602835,382.9693109026828,-23.242511086654474,0.0,-500.0,Carting,low: one mode observed
IND313001AAB,IND306401AAB,night,6,313.8081184969681,343.1634286114721,-28.296375581534022,0.0,-500.0,Carting,low: one mode observed
IND313001AAB,IND327001AAB,afternoon,3,644.1992557018496,645.7584862474968,-1.5592305456472104,0.0,-500.0,Carting,low: one mode observed
IND313001AAB,IND327001AAB,morning,1,645.0403168202704,661.3456970003483,-16.30538018007792,0.0,-500.0,Carting,low: one mode observed
IND313001AAB,IND382430AAB,morning,7,487.1886756285902,538.1332560006333,-48.72884433371007,0.0,-500.0,Carting,low: one mode observed
IND754142AAA,IND754211AAA,night,1,78.34421260980083,79.09917026649848,-0.7549576566976413,0.0,-500.0,Carting,low: one mode observed
IND321001AAA,IND301001AAB,night,1,426.85077202132084,451.43777934759504,-24.587007326274204,0.0,-500.0,Carting,low: one mode observed
IND321001AAB,IND321401AAB,night,1,131.64498041070448,131.92021355661956,-0.27523314591508097,0.0,-500.0,Carting,low: one mode observed
IND321022AAA,IND121004AAB,night,2,293.76734975628824,316.55356770102185,-22.78621794473358,0.0,-500.0,Carting,low: one mode observed
IND321408AAB,IND301001AAB,night,1,412.56180709566917,428.37645888662325,-15.814651790954088,0.0,-500.0,Carting,unsupported: unseen corridor
IND321606AAA,IND321001AAA,night,1,124.4088510663217,128.31950056629645,-3.9106494999747525,0.0,-500.0,Carting,low: one mode observed
IND322230AAA,IND322241AAA,night,1,59.87936895717674,60.337954507916315,-0.45858555073957774,0.0,-500.0,Carting,low: one mode observed
IND322241AAA,IND322201AAA,night,3,74.90203189606747,76.75770462392171,-1.2004834087464076,0.0,-500.0,Carting,low: one mode observed
IND756032AAA,IND712311AAA,afternoon,2,468.7711414052877,489.85208616381846,-21.080944758530762,0.0,-500.0,Carting,low: one mode observed
IND756100AAC,IND758001AAA,evening,1,426.8348591358403,435.551996574632,-8.717137438791724,0.0,-500.0,Carting,low: one mode observed
IND756100AAC,IND758034AAA,afternoon,3,565.0746974004932,582.7244921402963,-17.649794739803156,0.0,-500.0,Carting,low: one mode observed
IND756100AAC,IND758034AAA,evening,2,525.9954255236805,536.4453703660794,-10.449944842398793,0.0,-500.0,Carting,low: one mode observed
IND332001AAB,IND333042AAA,evening,3,87.04642792795585,89.07303506645731,-2.0266071385014612,0.0,-500.0,Carting,low: one mode observed
IND757024AAA,IND756019AAA,night,1,281.1072321001382,286.91611830397335,-5.808886203835129,0.0,-500.0,Carting,unsupported: unseen corridor
IND332001AAB,IND334001AAB,evening,3,369.6069471381161,378.3258128077841,-8.718865669667991,0.0,-500.0,Carting,low: one mode observed
IND757037AAA,IND756100AAC,morning,3,649.1861342304863,653.7524473514526,-4.566313120966242,0.0,-500.0,Carting,low: one mode observed
IND757037AAA,IND756100AAC,night,4,633.9142892648852,655.2890291211056,-17.456625115128702,0.0,-500.0,Carting,low: one mode observed
IND332001AAB,IND334001AAC,evening,1,380.46489982471275,398.03454981271557,-17.569649988002823,0.0,-500.0,Carting,low: one mode observed
IND333042AAA,IND333031AAA,night,4,134.4232103807775,136.12010591563126,-0.6788595144987539,0.0,-500.0,Carting,low: one mode observed
IND758001AAA,IND758035AAA,night,1,112.61112243093056,113.90687622345077,-1.2957537925202018,0.0,-500.0,Carting,low: one mode observed
IND758034AAA,IND757037AAA,night,1,188.60810833768724,193.44562652166496,-4.837518183977721,0.0,-500.0,Carting,low: one mode observed
IND334001AAC,IND334803AAA,night,1,94.28536036624679,96.63992040723664,-2.3545600409898526,0.0,-500.0,Carting,low: one mode observed
IND334001AAC,IND341001AAC,night,1,158.16759968874274,166.91932535329144,-8.751725664548701,0.0,-500.0,Carting,low: one mode observed
IND335001AAA,IND125104AAA,night,4,151.3607637099528,166.054692498,-15.153208538719369,0.0,-500.0,Carting,low: one mode observed
IND335051AAA,IND335513AAA,afternoon,1,295.2239796452214,297.7804248608195,-2.556445215598103,0.0,-500.0,Carting,low: one mode observed
IND335051AAA,IND335513AAA,morning,4,280.4587478181139,292.81575422677867,-10.73145967723218,0.0,-500.0,Carting,low: one mode observed
IND341001AAC,IND341303AAA,night,3,153.79886910080927,168.21462652875468,-14.415757427945408,0.0,-500.0,Carting,low: one mode observed
IND341505AAA,IND341503AAB,night,6,158.2462478397409,166.68131590419878,-8.77328136099149,0.0,-500.0,Carting,low: one mode observed
IND341510AAB,IND305001AAC,morning,6,333.4691058155313,341.55080817900694,-5.980569506823883,0.0,-500.0,Carting,low: one mode observed
IND342005AAD,IND344022AAB,night,1,184.7344615290937,188.8078435844544,-4.073382055360696,0.0,-500.0,Carting,low: one mode observed
IND768004AAD,IND768028AAA,evening,1,153.1037057359926,153.30598839048758,-0.2022826544949794,0.0,-500.0,Carting,low: one mode observed
IND342602AAC,IND311302AAA,night,1,135.70707264104684,137.52869389632946,-1.821621255282622,0.0,-500.0,Carting,low: one mode observed
IND768028AAA,IND767001AAA,night,1,350.59591511699335,356.6402413892071,-6.044326272213766,0.0,-500.0,Carting,unsupported: unseen corridor
IND342902A1B,IND302014AAA,morning,3,512.2537385608895,526.9026219284566,-5.310155666994888,0.0,-500.0,Carting,low: one mode observed
IND344001AAA,IND342301AAA,morning,1,365.9437577401984,386.40706745582196,-20.463309715623552,0.0,-500.0,Carting,low: one mode observed
IND344001AAA,IND345021AAA,morning,2,284.68476213663445,309.9173702701546,-25.23260813352016,0.0,-500.0,Carting,low: one mode observed
IND344022AAB,IND344001AAA,morning,3,114.99617369799172,115.78019395758025,-1.3072096969533078,0.0,-500.0,Carting,low: one mode observed
IND344022AAB,IND344001AAA,night,2,117.01485977820433,120.68907124902523,-3.6742114708209073,0.0,-500.0,Carting,low: one mode observed
IND360510AAB,IND360530AAB,morning,2,54.10031053841837,55.01016706203636,-0.909856523617993,0.0,-500.0,Carting,low: one mode observed
IND360510AAB,IND360530AAB,night,3,54.34670010769057,54.234334335780076,-0.040630028532071094,0.0,-500.0,Carting,low: one mode observed
IND362001AAA,IND360575AAA,night,4,148.13880096972508,154.37559246285917,-5.627692926224029,0.0,-500.0,Carting,low: one mode observed
IND781018AAB,IND110037AAM,evening,5,2809.5926998035798,3170.6732913680344,-362.63558618506386,0.0,-500.0,Carting,low: one mode observed
IND781018AAB,IND712311AAA,afternoon,3,1958.951731473474,2202.959780023832,-244.3113303404998,0.0,-500.0,Carting,low: one mode observed
IND362001AAA,IND362220AAA,morning,1,72.93141057322542,73.40804841557342,-0.4766378423479978,0.0,-500.0,Carting,low: one mode observed
IND363001AAA,IND363421AAB,night,5,54.09205682823931,56.12698756364106,-1.7245533253291612,0.0,-500.0,Carting,low: one mode observed
IND363330AAB,IND363310AAB,morning,1,75.57993040277192,77.03457402167109,-1.4546436188991692,0.0,-500.0,Carting,low: one mode observed
IND781018AAB,IND781005AAA,evening,1,160.94872885668605,170.9958716074565,-10.047142750770462,0.0,-500.0,Carting,low: one mode observed
IND781018AAB,IND781022AAA,morning,2,130.95415569266333,137.43726237763536,-6.483106684972007,0.0,-500.0,Carting,low: one mode observed
IND364004AAB,IND365560AAA,evening,2,210.9119342025753,214.1189736623103,-3.207039459734986,0.0,-500.0,Carting,low: one mode observed
IND781022AAA,IND781018AAB,morning,1,101.47439091890386,103.55826864028745,-2.083877721383587,0.0,-500.0,Carting,low: one mode observed
IND781022AAA,IND781018AAB,night,1,108.3926720742715,110.23092101909658,-1.8382489448250823,0.0,-500.0,Carting,low: one mode observed
IND365560AAA,IND365560AAB,night,2,117.28643139273584,121.1417729666484,-3.8553415739125754,0.0,-500.0,Carting,low: one mode observed
IND370201AAA,IND363330AAB,night,1,251.42173160112068,263.1299687815989,-11.708237180478221,0.0,-500.0,Carting,low: one mode observed
IND380006AAA,IND382430AAB,morning,5,61.35485818580689,66.2971500906616,-5.833533695016051,0.0,-500.0,Carting,low: one mode observed
IND380006AAA,IND382430AAB,night,4,65.37180261377974,70.4722458857022,-4.965007234211665,0.0,-500.0,Carting,low: one mode observed
IND786001AAB,IND786171AAA,night,5,206.2530490773909,206.73479167138652,-2.5042208655779064,0.0,-500.0,Carting,low: one mode observed
IND786001AAB,IND786184AAA,evening,1,131.89695465586152,135.71795930551156,-3.8210046496500354,0.0,-500.0,Carting,low: one mode observed
IND786001AAB,IND786184AAA,night,2,123.67412047919166,126.20148135196891,-2.527360872777244,0.0,-500.0,Carting,low: one mode observed
IND380006AAB,IND382430AAB,morning,7,70.42753459079933,77.70865892476701,-7.461730086335734,0.0,-500.0,Carting,low: one mode observed
IND786001AAB,IND786602AAA,night,3,131.99851251091624,135.07024930068175,-3.0717367897655095,0.0,-500.0,Carting,low: one mode observed
IND786001AAB,IND792103AAB,morning,1,414.89494865982084,427.19426732445004,-12.299318664629197,0.0,-500.0,Carting,unsupported: unseen corridor
IND380006AAB,IND382430AAB,night,5,78.52007172036065,86.19864245915517,-7.64000780902721,0.0,-500.0,Carting,low: one mode observed
IND786171AAA,IND786181AAC,morning,1,47.64954045245048,48.25726246713715,-0.6077220146866722,0.0,-500.0,Carting,low: one mode observed
IND786171AAA,IND786181AAC,night,4,47.304074739884015,47.681110757207136,-0.800692753820659,0.0,-500.0,Carting,low: one mode observed
IND786181AAC,IND786001AAB,morning,5,229.49033060313036,230.59886555250372,-0.4845361667561576,0.0,-500.0,Carting,low: one mode observed
IND786181AAC,IND786001AAB,night,1,230.04668751796996,236.19035642274895,-6.143668904778991,0.0,-500.0,Carting,low: one mode observed
IND380054AAA,IND382430AAB,morning,7,68.23135988720958,75.43928992267047,-6.591681019380815,0.0,-500.0,Carting,low: one mode observed
IND786181AAC,IND792121AAB,morning,3,136.89107760861725,140.99325443012665,-4.102176821509403,0.0,-500.0,Carting,low: one mode observed
IND786181AAC,IND792121AAB,night,1,126.8567103872303,128.50598454090746,-1.649274153677169,0.0,-500.0,Carting,low: one mode observed
IND380054AAA,IND382430AAB,night,3,75.98872049941156,84.45822078942912,-7.8516686250293475,0.0,-500.0,Carting,low: one mode observed
IND382421AAA,IND382721AAA,night,5,50.385931732137024,54.145831352290855,-3.4310572247292868,0.0,-500.0,Carting,low: one mode observed
IND382430AAB,IND000000ACB,evening,1,1433.270499696098,1620.4430387916943,-187.17253909559622,0.0,-500.0,Carting,low: one mode observed
IND382430AAB,IND000000ACB,morning,5,1553.1348408433787,1757.5614841058518,-204.10407140609755,0.0,-500.0,Carting,low: one mode observed
IND382430AAB,IND313001AAB,evening,3,511.86230637279414,577.9687438885761,-66.59732014614337,0.0,-500.0,Carting,low: one mode observed
IND792103AAB,IND792001AAA,night,2,98.0835333578988,99.61007165910391,-1.5265383012051075,0.0,-500.0,Carting,low: one mode observed
IND382430AAB,IND380005AAA,evening,6,113.41759498675489,122.30456481053895,-9.294343448914717,0.0,-500.0,Carting,low: one mode observed
IND382430AAB,IND380005AAA,night,7,122.08818134980375,135.49583453064741,-11.916143803936833,0.0,-500.0,Carting,low: one mode observed
IND792130AAB,IND786001AAB,morning,1,301.5795353282539,310.2938863628604,-8.714351034606523,0.0,-500.0,Carting,low: one mode observed
IND798601AAA,IND785001AAA,night,1,692.3410585204691,708.73341734395,-16.39235882348089,0.0,-500.0,Carting,low: one mode observed
IND802101AAA,IND802119AAA,night,4,61.370436482697826,64.3345872445102,-3.07071310591164,0.0,-500.0,Carting,low: one mode observed
IND382430AAB,IND380015AAB,evening,5,132.60745280381556,139.03723611956968,-6.0093516792543795,0.0,-500.0,Carting,low: one mode observed
IND802158AAB,IND821115AAB,night,4,213.37995160249596,218.34048779689306,-2.721517712233421,0.0,-500.0,Carting,low: one mode observed
IND382430AAB,IND380015AAB,night,7,141.88886027774055,146.51436655972088,-6.082399787057739,0.0,-500.0,Carting,low: one mode observed
IND382430AAB,IND380054AAA,evening,7,131.68363182484356,144.92541658942773,-12.292701767236679,0.0,-500.0,Carting,low: one mode observed
IND382430AAB,IND380054AAA,night,7,141.1212795882817,155.82693609550242,-13.593669998925662,0.0,-500.0,Carting,low: one mode observed
IND382430AAB,IND382345AAA,evening,3,124.78093687865956,134.72764306711727,-10.755696540785152,0.0,-500.0,Carting,low: one mode observed
IND382430AAB,IND382345AAA,night,7,133.9843703542184,148.743098091298,-13.595186278204295,0.0,-500.0,Carting,low: one mode observed
IND382430AAB,IND384205AAA,morning,2,287.44659959828,295.049071066067,-7.602471467786955,0.0,-500.0,Carting,low: one mode observed
IND382430AAB,IND389001AAA,afternoon,4,423.0715975337914,459.6542705939447,-37.99332836066739,0.0,-500.0,Carting,low: one mode observed
IND811399AAA,IND110044AAB,afternoon,11,257.67994999032163,260.3266357654298,-8.18147084379845,0.0,-500.0,Carting,low: one mode observed
IND811399AAA,IND209304AAA,evening,4,609.810631072952,674.3258329570499,-63.40227510885501,0.0,-500.0,Carting,low: one mode observed
IND382430AAB,IND389001AAA,evening,2,390.26178011044834,432.17227918822744,-41.91049907777909,0.0,-500.0,Carting,low: one mode observed
IND382430AAB,IND395023AAA,afternoon,5,591.436942974424,654.9780818398448,-50.78236150487089,0.0,-500.0,Carting,low: one mode observed
IND383001AAA,IND383315AAC,night,5,71.92142253159797,71.94966257324144,-0.7261877514536792,0.0,-500.0,Carting,low: one mode observed
IND814112AAA,IND814133AAB,night,1,151.19015348400757,155.45743091777683,-4.267277433769266,0.0,-500.0,Carting,low: one mode observed
IND814133AAB,IND816109AAA,morning,2,199.73586250060086,210.08171274861934,-10.345850248018479,0.0,-500.0,Carting,low: one mode observed
IND815301AAA,IND814133AAB,night,1,263.2090753311536,277.8750989492355,-14.666023618081908,0.0,-500.0,Carting,low: one mode observed
IND383255AAB,IND384205AAA,night,2,222.48204543042738,246.49842927004565,-24.01638383961827,0.0,-500.0,Carting,low: one mode observed
IND383315AAC,IND384205AAA,night,1,284.4320784629297,286.66142244837727,-2.2293439854475423,0.0,-500.0,Carting,unsupported: unseen corridor
IND815353AAA,IND814133AAB,night,5,183.04273742769448,196.85109188830177,-12.958320875391848,0.0,-500.0,Carting,low: one mode observed
IND816107AAA,IND826004AAA,morning,1,436.19423880565296,479.23400278216127,-43.03976397650831,0.0,-500.0,Carting,low: one mode observed
IND816109AAA,IND826004AAA,morning,2,557.4669049436084,608.7330686963652,-51.26616375275688,0.0,-500.0,Carting,low: one mode observed
IND384170AAA,IND384265AAB,night,5,45.954823794506126,46.67372271628985,-0.6296118692493238,0.0,-500.0,Carting,low: one mode observed
IND821115AAB,IND209304AAA,afternoon,1,699.4022519732172,755.5430089487095,-56.14075697549231,0.0,-500.0,Carting,low: one mode observed
IND821115AAB,IND209304AAA,evening,6,666.0192654231087,746.9710261374069,-77.63764867658779,0.0,-500.0,Carting,low: one mode observed
IND821115AAB,IND821109AAA,evening,2,115.99439935711345,122.10495502074497,-6.11055566363153,0.0,-500.0,Carting,low: one mode observed
IND384205AAA,IND382430AAB,evening,1,235.6363562501078,239.49181189356884,-3.8554556434610276,0.0,-500.0,Carting,unsupported: unseen corridor
IND384205AAA,IND382715AAA,evening,6,95.63474067816882,98.1318471689911,-1.4827652381124778,0.0,-500.0,Carting,low: one mode observed
IND384205AAA,IND383001AAA,evening,3,117.44400159975045,118.11488227481257,-0.8374488590343674,0.0,-500.0,Carting,low: one mode observed
IND385001AAA,IND385535AAA,night,4,45.39212661883064,46.71250864007668,-1.2751065286074414,0.0,-500.0,Carting,low: one mode observed
IND825301AAA,IND825409AAA,evening,1,138.6844417366987,141.34237737589146,-2.6579356391927718,0.0,-500.0,Carting,low: one mode observed
IND825301AAA,IND825409AAA,night,5,152.65457589120317,152.99374187560238,-2.3419734967186514,0.0,-500.0,Carting,low: one mode observed
IND825409AAA,IND000000ACB,night,6,1468.4284412415143,1619.1438221031624,-152.76461872746643,0.0,-500.0,Carting,low: one mode observed
IND826004AAA,IND814112AAA,evening,1,257.6895713297997,269.9748428388703,-12.285271509070583,0.0,-500.0,Carting,low: one mode observed
IND385320AAA,IND385340AAB,night,4,35.75337652070377,36.032393164800766,-0.43156456559473355,0.0,-500.0,Carting,low: one mode observed
IND826004AAA,IND815351AAA,evening,4,146.79957243154956,155.59902280725072,-5.324370522749078,0.0,-500.0,Carting,low: one mode observed
IND826004AAA,IND815351AAA,night,1,138.42385314674937,148.12225371174748,-9.69840056499811,0.0,-500.0,Carting,low: one mode observed
IND385535AAA,IND384205AAA,night,5,305.01620489051334,333.70214099122956,-23.475806420208187,0.0,-500.0,Carting,low: one mode observed
IND387001AAA,IND388220AAA,night,5,69.13410018144441,71.06492051898826,-0.7552200023531697,0.0,-500.0,Carting,low: one mode observed
IND826004AAA,IND821115AAB,morning,4,947.5095094962003,1018.6353193408127,-66.33195444989383,0.0,-500.0,Carting,unsupported: unseen corridor
IND388220AAA,IND388320AAA,morning,1,80.90823982123311,84.10642162819808,-3.1981818069649677,0.0,-500.0,Carting,low: one mode observed
IND388220AAA,IND388320AAA,night,4,89.84914718167448,92.78530555974785,-2.901236332050047,0.0,-500.0,Carting,low: one mode observed
IND388320AAA,IND387001AAA,night,5,69.78626695759223,70.55564419899818,-0.3151864840393017,0.0,-500.0,Carting,low: one mode observed
IND388620AAB,IND388320AAA,night,4,113.80170310374268,114.10422909912873,-0.3025259953860342,0.0,-500.0,Carting,low: one mode observed
IND390022AAA,IND388320AAA,evening,3,94.08071132635928,93.96041505714334,-0.2661887069251634,0.0,-500.0,Carting,low: one mode observed
IND390022AAA,IND388320AAA,night,3,90.27856783453261,93.5328895133117,-0.19539571890300067,0.0,-500.0,Carting,low: one mode observed
IND390022AAA,IND395023AAA,evening,5,262.19345391623085,280.5949106335855,-7.546542999703831,0.0,-500.0,Carting,low: one mode observed
IND390022AAA,IND395023AAA,night,1,253.1671192785238,256.71323071623794,-3.5461114377141314,0.0,-500.0,Carting,low: one mode observed
IND395001AAA,IND395023AAD,night,4,252.1508368265698,259.5108857766346,-5.367694554656154,0.0,-500.0,Carting,low: one mode observed
IND832109AAB,IND834002AAB,night,7,300.5200622705431,312.4595026707448,-4.516832150834546,0.0,-500.0,Carting,low: one mode observed
IND834002AAB,IND000000ACB,afternoon,1,1708.6877793805907,1938.1951698053808,-229.50739042479017,0.0,-500.0,Carting,low: one mode observed
IND834002AAB,IND000000ACB,morning,1,1701.2055975993362,1924.8739565473174,-223.66835894798123,0.0,-500.0,Carting,low: one mode observed
IND834002AAB,IND781018AAB,morning,1,2679.042860500465,2949.8234731846596,-270.7806126841947,0.0,-500.0,Carting,unsupported: unseen corridor
IND395004AAB,IND395023AAD,morning,1,147.93585655948513,148.19017639113008,-0.2543198316449491,0.0,-500.0,Carting,low: one mode observed
IND834002AAB,IND826004AAA,afternoon,2,499.35244081740075,526.1089851754439,-26.756544358043158,0.0,-500.0,Carting,low: one mode observed
IND834002AAB,IND826004AAA,morning,5,486.7842602916128,538.7544588374817,-50.18414660934002,0.0,-500.0,Carting,low: one mode observed
IND834002AAB,IND827013AAA,afternoon,3,562.5761294304122,583.7661394109897,-20.61166946019182,0.0,-500.0,Carting,low: one mode observed
IND395009AAA,IND395023AAD,night,6,270.145207502425,275.08950546578194,-2.9933695269667453,0.0,-500.0,Carting,low: one mode observed
IND395023AAA,IND110037AAM,afternoon,5,1654.1135710493636,1860.1071831439274,-201.48896440919043,0.0,-500.0,Carting,low: one mode observed
IND834002AAB,IND832109AAB,afternoon,4,362.72318094887123,366.2700040198168,-8.492905182741367,0.0,-500.0,Carting,low: one mode observed
IND834002AAB,IND832109AAB,evening,1,337.66768948161064,349.9147270375868,-12.247037555976135,0.0,-500.0,Carting,low: one mode observed
IND842001AAA,IND843105AAB,evening,2,103.89187931099262,116.0697129141326,-12.177833603139966,0.0,-500.0,Carting,low: one mode observed
IND842001AAA,IND843105AAB,night,4,105.47420864203218,118.7455372534053,-13.271328611373121,0.0,-500.0,Carting,low: one mode observed
IND842001AAA,IND843109AAB,night,4,112.28811152212234,119.44937074866255,-5.954384844294054,0.0,-500.0,Carting,low: one mode observed
IND842001AAA,IND843301AAA,evening,1,276.09200363209993,291.6732047587025,-15.581201126602593,0.0,-500.0,Carting,low: one mode observed
IND842001AAA,IND843329AAB,evening,6,159.73106716280375,164.62341518484692,-3.292279990576745,0.0,-500.0,Carting,low: one mode observed
IND842001AAA,IND845401AAA,evening,1,202.86152954551193,212.0493072240855,-9.187777678573582,0.0,-500.0,Carting,low: one mode observed
IND842001AAA,IND845412AAB,evening,3,128.571892040304,135.01582305697997,-7.4461982528486885,0.0,-500.0,Carting,low: one mode observed
IND842001AAA,IND845412AAB,night,1,134.6970986722522,138.8161853343962,-4.119086662144014,0.0,-500.0,Carting,low: one mode observed
IND842001AAA,IND845418AAB,evening,6,237.8279750282495,249.67657235201995,-13.486891074444785,0.0,-500.0,Carting,low: one mode observed
IND842001AAA,IND845438AAA,night,1,307.93692527487434,329.06597687191237,-21.12905159703803,0.0,-500.0,Carting,low: one mode observed
IND842001AAA,IND846004AAA,evening,7,213.06242564867478,236.20415516752226,-22.363808600704857,0.0,-500.0,Carting,low: one mode observed
IND842001AAA,IND847212AAA,evening,7,244.8734589249811,263.8295214563029,-16.25038062097724,0.0,-500.0,Carting,low: one mode observed
IND842001AAA,IND848114AAA,evening,3,171.7061815010872,178.67723625264838,-6.971054751561184,0.0,-500.0,Carting,low: one mode observed
IND842001AAA,IND848114AAA,night,3,167.25844422990397,181.6367170811045,-13.157469867149672,0.0,-500.0,Carting,low: one mode observed
IND842001AAA,IND854326AAB,morning,7,479.31117976452157,538.862567155191,-58.14176124926661,0.0,-500.0,Carting,low: one mode observed
IND395023AAA,IND382430AAB,morning,3,460.2566095934188,493.1513064877952,-32.89469689437641,0.0,-500.0,Carting,low: one mode observed
IND842003AAB,IND480886AAA,night,1,212.91457307373557,234.58940777310454,-21.674834699368972,0.0,-500.0,Carting,low: one mode observed
IND395023AAA,IND382430AAB,night,3,446.20936673427025,499.3795149289184,-52.50799575582232,0.0,-500.0,Carting,low: one mode observed
IND395023AAA,IND411033AAA,morning,4,781.9163590995337,873.2025948617571,-89.45266239004127,0.0,-500.0,Carting,low: one mode observed
IND395023AAA,IND411033AAA,night,1,768.4923196673741,882.709744967211,-114.21742529983692,0.0,-500.0,Carting,low: one mode observed
IND842003AAB,IND483501AAA,evening,1,218.54217209161138,222.6637598979687,-4.121587806357326,0.0,-500.0,Carting,low: one mode observed
IND842003AAB,IND483501AAA,night,2,208.7606673191941,218.8186135462227,-10.057946227028623,0.0,-500.0,Carting,low: one mode observed
IND395023AAA,IND562132AAA,morning,5,1547.9006100882302,1759.8362562600557,-212.25893422615172,0.0,-500.0,Carting,low: one mode observed
IND842003AAB,IND487001AAA,night,1,257.9701042447707,265.805825545597,-7.835721300826265,0.0,-500.0,Carting,low: one mode observed
IND395023AAA,IND562132AAA,night,1,1519.0913157260563,1748.1105464310676,-229.0192307050113,0.0,-500.0,Carting,low: one mode observed
IND843105AAB,IND848101AAA,night,6,81.86112296836194,88.7415513312996,-6.941777897596374,0.0,-500.0,Carting,low: one mode observed
IND395023AAD,IND395001AAA,night,1,86.98343277795239,91.5407349835825,-4.5573022056301085,0.0,-500.0,Carting,low: one mode observed
IND395023AAD,IND395004AAB,night,7,88.78414404338902,95.37215174096845,-6.588007697579428,0.0,-500.0,Carting,low: one mode observed
IND395023AAD,IND395006AAA,morning,6,73.98966591010404,82.07590232980164,-7.969190159968221,0.0,-500.0,Carting,low: one mode observed
IND843301AAA,IND843320AAA,night,7,94.83694869360572,101.91937780020488,-7.0854882431957975,0.0,-500.0,Carting,low: one mode observed
IND843320AAA,IND847223AAA,night,1,62.85615018512463,64.75805856839638,-1.9019083832717456,0.0,-500.0,Carting,low: one mode observed
IND843329AAB,IND843301AAA,evening,4,78.84316437150898,81.97877213227486,-2.9131946897587113,0.0,-500.0,Carting,low: one mode observed
IND843329AAB,IND843301AAA,night,2,75.2159419176558,77.45528962316929,-2.239347705513495,0.0,-500.0,Carting,low: one mode observed
IND844505AAB,IND842001AAA,morning,1,726.4517211220809,763.125069761472,-36.673348639391065,0.0,-500.0,Carting,low: one mode observed
IND844505AAB,IND842001AAA,night,2,760.3455473346955,806.2791704358974,-45.93362310120182,0.0,-500.0,Carting,low: one mode observed
IND845305AAA,IND842001AAA,morning,3,573.8531014798745,649.7261256365339,-71.88016632311462,0.0,-500.0,Carting,low: one mode observed
IND845305AAA,IND842001AAA,night,3,577.4265129217121,661.0318353340276,-83.50206284088267,0.0,-500.0,Carting,low: one mode observed
IND845401AAA,IND845305AAA,night,7,125.98427780866089,135.64268304181428,-9.332994060182372,0.0,-500.0,Carting,low: one mode observed
IND845412AAB,IND845401AAA,night,4,101.52312124507893,104.36525575549572,-3.0331088950035365,0.0,-500.0,Carting,low: one mode observed
IND395023AAD,IND395006AAA,night,7,78.11670144972045,85.04338341316836,-7.5029470162737795,0.0,-500.0,Carting,low: one mode observed
IND845418AAB,IND845438AAA,night,6,150.24826528975268,156.8746726491649,-4.475360742850526,0.0,-500.0,Carting,low: one mode observed
IND845438AAA,IND845455AAB,morning,1,101.89499002565857,103.99808460713157,-2.1030945814730018,0.0,-500.0,Carting,low: one mode observed
IND845438AAA,IND845455AAB,night,2,108.29425196239379,112.9173278973089,-4.623075934915107,0.0,-500.0,Carting,low: one mode observed
IND845455AAB,IND842001AAA,afternoon,1,451.020085551494,486.66541941029817,-35.64533385880418,0.0,-500.0,Carting,low: one mode observed
IND845455AAB,IND842001AAA,morning,5,463.60127359982107,504.2427492071615,-34.72311869488715,0.0,-500.0,Carting,low: one mode observed
IND000000AAL,IND411033AAA,afternoon,3,176.36297475065243,176.43208456238582,-0.22170196634840522,0.0,-500.0,Carting,low: one mode observed
IND852111AAA,IND854326AAB,night,6,406.4821601947783,441.53869004761486,-36.350642267632225,0.0,-500.0,Carting,low: one mode observed
IND852113AAA,IND852139AAB,night,6,121.5301236696778,132.41218297114244,-9.239381064648008,0.0,-500.0,Carting,low: one mode observed
IND396001AAA,IND395023AAD,night,1,784.6036536743508,809.4501826020187,-24.84652892766792,0.0,-500.0,Carting,low: one mode observed
IND852131AAA,IND852201AAA,night,1,101.11743028173618,101.82127302037622,-0.7038427386400485,0.0,-500.0,Carting,low: one mode observed
IND852139AAB,IND854326AAB,morning,6,345.43242561549494,357.86300764217424,-9.070881886916197,0.0,-500.0,Carting,low: one mode observed
IND852201AAA,IND852113AAA,night,5,80.83203623756556,88.57401011740606,-6.610388027754823,0.0,-500.0,Carting,low: one mode observed
IND396191AAC,IND396232AAA,night,6,70.85484256663966,75.95287670816847,-5.166413379220209,0.0,-500.0,Carting,low: one mode observed
IND396232AAA,IND396191AAC,afternoon,5,75.14211643869592,81.8272494411804,-7.013750574830766,0.0,-500.0,Carting,low: one mode observed
IND854311AAA,IND854334AAA,night,1,71.60482057016743,72.45239689442097,-0.8475763242535379,0.0,-500.0,Carting,low: one mode observed
IND854326AAB,IND000000ACB,afternoon,6,1817.8430788775963,2071.455522208442,-251.95244379350208,0.0,-500.0,Carting,low: one mode observed
IND854326AAB,IND852131AAA,evening,3,293.90889810069507,323.05286862396315,-25.619393216996514,0.0,-500.0,Carting,low: one mode observed
IND854326AAB,IND852201AAA,evening,3,339.14270612522307,362.0235944574673,-20.926639860015825,0.0,-500.0,Carting,low: one mode observed
IND854326AAB,IND854311AAA,evening,7,249.83887256222124,254.91322661815724,-3.9435577454340773,0.0,-500.0,Carting,low: one mode observed
IND400011AAA,IND400072AAB,evening,1,85.47600707266616,89.9011180347691,-4.425110962102934,0.0,-500.0,Carting,low: one mode observed
IND851127AAA,IND842001AAA,night,3,381.103891617467,441.27645828091096,-59.732018077520024,0.0,-500.0,Carting,low: one mode observed
IND000000ACB,IND110037AAK,evening,9,189.1518115983653,209.92133675573808,-19.847501044761344,0.0,-500.0,Carting,low: one mode observed
IND400011AAA,IND400072AAD,afternoon,15,91.70078897961778,100.1008396455463,-7.541427438789171,0.0,-500.0,Carting,low: one mode observed
IND000000ABA,IND683565AAA,night,2,57.020459188938844,59.54213083886057,-2.521671649921732,0.0,-500.0,Carting,low: one mode observed
IND400011AAA,IND400072AAD,evening,4,85.3879919264707,91.81116231716152,-6.4858236846408985,0.0,-500.0,Carting,low: one mode observed
IND000000ACA,IND142001AAB,afternoon,1,212.53678410839368,212.89621342657531,-0.3594293181816397,0.0,-500.0,Carting,low: one mode observed
IND000000ACA,IND142401AAA,evening,5,142.86932882854023,153.32843156530765,-8.965029882170455,0.0,-500.0,Carting,low: one mode observed
IND000000ACA,IND142401AAA,night,1,142.64544828190955,143.2800180941522,-0.6345698122426597,0.0,-500.0,Carting,low: one mode observed
IND400015AAA,IND400072AAB,evening,8,132.70310784772835,140.2465198510937,-7.741690854225418,0.0,-500.0,Carting,low: one mode observed
IND400015AAA,IND400072AAB,morning,1,149.0488006599569,154.08523614765062,-5.036435487693723,0.0,-500.0,Carting,low: one mode observed
IND000000ACA,IND160002AAC,afternoon,1,239.49020644287745,240.50664584230364,-1.01643939942619,0.0,-500.0,Carting,supported: both modes observed
IND000000ACA,IND160002AAC,morning,4,237.814335117052,238.99124356285023,-1.1769084457982473,0.0,-500.0,Carting,supported: both modes observed
IND000000ACA,IND160002AAC,night,6,230.36319972460853,236.00251574784593,-2.75053288032845,0.0,-500.0,Carting,supported: both modes observed
IND000000ACB,IND000000AEL,evening,6,222.63876519003514,239.22941870908016,-15.653600315468438,0.0,-500.0,Carting,low: one mode observed
IND000000ACB,IND110030AAD,afternoon,6,216.91916407455693,221.15478377144464,-4.351162777671021,0.0,-500.0,Carting,low: one mode observed
IND000000ACB,IND110037AAK,afternoon,4,219.7575265028608,238.979995972371,-19.0221734559577,0.0,-500.0,Carting,low: one mode observed
IND000000AAL,IND411033AAA,evening,1,160.74699323904645,163.23406077145506,-2.4870675324086164,0.0,-500.0,Carting,low: one mode observed
